S01B00006275696C642F72656C656173652F7A69676265652E73333714
S21400600008100020E99D000009E600009B27030019
S2140060109B27030011E6000019E600009B270300FB
S2140060209B2703009B2703009B2703009B27030057
S2140060301DE60000086904009B2703009B27030059
S2140060409B2703009B2703009B270300B9980000AB
S2140060509B2703009B2703009B2703009B27030027
S2140060609B2703009B2703009B2703009B27030017
S21400607089EB00009B2703009B2703009B27030058
S2140060809B2703009B2703009B2703009B270300F7
S2140060909B2703009B2703009B2703009B270300E7
S2140060A09B270300B5A1000095A100009B270300D5
S2140060B09B270300F92E02009B2703005D39020090
S2140060C0BB7F0300B77F030039310200D17F030096
S2140060D0BF7F03002D390200C37F03009D390200F5
S2140060E009400200051D0200093A02009B27030032
S2140060F09B2703009B2703009B2703009B27030087
S2140061009B2703009B2703009B2703009B27030076
S2140061109B2703009B2703009B2703009B27030066
S2140061209B2703009B2703009B2703009B27030056
S2140061309B2703009B2703009B2703009B27030046
S21400614082B030BF074BD3F8F030DB0704D500230E
S2140061500193019B052B01DD02B07047019B0133C3
S214006160F6E700BF00ED00E0F0B5114A114C124E04
S21400617000F00105E3695F0713D40DB9334213D16C
S21400618003EA00078F4207D10B4A1A40002A14BFC1
S2140061906FF001000020F0BD013AEBD16FF0020075
S2140061A0F9E74FF0FF30F6E76FF00100F3E700BFC6
S2140061B08096980000000350020001000B4B70B55B
S2140061C0D96911F480310DD101244FF48072084E44
S2140061D0084DF46020462C641A61FFF7C5FF34644E
S2140061E0EC6070BD6FF00100FBE700BF00000350DD
S2140061F000100350002003504FF4003238B50F4B08
S2140062000F4C9A6641F671330122E569E3630D4B44
S2140062100021DA60022360612120236105F48035C5
S214006220FFF7A2FF10B92120FFF79EFF0122064BC1
S214006230DA600DB10023E36338BD00BF0090005064
S21400624000000350001003500020035070B5134C9C
S2140062506061E3695B071ED40E4656F8043B8D1852
S214006260A361AE420BD10423002121202361FFF756
S2140062707BFF58B9BDE870402120FFF775BF0821A5
S2140062800846FFF771FF10B10423236170BD56F86E
S214006290043BA361E5E74FF0FF30F7E7000003504B
S2140062A02DE9F84315464FF40032184B89469A6696
S2140062B041F6713203F51C33DF69DA6301220646C4
S2140062C003F58053DFF84C8007F48037DA6055B961
S2140062D0284601220E4BDA601FB10022A3F50053B8
S2140062E0DA63BDE8F88306F5005404EA0804A41B44
S2140062F0AC4228BF2C46494622463046FFF7A6FF4A
S2140063000028E6D12644A1442D1BE0E7009000506B
S20C0063100020035000E0FFFF2F
S2140063182DE9F04F4FF0FD0BC9B09A460DF11B0959
S2140063289DF8503108AFCDF80C90CDF808B001971D
S214006338059303890446009383790E469046418860
S2140063488288407812F046FB054650B10090A38834
S214006358002062883A4912F081FE284649B0BDE816
S214006368F08F99F800002FF032F938B12846A38844
S2140063786288344912F072FE8D25EEE75A46394691
S21400638899F800002FF0CBF88346002851D0529B8E
S2140063981BB1BDF84C3198424BD8002399F80090B1
S2140063A80793A9F14102012A5FFA8BF123D83846F0
S2140063B80139254ADFF898C05FFA81FE734513DB7A
S2140063C8059B04210792C3B907AF18221F489FED03
S2140063D81A7B02FB060420460A460830394684ED36
S2140063E8027B17F08FFC11E010F8011F01335140B3
S2140063F80CFB01F2E2E7059B33B123464A463846D2
S214006408009610F069FAA8E70829DED9B8F1000F57
S21400641801D088F80090BAF1000F01D0AAF800B0B1
S214006428529B002B99D05A46184608A917F06AFCC2
S21400643893E7012591E700BF000000000000000078
S214006448D411040009120400C59D1C818010002088
S21400645893010001000000002DE9F04F93B0CDE94C
S2140064680A32DDE91C530E9353EC102BCDE90801D4
S214006478104619468DED060B1E9E16F0CDFE80B111
S214006488DDE906014FF0FF32C54B16F0EDFE40B9C8
S214006498DDE906014FF0FF326FF4801316F0C6FEF2
S2140064A870B1DDE908019DED060B0E9B1E96CDE941
S2140064B81C53DDE90A3213B0BDE8F04F00F088B986
S2140064C80022DDE90601002316F0B0FE002800F0E1
S2140064D83381DDE906A303F1004BCBF30A5016F42B
S2140064E88063A0F2FF3008BF06250F9316F0C2FBA4
S2140064F89BA3D3E9002316F027FC9BA3D3E900232C
S21400650816F06CFACBF31304894644F07F518046A4
S2140065180022A44B504641F4401116F05DFA94A3AD
S214006528D3E9002316F010FC02460B4640464946BF
S21400653816F054FA16F0A2FE044616F09BFB8EA33D
S214006548D3E900238046894616F0FEFB0022964BC8
S21400655816F044FA16F092FE89A3D3E900230746FC
S2140065684946404616F0F0FB80463846894616F0FF
S21400657881FB85A3D3E9002316F0E6FB02460B460B
S2140065884046494616F028FA02460B46CDE90C2343
S21400659816F0DAFBDDE90C238046894610461946D4
S2140065A816F01CFA0022CDE91001804B40464946F9
S2140065B816F0F4FC00227E4B16F010FA02460B4644
S2140065C84046494616F0EAFC00227A4B16F006FAD0
S2140065D802460B464046494616F0E0FCDDE90C2329
S2140065E88046894600204FF0804116F0F5F90246AD
S2140065F80B464046494616F0F1F902460B46DDE9D9
S214006608100116F0CBFC07F2FF3700226A4B16F093
S214006618E5F900223B0516F097FB52465B46804696
S214006628894616F021FE002840F08980CDE90C89BD
S21400663804F16303C62B8CBF0527042731051BD539
S21400664853A3D3E900235046594616F003FE002804
S2140066587FD051A3D3E900235046594616F0E6FDED
S214006668002876D00027A542C6BF2C1B04F1FF35AC
S21400667800253C4646F480660E9B9F422CBF4FF092
S2140066880008A3EB070816F0020903D0002F18BF6E
S2140066984FF000083CB1DDE90C235046594616F089
S2140066A87DFC82468B46DDE906010022002316F0B3
S2140066B8BDFD10B10BF100439B46DDE9080126F449
S2140066C80063CDE90183DDE90A324BEC10AB009597
S2140066D800F07EF802465FB3DDE9091316F0200FD6
S2140066E800F10105089E0CBF65204520B047DDE98E
S2140066F808010523002205930A23002CCDE902325F
S21400670807F1FF374FEAD473B8BF64422A460193AD
S21400671804970A9B009430F08AFE0246B9F1000FEF
S21400672806D00B9BC41A0B9B1A190E9BA34245D87E
S214006738104613B0BDE8F08FDDE906ABCDE60022C3
S214006748404649461A4B16F029FC013CCDE90C0197
S2140067586EE7002D90D00F9B002B8DD0013D8BE768
S214006768FB799F501344D33FB3C8608B288AC63F33
S21400677861436F63A787D23F71A379094F930A4095
S2140067881655B5BBB16B0240EF39FAFE422EE63F0E
S2140067982D431CEBE2361A3F0000000080842E4191
S2140067A8FFFFEF7F0000F83F0000E03F00002C40AE
S2140067B800002440000018400000F03F2020DDE9DB
S2140067C80913089DA8470134ADE700BF0000000084
S2140067D82DE9F04F5BEC10AB97B0CDE90501DDE98C
S2140067E82058CDE90723504652465B465946229F15
S2140067F816F012FD70B90323CDE902870193AA4B60
S2140068080093DDE90501DDE9072330F042FD17B006
S214006818BDE8F08F4FF0FF326FF4801350465946AC
S21400682816F004FD28B10423CDE9028701939F4B97
S214006838E6E74FF0FF32504659469D4B16F014FDDA
S21400684868B19C4A07F00403002B08BF03229A4B42
S2140068581CBF13460422CDE902870192D0E75046B2
S2140068688DA3D3E90023594616F0FEFC38B98CA34D
S214006878D3E900235046594616F0D8FC68B1DDE93E
S2140068880723DDE905014BEC10ABCDE92187209500
S21400689817B0BDE8F04FFFF7DFBD002200235046D3
S2140068A8594616F0C3FC002800F091805B46524615
S2140068B80020002116F090F8012382468B460993A3
S2140068C817F4806400F08580092D40F28580002446
S2140068D830210EABA5F109020134202C03F8011B68
S2140068E8A5EB040901D09442F6D15946504616F055
S2140068F8C5FC724B054603EBC90393ED007B8DED93
S2140069080A7B16F0B7F902460B465046594616F06B
S21400691863F8DDE90A2316F017FA02460B46CDE9B6
S2140069280C2316F0D3FC064616F094F902460B46DE
S214006938DDE90C0116F050F802460B46CDE90C23AB
S21400694800225F4B16F090FC002848D001363046EF
S21400695816F080F902460B46DDE90A0116F070FCCF
S21400696808B100260135B9F1000F45D1284616F0C2
S21400697881F902460B465046594616F02DF8002275
S2140069884F4B16F053FC10B9E90700D501350A211C
S2140069980EAB1A19202C0AD095FBF1F001FB105506
S2140069A8303502F8015B013405460028F2D107F0BD
S2140069B80302012A55D1B8F1000F52D0099A12B92C
S2140069C817F00C0F01D008F1FF38302240E009908C
S2140069D876E74FF0060988E7A946002485E70022EF
S2140069E8DDE90C01364B16F021FC0028BBD10EB1B0
S2140069F8F007B8D50136B6E70A210EAB1A19202CCF
S214006A080DD0B6FBF1F001FB1063092E03F130033D
S214006A1809F1FF3904F1010402F8013B11D83021CD
S214006A28A1440EAA202CB2D04C4504F101030AD189
S214006A3804F158020DEB02042E2204F8202C1C4602
S214006A48A5E70646DBE7A1541C46EBE71A550134D2
S214006A58444506D2202CF9D1CDE9028701940EAB25
S214006A68CEE6202CF8D0099B3BB12D2204F1580322
S214006A786B4403F8202C0134EEE77A0704D504F1BA
S214006A8858032B226B44F4E73B07E5D504F158037B
S214006A9820226B44EDE700BF0000000065CDCD4125
S214006AA80000000065CDCDC1F72E0400FB2E0400C3
S214006AB8FFFFEF7FEE2E0400F32E0400007804009C
S214006AC80000E03F0000000070B58EB02C220021C8
S214006AD803A816F087FF64234FF002320893CDE927
S214006AE805230B2301218DF834305B4B8DF81010ED
S214006AF81D880D4040F0A980084634F009FD0A229A
S214006B08564B574C1A704FF42873ADF812304FF0A6
S214006B18FF332360534B54491B8820460B82534B44
S214006B28534A1B68CD828B61524B0D621B884B8281
S214006B38514B1B68CB611DF02FF820B14FF41B7129
S214006B484E4835F012FD0521206831F0D8FA20B1FC
S214006B5840F27D21494835F008FD206815F0F8FE1A
S214006B68474B2068196830F044FE0C2535F038F994
S214006B786843099035F034F968430DEB0501079032
S214006B88206817F0CBFB20B140F295213B4835F042
S214006B98ECFC25681FF02AFC00220146284630F047
S214006BA8A0FE20B140F29721344835F0DEFC40F2D2
S214006BB80353344D344E2B80052396F90000AB70F2
S214006BC87F2801D11DF0D0FA3378EB7035F008F93C
S214006BD800EB80008000A88035F002F90023C00092
S214006BE84FF0FF31E880AB604FF0FF3018A3D3E9D1
S214006BF8002334F0DFFD2549206830F02BFE20689E
S214006C0802A931F023FB20B14FF434711B4835F04C
S214006C18ACFC042220680DEB020130F0BFFD04280E
S214006C2804D040F2D721154835F09FFC01A9012071
S214006C3830F080F907F028FD01201DF019FF2CF030
S214006C4896FB1DF03FFF1DF027FA0EB070BD00BF83
S214006C580A0020FF420300005E59002090600020D2
S214006C6884530020A091040084670020A8910400A3
S214006C7841B503009E910400A4910400C067040077
S214006C88C464002078530020586A0020B5B5030075
S214006C980348044B834202D0034B03B1184770479E
S214006CA8846A0020846A002000000000064B07491A
S214006CB8C91A891048BF0131491003D0044B0BB1DB
S214006CC801481847704700BF846A0020846A00207D
S214006CD80000000010B5064C237843B9FFF7D8FF2C
S214006CE8044B13B10448AFF300800123237010BD92
S214006CF8B815002000000000C0CC040008B5044BFE
S214006D081BB104490448AFF30080BDE80840CDE74E
S214006D1800000000BC150020C0CC0400A3F5803A93
S214006D28704700BF154B002B08BF114B9D46FFF759
S214006D38F5FF00218B460F461148124A121A16F024
S214006D4851FE0C4B002B00D098470B4B002B00D065
S214006D5898470020002104000D000B4817F088F91A
S214006D6816F018FE200029002BF046FA17F06EF9E8
S214006D7800000800000000000000000008100020C6
S214006D8808100020E4600020E1E0010007B50121BA
S214006D9820200DF1070201F033F858B10223012133
S214006DA820200DF107028DF8073001F039F803B0FE
S214006DB85DF804FB9DF807100229F8D0022209485E
S214006DC815F0F2FC022301210DF1070220208DF8B0
S214006DD8073001F025F82BF069F94FF4FA6000F057
S214006DE857FEE4E7B0C9030038B501F0E5FF01F047
S214006DF8A5F9012805D001F0A1F9022801D001F073
S214006E08C3F9064D2B783BB901F098F901280446DA
S214006E1802D12BF0D4F92C7038BD00BF3C5A0020A4
S214006E2810B5044600882BF015F9A37884F84400BA
S214006E38834202BF0123E3702371074B04F11C0051
S214006E48C4E9073401F032F8224620880349BDE831
S214006E58104000F06FBF00BFF31D0300BD1D030008
S214006E6870B5C37804460D461646002B34D1D1B10A
S214006E78214815F099FC0123E370E36CA6600BB17A
S214006E88E06D9847E368F61A63699E4221D2217E30
S214006E981A480131C9B2217615F086FCA36D13B1E4
S214006EA8217EE06D9847E5702BF013F915B323792A
S214006EB803BBA268238A801A83421BD80123104882
S214006EC8237115F071FC236DA3B1E06DBDE8704029
S214006ED8184701232376E6E70029E4D1094815F088
S214006EE863FC636DE660E5702571002BDBD0E06D12
S214006EF89847D8E770BD00BFD8C90300E9C90300A2
S214006F0817CA030004CA030070B51E4683880446E1
S214006F180D46C18002810BB1868070BD81780088DD
S214006F282AF084FF0123E370064BA680C4E90334E5
S214006F380C34204600F0BAFF29462046BDE87040CB
S214006F482BF0BEB83F1E030010B501790446B1FA0F
S214006F5881F1008849092AF0E0FF21796088B1FAB2
S214006F6881F149092AF0D9FF034B1A68A24204BFE7
S214006F7800221A6010BD00BFD415002070B54379F2
S214006F880446A3B100880E4E04F10805336813B111
S214006F980C4B1B786BB121792AF0BFFF64210A4B92
S214006FA83460A3602846BDE870402BF089B8408856
S214006FB8E9E7064815F0F8FB054B3221A360F1E730
S214006FC8D41500203D5A0020516F00002DCA03003A
S214006FD8856F000010B50446E0B10F4815F0E4FBD5
S214006FE801236371A37953B9217920882AF095FF84
S214006FF8236B7BB1606B0121BDE810401847204623
S214007008FFF7A2FF04F108002BF05FF82046FFF711
S214007018B5FFEDE710BD00BF63CA030010B5044610
S214007028F8B1104815F0C0FB00236371A3796BB95B
S21400703821792088B1FA81F149092AF06EFF236B7D
S2140070487BB1606B0021BDE8104018472046FFF76B
S2140070587BFF04F108002BF038F82046FFF78EFF78
S214007068EDE710BD6ECA030010B5044668B10748C0
S21400707815F09AFB637920461BB1BDE81040FFF770
S214007088CDBFBDE81040FFF7A5BF10BD7ACA030004
S21400709810B50E4C0E48214615F086FB82210D4889
S2140070A815F082FB82210220A21E00F0B9FE0146DE
S2140070B830B134F8022C0848BDE8104015F074BB0F
S2140070C80648BDE8104015F06FBB00BFCA54002044
S2140070D889CA0300A4CA0300AFCA0300F3CA0300A0
S2140070E838B50E4C82212246022000F089FEA51CE7
S2140070F8014650B122880A4815F056FB4922284610
S214007108084916F0FFFD4823238035F8021C064A76
S2140071180648BDE8384015F047BB00BFC8540020F5
S214007128FECA03007ECB0300CA5400205CCB0300D3
S214007138034B1B781BB18B4201D82AF0B7BF7047A8
S214007148006A002010B5044601460E4815F02CFBD0
S214007158012C11D10C4B0D481A884FF6FF739A4232
S2140071681EBF0022094B5A742AF0BDFE01F07AFFB2
S214007178BDE8104001F04CBE0448BDE810402AF0B7
S214007188B4BE00BFC7CB0300B4690020506400201B
S21400719870B500241A4D1B4E3378A3421BDC00241E
S2140071A8194D1A4E3378A3421BDC0024184D194E8D
S2140071B83378A3421BDC00F0C1FF012816481CD117
S2140071C82AF091FE01F04EFF01F022FEBDE8704065
S2140071D8124800F0D3BF2846FFF722FE0134603578
S2140071E8DAE728462AF065FE01343435DAE7284619
S2140071F82AF098FE01343835DAE72AF076FEE5E715
S21400720880210020435A0020A0250020445A002050
S214007218501F0020425A0020506400204D71000084
S2140072282DE9F04F87B0FFF75BFFB94B05A805932C
S2140072382AF09CFE054616F0D1FAB64CC2B21F2AB2
S214007248627004D9B44815F0AFFA00F015FC294668
S214007258A01C16F057FD05A82AF088FE054616F06D
S214007268BDFAC2B21F2A84F8212001D9AB48EAE742
S214007278294604F1220016F045FD05A82AF076FEF8
S2140072883226044600272578002D40F09F80A44C1F
S214007298FFF77EFF2378DFF8C8A2DFF8C882A14F81
S2140072A800939AF8003098F8002039789E4815F030
S2140072B87BFA3A7898F800109AF8000053180344B6
S2140072C8DFF894B220782C4603445846DBB2AA422C
S2140072D800F3E482012B38BF0123944E0293324612
S2140072E8002335464FF482714FF6FF740298013337
S2140072F8984213705180948002F10C02F6DC8C4B95
S2140073088A498448AB6000F0F5FFE879AB68DFF897
S214007318449200EB400003EB800000F0BBFDEB79E5
S214007328B9F800200133A242EB7103D07F498148A7
S21400733801F0E4F84FF6FF73B9F800207B49D21A3B
S21400734818BF01227C4801F0A3FC4FF00009784CD6
S2140073583A784A4500F3CA8200264FF00C09774A65
S214007368DFF8C8B198F800003978B04200F3D28246
S21400737846180C21002501FB06B19AF80000942354
S214007388A8426F4A00F3E4820C253E7898F800304D
S21400739800274FF070081E44064405FB06B5DFF8C4
S2140073A8C8A15F4B1B78BB4200F3E58202995F4891
S2140073B800F0FEFD059B56491A468B4240F0EE82C9
S2140073C8604807B0BDE8F04F15F0EEB9532D0FD161
S2140073D863784C2B40F04881A378502B40F04481CA
S2140073E80122594B1A7005A82AF0C0FD04464AE740
S2140073F8442D13D16378303B092BF4D8601C2AF04F
S214007408C2FD524B524A1978002386B2994202F1BD
S2140074186002E8DD22F8466C0133F7E7422D0BD10F
S2140074286378542B54D1A01C00F0D2FC494B18802A
S21400743818462AF09CFCD6E7582D33D8412DD2D9C9
S214007448433D152DCFD801A353F825F01378000037
S214007458EF730000EF730000EF730000EF73000097
S214007468EF730000C3750000EF730000EF730000B1
S21400747875750000BF740000EF730000EF7300001E
S214007488EF730000EF730000F576000071760000D9
S214007498EF730000EF730000EF730000EF73000057
S2140074A86B770000692D9ED1601C2AF06CFD80B2B7
S2140074B82AF0F8FD97E71B4B012019780023264A87
S2140074C8994202F1A8028EDD02F8A60C0133F7E70E
S2140074D8601C00F07DFC0546E01C2AF0CCFD01216E
S2140074E8024628462AF083FD60211848184C03787F
S2140074F85943621865524FF4FA6111824FF4487185
S2140075085161164956831165013303706BE700BF56
S214007518CA54002064630020E6CB0300FDCB0300BA
S2140075283E5A0020415A00200DCC0300A016002029
S2140075381817002050160020D8150020A41B00207D
S214007548E81900205DCC03003D5A0020435A00206D
S21400755880210020B4690020A41C00205F1F0300BF
S2140075683F5A0020405A002098180020601C00F05F
S2140075782FFC00224FF034088146CC4F11462AF0E3
S21400758836FD3878CA4D08FB00F325F80390EA184C
S214007598E3781046693B18BF012393702AF089FCEC
S2140075A80021C44A3B785160012103FB08550B446F
S2140075B83B7015600F46117415E7601C00F008FC58
S2140075C80022114681462AF012FD3422B74DDFF814
S2140075D8E082287802FB00F328F8039008EB030102
S2140075E8E3780846693B18BF01238B702AF061FCD4
S2140075F8B14A00231046916B31BB00EB831034234D
S2140076082A7802FB03838363AC4A00231046D2F829
S214007618A410F9B9A82202FB030034232A7802FB37
S2140076280383C0F8A4305FB9A24A3B46114652F815
S214007638040BA8B93422287800FB028241F82320DC
S2140076482B7801332B70CEE60133042B02F140026F
S214007658D1D1D9E70133042B02F1A802D7D1E2E74A
S2140076680133042BE3D1EBE7601C00F0B1FB804646
S214007678E01C2AF000FD0121024640462AF0B7FC2D
S21400768860218F488F4D0278DFF854C251436B183B
S21400769825F801804FF44871198259618A495E833A
S2140076A89965E178A824642904BF012199709CF89B
S2140076B80030DFF808E25C430EEB04010EF80430F5
S2140076C84FF400744C8003240C718C7102EB420456
S2140076D805EB441532240133DBB201324B718D6061
S2140076E881F8A04002708CF800307CE6601C00F040
S2140076F86FFB00224FF0380A8146DFF8DC8111461E
S2140077082AF075FC98F80030704D0AFB03F325F84C
S21400771803904FF00109EA1882F80490E37873B1F1
S214007728E01C00F055FB0022044611462AF05FFCD8
S21400773898F800300AFB03535C8083F80690644888
S2140077485D4A03789901535498F8001002EB8314A5
S214007758C1EBC10205EBC2054A1C656388F8002028
S214007768D2E6601C00F034FB8046E01C00F030FBDC
S2140077780546601D2AF07FFC044602460121404665
S2140077882AF035FC2246284601212AF030FC6020E3
S2140077984FF4487CDFF828E14A4A9EF8003000FBA0
S2140077A803F422F80480DFF820811119A1F810C02C
S2140077B8C1F814C04E83C1F85880591CC9B2484352
S2140077C81418A4F810C0C4F814C06683C4F8588007
S2140077D8942415523F4D981C8EF800002878DFF840
S2140077E804C1444303EB430301EB41010CEB040ED5
S2140077F802EB431302EB41120CF80400CEF80430F7
S214007808CEF8082001302870EDE5601C00F0E0FA9C
S2140078188046E01C00F0DCFA002205461146404689
S2140078282AF0E5FB00223824114628462AF0DFFB1A
S2140078382948264A03784FF0000E04FB03FC22F87A
S2140078480C804FF0010802EB0C0181F806E081F885
S214007858048003EB0801C9B24C4302EB040C155331
S2140078689C1C047070241D4D8CF806E028788CF853
S21400787804804443DFF870C0C3EBC303C1EBC10107
S2140078880CEB040E02EBC30302EBC1020CF8040077
S214007898CEF80430CEF808204044B4E746790135DF
S2140078A88E4284BF04714471A83010E5445A002003
S2140078B8A025002050640020A41B0020A41C002043
S2140078C8435A00208021002039710000501F0020F4
S2140078D8405A00203F5A0020425A00203E5A0020B4
S2140078E8415A0020E819002098180020B9F1000F26
S2140078F806D016F8052C02EB420204EB8204B460AC
S2140079083146584601F082FD09F101090BF1A80B32
S2140079180C361DE571180AD0481E09FB00B0C07960
S21400792800EB400004EB800409FB01B084601046BD
S21400793809FB0151039201F027FB39781C483144B2
S21400794809FB015101F08EF8039A0136403209E529
S214007958F54218BF11F8050C03911EBF00EB400056
S21400796804EB80048C6003FB052000F08BFF039972
S21400797801350C3101E5F74218BF15F8053C2946D4
S2140079881CBF03EB430304EB830408FB07A018BFE4
S214007998AC6000F04DFE01370C3502E513F8011D0A
S2140079A800297FF408AD3B2102F8011C03E500BF5F
S2140079B8441F002007B5012121200DF1070200F021
S2140079C81FFA18B99DF80720024B1A7003B05DF825
S2140079D804FB00BF006A002007B5064B8DF80700B9
S2140079E8187001210DF10702212000F019FA03B0E2
S2140079F85DF804FB006A002007B5022101200DF19E
S214007A08060200F0FDF938B9044814F0CDFEBDF8BA
S214007A18060003B05DF804FB0020FAE77ACC030002
S214007A2807B50221ADF806000DF10602012000F0A8
S214007A38F7F9014610B1034814F0B6FE03B05DF836
S214007A4804FB00BF9BCC030010B5FFF7D5FF044628
S214007A580146074814F0A8FE0121064814F0A4FEC3
S214007A6824B9BDE810400120FFF7DABF10BD00BFFB
S214007A78CBCC0300DDCC030008B5044814F094FE14
S214007A8800F0DEF92AF012FB2AF00DFBF3CC030017
S214007A9838B50446084D094B28462B6000F006FA10
S214007AA8002C18BF21462846BDE8384008BF4FF4CA
S214007AB896712AF005BB00BFA4260020AD1F030060
S214007AC82DE9F043394D93B008AC074689469046F1
S214007AD80FCD0FC40FCD00260FC495E8030003236F
S214007AE8012584E80300324C3248CDE90366CDE927
S214007AF805668DF80E300796029534F0D0FC2E48B1
S214007B0834F0CDFC32462D4920468DF8176005F036
S214007B181DF8334632462A498DF81900009020464B
S214007B288DF82390CDF82C808DF8216005F028F884
S214007B380A9020468DF8097004F088FF204608AAA7
S214007B4805A905F043F802AA204603A92BF08DFBE9
S214007B584FF400721B4B5A62194BE560626A920535
S214007B6810D46BB94FF40072164B11485A6204F0E1
S214007B786DFF114834F096FC002013B0BDE8F08382
S214007B88013BEBE7002BEDD0094908A82BF0A0FB3A
S214007B984FF400720B4B06485A6204F057FF06482B
S214007BA834F080FCBDF82000E7E700BFB8680400A2
S214007BB80040005A086B0400046B040080841E0012
S214007BC840420F000060005A0122034B1870034B16
S214007BD81980034B1A707047465A0020BC6900206B
S214007BE8455A0020F8B5454B1B780BB90020F8BD60
S214007BF8434B1B78012B03D1BDE8F8402AF0D5B9D2
S214007C08404B1C884FF6FF739C42EFD03E4834F03A
S214007C1846FC0023260AE4B21A462146304604F0FB
S214007C28D5FE012E354604F0010335D015D9B51E0C
S214007C38012DDBD8002B0BBF4FF480754FF08075F5
S214007C484FF470614FF070610BBF01274FF4803717
S214007C580F204FF470202D4B11E0002B0BBF4FF474
S214007C6880754FF080754FF470614FF070610BBFF0
S214007C7801274FF480370F204FF47020244B1A68E2
S214007C8802401CD0BA421AD01A680A4032D11A6882
S214007C9822EA01022A4316E0002B0BBF4FF4807538
S214007CA84FF080754FF470614FF070610BBF01277D
S214007CB84FF480370F204FF47020164BDFE71A6812
S214007CC822EA00023A431A602AF06FF905460028AD
S214007CD88CD0083644EA06102A460321C0B2FFF7BD
S214007CE8EFFE40F6FF73684300F2FF70B0FBF3F058
S214007CF880B27CE795427FF479AFC8E7455A002002
S214007D08465A0020BC690020086B040028C30350AC
S214007D1820C3035024C3035010B5044C237823B95A
S214007D28034834F0BCFB0123237010BD485A0020DA
S214007D38086B04002DE9F0431F4C85B007468846BB
S214007D489146FFF7E9FF23781BB902F0E5F801230F
S214007D5823707BBAADF80C3030220023174E02FB96
S214007D6803F4315DA51901BB012333554FF0FF33EA
S214007D7804F1100012493044AB606F80C5F80480E7
S214007D88C5F80C9009F0C0FB04F108010422314440
S214007D980C4B009503A802F095F9A96802460A4814
S214007DA814F002FD05B0BDE8F0830133102BD6D1E0
S214007DB8064814F0F9FCF5E7475A0020CC260020C0
S214007DC8D71F0300E91F030000CD03002ECD0300D4
S214007DD880B10278A2F14103032B0BD840783038E3
S214007DE8C0B2082806D8054B134413F8413C40EAAD
S214007DF8032070474FF6FF70704700BFE068040026
S214007E0808B50B4642B101460448006803F0A2FADA
S214007E18BDE808402AF040B9022008BDBC6400202E
S214007E2808B50B4642B101460448006803F01AFC40
S214007E38BDE808402AF030B9022008BDBC6400201E
S214007E48F0B50026124F8DB0FF2300930A22334662
S214007E58386802A92AF0AEFFC0B102AB1D4603EB94
S214007E68800404E055F8043BB34228BF5E1CAC42CD
S214007E783868E9D9296803F07BFD0028F2D02D2858
S214007E88F0D00DB0BDE8F0402AF006B90DB0F0BD50
S214007E98BC64002028B1034B0360034B43600023F7
S214007EA8836070471900000364640020FF2307B549
S214007EB80021044A0093083009F0AAFA03B05DF8D6
S214007EC804FB00BFC32003000B46044902460868AB
S214007ED80349097808B12AF017B97047D82900204D
S214007EE84A5A0020F7B50C4618B12921194834F02B
S214007EF83CFB246823685E795F8830463946FFF77E
S214007F08E3FFF0B18568E5B1A089227D3946904245
S214007F1891BF0020801AA36880B294BF03469B18BE
S214007F28E27C00903046A8470138032803D8DFE8EB
S214007F3800F0080F0B0D002420462EF0B0F820465F
S214007F4800E0812003B0F0BD8024F5E79324F3E732
S214007F588724F1E756CD0300F8B515460D4A0446C2
S214007F6810680D4A0B46117850B122462AF0CCF814
S214007F78034628B100210C27C678B14201DB002051
S214007F88F8BD07FB01F45A681019125BAA42F7D02D
S214007F980131F2E7D82900204A5A002008B5034BD9
S214007FA81B6803B19847002008BD00BFD4290020ED
S214007FB82DE9F74F04460D460026454B454F1860F9
S214007FC8454B197033010021F85C013610F0F0FAC1
S214007FD80C2EF7D10C2D28BF0C254FF00009019563
S214007FE83C4EDFF800A13D4DDFF8FC80019B4B4579
S214007FF802DC03B0BDE8F08F23784FF0000B337037
S21400800863887380A388B380A379C6F80880B371A1
S214008018E379C8F8005088F804304FF00003A768E2
S214008028A8F80630E3795B450ADC012116F8100B40
S21400803810F0BEFA08F1080809F101090C34D5E772
S2140080484FF0000338886B812880FB784FF0000CCF
S2140080582B81BA78C5F804A0002A00920CBF8022AB
S21400806840222A7379680AF10C02634513DC03EB95
S21400807843030AEB830ABB6843B1009A4FF6FF71C5
S214008088B2FA82F2164B52092DF099FF14350BF10D
S214008098010B0C37C6E7B1F800E00CF1010C22F82A
S2140080A80CEC91F802E00C3202F816EC91F804E0B9
S2140080B80C3102F815EC11F809ECBEF1010F14BFEB
S2140080C84FF0100E4FF0110E02F814ECCDE700BF7B
S2140080D8D8290020304100204A5A0020DC2F0020F2
S2140080E8ED7E0000DC2900205C320020014B186081
S2140080F8704700BFD0290020014B1860704700BFAA
S214008108D429002070B5128805460E46FFF724FFCE
S214008118044670B102790499806815F0B5FC064BE0
S2140081281B680BB9002070BD314628462288984740
S214008138F8E78620F7E700BFD029002008B50FF03B
S214008148D3FA022806D0012806D0044B1878400037
S214008158C0B208BD0120FCE70220FAE7495A002011
S214008168054B10B51C682CB1FFF7E8FF2346BDE8A1
S2140081781040184710BD00BFCC290020014B1860DE
S214008188704700BFCC290020034B1A781AB9012281
S2140081981A700BF009BB7047495A00200022024BA0
S2140081A81A70FFF7DDBF00BF495A002037B50446EE
S2140081B8002836D00FF098FA022834D160892EF0BD
S2140081C8D0FAE079237A003818BF0120012B637AA9
S2140081D808BF40F008000BB140F0100063890BB1EF
S2140081E840F00400257CA188A2790DB1E36893B914
S2140081F80F4B10F0B9FD2178084610F031FE2DF02F
S214008208D9FD044610F0EAFD7CB100280CBF00201A
S214008218032003B030BDCDE90035064B10F0A4FDB1
S214008228E9E70220F5E70120F3E72046F1E700BF7B
S214008238211E0400EAED030008B50DF013FC014604
S21400824830B1044814F0B0FABDE808400DF0AEBFEF
S21400825808BD00BFC8CD0300034B044A5B7C012160
S21400826803201370FFF7DCBD506400204B5A002033
S21400827810B50446FFF7F0FFB4F57F4F0BD1002486
S2140082880F4B1A8813449C70FEF702FF2046BDE881
S2140082981040FFF7FDBB4FF601739C4204D1BDE8C2
S2140082A81040084829F007BE4FF602739C4205D1D5
S2140082B8BDE81040044B1878FFF78EBB10BD00BF12
S2140082C8C854002050640020006A002010B5074CEF
S2140082D8012122460320FFF793FD28B92378044A94
S2140082E8003B18BF0123537410BD00BF4B5A002033
S2140082F850640020F8B5574B30251A884FF6FF73A0
S2140083089A4218BF03234FF00802534C4FF0360624
S21400831818BF2370514B9D705D7139251A70322233
S2140083289D7131255A70DA701A724FF40012DD7199
S2140083384B4D4264C5644B4D012205654A4D1E717E
S21400834885654A4D8618C565494DC6674566494DD3
S214008358494E8566494D80F848200567484D80F89F
S21400836854204567202580F8785080F8845000F11E
S2140083782105C0F88850434D80F86020C0F88C501E
S21400838880F86C20C0F8806080F89020C0F8944090
S214008398C0F8B8303C4B3D4CC0F8BC300223C0F89F
S2140083A898403B4C80F8C030C0F8A4400F24394BA6
S2140083B880F8A840C0F8C430374B384CC0F8C830EE
S2140083C88223C0F8AC40364C80F8CC30C0F8B040B9
S2140083D80924344B344DC0F8D030344B80F8B440C0
S2140083E8C0F8D4302C7C324B80F89C20C0F8A00013
S2140083F880F8D820C0F8DC3044B12E4B80F8E42052
S214008408C0F8E03005F11103C0F8E8304FF0000C72
S214008418CA798E6802EB42039F00443006EB83035A
S21400842826F807C0586001200D349870DC701318C1
S214008438CB71FFF7BFFAFFF749FFFFF77FFE01286A
S21400844806D12B7C23B1BDE8F840174829F033BD88
S214008458F8BD00BFB4690020016A00204C5A00200D
S214008468F968040001002000F868040002002000F3
S214008478F76804000300200005004200F6680400C0
S2140084880400420007003000FDFF21001200100122
S21400849800404200F468040000FF4401E468040059
S2140084A806004200C85400205064002002FF200145
S2140084B8006A002001FF100113B504460D4829F094
S2140084C861FC6422C0F30F43637083B2B3FBF2F31C
S2140084D8A07823702022012129F038FEA0782122D6
S2140084E8012129F033FE0449201D02B0BDE81040E2
S2140084F829F0E6BDB4690020E09304000B7870B557
S21400850883704CF61E0303804FF02013C3620123CA
S21400851880F8303080F83C30C3180364124B0446A9
S21400852843640223114A80F84830114B8263C364BF
S2140085384063CA798D6802EB420305EB830004F1B9
S2140085482C0646600B4E45F8236000238360531CB8
S214008558CB71094B201DC4E90134FFF7A7FC204660
S214008568BDE87040FFF7A8BFFDFF210021002000EE
S214008578FA68040001000103C1840000437B044A32
S2140085880121137000781130C0B2FFF749BC00BF54
S214008598565A002038B504460078054D11302A464C
S2140085A80121C0B2FFF72CFC08B92B78637338BDDD
S2140085B8565A0020024B53F8200029F0A2BE00BFEE
S2140085C8BC320020012908B506D0022907D049B9CF
S2140085D829F08EFE002008BD29F08DFEFAE729F066
S2140085E88DFEF7E7024814F0DFF80120F3E700BF36
S2140085F8F5CD030010B4054C114654F820001A4671
S214008608BDF804305DF8044BFFF7DCBFBC32002031
S214008618002310B5044683810364A0F8443048302C
S214008628FFF744FC014BC4E9123410BDF1220300E5
S21400863838B504460B781A4A43700D4642F82300AC
S214008648FFF7E6FF2046FFF7A5FF4FF44013236128
S2140086580123144A2375A261134A84F82030E26184
S214008668124A84F82C306262114A84F83830A262C2
S21400867804F10C0222630F4A04F10D036263E363FC
S214008688EA79A86802EB420300EB830110344C60D9
S214008698094C40F82340094B8B60531CEB7138BDDE
S2140086A8BC320020555A002008002000026A00202C
S2140086B800FF300001FF100102010104FD850000E3
S2140086C810B47024427B0D48013A012904FB0200CD
S2140086D806D0022908D059B95DF8044B29F008BE1F
S2140086E85DF8044B29F007BE5DF8044B29F006BE7A
S2140086F803485DF8044B14F057B800BF98180020DC
S21400870811CE0300B0F85C302DE9F0418B420446E8
S2140087180E4638D0437B077C8BB31C4A12789A42A5
S2140087282DD370251A4A013B05FB032390F80F80CA
S2140087381B7B424629F0F3FDB845054601D1FF28C4
S2140087481FD13A463146204694F8903029F0E7FD86
S2140087582F460546552212216078A4F85C6029F059
S214008768F5FCFF2F03D039462046FFF7A9FFFF2D5B
S21400877809D029462046BDE8F04129F010BEFF255D
S214008788DFE70746E6E7BDE8F08100BF3E5A00206F
S2140087989818002041688268C978D27849B112B121
S2140087A80321FFF7AFBF837B002B0CBF01210221FB
S2140087B8F7E72AB1837B002B0CBF02210121F0E7E3
S2140087C8014813F0F1BF00BF22CE0300037BD3B1EC
S2140087D84368DA7812B18268D278A2B91B7933B1C5
S2140087E8837B002B0CBF04210521FFF78BBF836812
S2140087F81B792BB1837B002B0CBF05210421F4E7E2
S214008808014813F0D1BF704754CE0300084A437B93
S21400881805211370837B5370C37B9370037CD370DE
S214008828037B137100780E30C0B2FFF7F9BA00BFA9
S214008838575A002038B5044600780C4D0E302A46A4
S2140088480521C0B2FFF7DCFA20B1BDE83840084879
S21400885813F0AABF2B7863736B78A373AB78E373B4
S214008868EB7823742B79237338BD00BF575A002042
S21400887890CE0300024B53F8200029F0DABD00BF63
S214008888E4320020F8B504460B78424A43700D4699
S21400889842F82300404E29F0EAFDFFF7CBFF626856
S2140088A8A3683E483E49D6641165D4655065C3E959
S2140088B81410DE64DC654FF09873022663610123AA
S2140088C804F10C01E16137491032216204F10D010F
S2140088D8A16235492376E16204F10E0161633349EA
S2140088E884F82430A16304F10F012164304984F828
S2140088F83030616404F11001E1642E4984F83C309C
S21400890884F84830216584F85460A265E879A96837
S21400891800EB400201EB820704F1140CC7F804C010
S2140089284FF4817C244F41F82270C218D2B202EB71
S214008938420241F822C001EB820700227A601F4AF1
S21400894884F8703022661E4A84F88830A2661D4A6B
S2140089581D4BE2661D4AC4F88C3062671C4A8319B0
S214008968A26704F15C02C4F88020DBB2194A03EB64
S2140089784303C4F8842084F8646084F87C6001EBC0
S214008988830260345460144A033041F82320E871A7
S214008998F8BD00BFE43200209D870000FD230300D9
S2140089A8D5870000010020010200100103003001F5
S2140089B8040030010500210101FC01064A002100DF
S2140089C8FC68040051001000FE680400FF680400FC
S2140089D8550021006F0018001200010470B50D46FE
S2140089E80646144613460A4601461A4813F0DCFEA5
S2140089F825B92046BDE87040FFF73ABC072D05D1DB
S214008A0821463046BDE8704000F0C4BC4FF601432E
S214008A189D4205D121463046BDE87040FFF72ABF83
S214008A28062D05D121463046BDE8704000F066BAEE
S214008A38B5F5817F05D121463046BDE87040FFF781
S214008A48B9BD202D04D12046BDE8704000F0ECB832
S214008A5870BD00BFBFCE03000148FFF747BB00BF8D
S214008A68E58900004FF4C01330B503600123037195
S214008A78074B8C688360CA7902EB420304EB8305D4
S214008A886860044844F82300531CCB7130BD00BF0F
S214008A9800690400040001010368064A0C211360FB
S214008AA84368536003891381438922205381FFF763
S214008AB8B7B900BF0C33002010B50368044686B06B
S214008AC8FBB1114813F070FEA37B104A8DF80430F2
S214008AD84FF48273ADF806300123CDE90223002354
S214008AE801A804938DF81430FFF760FB20466189CF
S214008AF829F0CDFC2046FA2150F8143B594329F0BA
S214008B08DFFA06B010BD00BFF2CE03002000000159
S214008B1810B5064C236843B1054813F045FE206897
S214008B28BDE81040418929F0B2BC10BD18330020BA
S214008B3813CF030070B5364910460C68BDF81020F0
S214008B48002C5ED003285CD8DFE800F0021E27451C
S214008B58002B5AD0022A58D91D78B3F80160291E6E
S214008B6818BF012132462B4813F01EFE2DB13146A0
S214008B78204629F08CFC002070BDE573FA20636857
S214008B88584329F024FBF6E7234813F00DFEE37B51
S214008B98002B38D00023E373F0E7002B35D0032AE8
S214008BA833D91D681D48294613F0FEFD1C4B2A1FA5
S214008BB89A4201D90220DFE723680BB19D42F9D813
S214008BC823899D42F6D3E37B6560B3B9FA206843F0
S214008BD829F0FDFA11E0002BCED0012ACCD91D8849
S214008BE81048294613F0E0FD002DE3D063689D4247
S214008BF8E0D8E37B2581002BE8D12046FFF74CFF21
S214008C08B9E70120B8E70420B6E70320B4E700BFB9
S214008C181833002036CF03006DCF03008CCF030037
S214008C28FCFF6D00B7CF030038B5154B1C6834B38E
S214008C38F0B92168134813F0B7FD23683BB16268A2
S214008C48934204D2104813F0AFFD6368236004F122
S214008C581405284629F039FA236823B1FA2128464C
S214008C68594329F02DFA2046BDE83840FFF714BFCF
S214008C78032804D16189054813F096FDF3E738BD4B
S214008C8818330020E2CF030010D0030045D00300BD
S214008C9870B53E4B0D46044609781860002A6FD119
S214008CA801231A46A1730021E1730121A1814FF423
S214008CB86151C4E900132823354E22810C2132461F
S214008CC822206381FFF79CF860B9D6E900230AB131
S214008CD89A4207D3318999429FBFC4E90023738912
S214008CE8218163812B4B2C4AE363042384F84030AC
S214008CF884F84C30E3182365284BA2646365022386
S214008D0804F10802E265264A84F85830226604F11F
S214008D180A02A266234A84F8643084F8703004F1A4
S214008D280C03E26663676464EA79A86802EB4203A8
S214008D3800EB830104F13C064E601B4E40F82360AE
S214008D48FA261A4B1A488B60531CEB71FFF7D4F9B6
S214008D58208904F11405704329F039FA6189204600
S214008D6829F095FB134B2846C4E90534FFF79EF80F
S214008D78216849B128467143BDE8704029F0A0B97A
S214008D884FF4F07302228DE770BD00BF1833002041
S214008D980C330020000023010100230002002100FC
S214008DA803002101FDFF2100200001053D8B000086
S214008DB8198B0000C18A0000134B10B51C680CB351
S214008DC8E37BEBB129F085F92369C01A002809DB93
S214008DD80E4813F0E9FC0023FA20E373636858434F
S214008DE829F0F5F9E37B5BB12489FA235C4329F083
S214008DF8F9F9A04206D02046BDE8104029F0E7B9A8
S214008E086468F2E710BD00BF1833002072D0030074
S214008E1838B50024044D55F8040B08B129F04AFB70
S214008E2801340A2CF7D138BD1C330020042908B5B4
S214008E380AD172B16BB113781BB929F066FB002012
S214008E4808BD29F058FBFAE7034813F0ADFC0120EB
S214008E58F6E70320F4E700BFACD0030010B4054CD7
S214008E68114654F820001A46BDF804305DF8044B45
S214008E78FFF7DCBF1C3300200229024608B50ED0D7
S214008E8804D839B9104629F040FB06E04029F9D045
S214008E98412907D1104629F02EFB002008BD29F0ED
S214008EA83EFBFAE7024813F07FFC0120F6E700BF16
S214008EB8CCD0030010B4054C114654F820001A46CE
S214008EC8BDF804305DF8044BFFF7D6BF1C3300200E
S214008ED8426B094B52791A7082785A70C2789A7027
S214008EE8826B12B190F83C20DA70007804210930C1
S214008EF8014AC0B2FEF794BF5C5A0020024B53F8F2
S214008F08200029F028BB00BF1C33002038B50446D3
S214008F180078084D09302A460421C0B2FEF770FFD3
S214008F2830B96B78A370AB78E370EB7884F83C3094
S214008F3838BD00BF5C5A002038B504460078114D8D
S214008F4809302A460421C0B2FEF75AFFC8B9A378EA
S214008F582A78022B0CD004D863B9204629F0D5FA13
S214008F6801E0FF2B0AD02046BDE8384029F0A2BA17
S214008F78002AF2D1204629F0BEFAF4E7002AF9D1F1
S214008F88EBE738BD5C5A0020F8B504460B78284A4B
S214008F980D4642F823004370FFF7B8FF636B254A77
S214008FA85C631A632046FFF7C7FF204629F082FA5B
S214008FB84FF4801363600123626BA66B0532E26090
S214008FC81D4A23722261A21C2375A26166B11B4A40
S214008FD884F82030E261E21C6262194A84F82C3078
S214008FE804F13C03A26223630627EA79A96802EB28
S214008FF84203002E21F8237001EB83000CBF0223E6
S2140090080423C370012383700E4B04348360531CFF
S2140090184460DBB20C4C03EB430341F8234001EBFE
S214009028830000234360094B02328360EA71F8BD6F
S2140090381C3300203B2503000340300101FF3001AC
S21400904802FF1001BD8E000008000100658E0000BA
S21400905828B1034B1B78834234BF00200120704799
S214009068405A002070B500250A4C0B4E3378AB42A8
S21400907800DC70BDD4F8A42042B123791BB1607916
S214009088FFF7E6FF10B9104628F006FF0135A834AA
S214009098ECE700BFA41C0020415A002008B542791E
S2140090A801461046FFF7D4FFA8B1CB780A48013A24
S2140090B8042B00EB82100ED8012B08D81BB9BDE88C
S2140090C8084029F018BABDE8084029F01EBABDE8DD
S2140090D8084029F024BA08BDA41B002008B5427928
S2140090E801461046FFF7B4FFA8B1CB780A48013A04
S2140090F8042B00EB82100ED8012B08D81BB9BDE84C
S214009108084029F002BABDE8084029F0F4B9BDE8DD
S214009118084029F004BA08BDA41B002010B586B084
S2140091280446FFF70BF8012830D1E278042A2DD838
S214009138DFE802F013323403030061790846FFF7CC
S21400914887FF58B31648032A00EB811050F80C3CEA
S21400915858791DD1003818BF012063784FF4807203
S2140091688DF804304FF48273ADF806300623ADF858
S214009178083001238DF80B3000238DF80A0001A86B
S214009188CDE903238DF81430FFF710F806B010BDAC
S214009198B0FA80F04009E0E70020DEE70220DCE7CE
S2140091A8A41B002010B586B00446FEF7C7FF0128AA
S2140091B830D1E278042A2DD8DFE802F01313320300
S2140091C8030061790846FFF743FF48B31548032AAA
S2140091D800EB811050F80C3C5B791DD11A1E18BFA5
S2140091E8012263788DF80A208DF804304FF48273D4
S2140091F8ADF806300623ADF8083001234FF4807228
S2140092088DF80B30002301A8CDE903238DF8143020
S214009218FEF7CCFF06B010BDB3FA83F25209E0E7BA
S2140092280222DEE7A41B002010B586B00446FEF72F
S21400923885FF012812D16378094A8DF804304FF467
S2140092488273ADF806304FF48073CDE9022300230D
S21400925801A804938DF81430FEF7A8FF06B010BDD9
S2140092680800070110B586B00446FEF767FF012818
S21400927820D16278104B8DF804204FF4827294F84F
S214009288A01094F8A10059701870ADF80620049341
S2140092984FF480720223094901A88DF81430CDE9ED
S2140092A80212FEF783FF94F8A130013B18BF012392
S2140092B884F8A13006B010BD605A002008000501E9
S2140092C810B58378044603B30379022B0AD1427992
S2140092D81046FFF7BDFE28B10C48013A00EB821095
S2140092E829F01DF9A379022B02D12046FFF716FFB5
S2140092F82046FFF7B7FF02236078A4F86C305522A3
S214009308BDE81040122128F021BF10BDA41B002084
S2140093184388094A082113808388538083681B8AF8
S214009328938090F8A03093718379D37100780430D5
S214009338C0B2FEF775BD00BF4A55002038B50D46C9
S21400934804460178114813F02FFA4FF602739D422F
S2140093580ED10F4B1B782BB963712046BDE83840F9
S214009368FFF7D6BF62790AB19342F6D20123F3E734
S214009378B5F57F4FF1D1204629F06AF9A378022B7C
S2140093880CBF01220022A3689A70E6E7E8D0030023
S214009398405A0020024B53F82000FFF7CFBF00BF0B
S2140093A84433002038B504460078144D04302A4665
S2140093B80821C0B2FEF724FD20B1BDE838401048A9
S2140093C813F0F2B92B8863806B88E978A380AA88A3
S2140093D8A3681A82AB7984F8A030EB79A371094B9D
S2140093E81B780BB9637138BD09B19942FBD9064899
S2140093F813F0DAF923780133F4E700BF4A55002062
S21400940802D10300405A00202BD10300F8B50446C9
S2140094180B78474A0D4642F823004370FFF7C2FF11
S214009428A268444BD465D364434B02265365434B2A
S214009438A11C13654FF44013E36001236161E162E8
S2140094483F49103221632265211D3E4AA1633E48EA
S2140094583E49626504F1A002A061E163E265E01C92
S214009468611D3B4A206261643A483B492266A21D58
S2140094782374237784F8283084F8343084F840300E
S214009488A16484F84C6084F8583084F864306062CC
S214009498A266E879AA6800EB400102EB810704F1AE
S2140094A80C0CC7F804C04FF0060C2C4F42F821707D
S2140094B8C118C9B201EB410142F821C002EB81078D
S2140094C800217960264F84F880302767254F84F876
S2140094D89830A767244F254BE767254F84F87460B4
S2140094E884F88C60C4F89C3004F16C06831CC4F8BD
S2140094F88470C4F890601F4F1F4EDBB203EB430323
S214009508C4F89460C4F8887002EB830670347460FC
S21400951808261A4C42F82340C31CDBB203EB43036D
S21400952802EB8304043042F823606160E871F8BDFA
S21400953844330020AF250300F9250300C992000034
S21400954801FF300104FF20011000300102FF200156
S21400955805FF300100FF300103FF21010700010865
S2140095684A00210002690400510010000469040042
S21400957805690400550021006F0018001200010458
S21400958800239B6AB3F5C04F03D21968064A914276
S21400959803D00023037083607047012202709A6824
S2140095A89B694260F7E700BF07B0CD5E024B034AEF
S2140095B81A602AF09DBA00BF0000002002020FF0D1
S2140095C873B5534B04461A781AB102221A7002B0C1
S2140095D870BDCDE900220028F9D001261E7032F0B1
S2140095E83DFF4C4D4C4B186017F0E0FA2B785BB9F2
S2140095F802F062FA40B949480823494A49490068CE
S21400960801F0A8FE00B92E70474B5A6E62619B6E39
S214009618464AA3614FF40043936603F188435968AA
S214009628E16143499960196E2160596E6160D3F80B
S2140096387011A160196CE160596C21613D49086C94
S2140096481864496C5964012151664FF400519166BB
S2140096581A6E560436D53849CA68D407FCD45B6EE9
S2140096685A0434D5354AD36B13F0430FFBD1344B29
S2140096781A68531C31D04FF400139340314A1366CE
S2140096880423304C684623664FF480632366102311
S21400969823664FF4005323664FF0804323664FF447
S2140096A8804301A9636628F0EBFF009B2366019BB5
S2140096B863662B78002B8AD0194B1A6822665B687B
S2140096C8636684E72049CA68D007FCD4C7E71F4A00
S2140096D8D36B13F0430FFBD1C9E71D4B1B78002B48
S2140096E8CED14FF48072114B5A661A4A52681AB98C
S2140096F84FF40011134A11664FF400725A66164B5F
S2140097085B68002BBCD14FF480020E4B1A66B7E795
S214009718635A0020645A00208C330020BC64002062
S2140097289033002000710800008000500090005020
S21400973855CEAC0000C00054000004400000024CA7
S2140097488864002000900044000004500000025C7A
S214009758625A002000C005500000065070B52C4D17
S21400976804462E78012E02D001232B7070BD0028E7
S214009778FCD028F0AAFF01300BD028F0A6FF40F254
S2140097880113984205D0234B234A5E66D368DE074A
S214009798FCD4224B22491B6E13F0040F4FF40053DF
S2140097A814BF1C4A1F4A9366CA6B12F04302FBD1C9
S2140097B821681A4B196661685966A168C3F8701162
S2140097C8E168196421695964E169C80748BF9A6065
S2140097D8154B1A6801320DD1144A127852B9144939
S2140097E84968C90748BF1A60124A5268D20744BF78
S2140097F801221A606269104B5A66A2699A6617F0C7
S214009808DDF90E4B186832F024FE0023ADE700BFE2
S214009818635A002000900040000004400080004486
S2140098280000024C0090005088640020625A002015
S21400983800C0055000000650008000508C33002001
S21400984870B50024A36AB3F5C04F23D21A68134B29
S2140098589A421FD1124E337813F0FD0518D14FF4F3
S21400986880341048FFF7ACFE032004F0B9FC0E4B1A
S2140098780320DC6004F098FC0C4B1C61AB6ADB69C7
S214009888984704460748FFF769FF0CB90123337069
S214009898204670BD4FF48174FAE700BF07B0CD5E6E
S2140098A8625A00206C33002000A000440090004458
S2140098B813B5204B1B7803B9FEE700231E4CCDE9F1
S2140098C800336A4608231D49206801F043FDF8B9AD
S2140098D81B4AD2F84031D2F840211F2B4FF0010323
S2140098E811D9203A9340019A1A43019208236A46EE
S2140098F81249206801F0B6FE124B134A1A602AF085
S214009908F7F802B010BD9340009A1A430092EDE7AC
S2140099182D28F1D10A4AD2F84031D2F840211F2B1F
S2140099284FF0010385BF203A93409340019398BFB8
S2140099380093DBE7635A0020BC640020007108002F
S21400994800800044000000200B020FF038B5002508
S214009958AB6A0446B3F5C04F10D21B6BB3F5C04FC5
S2140099680CD20748FFF72CFEAB6A20461B6B5B68D9
S2140099789847BDE838400248FFF7F0BE38BD00BF3C
S2140099889833002013B50024A36A0190B3F5C04F9E
S21400999813D21B6BB3F5C04F0FD20948FFF710FE62
S2140099A8A36A01211B6B01A89B69984704460448D3
S2140099B8FFF7D4FE204602B010BD4FF48174F9E7D5
S2140099C89833002070B50026B36A0446B3F5C04F36
S2140099D80D4612D21B6BB3F5C04F0ED20848FFF7E0
S2140099E8EFFDB36A20461B6B29469B6998470446D9
S2140099F80348FFF7B3FE204670BD4FF48174FAE7BC
S214009A089833002070B50026B36A0446B3F5C04FF5
S214009A180D4612D21B6BB3F5C04F0ED20848FFF79F
S214009A28CFFDB36A20461B6B2946DB699847044678
S214009A380348FFF793FE204670BD4FF48174FAE79B
S214009A4898330020F8B50027BB6A0446B3F5C04F24
S214009A580D46164611D21B6B7BB10948FFF7B0FDC1
S214009A68BB6A20461B6B324629465B6A9847044603
S214009A780348FFF773FE2046F8BD4FF40174FAE773
S214009A889833002070B50026B36A0446B3F5C04F75
S214009A980D4612D21B6BB3F5C04F0ED20848FFF71F
S214009AA88FFDB36A20461B6B29469B6A9847044677
S214009AB80348FFF753FE204670BD4FF40174FAE7DB
S214009AC898330020F0B50027BB6A0446B3F5C04FAC
S214009AD80D461646ADF5177D20D21B6BB3F5C04F65
S214009AE81CD21048FFF76CFDBB6A20461B6B40F281
S214009AF851225B6A01A99847044630B10948FFF726
S214009B082DFE20460DF5177DF0BD836A32461B6B89
S214009B182946DB6A01A898470446EFE74FF4017424
S214009B28EFE700BF9833002010B50024A36AB3F50A
S214009B38C04F10D21B6BB3F5C04F0CD20748FFF7C7
S214009B483FFDA36A1B6B1B6B984704460348FFF749
S214009B5805FE204610BD0124FBE700BF9833002011
S214009B68F0B58FB0044601A80E461546FFF7EEFE80
S214009B789DF80C30012B12D1B5F5002F27D8B4F577
S214009B88002F24D86319B3F5002F20D821462A467B
S214009B98304614F0B7F8002420460FB0F0BD002772
S214009BA8BB6AB3F5C04F15D21B6BB3F5C04F11D2C5
S214009BB80A48FFF705FDBB6A2A461B6B3146204656
S214009BC85B6B984704460548FFF7C8FDE4E740F294
S214009BD80244E1E740F20114DEE700BF98330020B4
S214009BE8F0B58FB0044601A80E461546FFF7AEFE40
S214009BF89DF80C30012B1FD1B5F5002F06D8B4F50B
S214009C08002F03D86319B3F5002F13D940F2024486
S214009C1820460FB0F0BDE258013225D104339D42EC
S214009C28F9D82A463146204600F082F80028EDD0BA
S214009C380024EDE70023F2E70027BB6AB3F5C04F20
S214009C4815D21B6BB3F5C04F11D20A48FFF7B8FC04
S214009C58BB6A2A461B6B314620469B6B98470446D0
S214009C680448FFF77BFDD3E740F20344D0E740F211
S214009C780114CDE79833002070B58EB0044601A8CD
S214009C880D46FFF763FE9DF80C30012B22D144EAFF
S214009C980503C3F30C03002B33D1B5F5002F04D905
S214009CA840F2024420460EB070BDB4F5002FF7D837
S214009CB82544B5F5002FF3D8204604F5005400F0E7
S214009CC829F8AC4202D00028F6D1E9E70028E7D008
S214009CD80024E7E70026B36AB3F5C04F14D21B6B1F
S214009CE8B3F5C04F10D20A48FFF76AFCB36A294694
S214009CF81B6B2046DB6B984704460548FFF72EFD8E
S214009D08D0E740F20444CDE740F20114CAE700BFAA
S214009D18983300204FF4003208B5044B9A6632F0A8
S214009D283FFEB0FA80F0400908BD00BF0090005022
S214009D38134610B562B103439B070BD14FF40034AA
S214009D48054B9C6632F028FEB0FA80F0400910BD3C
S214009D580120FCE70020FAE700900050BFF34F8F81
S214009D680549064BCA6802F4E0621343CB60BFF3AA
S214009D784F8F00BFFDE700BF00ED00E00400FA05C6
S214009D8870B5D0B1C9B10E4E431E013913F8014F54
S214009D982046325D02F00302012A11F8012F08BF9F
S214009DA804F12000B55C05F00305012D08BF20323C
S214009DB8801A01D1002CE9D170BD0120FCE700BF54
S214009DC89D9004000348044A0449121A921028F089
S214009DD8E1BC00BF406100001863000080610020FD
S214009DE808B5154B83F30A8800F030F8FFF7EAFF4A
S214009DF8124B13498B4212D30020124B12498B4246
S214009E0818D3FCF78FFF186850F82240586840F8B7
S214009E182240013298688242F5D30C33EAE70022E2
S214009E28F8E71C6844F8220001325C68A242F8D3BE
S214009E380833E4E70022F8E708000020C8CC04004E
S214009E48D4CC0400D4CC0400D4CC04004FF4004195
S214009E58134B144A70B59A60D3F88820124D42F412
S214009E687002C3F88820114A05F5005491664FF031
S214009E78FF3222664FF6DF7262660222C3F8D020EF
S214009E88BFF34F8FBFF36F8F4FF44036032004F0B5
S214009E98A7F90320E66004F087F92E6170BD00BFBD
S214009EA800ED00E0006000000080004400900050D4
S214009EB8054B1860054B1B6F03F00703032B01D1F6
S214009EC830F018BC704700BF98640020008000502F
S214009ED82DE9F04104464FF001080C250D4E0CB94B
S214009EE8BDE8F08194FAA4F0B0FA80F00F2808FADA
S214009EF800F2C8BF103824EA0204CABF05FB006295
S214009F0805FB0062B4325768002FE8D09168C0B2EB
S214009F18B847E4E7B833002008B50C4832F0BFFA73
S214009F28192004F04FF928B1192004F059F919201E
S214009F3804F03AF91A2004F045F928B11A2004F07A
S214009F484FF91A2004F030F9002008BD086B040009
S214009F582DE9F0410E461746054618B30F2923D8B3
S214009F680378DBB1013BDBB2022B19D8104AD35C6D
S214009F786A78D340DB0717D50E4BD3F81043ACB935
S214009F8832F06CFA80463A462846314603F064F8C2
S214009F98404632F05EFA2046BDE8F0817F23E7E7C8
S214009FA80023E5E72224F6E72124F4E70224F2E773
S214009FB85869040000C0035010B5044610B303786F
S214009FC8E3B1013BDBB2022B1AD8104AD35C6278A5
S214009FD8D340DB0718D532F041FA0122617823789E
S214009FE88A4030214B4341F2100103F1A04303F5A8
S214009FF870335A5032F02DFA002010BD7F23E6E762
S21400A0080023E4E72220F8E72120F6E75869040051
S21400A01810B5044610B30378E3B1013BDBB2022B5C
S21400A0281AD8104AD35C6278D340DB0718D532F0CA
S21400A03815FA0122617823788A4030214B4342F290
S21400A048100103F1A04303F570335A5032F001FAB9
S21400A058002010BD7F23E6E70023E4E72220F8E788
S21400A0682120F6E75869040038B50D46044618B3AB
S21400A07811B30378E3B1013BDBB2022B1AD8104ABE
S21400A088D35C6278D340DB0718D532F0E7F9302284
S21400A0982378534303F1A04303F570335B69627872
S21400A0A8D34003F001032B7032F0D3F9002038BDFB
S21400A0B87F23E6E70023E4E72220F8E72120F6E7F7
S21400A0C8586904002DE9F0410D46164698460446A0
S21400A0D800284FD000294DD00178002940D04B1ECB
S21400A0E8DBB2022B3ED8254AD25C6378DA40D20728
S21400A0F801D4FF2940D1022E01D9042E3CD132F0DA
S21400A108ADF923780746FF2B05D032462046296846
S21400A11802F0E8FF28602B68013309D12378FF2B6B
S21400A12806D1174B6078D3F8241429F004F9286070
S21400A13829684B1C18D00C23124A03FB0122069BE5
S21400A148C2F8048093602378FF2B04D001230E4ABC
S21400A1588B40C2F82434384632F07BF9002007E0FA
S21400A1687F22C2E70022C0E7384632F072F92D2077
S21400A178BDE8F0812220FBE72120F9E758690400B2
S21400A18800C00350B833002000D0035008B502F0D2
S21400A19859FF054B00F0553020F05020C3F8200436
S21400A1A8BDE80840FFF794BE00E0035008B502F08B
S21400A1B849FF054B00F0AA3020F0A020C3F8200481
S21400A1C8BDE80840FFF784BE00E003502DE9F04FD5
S21400A1D8144605460E469B46C36B87B001225B694C
S21400A1E802A960689847EB6B01225B6903A93046B1
S21400A1F8984702A828F0CDFE074648B10023A37565
S21400A20863754FF0FF33A360002007B0BDE8F08FFA
S21400A21803A828F0CBFE0123A375237E04EBC30313
S21400A228DE611F846368B3420ED1206003A828F05D
S21400A238DFFE4FF0FF332075A360237D043B022B1F
S21400A24826D80023A375DFE723681A1A534253411A
S21400A258A37503A828F0CCFE237D834218BFA775F4
S21400A26803A828F0A7FE074602A828F0A3FE874200
S21400A27818BF002303A818BFA37528F0A3FE074637
S21400A28802A828F09FFE87421CBF0023A375D4E7C8
S21400A29803A828F08FFE80B1EB6B022230465B697C
S21400A2A804A9984704A828F094FE0346207D0328AE
S21400A2B839D8DFE800F03838040903A8F3E7CC22D9
S21400A2C8237E04EBC3031A8401F06EFC109B1870FF
S21400A2D803A8277E28F062FE04EBC70787F822004B
S21400A2E8237E03A804EBC303B3F8209093F82270E8
S21400A2F828F060FE804603A828F064FE8246B8F17F
S21400A308000F15D0EB6B022230465B6904A998470C
S21400A31804A828F023FE6075637D6BB90023A37537
S21400A3284FF0000838E0227E04EBC2021384CBE725
S21400A33803A828F0FEFDEEE794F81680B8F1000FA3
S21400A348EED0B9F1000F09D1DFB10123E375637EC2
S21400A358002B4FD1012F42D1677614E06B6C06EBC9
S21400A3680A015A4286EA010010421CBF0022A27562
S21400A3785A1E0A409B1A9945D0D8A37D002BE3D1D4
S21400A388CEE7E37D43B94FF000084B4652463146C8
S21400A398284628F049FBA060A27D12B123694B44E9
S21400A3A823611A49237E097899422AD901332376EC
S21400A3B8BBF1000F27D032B3E37D23B3B8F1000F0B
S21400A3C821D1032F1FD0A1684B1C1CD0109B2246FE
S21400A3D8009328460123FFF7F9FEA07513E095F8C9
S21400A3E8343063B9EB6A0133CFD1032FCDD10123C3
S21400A3F8A376C8E7012FCFD0032FC4D1F7E7984636
S21400A408C3E70023A375A07DFFE600BF7C690400B0
S21400A4182DE9F04F0E46984600238BB004464FF0C1
S21400A428FF31104617468DF8133001F0A7FBB6F536
S21400A438801F20D2314605AA04F1080028F0FBFC4C
S21400A448451C014603D1237CBBB92D2010E03846B5
S21400A45801F094FB0122394620460DF1130328F03B
S21400A46835FB0028EFD09DF8133088F80030002020
S21400A4780BB0BDE8F08FB01CE5D1E56A691C36D193
S21400A4882046616A28F016FA0546B31C18BF012351
S21400A498DFF8CC900193636A626C0293236805A97F
S21400A4A802FB053AE36B05225B695046984705A808
S21400A4B828F00AFE28F02DFE504628F035FE4FF00C
S21400A4C8000B824601464B1C05D0636C81EA0A02E3
S21400A4D85B42134211D02946204628F0EBF9029B2E
S21400A4E8AB422CD0BBF1000F2CD10546D3E723682E
S21400A4F8ED1A636CB5FBF3F5C7E7484601F03EFB7B
S21400A5080DF1130349462046019A28F0DFFA034660
S21400A51890B1B21C03D0D9F80020B2420CD19DF8F5
S21400A528132003930D4B88F8002049461A683846CE
S21400A53813F0E8FB039B9B46D9F80810C3E7BBF16A
S21400A548000F82D0B6F5801F91D2314698F80030B9
S21400A5587A6804F1080001F03FFA88E77869040091
S21400A568943B00202DE9F3410446174698460E46CC
S21400A578184D816AE36A8B4201D04B1C02D102B0A7
S21400A588BDE8F081284601F0F9FA0122294620465E
S21400A5980DF1070328F09AFA38B1434629462046B3
S21400A5A89DF80720B8470028E9D0A9684A1C04D1B6
S21400A5B86968204628F00BFA0146012EDAD16B6846
S21400A5C881EA0302636C5B421A4218BF4FF0FF3100
S21400A5D8D0E700BF683B00202DE9F04F4FF0FF336F
S21400A5E84FF6FF720025044600F10806C0E9092365
S21400A5F88BB0C362056205633046884628F0ECFBDC
S21400A608204628F027F960BB2046414628F0A2F9E4
S21400A618204628F01FF960BB5E200BB0BDE8F08F1F
S21400A6282368E26B606C576900FB0530052205A9B4
S21400A638B84705A828F048FD012807460CD1294642
S21400A648204628F058F9012F024600D10132294643
S21400A658204628F01EF903E028F060FD0028EED119
S21400A6680135E3699D42DBD3204628F0F3F800283D
S21400A678CAD000254FF0FF394FF6FF73CA46A846E2
S21400A688C4E90853E36998450AD3A5EB0905012DE3
S21400A6982CD84FF6FF72636A93423CD16720BCE71A
S21400A6A82368E26B606C576900FB0830052205A931
S21400A6B8B84705A828F008FD834605A828F0DBFC5F
S21400A6C80746584628F025FD68B1574538BFC4F8F0
S21400A6D82480B94528BFB946BD4238BF3D46BA466C
S21400A6E8236A0133236208F10108CBE74FF6FF73AC
S21400A6F800256362E3699D42CBD2676C2068E36BF2
S21400A708052207FB05005B6905A9984705A828F0F8
S21400A718B2FC0135EEE7E26B676C2068694607FB1A
S21400A728030055690522A847684628F0A4FC626A13
S21400A7382368606C4B4D00FB023028F0F5FC4FF0A8
S21400A748FF33A062E3622A466FF00101204605AB9C
S21400A758FFF75EFE002846D1AD6829462046E5622A
S21400A76828F054F8206320B92046E16A28F02FF92B
S21400A778E0622946204628F02AF90546A36A9D4243
S21400A78833D1204628F015F800278046B946E369F5
S21400A79899453CD3B84559D92046616A28F08AF8C5
S21400A7A80026054604F1400AB74212D8626C2368B0
S21400A7B8694602FB0539E36B05225B6948469847FC
S21400A7C8684628F058FC534602464946E06B28F08F
S21400A7D8ADFC2946204628F06DF80136B0450546FA
S21400A7E8E2D1642019E7A56AB7E72946204628F08B
S21400A7F80DF8236B2946034407462363204628F0B2
S21400A808E6F80546002FB9D1C4E90B07B6E7636C2E
S21400A8182568052203FB0955E36B05A95B692846ED
S21400A828984705A828F050FC28F073FC58B128462D
S21400A83828F07AFC0146204627F0E8FF636C143BB4
S21400A848984208BF013709F10109A0E7304628F009
S21400A858C3FA002320461946034AFFF783FE002062
S21400A868DBE600BFC03B0020C32A03002DE9F04109
S21400A878036B9046826B07689A4288BF8363426C74
S21400A888436A90B002FB0377C36B0E46052201A904
S21400A8985B6904463846984701A828F015FC012845
S21400A8A80146307057D0656CE26B2368606AD2F850
S21400A8B814C005FB0030052206A9E04706A828F0C4
S21400A8C803FC01284FF0000523D0D4E90A32012101
S21400A8D89342CDE90B458DF834800E958DF83C10E3
S21400A8E82AD11946204628F072F8236B626C143376
S21400A8F89B1AE06223630C9B53B99DF83C303BB12E
S21400A908626A616C2368E06B01FB023128F094FBF5
S21400A9180C9DE36B05225B6901A93846984701A898
S21400A92828F0D2FB30702846236BA26B9A4288BF69
S21400A938A36310B0BDE8F081237C33B91C490BAA89
S21400A94804F1080001F096F8D5E72046194A0BAB43
S21400A958FFF708FECFE7237C23BB2246164904F1FF
S21400A968080001F087F8616A204627F0C4FF616A8C
S21400A978421C204627F08DFF054620B9236B626CE3
S21400A9881344143B23632046A16A28F020F8236862
S21400A998A062C01A636CB0FBF3F06062204628F031
S21400A9A859F8B6E700232046044AFFF7DBFDDAE746
S21400A9B819B1000095B000005D2B0300F92A0300CA
S21400A9C873B50D46D11E4A421C461B7E4A419A4222
S21400A9D826D129682368994222D3636899421FD8EA
S21400A9E8114E0DF107033246FFF712FDC0B9726823
S21400A9F86B689A4214D19DF80730DA1E53425341C9
S21400AA08227E93420CD1636901336361D4E9032340
S21400AA18934205D22968A26842F8231001332361BD
S21400AA28012002B070BD00BFC03B00202DE9F04FEA
S21400AA389B4689B09DF848309046514A0193136961
S21400AA4807465B450D46C0F09580D9465368009387
S21400AA58B9F1000F7BD0FB6B01225B6905A9009852
S21400AA68984705A828F0A2FA454B1B68984240F07C
S21400AA78848005A828F0A6FA0428064615D105A855
S21400AA8828F0A7FA009B04461E44019B002B3ED1E3
S21400AA98804512D91C46A8EB00083846009927F0CE
S21400AAA896FFA9EB04090090D2E7FB6B02225B69CC
S21400AAB8009806A9984706A8E2E7A0EB08045C45B4
S21400AAC828BF5C46032C4644ABEB040B1DD9FB6B36
S21400AAD8294630465B69A208984724F0030304F029
S21400AAE8030A1E441D44DDF80480BAF1000FD4D0D2
S21400AAF8FB6B012206A930465B69984752462846F2
S21400AB0806A913F0FFF85544C7E7A246EBE78246C6
S21400AB1800F0030302932B1803930644039BA6EB4B
S21400AB280A00A3EB0A05029B9A4514D1BAF1000F56
S21400AB38B3D0FB6B012206A95B69984752462846A4
S21400AB4806A913F09BFA0028DDD04FF036094846D0
S21400AB5809B0BDE8F08FFB6B012206A95B69984730
S21400AB680422284606A913F089FA0028EDD1AAF18E
S21400AB78040AD3E74FF06309E9E74FF06F09E6E701
S21400AB88EC3B00202DE9F0410F4616469846044651
S21400AB9888B060B390F83450FDB1012127F04FFE1D
S21400ABA800210E9BCDE90511CDE902379DF83C3012
S21400ABB8CDF804808DF81C30237C04968BB90D499B
S21400ABC801AA04F1080000F055FFDDE90553E06B23
S21400ABD8002E08BF1D4627F0CBFF284608B0BDE864
S21400ABE8F0812046044A01ABFFF7BCFCEDE70546BA
S21400ABF8F3E700BF272B0300C9A900007FB590F82C
S21400AC084260044601920DF10B030A46304611498C
S21400AC1827F0B6FF012E0546E36B17D132465B696F
S21400AC2803A998479DF80B10039B019A59B19BB24C
S21400AC3843EA0243012228460393E36B03A99B6970
S21400AC48984704B070BD62F30F03F3E701229B69CF
S21400AC5801A9F5E7EC3B00202DE9F04F99B00E4628
S21400AC680D920A69416C0B931439D31DB3FBF1F3AB
S21400AC78013302EBC302036B04469342C0F0018221
S21400AC880023DFF804940893E36A484619460593B8
S21400AC9800F074FFD6E9033707930B9B022B4DD1C0
S21400ACA8CC2F40F0D7810D9B3BB13146204627F08C
S21400ACB8BDFF656C1490012044E00120079B656C7D
S21400ACC81B68149300F0010000280CBF0423082317
S21400ACD8782F0E9349D8059A6B1E1340ED1A3B1D24
S21400ACE89D423CD2002F3DD0082D3ED80023042597
S21400ACF806934FF0040A336806990B98C9F8003093
S21400AD08C9F8107028F078F94FEA9A030F93059B54
S21400AD1889F814000393002309930C9304930A9369
S21400AD28616C039B4A1E1A408B1A27B35544AB42E4
S21400AD3823D8236B5B1A134423632FE1782F656CA3
S21400AD48B9D8F07D0D9B002BBCD0E36B01225B6964
S21400AD58706816A9984716A828F02CF9B4E70025B5
S21400AD680695C6E704250697C3E7012300254FF096
S21400AD78080A0693BFE75345DBD3A3EB0A029742BC
S21400AD88039BB84628BF90469742534428D90122C9
S21400AD98D9F8101089F817208F4226D10399C9F8D8
S21400ADA80410049299F817200AB399F81810039813
S21400ADB8CA1C09EBC202506004980131A2F8088048
S21400ADC8907289F81810B8F1000F07D00B9A022A6B
S21400ADD840F08180099A72B1012209929B46ABE045
S21400ADE8049A002A18BF0322DBE70222D9E7039A4F
S21400ADF8C9F80420E7E70C9A4244032AEED9E26B26
S21400AE081846956914A901220993A847099B05467F
S21400AE180028E1D03D2D40F01E8104F1080303937D
S21400AE282368059A606CA2EB030ABAFBF0FA00FBEB
S21400AE380A3028F079F9E16A8046204627F0C7FDEF
S21400AE48A26A824200F00F81626CD9F80830511E5F
S21400AE580B40216B2768891A0B442363089BE06222
S21400AE68DF1BB7FBF2F7BA4540F0FA80059BB3EB59
S21400AE78080A12D0E36B4FEA9A0241469B69984744
S21400AE888346E36A059A5344E362236B03989B1A46
S21400AE984344236327F0A0FFDA462368616CE06B1F
S21400AEA801FB073128F0B5F8204627F0D3FC2046EA
S21400AEB827F0D0FD2063BAF1000F00F0D480326985
S21400AEC8616CD31D1439B3FBF1F3013302EBC302F3
S21400AED89042A5D2BFE00D9A002A77D1B8F1030FA9
S21400AEE84FEA98026ED9E16B18468D690799109358
S21400AEF8A847109B0546C0B918F0030515D0079A51
S21400AF0828F0030B02EB0B019B444FF0FF3215A809
S21400AF1815922A46109312F0F5FEE26B584695698C
S21400AF2815A90122A8470546109B9B46079A424446
S21400AF380792002D40F08B80049B16A80193069B71
S21400AF48009399F814204346316800F0CDFDE36B72
S21400AF580F9A9B69039816A99847039A051E089B9B
S21400AF6818BF13460893434652462046039927F0CF
S21400AF785BFD236B08F10302A3EB0A0322F003022E
S21400AF889B1AC9F808002363002D7FF443AF0C9B77
S21400AF98A7EB080743440C93CDF80CB0204603995A
S21400AFA827F015FD00250390002F7FF4B9AE364A2A
S21400AFB83168936804F10800E36252680B9B00F05E
S21400AFC80BFD49E09B46454607999EE79B4606F1DA
S21400AFD820021092F27D7068A2B1002296F818C07E
S21400AFE80A99D5B2AC4511D9109D02F1010E35F873
S21400AFF832508D4228D90E9806EBC2020144D06919
S21400B008084403E00E9A0A990A441044E26B15A90C
S21400B018556901221193A847159A0A9B1392E26B69
S21400B028043395695846012213A90A93A847119B29
S21400B038054603EB0802A2EB0B02042A7FF679AF5B
S21400B04828B90BF1040BC5E77246491BC9E7CDF8CA
S21400B05820B088E770252F46384619B0BDE8F08F2F
S21400B0684FF0000A19E73269616CD31D1439B3FB37
S21400B078F1F3013302EBC302236B9342BFF404AE31
S21400B088E9E71C27E8E700BF943B0020032A2DE9E0
S21400B098F34106460D4617461C4606D1237A012B71
S21400B0A823D0012002B0BDE8F081DFF8608009688F
S21400B0B842460DF10703FFF7ABF960600028EDD1B3
S21400B0C89DF80720237A032AE8D0D8F804106A687F
S21400B0D89142E3D1012B2969D4F80CC007D17269D3
S21400B0E80CEB0103934202D92074207CDAE708317E
S21400B0F86144E1603B46012229463046FFF7ACFD35
S21400B10860600028CAD00020CCE700BFC03B002003
S21400B1182DE9F341089C032A1746266806D1237AA8
S21400B128012B24D0012002B0BDE8F081DFF8908022
S21400B138304642460DF10703FFF76AF960600028BB
S21400B148EDD12568D8F80400A96AD5F844C0484067
S21400B158CCF100031840227AE1D1012A09D1E2682D
S21400B168D8F8103013447269934202D92074207CB0
S21400B178D9E72868EB6A1B1A081AB3FBFCF3B0FB7E
S21400B188FCF083420BD1706CF36A421E1340326B9C
S21400B198121A13442846336327F019FCE862D8F8D5
S21400B1A81020E36808321344E36001223B46044952
S21400B1B82068FFF751FD60600028B0D00020B2E795
S21400B1C8C03B00202DE9F0410025604B0E46D3F821
S21400B1D8008004461D6018B921252846BDE8F08180
S21400B1E890F8347007B30A6803689A4240F0A38060
S21400B1F84A6843689A4240F09E808A6883689A4202
S21400B20840F09980CA68C3689A4240F094800A69F8
S21400B21843699A4240F08F808A69C36B9A4240F02D
S21400B2288A804B698361D8E768223946856B12F0B5
S21400B238D9FBD6E90212336804F108002360736864
S21400B248A5636360336963617369A36127F0D6FDFC
S21400B258B36904F14000E3639B68984720B9676CBC
S21400B26817B16368B3FBF7F794F84330E761002B30
S21400B278B2D00023656C2366002D64D0002F62D000
S21400B2882368B3FBF5F205FB1233002B55D166682D
S21400B298B6FBF5F305FB1363002B4ED1204627F0CB
S21400B2A8A5FAA369043303449E4248D340F6347291
S21400B2B86369CC3B934244D8B5F5805F43D30321FA
S21400B2C8204627F0BCFAD4E90001E36B1B689847D0
S21400B2D80546E36B0220DB689847CDB94146204611
S21400B2E8FFF77AF96428054604D141462046FFF759
S21400B2F873F90546666C5DB9236A2046143E5E43BC
S21400B30827F074FAA369043303449E4238BF5A25CB
S21400B318002D0CBF0123002384F8343007D1D4E96C
S21400B32800010B4A13680133136027F001FEE06B37
S21400B33827F01EFC51E75D254FE759254DE75A25AE
S21400B3484BE75F2549E75B2547E700BF2435002024
S21400B358203500202DE9FF410C4616461F460546B7
S21400B36880B390F834307BB3B1F5801F2ED2DFF867
S21400B3786080012127F063FA2146424628460DF1EF
S21400B3880F03FFF745F8044670B99DF80F30012BF8
S21400B39811D1D8F81030BB4212D10246009031467F
S21400B3A82846FFF743FB0446E86B27F0E1FB2046F8
S21400B3B804B0BDE8F081022B14BF2D246024F3E707
S21400B3C86324F1E72124F2E71124F0E72924EEE7C5
S21400B3D8EC3B00202DE9F04385B00C4617461E4688
S21400B3E80546DDF8308098B390F8343093B3B1F55D
S21400B3F8801F31D2DFF86490012127F020FA214619
S21400B4084A4628460DF10F03FFF702F8044688B9A6
S21400B4189DF80F30012B14D1D9F8102006EB08033D
S21400B4289A4213D300904346324639462846FFF7D9
S21400B438FDFA0446E86B27F09BFB204605B0BDE8FE
S21400B448F083022B14BF2D246024F3E76324F1E76E
S21400B4582124F2E71124F0E72924EEE7EC3B00204C
S21400B46873B50C461646054630B390F834302BB301
S21400B478B1F5801F24D2012127F0E1F9214628469C
S21400B488104A0DF10703FEF7C3FF044680B99DF87E
S21400B4980730032B0CD0022B0CD12846094927F07D
S21400B4A8C5FB3060E86B27F063FB204602B070BD32
S21400B4B82D24F7E76124F5E72124F6E71124F4E7BD
S21400B4C82924F2E7EC3B00202DE9F3411E46002331
S21400B4D80C4617460546336050B390F834304BB3E5
S21400B4E8B1F5801F28D2DFF85480012127F0A7F98C
S21400B4F82146424628460DF10703FEF789FF044613
S21400B508A0B99DF80730032B10D0022B03BF0123E8
S21400B5183B600423D8F8103018BF38603360E86BF7
S21400B52827F026FB204602B0BDE8F0812D24F6E77A
S21400B5382124F7E71124F5E72924F3E7EC3B00205C
S21400B54873B50446056B27F051F9636E03449D42B4
S21400B5582CBF00230123854294BF00252D1A207C8A
S21400B56884F85030656584F85800A8B100230C4E5E
S21400B5781A4619462046009627F01CFC0023054666
S21400B5881A4619462046009627F01DFCE36828440C
S21400B598984294BF0020C01AE06502B070BD00BF94
S21400B5A8FFFF0F002DE9F3471E4643690446B342E2
S21400B5B8884617469DF828904ED300258DF80750E4
S21400B5C8204627F013F9D4F830A082450AD2236A19
S21400B5D8B5EB430F06D2002220460DF10701FFF710
S21400B5E845F9B8B39DF80730012B05D1002220464F
S21400B5F80DF10701FFF73AF9B9F1030F06D0314606
S21400B608204627F0E3F8256B854227D3144D4FF0E4
S21400B618FF31284600F0B2FA4B462946002220465B
S21400B628C5E90376C5F80080FFF716FB236E0546C6
S21400B63863B12046FFF784FF94F8503013B994F8A6
S21400B64858301BB1236E04F150009847284602B0C4
S21400B658BDE8F0870135B3E76225F7E71C25F5E76F
S21400B668C03B00202DE9FF410F4690461E46054682
S21400B67898B390F8343093B3B1F5801F31D21A4C92
S21400B688022127F0DCF82246394628460DF10F033A
S21400B698FEF7BEFE024678B10123424600933946BD
S21400B6A833462846FFF77EFF0446E86B27F060FA25
S21400B6B8204604B0BDE8F0819DF80F30012BEBD191
S21400B6C82169B142E8D10093414633462846FFF740
S21400B6D8ADF904460028DFD1E7E72124E8E711247E
S21400B6E8E6E72924E4E700BFEC3B00202DE9F04715
S21400B6F890F8423086B0012B05460391A1EB02076D
S21400B70840F0AA80FF2F03D81E464FF0640807E0D3
S21400B7180226012B14BF4FF032084FF0640801369A
S21400B72800244FF6FF79DFF844A195F84230012B44
S21400B73814BF322364239C4202D35FFA88F40DE0D8
S21400B74805AB22465146284627F04EFA95F8423071
S21400B758012B059B34D14B452DD1E4B295F84230E8
S21400B768012B14BF32226422121BB24217D3012EB9
S21400B77839D10022012B05978DF8132027D10822EE
S21400B78805A90DF1130027F0EBFC9DF81330059A78
S21400B79842EA032221462846FFF730FA40B1022340
S21400B7A8324900932846CC23096803AAFFF7FAFE15
S21400B7B806B0BDE8F087DBB203B902340134B4E75B
S21400B7C8591CCAD09BB2002BF8D10134F6E71022D8
S21400B7D805A90DF1130027F0C3FC9DF81330059A50
S21400B7E842EA0342D6E7039A012B059223D108239F
S21400B7F8202205A90DF113008DF8133027F0B0FCB0
S21400B8089DF81320120221462846FFF7F7F995F807
S21400B8184230611C012BC9B21AD10028BFD1284674
S21400B828BDF81420FFF7EAF90028B8D10234BDF8AD
S21400B8381620E1B2AFE71023202205A90DF1130068
S21400B8488DF8133027F08CFC9DF813201204DAE7E5
S21400B8580028A4D1059A9EE7B7F5803F4FF0010669
S21400B868BFF457AF4FF032085AE700BFEC3B002052
S21400B87870B586B00E4605460392A0B390F83430ED
S21400B8889BB3B1F5801F32D2022126F0D8FF31468D
S21400B8982846184A0DF11703FEF7BAFD044618B9EC
S21400B8A89DF81730032B0ED1022331460093284605
S21400B8B8CC2303AAFFF776FE0446E86B27F058F970
S21400B8C8204606B070BD022B0BD10A49284627F041
S21400B8D8ADF9039902468142EFD02846FFF706FFE6
S21400B8E8EAE76124E9E72124EAE71124E8E72924BE
S21400B8F8E6E700BFEC3B0020F7B50C4616460546C3
S21400B90868B390F8343063B3B1F5801F2BD20221A8
S21400B91826F095FF21462846144A0DF10703FEF740
S21400B92877FDC0B99DF80730032B14D0022B14D12D
S21400B9380E49284627F07AF9471C02463946284613
S21400B948FFF7D4FE044606B13760E86B27F010F917
S21400B958204603B0F0BD2D24F7E76124F5E721243F
S21400B968F6E71124F4E72924F2E700BFEC3B0020B1
S21400B97830B50C46054685B028B390F8343023B366
S21400B988B1F5801F23D2022126F059FF0DF10F03CF
S21400B998214628460F4AFEF73BFD034688B99DF820
S21400B9A80F20032A0DD0032221460092024628467D
S21400B9B8FFF7F8FD0446E86B27F0DAF8204605B0EE
S21400B9C830BD2D24F7E72124F8E71124F6E72924CB
S21400B9D8F4E700BFEC3B00202DE9F043466886B349
S21400B9E8056898464FF0000CA946AE4655F83C4008
S21400B9F80CF1010CC4F31307013401D0B94217D077
S21400BA08B4450EF1080EF1D12F46002403E0B442E7
S21400BA1807F1080712D055F8343001340133F6D14F
S21400BA28C1F3130141EA0851C7E90012BDE8F083E3
S21400BA3841EA0851CEE90012BDE8F083B8F1030FD9
S21400BA4803D101230372BDE8F083002303E0B34269
S21400BA5809F10809F5D055F833400133C4F3075403
S21400BA68032CF4D1C1F3130343EA0853C9E900329F
S21400BA78BDE8F0832DE9F0410646406882B0B8B1CB
S21400BA880F4690460024336853F8345003EBC4033B
S21400BA98C5F30752C5F31301013506D05B68304677
S21400BAA8CDF80080B84718B1706801348442EAD3EC
S21400BAB802B0BDE8F08100BF024B1968024B186857
S21400BAC8FFF780BB9C640020BC64002008B530F0FB
S21400BAD8B8FC014B186008BD183C0020014B1868DC
S21400BAE830F0AABC183C002073B504462248012A48
S21400BAF800EAC1119DF8185023F07C4007D9961E1D
S21400BB08012E28D9073303F07F03194308E09DF870
S21400BB181C300A43DB0603F0C053134343F060416E
S21400BB280023C4E900108DF80730B5B1202221465D
S21400BB380DF1070027F014FB1A220DF10700211D4E
S21400BB4827F00EFB082063689DF8072043EA826307
S21400BB58636002B070BD1143E2E71B220DF10700D7
S21400BB68214627F0FDFA23689DF80720042043EABB
S21400BB78C2632360EDE700BF80FFFF0738B5094BB7
S21400BB880D461A680021044611F02CFF00234FF0DA
S21400BB98FF322383C4E900252361A260E382A376EB
S21400BBA838BD00BF786904000138C0B205289ABFBE
S21400BBB8014B185C012070477D6904002DE9F041AF
S21400BBC80746154600240E46596888B0490A0129D2
S21400BBD822464FEA510104F10104F8D8DC78997836
S21400BBE824031B88C90201F4006104F480540C4342
S21400BBF8C3F30A035203234492B24FF000089C187A
S21400BC08274B6FEA0444039325F07843ED4302A9D3
S21400BC180DF107001B2202938DF8078027F0A0FA83
S21400BC289DF80720029B02A943EAC2630DF10700AC
S21400BC381B2225F07845049302958DF8078027F097
S21400BC488FFA9DF80720029B6FEA144443EAC26302
S21400BC5805934FF0FF330794069307A9BB690122A3
S21400BC6806F110009847BB6905A90446012206F1AB
S21400BC7808009847BB69404518BF044604A9012236
S21400BC88301D98470122404518BF0446BB69304618
S21400BC9803A99847404508BF204608B0BDE8F0818C
S21400BCA801009AB2044BD3F88420D206FBD4D3F80A
S21400BCB88400C0F3811070470040005038B5184B18
S21400BCC80546D3F824010C4600F00700062823D8BA
S21400BCD8DFE800F0040A121A1E0E1600012305B14A
S21400BCE8286004B1236038BD2EF0E4FC0523F6E78F
S21400BCF82EF0E0FC0623F2E72EF016FD0323EEE70F
S21400BD082EF012FD0423EAE72EF00AFD0223E6E7EA
S21400BD1830F0AAFB0723E2E700231846DFE700BF58
S21400BD280080005038B5104B0546D3F800310C4655
S21400BD3803F00303022B0BD0032B0DD0012B0FD1DE
S21400BD482EF0F2FC032305B1286004B1236038BD49
S21400BD582EF0F0FC0823F6E730F086FB0723F2E720
S21400BD6801230020EFE700BF0080005038B5104BD5
S21400BD780546D3F820310C4603F00303022B0BD0FC
S21400BD88032B0DD0012B0FD12EF094FC052305B103
S21400BD98286004B1236038BD2EF0C6FC0323F6E7FE
S21400BDA82EF0BEFC0223F2E701230020EFE700BFD7
S21400BDB80080005038B5104B0546D3F840310C4685
S21400BDC803F00303022B0BD0032B0DD0012B0FD14E
S21400BDD830F04CFB092305B1286004B1236038BD58
S21400BDE82EF0A8FC0823F6E730F043FB0B23F2E717
S21400BDF801230020EFE700BF0080005038B5104B45
S21400BE080546D3F860310C4603F00303022B0BD02B
S21400BE18032B0DD0012B0FD130F028FB092305B1D9
S21400BE28286004B1236038BD2EF084FC0823F6E7AA
S21400BE3830F01FFB0B23F2E701230020EFE700BFDB
S21400BE480080005073B50D4600210E4B0191D3F8C3
S21400BE588041064604F00304012C09D0022C0CD0BD
S21400BE680C460EB1019B336005B12C6002B070BD64
S21400BE7801A8FFF77BFF0F24F3E72EF051FC019093
S21400BE88EFE700BF0080005038B5104B0546D3F8E2
S21400BE9840320C4603F00303022B0BD0032B0DD0C5
S21400BEA8012B0FD130F0E2FA092305B1286004B15E
S21400BEB8236038BD2EF03EFC0823F6E730F0D9FAAA
S21400BEC80B23F2E700231846EFE700BF0080005078
S21400BED838B5144B0546D3F800020C4600F00700A8
S21400BEE804281BD8DFE800F003090D11150001230C
S21400BEF805B1286004B1236038BD30F0B7FA0923CD
S21400BF08F6E72EF017FC0823F2E730F0B2FA0B2318
S21400BF18EEE72EF0EFFB0E23800AE9E7002318462B
S21400BF28E6E700BF0080005010B40D4C0B46D4F86E
S21400BF38204204F00304012C0AD0022C0CD008B1CD
S21400BF48002101600BB100221A605DF8044B7047AF
S21400BF585DF8044BFFF70ABF5DF8044BFFF72ABFEE
S21400BF6800800050B0F5207F1FD009D8B0F5007FBC
S21400BF7815D003D868B1B0F5C07F0AD000200CE011
S21400BF88B0F5607FFAD10B4BD3F88000C0F30110F0
S21400BF9803E0084B186FC0F3033001307047054BB9
S21400BFA8D3F89000C0F30460F7E7024B186FC0F3AD
S21400BFB88020F2E7008000504FF400320E4B014616
S21400BFC810B500209A66FFF7CDFF484341F6713258
S21400BFD80A490B4B884294BF00200120DC69DA63CB
S21400BFE89A6822F4401242EA00529A60E20344BF7A
S21400BFF80022DA6310BD00BF00900050005A6202AB
S21400C008000003505F2898BF094B4FEA501294BFB0
S21400C01853F82230074B00F01F0029B103F5805370
S21400C028012282401A60704703F50053F8E700BF04
S21400C03884690400608200501FB50021B0F5807F37
S21400C0480446019100F0068100F29D80612800F206
S21400C05895801F2805D8002840F092802EF04AFBCD
S21400C068DCE0A0F12004412C00F28A8001A353F8FA
S21400C07824F000BF65C0000029C2000065C00000AB
S21400C08829C2000049C2000049C2000049C2000097
S21400C09849C2000029C2000029C2000003C20000ED
S21400C0A8BDC100007FC2000089C20000BDC10000FB
S21400C0B829C2000029C2000029C2000089C1000068
S21400C0C889C1000089C1000089C1000089C100003B
S21400C0D889C1000053C20000DFC1000029C2000069
S21400C0E829C2000029C200009DC2000093C20000B9
S21400C0F829C2000089C1000089C1000089C100006A
S21400C10889C1000089C1000089C1000089C10000FA
S21400C11889C1000089C1000089C1000089C10000EA
S21400C12889C1000089C1000065C0000089C10000FF
S21400C13865C0000065C0000065C0000049C2000078
S21400C14889C1000089C1000089C1000089C10000BA
S21400C15889C1000089C1000089C1000089C10000AA
S21400C16889C1000089C1000089C1000089C100009A
S21400C17889C1000065C0000065C0000080284BD05B
S21400C188019804B010BDB0F5A06F5ED028D8B0F501
S21400C198607F50D019D8B0F5007F4CD004D8B0F5E1
S21400C1A8C07F3FF45BAFEBE7B0F5207F38D0B0F543
S21400C1B8407FE5D12EF09EFA02464FF42070FFF736
S21400C1C8D1FEB2FBF0F2520833E0B0F5806F37D0FC
S21400C1D8B0F5906FD4D1002101A8FFF76FFDCFE727
S21400C1E8B0F5E06F51D00DD8B0F5C06F43D0B0F5BC
S21400C1F8D06F45D0B0F5B06FC2D1002101A8FFF7C7
S21400C20821FEBDE7B0F5F06F44D0B0F5086FB7D1A2
S21400C21801A8FFF787FDB3E72EF052FA0190AFE7C3
S21400C2282EF068FA02464FF42070FFF79BFEB2FB2A
S21400C238F0F20192A4E72EF043FA02462046F4E70D
S21400C248002101A8FFF792FD9AE7002101A8FFF751
S21400C2586BFE95E74FF0E02302911B695B0705D557
S21400C2682EF048FA0290029B019389E703A902A8D8
S21400C278FFF7A0FDF7E7002101A8FFF79BFD7FE782
S21400C288002101A8FFF724FE7AE7002101A8FFF79E
S21400C298FBFD75E7002101A8FFF7B0FD70E700BFBA
S21400C2A808B58020FFF7C8FE034B98429EBF4FF4A0
S21400C2B88032024B1A6708BD005A620200A000507E
S21400C2C81FB503460020B3F5807F01906FD027D8AE
S21400C2D8382B00F082800BD8243B092B0FD8092B6B
S21400C2E80DD8DFE803F05F5F5F5F0C0C5A0C3675FD
S21400C2F8522B57D007D83D2B3AD03E2B72D00198F8
S21400C30805B05DF804FB802BF9D1394B1B6F03F0A1
S21400C3180703013B032BF2D8DFE803F03D36393B31
S21400C328B3F5D06F54D019D8B3F5A06F55D00AD846
S21400C338B3F5806F36D0B3F5906FE0D1002001A931
S21400C348FFF7BCFCDBE7B3F5B06F26D0B3F5C06FDC
S21400C358D5D1002001A9FFF72DFDD0E7B3F5006F72
S21400C368ECD00AD8B3F5E06F3CD0B3F5F06FC6D181
S21400C378002001A9FFF742FDC1E7B3F5086FBED15B
S21400C38801A9FFF7CFFCBAE705230193B7E7032314
S21400C398FBE70723F9E70223F7E7002001A9FFF7E1
S21400C3A851FDACE7002001A9FFF7E0FCA7E74FF036
S21400C3B8E02302901B695B0705D52EF09BF90C233A
S21400C3C80393039BE1E703A902A8FFF7F3FCF8E74A
S21400C3D8002001A9FFF77CFD91E7002001A9FFF7DF
S21400C3E8A3FD8CE7002001A9FFF74EFD87E700BFF5
S21400C3F8008000504FF40022034B5A66012203F5D2
S21400C40880439A62704700BF0090005070B504469B
S21400C4188020FFF755FF032800F082804FF40022A3
S21400C428444B02215A6645F60E03434AC2F880304A
S21400C438424B9962012103F580539962936DD903A3
S21400C448FCD4D4E900131B0543EA0163E17B94F8A6
S21400C45823500B43217B43EA0143617B43EA0133C4
S21400C468A17B43EA811313619169D4E904031B068F
S21400C47843EA806301F000410B43A17EE07E0B4354
S21400C488217E43EA0143617E43EA01239361E16921
S21400C498136A002923F00D0343EA010314BF0121A0
S21400C4A8002143EA800343EAC103136294F820306C
S21400C4B894F82200916A4FEA431332D194F8216027
S21400C4C821F0330143EA06130B4343F0010393625A
S21400C4D81B49194B9A6D31EA0202FBD10222174911
S21400C4E88A621A659A6D5200FCD41A69A16822F409
S21400C4F8700242EA01521A614FF000420F4B9A61ED
S21400C50818B9022203F580539A6215B901220D4B19
S21400C5189A6294F824301BB1074B0B4AC3F8802064
S21400C52870BD21F0330129430B4343EA400393626D
S21400C538EFE700BF0090005000C0005000D0005049
S21400C5480300014000E00050F1A7FFFF014B93F9FC
S21400C55800007047665A0020014B1880704700BFDD
S21400C568BE690020B0F5207F10B50C4642D008D82A
S21400C578B0F5007F33D003D888B1B0F5C07F0ED0B1
S21400C58810BDB0F5607FFBD11F4A4C1ED2F8803034
S21400C59823F0300343EA0413C2F88030F0E726F0AD
S21400C5A8FDFD26F009FE4FF48031184B164A196730
S21400C5B8136F013C23F4704343EA043313672EF0E9
S21400C5C899F80446FFF76EFBC0F10201204626F0F4
S21400C5D8EDFD00F035F8BDE81040FFF761BE0A4AE9
S21400C5E84C1ED2F8903023F0F85343EA0463C2F89E
S21400C5F89030C5E7044A4C1E136F23F4806343EA61
S21400C60884231367BCE700BF0080005000900050EA
S21400C61808B50121022000F0E1F84FF42070FFF77A
S21400C628A1FC054B187026F0B9FD26F0C5FD4FF4A1
S21400C6388032024B1A6708BD655A002000900050E9
S21400C64808B54FF4C070FFF7F7FCBDE8084004498A
S21400C658884294BF012102214FF42070FFF782BF61
S21400C66880F0FA0238B504462EF044F80546FFF77F
S21400C67819FBC0F10201284626F098FD012100208A
S21400C68800F0ECF82CB1FFF7DBFFBDE83840FFF709
S21400C69807BE034B4FF420701978FFF763FFF4E7E3
S21400C6A8655A002010B5224B70B94FF40031214A64
S21400C6B81860516602F598325268012A03D11E4A5C
S21400C6C8D2F800211A6010BD1B68002BFBD01B4A4D
S21400C6D85268012AF7D0184A8020C2F80031FFF7BE
S21400C6E8EFFD05281FD14FF4C070FFF73BFC01286B
S21400C6F8044604D102214FF4C070FFF733FF072227
S21400C7080F4B1A610122A3F580535A600B4A13692E
S21400C718DB07FCD5012CD6D12146BDE810404FF4E6
S21400C728C070FFF71FBF0122064B5A60CBE700BF59
S21400C7381C3C0020009000500080005000C00150B3
S21400C74800E0015000D00150044A4178536F23F4AA
S21400C758407343EA01235367704700BF0040005008
S21400C76810B5044610B10020FFF79CFF124A136963
S21400C77843F0040313612EF033FB26F022FD0F4B23
S21400C7885B6E5B0142BF0E4B0E4AC3F820242FF0A7
S21400C79858FE30F0FDF82FF04FFE26F013FD02F09D
S21400C7A8FFF81CB9BDE810402DF0A4BF0120BDE875
S21400C7B81040FFF777BF00BF00ED00E00080005094
S21400C7C800E003500000FF0F034A0179D36E23F000
S21400C7D830030B43D366704700400050F8B5044654
S21400C7E81C4BD3F88420D106FBD4D3F88430C3F38B
S21400C7F881139C422CD02DF063FF012C064602D1F3
S21400C808214626F0D3FC2FF01CFE4FF00072124B88
S21400C81807465A66204626F0DCFC4FF480630D4D2A
S21400C828621E93402B676B6E9A0103D4D5F884304A
S21400C8389B060AD538462FF0FFFD022C08D1304655
S21400C848BDE8F840002126F0B1BCD5F88430EAE708
S21400C858F8BD00BF004000500060005010B50C4600
S21400C86808B92DF02DFF074B21461B783BB1064B28
S21400C878984204D80120BDE81040FFF7AFBF022059
S21400C888F9E700BF675A0020005A62020278034B95
S21400C898012100201A70FFF7E1BF00BF675A002089
S21400C8A84FF0004238B5264B26495A6601224A60A0
S21400C8B84AF6CD3103F50B235D6C1964154030BB81
S21400C8C89968C9070BD4002401221F4B5A6015B17A
S21400C8D81E4B1F4A1A642AF058FF204638BD1A49CC
S21400C8E88A601C4AD96ACC0705D4904201D107242D
S21400C8F8EAE70130F6E79042E5D1F8E70132DC6A6C
S21400C90814F0080406D08A42F8D10724DFE700228C
S21400C9181049F4E78A42F8D020220B4B0B495A629A
S21400C9280122A3F580539A6023460A4A486A80067D
S21400C93803D49342E9D00133F8E79342C7D1E4E73A
S21400C94800900050005009500060095000400950FF
S21400C9583254FFFF40420F004FF0004238B5174BE5
S21400C968174C5A66012203F50C235A604AF6CD3353
S21400C978656C2364437893401343124AD363C378A1
S21400C9888178A2689B0043EA011322F074021343DD
S21400C998A3600279837943EA022323614279C37943
S21400C9A843EA022363610078FFF77AFFEB0744BF88
S21400C9B8054B23642AF0E9FE012038BD009000509C
S21400C9C800400950004000503254FFFFF8B50446B6
S21400C9D80D461F4616464AB101238B403021184A99
S21400C9E801FB0022F7B141F21001535004EB440357
S21400C9F8072D4FF00F014FEA031316D8A80006FAC2
S21400CA0800F281400F48184426F0E4FB4EB9012393
S21400CA1830210B4AAB4001FB042277B141F21001EA
S21400CA285350F8BD42F21001DFE7A5F10800800078
S21400CA3806FA00F281400448E5E742F21001EFE703
S21400CA4800C0035004C003500CC003500121024626
S21400CA5800F5805310B55960244B2549C3605369C7
S21400CA680B40FCD19361C2F89830536913F4401F09
S21400CA78FBD15369D9052DD4936F5BBB53699B05CE
S21400CA882AD4D2F8881039BB1046D36FD2F88C3027
S21400CA9826F0AFFB302391601161D16211621367F3
S21400CAA8C2F88030134B9A4208D142F26000124B0B
S21400CAB89064136551659065136651660D4B9A42EE
S21400CAC802D1002010290AD10C4B02F500525362FD
S21400CAD8936210BD536FCCE7D2F88430CEE701F1ED
S21400CAE8280443F824000131ECE700BF12000200D6
S21400CAF8520001000040005A00C002808F330F80A9
S21400CB08084608B569B92A20FFF796FAB0B10C4B63
S21400CB18984206D90B4B9B68C3F302730133B0FBEC
S21400CB28F3F0094B00F5742000F23F20B0FBF3F059
S21400CB3801387F2828BF7F20C0B208BD0120F0E753
S21400CB48005A62020040005A40420F000B4B10B5D4
S21400CB58994228BF19460C461AB92A20FFF76CFADC
S21400CB680246631E1344B3FBF4F0A34228BF00F149
S21400CB78FF30032828BF0320C0B210BD005A620247
S21400CB8810B51048104C002B08BF04468C4228BF2E
S21400CB980C461AB92A20FFF74FFA02469DF80830C5
S21400CBA840F2FF300133B2FBF3F2631E1A44B2FBC5
S21400CBB8F4F3A24228BF03F1FF33984228BF184671
S21400CBC810BD00BF80969800404B4C002DE9F04FF2
S21400CBD82DED048BB64E0C4687B01546314600221E
S21400CBE80746FFF7B3FF94F80580804538BF8046B0
S21400CBF8384626F0FEFA20795FFA88F850B92A20D7
S21400CC08FFF71AFAB042014628BFB0FBF8F13846DB
S21400CC18FFF776FF4FF00009E37822781B015242AF
S21400CC2802F0020203F03003134362780004524213
S21400CC3802F004021343A27800F4FE00524202F007
S21400CC48080213434FEA087202F0E04213431843FF
S21400CC58E3882289B8603B616389DFF860A243EA0B
S21400CC6802433B62574502D1B9F1020F08D10123AE
S21400CC7807F580577B6007B0BDEC048BBDE8F08FE6
S21400CC8800222E788B488C49AC68964218BF01461D
S21400CC9833468A48CDF80080FFF772FF07EB091184
S21400CCA88B6CA2B223F0435323F41D1323F4405392
S21400CCB823F01F0306F003041C436B7882424FEAF6
S21400CCC8830303F01C0344EA0304AB7838BF024628
S21400CCD81B03E87803F4E0432343040404F4E02445
S21400CCE823432C7C4FEA091C640504F460042343A0
S21400CCF82C7909F1050B240704F0405423438B6470
S21400CD088C6C6F49C4F30234013C042C26D8DFE847
S21400CD1804F0252503101A00D1F88041240C2EB300
S21400CD28C2F309020AEB0B135A6009F1010914351C
S21400CD3898E7D1F88441002EF2D1D1F88C11A4B22C
S21400CD480914490015E0D1F88441002EE8D1D1F83D
S21400CD588C11240C091401EB41010AE0D1F880413A
S21400CD68A4B2002EDCD1DFED577A06E0D1F88C119C
S21400CD78091407EE901AF8EEE77A01210CF1B44C84
S21400CD880CF5804C2304DCF8483024F4C046C3F382
S21400CD98820C0CF1010C01FA0CF107EE101A4FEA9E
S21400CDA8864648BF46F0004613F01C0FB8EEC79AF2
S21400CDB8F6EE008A424B4CD1D3F88C110BB208EE33
S21400CDC8103AB8EEC88A38EE278A002858D105A83F
S21400CDD8039200F013F9DFED3C7A28EE278A039ACF
S21400CDE89FED3A7AC7EE097A9FED397A67EE877A29
S21400CDF8B1EE007AB6F1004F48EE077A0BD09FEDF9
S21400CE08357A06EE104A77EE876ABAEEE86AF0EEEA
S21400CE18477A56EE267AF5EEC07AF1EE10FACBBFD0
S21400CE28F1EE677A78EEE78A77EEE87AFDEEE87A4A
S21400CE38C8BFFDEEE77A17EE901AB1F5003F2EDB75
S21400CE486FEA56466FEA46461C484FEA0B114650AC
S21400CE5866E7D3F8901169EE286A09B207EE101A49
S21400CE68B8EEC77AD3F8881177EE677A0BB208EE71
S21400CE78103A87EEA67AB8EEC88A38EE078AA4E78C
S21400CE88D5ED037ADFED146AF8EE677A87EEA67AB0
S21400CE98F7EE046AC6EE877A27EE888AA0E711F5C9
S21400CEA8003FAABFC1F3110146F400360E43CBE794
S21400CEB8005A6202404B4C00809698000040005A88
S21400CEC80080E00F000000003D3B843F00008043E8
S21400CED8000020440000004900007A444FF4003265
S21400CEE8054B9A6641F6713203F51C33DA63012264
S21400CEF803F50053DA6070470090005041F671322F
S21400CF080121064BDA6303F50052D1600022DA638A
S21400CF184FF40032A3F518339A66704700000350A2
S21400CF28044B1868421C02BF034AD2F894001860E3
S21400CF38704700BFC064002000400050CB784A7895
S21400CF4810B55B010C7843EA82030A79234343EA67
S21400CF5802130C22424302F1B0421363012C02BFB3
S21400CF688A78024B43F8202010BD00BFE8800350A3
S21400CF7808B54FF0B0435A6802B960B15B680BB1A8
S21400CF8826F0B4F94FF0B04130B10120074B586095
S21400CF9826F0ACF9C86008BD26F0A8F90223CB60D5
S21400CFA826F0A4F90122024B5A60F4E70010005854
S21400CFB8002000584FF0B0414B6810B50BB126F072
S21400CFC895F901220B4BC4785A608378934043EA5C
S21400CFD8840344782343047943EA0413447943EAF0
S21400CFE8C4038B60044B5A600378C3F10203CB601A
S21400CFF810BD00BF00200058001000584FF48032C3
S21400D008064B5A6603F5E6235B69C3F385128270FE
S21400D01803F03F021B0B42700370704700900050ED
S21400D028024B1868C0F30740704700BF0080E00F47
S21400D0380120034B9B680A3303F01F039840704790
S21400D0480080E00F034BD3F82424D3F820041040C4
S21400D058704700BF00C003502DE9F8431E4B054635
S21400D068D3F810334B1E0E2B0E46174690F800903A
S21400D07844781DD909B34FF000082846D7B12FF0D9
S21400D088FBF909EB4903072C4FF00F014FEA03138E
S21400D09815D8A400114808FA04F2A140184426F04E
S21400D0A82DF9BEB928468FB1BDE8F8432FF0E4B98C
S21400D0B88846E2E726F031F9E3E78846E1E7083CE8
S21400D0C8A400074808FA04F2A140E7E7BDE8F843D9
S21400D0D826F023B9BDE8F88300C0035004C0035007
S21400D0E80CC003502DE9F0412B4B1746D3F81023FC
S21400D0F84A1C06460C46407804D1D3F8241426F079
S21400D1081AF90446002C2FDB072C4FF0030532785B
S21400D1182DDC4FEA840805FA08F529461F4802FA66
S21400D12808F226F0EBF8294672781D4802F003024A
S21400D13802FA08F226F0E2F8012317F0050F194A5A
S21400D14818BF194903FA04F30CBFC2F81034C1F823
S21400D158103417F0060F18BF134AC2F81434012308
S21400D168104AA340C2F820342046BDE8F081A4F156
S21400D17808084FEA880805FA08F529460B4802FA0F
S21400D18808F226F0BBF87278294602F0030208482F
S21400D19802FA08F2CEE700BF00C0035000C40350EE
S21400D1A808C4035000E0035000D0035004C40350E2
S21400D1B80CC4035070B504462AF02CFB064630B95A
S21400D1C80FCC044D0FC594E8030085E803003046ED
S21400D1D870BD00BF203C002047F6FF739A42F0B5AA
S21400D1E869D0022969D8364B5B5C012B65D8354D6A
S21400D1F8DE0005EBC30415F83330A178012B13D1F4
S21400D2080025E078401AA84202D80844C0B2F0BD0B
S21400D218431B6668A0EB530336F913609642D4BFE7
S21400D2281D4603F1FF30EEE760680028EFD0B0F93E
S21400D2380040944204DBB0F902409442B8BF14465A
S21400D24883883544FF2B19BFC8232827B0F9063032
S21400D258B0F90870A3EB04030CBF0122002293FB6D
S21400D268F7F36E7813441BB29E4201DD002B01DAF9
S21400D278731E1BB24FF47A7C00EBC305EA88AD68D0
S21400D2885F1C14FB02521D4622EAE2723BB25C3275
S21400D2989E42B2FBFCF204DD00EBC307BF88974250
S21400D2A8EAD200EBC5039888904228BF1046884209
S21400D2B838BF0846AAE7FF20A9E70020A7E700BF6F
S21400D2C890690400203C00200229F0B555D82C4B64
S21400D2D8585C012851D82B4C04EBC00114F83000D8
S21400D2E84B6801280FD1C8788C78904294BFC4EB5D
S21400D2F80001C4EB0201001BCAB28242C8BF00226A
S21400D30833F91200F0BD002B37D08878904202D34C
S21400D318B3F90200F6E7CC78B3F900009442F1D9E5
S21400D3284C789988013CA1F1FF06714203F1040587
S21400D338E4B2714103F10C07CEB2B44216D805EB3D
S21400D348C1014FF47A756A43B1F902404968521A26
S21400D35804EBD47102EB610292FBF4F29042D1DB4B
S21400D368B3F902009042CDDC10B2CBE737F831C0F3
S21400D3784E1C9445E3D33146DEE70348C2E700BFB8
S21400D38890690400203C00200080FFFF08B5044890
S21400D398FFF710FFBDE8084001202AF041BA00BF99
S21400D3A8946904007FB51422002101A810F01AFB26
S21400D3B8044B01A94FF0FF3002932AF077FA07B022
S21400D3C85DF804FB006A18004FF40052034B002077
S21400D3D89A660322C3F86022704700BF0090005088
S21400D3E84FF40052034B00209A660322C3F86022CB
S21400D3F8704700BF00A000502DE9F04F894691B055
S21400D4080DF1300B8246DDE91C6417460021102218
S21400D418584698461E9D10F0E5FA1F9BB9F1000F76
S21400D42804D16FF0860011B0BDE8F08F002FF8D059
S21400D4380EB9002CF5D11A9A12B91B9A002AF0D107
S21400D4480DB9002BEDD1209A002AEAD0424A904521
S21400D45802D0424A90457CD1BAF80020B2F5105F57
S21400D46877D1BAF80220B7EBD20FDAD322F0400110
S21400D478802902D0B2F5807FD3D11CB9209B00202A
S21400D4881C60D0E7AE421FD2321995421CD29C428D
S21400D498C7D831462246284610F0F6FA2F4B2E46B5
S21400D4A8984526D014F00F03BBD1CDE90097CDE9F7
S21400D4B80236CDE90443CDE906540893FFF784FF06
S21400D4C850B16FF09200AEE7244A90450FD09C42C8
S21400D4D8E8D96FF08900A6E7684606AA03A90EF001
S21400D4E8A7FD0546FFF77CFF0543C7D0E9E79C4242
S21400D4F8EFD81B9B0D2B94D101238DF830301A9B47
S21400D5080DF1310203F10C0153F8040B8B4242F87B
S21400D518040BF9D11B781370012310228DF83F30C5
S21400D5280023CDE90097CDE90A23CDE90236CDE9F7
S21400D5380443CDE90654CDF824B00893FFF744FF1A
S21400D5480028BED1684609AB06AA03A90EF098FDC6
S21400D558C7E76FF0850066E7004440040013C00480
S21400D5682DE9F04F91B09046DDE91A45DDE91C6BD0
S21400D5781F468946DDF878A021B96FF0860011B0FD
S21400D588BDE8F08F002AF8D00CB9002DF5D116B9F1
S21400D598BBF1000FF1D1BAF1000FEED0484B9F4215
S21400D5A803D0484B9F4240F087800388B3F5105F4E
S21400D5B840F082804388B8EBD30FDED323F04002D6
S21400D5C8802A02D0B3F5807FD7D125B90023CAF8C0
S21400D5D800300020D3E7102D05D1394B9F42F5D1F6
S21400D5E8B44202D343E0B4423ED263199E423BD2D1
S21400D5F85D45C2D821462A46304610F045FA304BDB
S21400D60834469F4238D00D3D5D4532D801238DF80B
S21400D618303023460DF1310204F10C0153F8040BA7
S21400D6288B4242F8040BF9D11B780D3413704FF473
S21400D6388073ADF83E300CAB102209930023CDE979
S21400D6480098CDE90A23CDE90345CDE90536CDE9AD
S21400D65807530293FFF7B8FEF0B9684609AB06AA67
S21400D66803A90EF021FD1FE0164B9F42CBD05D4567
S21400D67802D96FF0890082E715F00F037FF47DAFBB
S21400D688CDE90098CDE90234CDE90453CDE9066525
S21400D6980893FFF799FE10B16FF092006FE768469F
S21400D6A806AA03A90EF0D8FC0446FFF799FE044321
S21400D6B8F2D1CAF800508CE76FF085005FE700BF2C
S21400D6C8004440040013C00410B54FF42F72002124
S21400D6D8044610F087F98023C4F88C30054B04F113
S21400D6E89C00C4F88430012384F88830BDE81040D4
S21400D6F825F014B860D1030010B5D0F8A0400A464B
S21400D7088CB926F018F8044610B90024204610BD37
S21400D7182D2896BF064B074953F82010064A074897
S21400D72826F04FF9F2E7D0F8A4101046A047ECE729
S21400D738186A040063D10300FECC030093D20300EA
S21400D748F8B590F88060044616B100263046F8BD55
S21400D75825F024FE0028F8D1012384F8803094F8B8
S21400D768883033B1D4F884101F4884F8886026F0CF
S21400D77828F94FF0FF37D4F8B402421C1FD0C4F87B
S21400D788B47210F0FF052CD0204625F004FE29467A
S21400D798204600F0A7FB0028EDD0204625F009FE1D
S21400D7A894F888303BB1D4F884100F4826F009F96D
S21400D7B8002384F88830002384F88030C6E726F0F3
S21400D7C8E5F8431CDDD1D4F88C30D4F89420013B1E
S21400D7D89A4204DB054A0649064826F0F2F801266E
S21400D7E8E9E70126C7E700BF35E40300FECC0300DF
S21400D7F871D1030093D20300F8B50B780446302B9A
S21400D8080D46164604D14B7803F0DF03582B11D08B
S21400D818284F6A1E12F8011F002934D128460A220A
S21400D8280FF0D0FF202C03460D4631D1B1FA81F017
S21400D83840091AE04A1C1F4912F8013F8BB92846CE
S21400D8480FF0CCFF1C4B02382340032B12D10134B7
S21400D858A41084420AD1A87837288CBF002001205B
S21400D86803E0CB5C13F04400E6D1F8BDCCBF012042
S21400D8780020FAE7002CB8BF0334B0EBA40FD4BFDF
S21400D88801200020F1E77B5C13F00400C2D1ECE72E
S21400D89826B1084302D0013B61F100050122A240EF
S21400D8A8013A1A40002D08BF9A420CBF01200020FA
S21400D8B8DBE700BF9D90040003000080F0B5037806
S21400D8C801467B2B17D10646022400220B4F16F87A
S21400D8D8015F7D2D05D10B5D6BB9D24302F00100C7
S21400D8E808E07B5D13F0440002D001320134EEE715
S21400D8F8202DFBD0F0BD0020FCE700BF9D90040063
S21400D90870B506460D460FF069FF0446304626F009
S21400D91858F8044EAC4200D370BD304626F051F895
S21400D9280134F7E70DDB03002DE9F84F0446022122
S21400D9385148FFF7E5FF1E212068FFF7E1FF6368FF
S21400D948586826F03EF84D4826F03BF867683B7B5B
S21400D958FD2B12D8D7F808804FF0FF3640460FF058
S21400D9683DFF0546DFF81091DFF870A1DFF84CB1EF
S21400D9780C3717F8013BFF2B01D1BDE8F88F212B98
S21400D98818D8212B36D8DFE803F0377274111B1D20
S21400D9981F213535353535353535232527292B2DA2
S21400D9A82F3135353535353535353D33344C002D45
S21400D9B82BD12EE0334C344AFE2B08BF1446F6E72C
S21400D9C8324CF4E7324CF2E7324CF0E7324CEEE7F2
S21400D9D8324CECE7324CEAE7324CE8E7324CE6E702
S21400D9E8324CE4E7324CE2E7324CE0E7324CDEE712
S21400D9F8324CDCE7234CDAE7314CD8E725F0D5FF84
S21400DA0801362AE0002DB4D02E4C202B06F1010654
S21400DA18AFD002214846FFF773FF1E214846FFF79E
S21400DA286FFF504625F0CDFF5946204610F030FAD5
S21400DA382549002818BF2146244825F0C2FF3B7810
S21400DA48202B02D12B2025F0B0FF214825F0B9FF66
S21400DA584DB118F806301F2B05D018F806001F28F9
S21400DA6801D0AE42CADB054825F0ABFF81E7194C6A
S21400DA789DE7194C9BE700BF211E0400FECC03005F
S21400DA881BD203002DD2030053EE030078D2030006
S21400DA987FD2030070D203006CD2030063D2030067
S21400DAA859D203004FD2030064D203005AD20300AF
S21400DAB850D2030045D203003ED2030035D20300FD
S21400DAC81AD2030020D203002BD2030035E4030049
S21400DAD8A4D5030077D203007ED203003BEF0300F1
S21400DAE82DE9F04F9BB005468B4600240092039321
S21400DAF80FF074FE249F039B04901C6028463C602D
S21400DB080AAA09A925F07FFF064658B90A980FF011
S21400DB1865FE3446B046039B1860D5F89C300293E1
S21400DB28029B1BB920461BB0BDE8F08F029BD3F8BA
S21400DB380890B9F1000F6CD02E4416F8013B202B44
S21400DB4811D000260C23734309EB030A59F8033057
S21400DB580193002B58D0099B434555DB9AF80820BB
S21400DB682AB1721C39E03B6801333B60E5E7396847
S21400DB78D5F894200793039B521A1A601AAB03EB46
S21400DB88880151F8403C01991846059310F040F971
S21400DB9806900028E5D101980FF020FEDDE906235F
S21400DBA80146DAF80400D7F800A090F80CC0BCF1DB
S21400DBB8FE0F16D103F1FF3EC64512D0D0F80090EE
S21400DBC8059801920FF00AFE0AF1010A019A5044DC
S21400DBD82B5C23B1386008F101081646B2E701301D
S21400DBE8F6E7D5F894200591A2EB0A028A4220DCD3
S21400DBF858460FF0F3FD059901447B290DD9584680
S21400DC081F4A009924F0B1FD2B46049A2A449342F1
S21400DC182CD1029B1B68029382E7DDE90012584666
S21400DC2824F0A3FD5846174A0099013424F09DFDB8
S21400DC3897E7BCF1FE0F94D1013B434591D1D0F84C
S21400DC4800A0DFF840905AF80C2B22B9049B3B60E2
S21400DC58039B1A60D8E75846009924F086FD4A4682
S21400DC685846009924F081FD0134ECE713F8011BAF
S21400DC780029CCD14FF0200103F8011CC7E700BFEC
S21400DC8885D203000DDB03002DE9F047002486B09B
S21400DC981C60DDE90EA8064689468AF80040116829
S21400DCA8154888F8004017461D468DF81740FCF7BB
S21400DCB867F818B901242B6801332B600020D6F8C2
S21400DCC89C6036B914B1012388F8003006B0BDE868
S21400DCD8F087B06868B14B460021CDE902A8CDE9C7
S21400DCE800750DF1170225F0C5FC9DF81730002BBE
S21400DCF8E8D13668E5E700BF8AD203002DE9F04789
S21400DD080446ADF5447D8022002104A802AF0FF03A
S21400DD1869FE80222046009703AB04A9FFF7E0FEC1
S21400DD2801283DD104A80FF059FD03993B68461A0F
S21400DD380B4426EAE6762344054604A83246014400
S21400DD4818460FF0DFFF00228255D4F89060039B38
S21400DD583968D4F890201944B14212DCD4F89410EB
S21400DD68E81A0244C4F89020014404AAC4F894109F
S21400DD78D41825182B1B002B0DDC0DF5447DBDE8AB
S21400DD88F087A05C25F011FED4F8903001360133F8
S21400DD98C4F89030DBE714F8010B25F006FEE9E737
S21400DDA8EBDD24AD8022002128460DF5887A0FF099
S21400DDB819FE0DF110094FF40072002150460FF0BD
S21400DDC811FE4FF001084A46002312F8016BA6B967
S21400DDD804A84AF828300FF001FD2946334698452E
S21400DDE81CDB19F8016B0DF5887C5CF8042B824265
S21400DDF80CD101F8016B0133F1E7202E03F1010382
S21400DE0804BF4AF8283008F10108DEE70DF1100EC5
S21400DE187244D25CB242E8D00022EA54D4F8906049
S21400DE28039BB3422FDC23462C4A04A92C4825F032
S21400DE38C8FD28460FF0D2FC0646039B3F68F61A34
S21400DE481F4426EAE672E01917441D44E11904F156
S21400DE58900399423CD904F19803984238D26A1E36
S21400DE6881190B1A002B27DD12F8013F00F8013B39
S21400DE78D4F890300133C4F89030D4F89430013395
S21400DE88C4F89430EDE7D4F890300136E05C25F01D
S21400DE988CFDD4F890300133C4F89030C0E7D4F83D
S21400DEA89020013B0132C4F89020D4F89420013227
S21400DEB8C4F89420002BF2DC00232E44E355731B91
S21400DEC8002B7FF75AAF15F8010B25F06EFDF6E725
S21400DED829460FF017FF3346ECE700BF60D1030072
S21400DEE88FD203002DE9F843D0E9245604460F469E
S21400DEF8002294F89830012B07D10A2F07D1002367
S21400DF0884F898300020BDE8F88300F29F801B2F25
S21400DF1801D10223F4E70D2F0DD1012384F89830A0
S21400DF280D2025F042FD0A2025F03FFD00230120A4
S21400DF38C4E92433E7E74FF00008082F84F89880F0
S21400DF4834D1454530DDB5420FD1384625F02DFD94
S21400DF58202025F02AFD013D384625F026FD013E05
S21400DF6804F80580C4E92456CCE7FBDA05F1FF3946
S21400DF78384625F01AFD04EB0903A6EB09026119D9
S21400DF8818460FF081FD04F806800146013E484811
S21400DF9825F017FD35464D4501DC4D46E2E70820DD
S21400DFA825F003FD013DF6E7ACD0DBE77F2F1CD15B
S21400DFB8002EA7DDB542A5DA6319691C2144184668
S21400DFC8721B0FF061FD04F806800146394825F0FB
S21400DFD8F8FC0820013E25F0E8FCB542F9D1D4F853
S21400DFE89430013BC4F894308CE70A2F98D0092F58
S21400DFF803D12046FFF782FE84E7D4F88C30013B35
S21400E008B3427FF77FAFB54204EB050805F1010977
S21400E0180CDB384688F80070D4F89430C4F8909032
S21400E0280133C4F8943025F0C0FC6BE74146721BF8
S21400E03804EB09000FF028FD404625F0C2FC082036
S21400E048013E25F0B2FCB542F9DDE2E7022B06D127
S21400E0585B2F01D1032353E784F8982049E7032B65
S21400E0687FF450AF413F84F89820032F3FF64AAF1D
S21400E078DFE807F002070A160121204625F046FCCD
S21400E08840E74FF0FF31F8E7B542BFF63BAF605DBB
S21400E09825F08BFCD4F890300133C4F8903031E783
S21400E0A8002D7FF72FAF013D0820C4F89050BAE73F
S21400E0B898D2030092D6030007B56B46054A106847
S21400E0C8516803C36846FEF747FC002003B05DF8B6
S21400E0D804FB00BFD06A040030B58BB06C46174D01
S21400E0E80FCD0FC40FCD0FC495E8030084E80300D6
S21400E0F8134BD3F84C2112031CD5A3F5FE431C88FA
S21400E1084FF6FF739C4208BF8C248DF81940FEF723
S21400E1181DFA204480F308008DF818000948FBF71C
S21400E128C7FE6846FEF772F93220FEF715FA002099
S21400E1380BB030BDD3F85041E4B2E6E7D86A040025
S21400E1480080E00F00F049020028ACBF00F16040F4
S21400E158064B4FEA0111C9B2ABBF00F5614000F0AB
S21400E1680F0080F800131954704700BF14ED00E044
S21400E17808B52EF073F90B4B1A7872B901221A708B
S21400E1882EF067F96FF0040210460132052152B2EC
S21400E198FFF7DAFF402AF7D108BDBDE808402EF0A1
S21400E1A858B900BF685A0020002807DB0123410938
S21400E1B8034A00F01F00834042F82130704700BF32
S21400E1C800E100E0054B421153F8223000F01F0032
S21400E1D823FA00F0C04300F00100704700E100E0B9
S21400E1E8002808DB01224309034900F01F0082408B
S21400E1F8603341F82320704700E100E010B504467C
S21400E2082EF01FF9024B1C602EF016F9002010BDE8
S21400E218403C002010B52EF014F9034B1C682EF075
S21400E2280BF9204610BD00BF403C002038B50C4610
S21400E2381546014610B9FFF7EDFF01462B46224664
S21400E24803480EF0D3FA0028D4BF3720002038BD84
S21400E258653B030008B500F017FC18B16A210248B0
S21400E2682EF083F9002008BD9DD2030008B500F003
S21400E27849F80C4A536A43F470235362EFF3088351
S21400E2884FF0CD31084A043B934208D200F070FAAA
S21400E298FFF7E0FFBDE808400448FEF78BBF43F8E9
S21400E2A80419F1E700ED00E0080000209469040076
S21400E2B807B5042200200DEB020129F06FFA0428A6
S21400E2C803D0D72104482EF050F9019800F0DCF965
S21400E2D803B05DF804FB00BF9DD20300082310B509
S21400E2E80C0A41400648C9B241F30002013B02400D
S21400E2F813F0FF0382EA5101F6D184EA010010BD4B
S21400E3082083B8ED38B5FEF70BFE044624F0E8FF88
S21400E318E3072AD401221046114600FA01F32340E7
S21400E32802F1010223D01D4B33F811301C48062B8E
S21400E338028844881B4920D14FF20F039C4219D10A
S21400E348B2F5406F28BF4FF4C0624CF23C330A80E7
S21400E358438040F201730A889A4201BF124B134A5F
S21400E368D2E90001C3E9000115E00021DBE7102A25
S21400E378D2D1DBE74FF4C062E7E740F20725AB42AD
S21400E3880AD14FF20F05AC4206D19A4204D14CF29C
S21400E3983C320B80428038BD0B80DAE79C6C040068
S21400E3A87C61002052550020443C00207461002007
S21400E3B8014B1888704700BF52550020014B18883B
S21400E3C8000A704752550020044B05481B881A0A55
S21400E3D8B3F5406F38BF00EB8200704752550020F7
S21400E3E86C6C0400044B1888044B020A53F822305D
S21400E3F8C0B203EB80007047525500203C6C040006
S21400E40810B504462EF021F84FF20F02044B1C807C
S21400E4185A80BFF35F8FBDE8104025F069BB00BF88
S21400E4287C6100206D4A2DE9F0416D4B55686D4CB6
S21400E4385D65516A99656C49D1F80002D865D1F8CE
S21400E4480412586B1966916A10F0040F5966D16A5F
S21400E4584FF000009966116BD966516B1967D26B3D
S21400E468D8645A67D3E90E1218BF11465F4A91421C
S21400E4781A655DD301F12000A04259D88869C5F312
S21400E48808051864CE69062D5E6455D1584DA84215
S21400E49852D3584DA8424FD205884DF64260854261
S21400E4A84AD11868C3F890005868C3F8940040F238
S21400E4B80170A242154604D22E680432B6F1CD3F4A
S21400E4C8F7D00022C3E91E22C3E92022C3E922228C
S21400E4D8641BDFF81CC1434DDFF818E19C648D42CD
S21400E4E82DD8D3E91EC7D3E92065D3E922414FF0DA
S21400E4F8000E013AD2B2FF2A3CD1BEF1000F05D079
S21400E508C3E91EC7C3E92065C3E92241B3F85430FE
S21400E518C3F308030C2B3BD8022B54D9DA1E092A5E
S21400E52851D8DFE802F03157404350505050504D14
S21400E5380021C3E910112D494FF42060B9E755F8BA
S21400E548044D6445CBD37445C9D2E607C7D5002623
S21400E558294F57F8048FA045C1D00136062EF8D1AA
S21400E56832B1013AD2B202F11E0643F82640B6E7A7
S21400E5780522F8E7E0464FF0010EBC4637462E4621
S21400E58825460C464146B4E740F60120BDE8F08132
S21400E5983B2B18D1194B9B6913F0020F40F202531C
S21400E5A818BF1846F2E740F60320EFE740F60422C5
S21400E5B840F20173B0F5206F0CBF10461846E5E729
S21400E5C840F60520E2E740F60722013B4E2B98BFAF
S21400E5D81046DBE740F60220D8E700BF00ED00E073
S21400E5E8E46000200810002000E100E00800002099
S21400E5F81863000080C90300586100200080015A93
S21400E60800F00CB800F00AB800F008B800F006B839
S21400E61800F004B800F002B800F000B872B61EF0B9
S21400E628080F09D01EF0040F0DD0DFF850E0AEE852
S21400E638FF1F6FF002000CE0DFF840E0AEE8FF1FB7
S21400E6486FF00E0005E0DFF834E0AEE8FF1F6FF06D
S21400E65806006946EFF309828EE8070086460848F2
S21400E668084C854501D3A54501D384F30888FFF7F0
S21400E678D9FE84F30888FFF7C3FE0000E460002094
S21400E68848000020081000204BF6EF6283B2002BEB
S21400E69808BF1346044A000C13804FF6CE2308BF63
S21400E6A81846024B18807047C2690020C0690020CF
S21400E6B80B4BB3F900201888002AB8BF80F0620018
S21400E6C842001A80074AB2F9001013880029BCBF16
S21400E6D883F4805383F00B03590011805840704729
S21400E6E8C2690020C069002007B5684600F01AF81D
S21400E6F8DDE900010022034B03B05DF804EB25F0CA
S21400E708F3BC00BF4C3C002007B5009313460A46EE
S21400E7180146034825F09CFA03B05DF804FB00BFE9
S21400E7284C3C00200249034A0160521A4260704776
S21400E738886A002000800020004870474C3C002073
S21400E74838B5416004462DF07CFE0546214604484F
S21400E75823F0E7FF2846BDE838402DF06DBE00BF21
S21400E768743C0020014823F0D9BF00BF743C002049
S21400E7780222014B1A6770470040005070B52DF012
S21400E78860FE174E054617482DF089FE3378CBB93C
S21400E79800F07AF9044620B128462DF04DFE2046B2
S21400E7A870BDFFF7DFFF2DF053FF0F4B1C602CF0FA
S21400E7B899FC0E4B0E4A1860536F43F001035367DB
S21400E7C825F0AEFC00F074F825F0C1FC094B0024D7
S21400E7D818600123284633702DF02EFEDFE700BFB1
S21400E7E8755A0020086B0400783C0020A03C0020E6
S21400E7F8004000507C3C002038B504462DF021FE31
S21400E8080F4D02462B78FF2B04D1B4B1BDE8384033
S21400E8182DF012BE1BB9002CF8D0012103E0002C05
S21400E82814BF0121FF210B44DBB22B70B3FA83F32C
S21400E83804495B0910460B70E8E71946F3E700BF82
S21400E848725A0020715A0020054B1B685843054B26
S21400E85800F5742000F23F20B0FBF3F0704700BFCD
S21400E868A03C002040420F0073B50F4E0446337894
S21400E878834211D000238DF80430430001A88DF898
S21400E88805300A4DFDF760FF40203CB1FFF7DCFF7E
S21400E8982B68181A2860347002B070BDFFF7D4FFD2
S21400E8A82B681844F6E700BF036A0020D83C00200F
S21400E8B873B5002401A88DF80440FDF7E7FF20464D
S21400E8C8FFF7D2FF2C4B2D4AD3F8003103F0030391
S21400E8D813604FF400222A4B5A664FF400325A66E9
S21400E8E82CF07AF94FF4C870FFF7AEFF254B264A8E
S21400E8F81860264913680134E4B20A2C41F8040B60
S21400E908F9D1034400EBC00003441360204B214DAB
S21400E9181B7813B3184BD3F8003103F00303022B0C
S21400E92823D0032B24D0012B17D12BF0FDFE024653
S21400E93898B1194B194EDC6800231946C4F30B042A
S21400E948013404EB84040138E4FB06010EF0DEFC17
S21400E958FFF77AFF2B6803442B601F20FFF774FF2E
S21400E9682B6803442B6002B070BD2BF0E3FEDEE795
S21400E9782DF07AFDDBE700BF00800050E03C002069
S21400E98800900050A43C0020A83C0020AC3C00208E
S21400E998795A0020D83C002000C0015040420F00A1
S21400E9A80122154B10B55A67144B154C1B7813B338
S21400E9B802202DF03EFEF0B12CF01AFCD8B1A36D63
S21400E9C8D90302D5E36D9A0715D40D4B9B6DDB076B
S21400E9D811D401220B4B1A702DF01FFEBDE8104013
S21400E9E8094B0A4A1860136F23F0070343F0030322
S21400E9F813672BF07FBE10BD00D000507A5A002057
S21400EA0800C00050775A0020D43C002000800050F8
S21400EA180122014B1A7070477A5A002008B5FFF792
S21400EA2863FEFEF7FDFA01280ED1144B04205A6E39
S21400EA384FF480231249520358BF124A4B6601F519
S21400EA481041086258BF536625F089FBFFF790FB14
S21400EA58FFF732FBFFF740FB0DF012FFFFF78EFEC5
S21400EA6800F012F825F07CFBFFF700FC25F087FB8A
S21400EA7828F098FDBDE8084025F073BB00800050DC
S21400EA880090005000A0005070B52DF0E7FC144E22
S21400EA9805463478FCB9134B1C60134B1C60134BAB
S21400EAA81C6000F031F801202CF090FC2CF082FC61
S21400EAB80F4B0246186020B928462DF0CAFC2320C2
S21400EAC870BD234640F2E7310A480EF01FFC0A4B99
S21400EAD818600123337028462DF0BBFC0020EFE7B2
S21400EAE87D5A0020F43C0020F03C0020FC3C00202E
S21400EAF8F83C002018FCFFFFEC3C0020014B18688F
S21400EB08704700BFEC3C00201FB50024194B18685E
S21400EB189A880290D3F806009B7A00901648ADF8BB
S21400EB280C208DF804302DF0BAFC02A88DF80840A9
S21400EB388DF80C40FEF73EFA694601208DF8004035
S21400EB48FEF7FCF940F2FF320C4B9A615A614FF01F
S21400EB58B042936A13F00803FBD113620120FEF754
S21400EB6807FA0C20FFF73CFB0C20FFF71DFB04B050
S21400EB7810BD00BFC56C0400006B040000200058E0
S21400EB8810B52DF06BFC4FF0B04304465B695A068F
S21400EB98074A03F0010003F0510348BF40F00200A3
S21400EBA853612CF03BFB2046BDE810402DF051BCCD
S21400EBB80020005821282DE9F341054604D82C46A4
S21400EBC8204602B0BDE8F08100240B4E0B4FDFF85C
S21400EBD830800023CDF800801A461946386824F09D
S21400EBE8E9F88442EBD2222CE9D056F8043BAB4233
S21400EBF8E6D00134EDE700BFE46F0400BC640020F3
S21400EC08FFFF0F002DE9F04F644E654D89B025F0E3
S21400EC1802FB31682868FCF7D5FA0446002827D096
S21400EC2833680024D3E900019A691268904733686C
S21400EC3804A89B699B689847336802209B69DB6831
S21400EC489847326805985368E7B2B3FBF0F3BB42BF
S21400EC58916904F101044ED8CB68002098473368C0
S21400EC689B695B68984731682868FCF7ABFA0446E6
S21400EC780027DFF844A1DFF84481DFF84491F4B9AF
S21400EC88484B2868DB5D002B00F08380D8F80060CE
S21400EC9802AB314603AAFCF717FC2D2807D070B93B
S21400ECA8039B012B0BD031462868FCF761FEDAF887
S21400ECB8003031461A682868FCF7DAFD0446013742
S21400ECC8222F0AF1040A08F1040809F10109D6D12D
S21400ECD8B4FA84F3344A5B0913702B681B7C33B18F
S21400ECE825F065FA18B1DB2130482DF03EFC2046A9
S21400ECF809B0BDE8F08F12680B6907FB002098473B
S21400ED089FE7D8F8003003AA194402AB0191FCF734
S21400ED18DBFB2D28034601992BD0286813B30BF18B
S21400ED28010B5FFA8BF18E422868EAD8204BDB5D30
S21400ED38002BC4D0F3B27E2B2868C0D8D8F8003091
S21400ED4803AA06EB030B594602ABFCF7BDFB2D28BE
S21400ED58B5D059462868FCF70BFE0136044600284D
S21400ED68E8D0ACE7039B7BB999F80020029B9A424F
S21400ED78D5D099F80030DAF800202868FCF772FC3D
S21400ED880028CCD00446D1E70191FCF7F1FD0199A3
S21400ED98EFE7084BA346DE5DC3E700BF9C64002090
S21400EDA8BC640020C06F04007F5A002024D30300F0
S21400EDB89E6F04005A6F0400D06C0400E46F0400D1
S21400EDC87C6F0400F8B51F46214B04461B780D4699
S21400EDD8164623B100F47E23B3F50E2F2BD020461B
S21400EDE8FFF7E8FE2128044614D81A4B53F82010DB
S21400EDF8194B1B78ABB1194B212C18681DD8184B2A
S21400EE081B5DD3B13268FCF733FD044650B125F0DC
S21400EE18CDF907E0FF2807D93A46314680B224F0F4
S21400EE28D9FE00242046F8BD4FF4A9710D482DF0F0
S21400EE389CFB0021DCE70146DAE77F2D08BF0025AA
S21400EE483B46324651FA85F1FCF70CFCDDE700BF7D
S21400EE587E5A0020E46F04007F5A0020BC6400201D
S21400EE68C06F040024D3030008B5520825F0A1F9A2
S21400EE7830B1BDE808404FF49C7102482DF075BBD0
S21400EE8808BD00BFB5D303002DE9F743C7070546FD
S21400EE980E46144604D540F2E31149482DF065FBAA
S21400EEA8E10704D54FF4F27145482DF05EFB454B5B
S21400EEB893F80080B8F1000F20D043F260239D42FB
S21400EEC808D12246314640480EF01CFF002003B009
S21400EED8BDE8F083C5F30B0705F44055B5F5805F2C
S21400EEE814BF4FF40F204FF40E20234632467F21DE
S21400EEF8384303B0BDE8F043FFF764BF05F470433A
S21400EF08B3F5805F3FD1C5F30B05304A05F17E6542
S21400EF18631E2B44934230D82F46DFF8A49007EBA5
S21400EF280408474542D1AA070ED04FF6FF7336F8B5
S21400EF38022BA81E43EA024304220DEB02010193AA
S21400EF48FFF792FF0235023CA3070ED0023C24F0DE
S21400EF580103F35A04226FEA03436FEA13430DEBE7
S21400EF68020128190193FFF77FFF002CAED0224636
S21400EF7831462846FFF778FFA8E740F2FD1110480B
S21400EF882DF0F3FAC8E705F46043B3F5005F04D143
S21400EF98C5F30B0505F5FC25BEE740F20521084834
S21400EFA82DF0E3FA6FF00F074546B6E717F8013B72
S21400EFB8FF2BB6D04FF4047148462DF0D6FAB0E7CA
S21400EFC8B5D303007E5A0020C4690020FF03E00F73
S21400EFD810B500F077F825F038F9044618B100F0B7
S21400EFE879F8204610BD00F07BF804460028F6D1D4
S21400EFF80122014B1A70F2E7805A0020054B1B7855
S21400F00833B1054BC0F3130100221868FCF774BC33
S21400F01811207047805A0020BC640020144B2DE94C
S21400F028F0411B7805460E461746FBB125F0F4F866
S21400F038012805D9841EE4B2012C09D9212412E03E
S21400F0483B4631462846BDE8F041002200F052B85B
S21400F05800F038F83B4600223146284600F076F89D
S21400F068044600F037F82046BDE8F0811124FAE798
S21400F078805A0020124B70B51B7804460D4616467B
S21400F088E3B125F0C9F8012805D9831EDBB2012BA8
S21400F09808D9212410E0324629462046BDE87040AB
S21400F0A800F040B800F00EF820463246294625F013
S21400F0B8CEF8044600F00EF8204670BD1124FBE793
S21400F0C8805A002008B52DF0BCF9014B186008BD21
S21400F0D8003D0020014B18682DF0AEB9003D002019
S21400F0E8024B1968024B1868FCF76CB89C64002041
S21400F0F8BC64002037B505460C46C0F31301084823
S21400F108ED02006805D5224603B0BDE83040FCF79E
S21400F118A7B9009313462246FCF75CF903B030BD46
S21400F128BC64002030B405461346074A0C46C0F3B4
S21400F13813011068EA0203D5226830BCFCF798BBB6
S21400F148224630BCFCF78EBABC640020F7B50546EC
S21400F1580F4614461E461BB92125284603B0F0BDA7
S21400F1680029F9D025F058F84BF23462ABB2934236
S21400F17820D14FF0FF3322466946CDE900332548B3
S21400F1883346FFF7E3FF08220546234968460EF094
S21400F19875FF38B933462246694641F2F010FFF744
S21400F1A8D5FF0546002DD8D13246694638460EF0BA
S21400F1B8A9FDD2E741F2F01293420FD1174B31194D
S21400F1C808299A6CDB6CC7D8CDE9002332460DEBCC
S21400F1D8040138460EF096FD0025BEE702280BD13E
S21400F1E8C5F30C4332199342B6D3C5F30B0104F1A9
S21400F1F87E6432462144ECE7032809D1C5F30C4364
S21400F20832199342A8D3C5F30B0104F5FC24F0E7A2
S21400F2180125A2E7021008C0707004000080E00F05
S21400F22810B527F074FA28F04BFBBDE810400346EB
S21400F23801210220014A02F00BBC00BF4CD4030097
S21400F24813B5D0E9023253F822301C78204627F04E
S21400F25870FA2346009001210220024A02F0F8FBC9
S21400F26802B010BD60D40300014B187826F049BEE2
S21400F278815A0020FF232DE9F04F8FB0112200217C
S21400F28808A88DF813300EF0ADFB08A825F0F9FF96
S21400F29801210220B04A08AB02F0DAFB41F249032A
S21400F2A8AE4A0121022002F0D3FB06A826F018F980
S21400F2B808A90DF1130026F01EF902200021A84A1D
S21400F2C802F0C6FB002026F04DFE10B106A809F095
S21400F2D847FE9DF92A3001210220A24A00939DF894
S21400F2E82B3002F0B5FB27F00EFA831EDBB2FC2BA0
S21400F2F8054631D8012102209B4A02F0A9FB0124C9
S21400F3089A4E9B4FDFF8D0822346324600210220D1
S21400F31802F09EFB05A9E0B227F0F7F9034650B1C4
S21400F328A0F11602012A40F2AA80424601210220D4
S21400F33802F08EFB0CE09DF914303A4601939DF8D6
S21400F34816300121009302209DF8153002F080FB4C
S21400F3580134E3B29D42D7D8BDF8284008F0ECF94E
S21400F36823460021834A0090022002F071FB022007
S21400F3780021814A02F06CFB002026F0F3FD10B154
S21400F38808A809F0EDFD01217C4A022002F060FB86
S21400F39827F015F9044627F010F923460121784A84
S21400F3A80090022002F054FB08F09EFE0021022086
S21400F3B8744A02F04DFB9DF81330FF2B65D00021F0
S21400F3C80220714A02F044FB01216C4A022002F036
S21400F3D83FFB26F095F8012103466C4A022002F00E
S21400F3E837FB08F081F900210346694A022002F03B
S21400F3F82FFB26F08BF8044626F08AF823460121D0
S21400F408644A0090022002F023FB2DF0BBF808F0B7
S21400F41813FF01210346604A022002F019FB00256B
S21400F428DFF8B88108F008FFECB2A04233D82DF018
S21400F438A9F80123594A1946022002F009FB0020C0
S21400F44826F05FFD564B574C0093012100230220FF
S21400F458554A02F0FDFA236863B1012102201B78A1
S21400F468524A02F0F5FA2368012102205B78504AD6
S21400F47802F0EEFA26F04AFD0FB0BDE8F08F012143
S21400F48802204C4A02F0E4FA62E7002102204A4AC7
S21400F49802F0DEFA98E7494B204603EB0416D6F846
S21400F4A8089008F083FF8246204608F0CBFE444FBB
S21400F4B800280CBFC346BB46204608F077FF0AF074
S21400F4C831FD002808BF4746534600210220CDE9F3
S21400F4D800B73C4A02F0BCFAB37901210293B3881C
S21400F4E8022001937388384A0093337B02F0B0FAFF
S21400F4F80026DFF8ECB099F80430F4B2A34203D83B
S21400F5082DF040F801358DE714235C43D9F80070D8
S21400F51802203A5B07EB040A9AF90C3000922B4A51
S21400F528002132EA230228BF5A461346284A02F028
S21400F5388FFA002026F016FD38B150463C5B26F0C0
S21400F5484EF8014620460AF03BFD01210220214ADA
S21400F55802F07EFA0136CEE7A1D40300B0D4030049
S21400F568CCD40300F8D40300D3D40300E9D40300B2
S21400F578F0D4030025D5030045D503008FD5030036
S21400F5884ED5030070D50300D2F503007BD50300E3
S21400F59891D50300A7D50300BDD5030036D60300D2
S21400F5A84ED60300FC41002042D603005CD603007A
S21400F5B870D603000DD503002DD20300304100207D
S21400F5C878D40300C8D50300E8D5030095D4030013
S21400F5D81ED60300211E040018D5030080D403009D
S21400F5E889D403002DE9F7430025134EDFF8588029
S21400F5F808F022FEECB2A04202D803B0BDE8F083C1
S21400F6082701204616F8079008F01CFE0B4A4B46C2
S21400F618002808BF4246002102200092084A02F04D
S21400F62817FAF05D25F078FF01210220054A02F05E
S21400F6380FFA0135DCE700BF30410020BA24040089
S21400F6488BD60300211E0400C424040008B5836872
S21400F6585A681178C26853F82230A1F165025142FF
S21400F6685141187808F0A4FF30B9BDE808400121D8
S21400F6780220024A02F0ECB908BD00BF96D6030085
S21400F68800210220014A02F0E3B900BFB0D6030009
S21400F69800210220014A02F0DBB900BFDED60300D3
S21400F6A810B5044686B01822002168460EF09AF96E
S21400F6B8684626F0A6FBD4E9022052F8203002EB72
S21400F6C880021B788DF80B30516891F900108DF880
S21400F6D80A1091680988ADF808106168091A0329A4
S21400F6E807DDD26803F01F03127843EA42138DF849
S21400F6F80B30684608F0CEF800210346024A02207E
S21400F70802F0A6F906B010BDFAD6030007B5002029
S21400F71826F0BDFF00210090034B0220034A02F0AA
S21400F72897F903B05DF804FB07D703000DD703006D
S21400F73813B5D0E9023253F8221003EB82035B6854
S21400F748087819680023094CA222994208BF214666
S21400F758C01A18BF012026F08EFF01210090044B26
S21400F7680420044A02F074F902B010BD00F8FF073E
S21400F77818D7030026D8030013B5D0E9023203EBE6
S21400F788820153F82230D1E901141878FF22003894
S21400F79818BF01202378096826F06DFF0121009024
S21400F7A8034B0420034A02F053F902B010BD00BF11
S21400F7B81FD7030026D8030008B5002101230C4AEA
S21400F7C826F0DEFD0A4826F03EFB0020094909F02F
S21400F7D85FFC002026F0C6FB10B1054809F0C0FB08
S21400F7E8BDE8084001210420034A02F031B900BFF1
S21400F7F8B35F002034D70300211E040010B525F09F
S21400F80889FE034630B1BDE8104001210420054AB0
S21400F81802F01EB90121BDE810400420024A02F099
S21400F82817B900BF42D7030053D7030010B526F018
S21400F8380CFBBDE81040034601210220014A02F0F5
S21400F84807B900BF5ED7030010B526F0D0FABDE8AA
S21400F8581040034601210220014A02F0F9B800BF11
S21400F86874D7030037B5D0E90232012453F82230A2
S21400F8784FF6FF701D78FE2204FA05F1002326F0E5
S21400F88866FF2B46009021460420024A02F0E0F864
S21400F89803B030BD88D70300D0E9023253F82230CF
S21400F8A81B7823B101210220024A02F0D1B8024A8D
S21400F8B813707047A7D70300815A002007B568461B
S21400F8C825F00EFE07F038FF01210346084A0220FD
S21400F8D802F0BEF8684609F043FB08F0A1F90121DA
S21400F8E80346044A022002F0B3F803B05DF804FBAE
S21400F8F8BDD70300D7D7030037B5D0E9024540681F
S21400F90854F82530401B0328D8BF002004EB850494
S21400F918C8BFE06819786368C8BF00781A78A36813
S21400F92893F900300090012026F095FE38B90121A1
S21400F9380220084A03B0BDE8304002F089B8064BFA
S21400F9480190009301210220044B054A02F080F83A
S21400F95803B030BDE8D70300F0D70300C4060400A0
S21400F96804D8030007B5012026F07DFE48B90090AC
S21400F97801210220084B094A02F06AF803B05DF834
S21400F98804FB054B0190009301210220044B054A15
S21400F99802F05EF8F2E700BFF0D703001BD80300BA
S21400F9A8A932040004D8030008B5D0E9023253F897
S21400F9B82230187826F009FE30B9044A0121BDE83D
S21400F9C80840042002F044B8014AF7E730D803009C
S21400F9D84CD8030008B5D0E9023253F8223018880C
S21400F9E826F0F1FD30B9044A0121BDE8084004209C
S21400F9F802F02EB8014AF7E76BD803009BD803003D
S21400FA0873B50378044613F0050F0ED04588062D07
S21400FA1817D1836801215B68174A1B78019383888E
S21400FA2804200093154B02F013F82378012B20D0FE
S21400FA3801210420114B124A02B0BDE8704002F0C2
S21400FA4807B835B98388012104200E4A02F000F869
S21400FA58EBE7012DE9D186680B49002009F018FB71
S21400FA68304609F07DFA29460420084A01F0F0FFDE
S21400FA78DBE702B070BD00BFD1D80300C8D80300CA
S21400FA8823D90300EED803000BD90300211E040077
S21400FA982DE9F04F00268FB0364D09AC0FCD0FC4B8
S21400FAA82B6801210220344A236001F0D1FF344636
S21400FAB8DFF8DC9025F028FDF5B2A8420BD825F033
S21400FAC823FD23460090012102202C4A01F0C0FFA6
S21400FAD80FB0BDE8F08F284605A926F060FD03465E
S21400FAE8002841D19DF81430032B39D904238DF80A
S21400FAF814302B4600210220214A01F0A9FF9DF868
S21400FB0814300EAA02EB830300214A4653F8143C2D
S21400FB18022001F09DFF28469DF821A09DF815B00B
S21400FB289DF81870BDF8168026F03BFD5346CDE9C3
S21400FB38028000210220CDE900B7124A01F088FFB2
S21400FB4801340020E4B226F00DFA18B10DF11900C0
S21400FB5809F006FA002102200B4A01F079FF01E0BD
S21400FB68002BC6D10136A5E700210220074A01F07E
S21400FB786FFFF7E77870040035D90300AED90300A5
S21400FB88EBD4030062D90300FECC030089D9030036
S21400FB9835E40300C3688268013BDBB252F82330C1
S21400FBA802201B78652B14BF00220121044B1BBFC3
S21400FBB801211A70034A044A08BF197001F048BFA9
S21400FBC82C6A0020C5D90300D3D90300D0E9023235
S21400FBD853F822301A88014B1A807047C6690020ED
S21400FBE807B5D0E9023103EB810253F82130526899
S21400FBF81988054B0548128800930088012309F0E8
S21400FC08A3FE03B05DF804FB09FA0000C6690020ED
S21400FC18C3688268013BDBB252F823305B78A3F1F5
S21400FC28660253425341014A137070472F6A0020F8
S21400FC3830B5D0E9023253F8223089B01D78012356
S21400FC4802AA1946044626F09BFB012300931023BC
S21400FC5802210DEB0302204626F073FB284604AA71
S21400FC6802A926F08EFD0446002026F07BF918B17E
S21400FC782146044807F0F0FD0020034909F0EEF994
S21400FC8809B030BDE2D90300211E0400002330B5B8
S21400FC988FB00221009309AA1223054626F051FBCD
S21400FCA805AA014609A807F0B5FB044698B123281B
S21400FCB805D1134A0121042001F0CAFE09E02128D3
S21400FCC801D1104AF6E70346012104200E4A01F046
S21400FCD8BFFE0FB030BD01232846194603AA26F0FA
S21400FCE84FFB05A903A826F04EFD0546204626F03C
S21400FCF839F918B12946054807F0AEFD044AD9E790
S21400FD08EFD9030012DA03004DDA03006EDA0300B7
S21400FD18211E0400F0B5D0E9023253F8221003EB96
S21400FD2882039B6805461F7887B038460E7826F00B
S21400FD38F9F8044608BBD5E9022101238DF80830F6
S21400FD48194452F8210002EB810200888DF80970E8
S21400FD589268ADF80A00127804218DF80C2028461F
S21400FD680DF10D0226F00CFB304602A98DF8154061
S21400FD7826F019FC044626F0C9F83346012104206B
S21400FD88024A009401F064FE07B0F0BD83DA03006F
S21400FD982DE9F04101218EB00220274A01F058FED5
S21400FDA8002005AB01AA09A926F0E5FC00250446B3
S21400FDB8224E234FDFF898801CB128460EB0BDE8C7
S21400FDC8F08102202B463246214601F041FE2046AD
S21400FDD826F0C8F810B10AA809F0C2F83A46002179
S21400FDE802209DF8303001F033FE42460021022002
S21400FDF8079B01F02DFE00210220BDF82030114A95
S21400FE0801F026FEBDF8143000210F4A022001F04A
S21400FE181FFE013501A826F0A0F8EDB20121022048
S21400FE280A4A01F015FE284605AB01AA09A926F0DC
S21400FE38A2FC0446C0E700BFB5DA0300FBDA0300FD
S21400FE4803DB0300F1F5030018DB0300211E0400A2
S21400FE580FDB03002DE9F047064698B0C0B925F039
S21400FE6851FB074600250EA826F08FFC012102202C
S21400FE78384A01F0EDFD2C46DFF8E080DFF8E09028
S21400FE88DFF8E0A0BC4205D3284618B0BDE8F087E6
S21400FE980127E7E713A826F078FC002E4CD00223AB
S21400FEA806A913A88DF84C30FE2426F060FC00281E
S21400FEB83FD102A913A826F060FC9DF8593043F0FC
S21400FEC801038DF85930002E3DD1234631460220D5
S21400FED8214A01F0BDFD9DF859300AA943F00103F7
S21400FEE813A88DF8593026F048FC002026F03AF87A
S21400FEF810B114A809F034F80C9B424600210220E1
S21400FF0801F0A6FDBDF82820002112F4007F0CBFE2
S21400FF184C23412312F0100F0CBF6E2279220220C8
S21400FF2800924A4601F094FD06A826F016F8013518
S21400FF38EDB20134E4B2A5E720460AAB06AA13A937
S21400FF4826F017FCB3E752460021022001F080FD98
S21400FF58C1E700BF22DB0300FBDA03000FDB030068
S21400FF685EDB030057DB030030B5012499B00EA80A
S21400FF7826F00BFC13A88DF8384026F0A4FBC0B971
S21400FF88BDF84C1011EA040513D121460220444A54
S21400FF9801F05EFD29460220424A01F059FD21463D
S21400FFA802203F4A01F054FD214602203C4A01F057
S21400FFB84FFD06A90EA826F0DAFB20B11022FF2175
S21400FFC806A80DF00FFD04A826F0D9FB059B012115
S21400FFD80220354A0093354B01F03AFD9DF8123061
S21400FFE801210220324A0093304B01F031FD0021F6
S21400FFF82E4B304A022001F02BFD06A825F0ADFF57
S21401000813A826F0C2FB02230AA913A88DF84C30C0
S21401001826F0B3FB00283FD10B9B00930121022059
S214010028254B264A01F014FD0121234B244A0220C0
S21401003801F00EFD0120FFF70DFF01211E4B214A9D
S214010048022001F005FD0020FFF704FF044625F015
S21401005859FA23460090012102201B4A01F0F8FCB8
S21401006801211A4B174A022001F0F2FCFFF790FE15
S2140100781749022803461748174A28BF0A46084957
S21401008828BF01460092CDE9013102200121134A19
S21401009801F0DEFC19B030BD4FF0FF33BDE700BFFD
S2140100A8211E040071DB0300AFDB0300A7DB03009E
S2140100B8BFDB03004E0504007B130400D2DB0300FC
S2140100C8E2DB0300E9DB0300F2DB030006DC0300E6
S2140100D86DDB0300B8FA03000AFB030014DC030017
S2140100E810B5D0E9023253F822301C78201E18BF0A
S2140100F8012026F0D4FA054A054B0020002C18BF2B
S2140101081A46BDE81040034908F0A8BF41DC0300C1
S2140101183CDC03004ADC0300D0E9023210B553F890
S21401012822301C88204626F0BCFA2246BDE810403C
S2140101380020014908F092BF8BDC030037B504465E
S21401014807F0D2FA014638B100200D4A0D4903B02E
S214010158BDE8304008F082BFE368A268013BDBB225
S21401016852F8233008481D780123084A00936C2D5D
S21401017808BF02461023204626F0E3F803B030BD38
S214010188D9DC0300E1DC0300156A0020056A0020BB
S21401019813B583689A681278672A22D101A826F0CF
S2140101A892FA0446A8B9BDF80420174908F056FF84
S2140101B8BDF80430DA070AD413F0020F134B144AB9
S2140101C818BF1A461349002008F048FF19E0124ADA
S2140101D8F8E702461149002008F040FF2246104978
S2140101E8F1E7C26801A953F8220003EB82035B68B2
S2140101F800681B68ADF8043026F06BFA0446002840
S214010208ECD102B010BD00BF14DD030007DD03000A
S214010218AB06040035DD0300F7DC030047DD030009
S21401022873DD0300034A04491388C8540133138055
S214010238704700BF62550020875A002073B5154DD8
S21401024801242B78144E13F0040F0CBF0223042349
S214010258124A21461470328802200192EB5C104A39
S2140102680093104B5B8801F0F3FB002102200E4A35
S21401027801F0EEFB0D4B29460093328823460220F7
S21401028801F02CFC21460220094A02B0BDE8704064
S21401029801F0DEBB875A002062550020865A0020EE
S2140102A882DD030054550020A7DD0300C9DD0300E5
S2140102B8211E040070B516464FF48A52114B124D92
S2140102C8DA805980114B1B881A1E18BF012240EA92
S2140102D882000F4A1278003A18BF012240EA02103B
S2140102E8287063B103246B701B0AAB7009F088FE93
S2140102F8631C2855EE54074B02341C8070BD01243C
S214010308F4E700BF54550020875A002060550020A6
S214010318855A00206255002038B5D1E902320C46CC
S214010328054653F82230024619880C4B1878FFF711
S214010338C1FFE368A268013352F82330188823F016
S214010348C8FF4DB1E368A268023352F82330187823
S214010358BDE83840FFF766BF38BD00BF825A0020A7
S214010368F0B50546EB68AA68023352F8233008460A
S2140103781C78294685B0FFF7CFFF204625F01BF9E4
S214010388204E214F78B3204625F021F90321441C3D
S21401039803AA284623F004F83288E4B2C2F1FF0320
S2140103A803991B1B9BB28B4222443CBFC2F1FF033D
S2140103B803930123032100933A449DF80C30284601
S2140103C825F0BFFF039A022C338804BF0F48110A91
S2140103D8FA5408BFC15413441C44348005B0BDE820
S2140103E8F040FFF72BBF204607F086FE0123328830
S2140103F804460093032103463A44284625F0A1FF04
S2140104083388E9E762550020875A0020885A002079
S214010418052307B5012100930220044B044A01F085
S21401042817FB03B05DF804EBFFF79EBDB0DD0300D4
S214010438B7DD030013B5044626F041F938B1CDE916
S214010448004001210220034B034A01F001FB02B0E0
S21401045810BD00BFD9DC0300CEDD0300194B37B54C
S2140104681B783BB901210220174A03B0BDE830408A
S21401047801F0EEBAD0E90232144C53F822300121C9
S2140104881D78638802200093114A2B4601F0E0FA92
S214010498104B25711B78104D63B1012102200F4ABC
S2140104A801F0D6FA20460E4A298803B0BDE8304046
S2140104B824F022BE20460A4A298803B0BDE8304007
S2140104C824F0DCBE865A0020E5DD030054550020E2
S2140104D8F3DD0300835A0020625500200ADE03007C
S2140104E8875A00202DE9F041D0E9023253F822104C
S2140104F803EB82035A680C7817889A68DB68B2F8A7
S2140105080080C6B01D780021304B0220304A009486
S214010518CDE9017801F09CFA002D0CBF6E237923F2
S214010528012102202B4A01F093FAFF23002D0DF139
S214010538170606AD019320460CBF8023402342468A
S21401054839460296009525F07CFB0446002835D1ED
S214010558307825F036F80746B0B1284625F0C1FCB4
S2140105681D4BFD28A8BFFD200093234682B20DF13E
S2140105781901022001F0B2FA01210220174A01F0FE
S21401058867FA46B0BDE8F081307825F020F860B10A
S214010598284625F0ABFCFD28A8BFFD200E4B82B2ED
S2140105A800930DF11A013B46E3E7307807F0A4FD06
S2140105B80B4B0246009329460123DAE700900121F6
S2140105C80220084B084A01F043FADAE71714040038
S2140105D824DE030049DE0300CF270400211E0400A1
S2140105E8C9DD0300D1E6030053DE0300D0E9023279
S2140105F853F8221003EB82032DE9F04F5A680F785F
S214010608B2F800809A68C7B0B2F80090DA681B6939
S21401061892F800A01E7800212F4B304A0446CDE9F7
S21401062801890220009701F013FABAF1000F0CBFF6
S2140106386E23792301210220294A009606AD01F08E
S21401064807FAFF22002128460DF0CCF9304624F09F
S214010658B8FF834608B30023052100932046FD23EF
S2140106680DF1190225F06DFE2870BAF1000F0CBFC6
S214010678802340234A4641463846CDE9005625F0B0
S214010688ABFA0146144807F0E7F801210220154A9B
S21401069801F0DEF947B0BDE8F08F304624F097FF49
S2140106A860B1FD2305212046CDF800B00DF11A02F0
S2140106B825F047FE85F801B02870D6E70590304644
S2140106C807F01AFD059A0346009205212A46204698
S2140106D825F037FEC9E700BF0A14040024DE03002C
S2140106E864DE0300211E04002DE9FF471C465B68F3
S2140106F8E5685B1B00255FFA83F803952E46FFF72E
S214010708D9FDEBB298450BD90C9B9B5D282B39D8A4
S214010718202B00F2CB800136F6B2002B40F0C980C0
S214010728FFF78CFD04B0BDE8F087132A2FD801A186
S21401073851F822F0030801001508010027080100F6
S2140107485B080100290701002907010029070100A4
S214010758290701009707010097070100970701007D
S21401076897070100970701009707010097070100FF
S214010778970701009707010097070100A7070100DF
S21401078881080100A3F13102D1B21329CDD901366E
S214010798F6B2A3F14102032AC2D8422B6CD06C4FA1
S2140107A800213A88DFF8B0A1C2F1FE039BB2FF2B05
S2140107B828BFFF2301320091DBB22046524469B2BA
S2140107C825F09BFD3B880AF803000133184438805E
S2140107D811E04FF00409E368A2682B4452F823306D
S2140107E81F68F8B209F1FF39FFF71CFD19F0FF0978
S2140107F84FEA1727F5D1013583E7E368A2682B444A
S21401080852F823301878FFF70DFDF4E7E368A2687D
S2140108182B4452F82330188823F05BFDEBE7E36896
S214010828A2682B4452F823301F68B7F1807F09D29B
S214010838F8B2FFF7F7FCC7F30720FFF7F3FCC7F397
S2140108480740E0E72B4601210820424A01F000F95B
S21401085866E74FF00409E368A2682B4452F8233090
S2140108681F68F8B209F1FF39FFF7DCFC19F0FF0938
S2140108784FEA1727F5D1BEE7294603AA204622F0F4
S2140108888FFD0021324F344A3B88DDF80C9002EB8D
S214010898030CCAB2914501F1010102D84B443B80D1
S2140108A8A9E710F802A00CF802A0F2E7242B3FF6FD
S2140108B870AF013B232B3FF633AF01A252F823F06A
S2140108C8030801001508010027080100DB070100DD
S2140108D82907010029070100290701002907010046
S2140108E82907010029070100290701002907010036
S2140108F82907010029070100290701002907010026
S2140109080308010015080100270801005B0801001B
S2140109182907010029070100290701002907010005
S21401092829070100290701002907010029070100F5
S21401093829070100290701002907010029070100E5
S214010948030801001508010027080100DB0701005C
S214010958625500207DDE0300875A0020094B1B786C
S21401096823B101210820084A01F072B8D0E9023201
S21401097853F82230054A1B88012113800820044AAF
S21401098801F066B8865A0020A3DE030060550020F1
S214010998E5DE0300D0E9023253F82230054A1B7817
S2140109A80121003B18BF012308201370024A01F0F9
S2140109B84FB800BF845A00200BDF0300D0E902328B
S2140109C853F82230034A1B78012113700820024A83
S2140109D801F03EB8855A00203ADF030010B5D0E989
S2140109E80232044653F82230132219880B4B187822
S2140109F8FFF760FCE368A268013352F823301878E1
S214010A08FFF710FCE368A268023352F8233018781F
S214010A18FFF708FCBDE81040FFF710BC825A00201B
S214010A2810B5D0E90232044653F82230112219884B
S214010A380B4B1878FFF73EFCE368A268013352F8BF
S214010A4823301878FFF7EEFBE368A268023352F802
S214010A5823301878FFF7E6FBBDE81040FFF7EEBB3A
S214010A68825A0020D0E9023253F82230034A1B7812
S214010A78003B18BF0123DB0013707047825A002021
S214010A8810B5D0E9023253F82230044619880E4BC5
S214010A9806221878FFF70EFC0120FFF7C3FBE36870
S214010AA8A268034452F82330188823F012FCE3683E
S214010AB8A268023352F82330188823F00AFCBDE8EE
S214010AC81040FFF7BBBB00BF825A00202DE9F04358
S214010AD8D0E902324FF0FD09013253F8221003EB38
S214010AE882035A68C7B017889A68B1F800801478E4
S214010AF853F8043C002C0DF1170506AE18783A4653
S214010B0814BF4023802341460295CDF804900096F1
S214010B1825F097F8034638B1184A0121082000F055
S214010B2897FF47B0BDE8F083201E18BF01200A22B0
S214010B384146C000FFF7BEFB384623F0CAFB2878BB
S214010B48FFF770FB4A463146287824F0E8FC04464D
S214010B5828B10B4F3D88C5F1FF03984202DD2346B5
S214010B68084ADAE7024608483146284425440DF083
S214010B78C9F83D80FFF762FBD3E700BF70DF0300CB
S214010B88625500208CDF0300875A002010B5D0E993
S214010B980232044653F82230082219880B4B18787B
S214010BA8FFF788FBE368A268023352F82330187807
S214010BB8FFF738FBE368A268013352F82330188838
S214010BC823F087FBBDE81040FFF738BB825A0020A8
S214010BD873B5D0E902320546023253F8221003EB08
S214010BE8820353F8042C53F8083C0C781988234BD5
S214010BF8168818780622FFF75DFB0020FFF712FB20
S214010C08304623F066FB2046FFF70CFBEB68AA6824
S214010C18033352F82330188823F05BFBEB68AA6885
S214010C28043352F82330188823F053FB204609F082
S214010C38E7FBE8B9204607F05FFA0521044601906C
S214010C4801AA284622F0ACFB019B01469C4206D02D
S214010C58224631460A480BF0A7FD02B070BD094D81
S214010C6809482E882246304434440CF00DFF2C8067
S214010C7802B0BDE87040FFF7E1BA00BF825A002013
S214010C88B8DF030062550020875A002073B5D0E903
S214010C9802324FF48A5153F82230104D1A88104BFD
S214010CA8D9805A8000232A4600930121FF2325F084
S214010CB848FB2B78044613F0040F0A4B08BF01269D
S214010CC81B7818BF032613B109F09AF9A855064BE5
S214010CD81C8002B0BDE87040FFF7B0BA875A002002
S214010CE854550020845A002062550020D0E902326B
S214010CF853F82230034A1B78003B18BF01231370B0
S214010D08704700BF835A002010B50C4608B908F092
S214010D1803F9024B18715C7110BD00BF54550020D1
S214010D2802462DE9F341D0E90253526855F82310DB
S214010D38D21A0C8805EB8301013BDBB255F82380F8
S214010D48294D022A4868C8BF8A682B78D8BFFF2170
S214010D580078C8BF11783BB901210220234A02B0A6
S214010D68BDE8F04100F074BEFFF7CEFF06F0E4FCE4
S214010D781F4F204E3B880146224600931E483346A5
S214010D8825F04CF80246C8B998F804103B885F2944
S214010D9817D1CDE900364FF6FF712046164B24F0E1
S214010DA89FF928B1034601210220144A00F050FE9B
S214010DB80023134A2B701380124A137002B0BDE841
S214010DC8F0814FF6FB718C4208D9CDE900362146F1
S214010DD8094B4FF6FF7024F0E1F9E2E72146064A8F
S214010DE8009624F00DFADCE7865A002003E003009B
S214010DF862550020875A0020545500200AE0030057
S214010E0860550020855A0020002210B50A210446A4
S214010E181046FFF74FFA002023F05BFA0122044B35
S214010E281A70FFF70BFA2046BDE81040FFF778BFA7
S214010E38B05F002038B51C4615460123224625F02A
S214010E489FFA60B92146284625F063FC044620B17E
S214010E5801210420034A00F0FBFD204638BD00248A
S214010E68FBE700BF31E003002DE9F0430C461546C9
S214010E781F46D0E9022352F8231002EB8302936837
S214010E880E8893F80080D3688BB0B3F8009032468A
S214010E98012106ABFFF7CEFFF0B90DF1200CF4B136
S214010EA801232A884021CDE902C2CDE90471CDE9A2
S214010EB800932221434606AA304625F098FA0B4BA2
S214010EC80B4A00930B4B0190002C08BF13460121D7
S214010ED80420094A00F0BCFD0BB0BDE8F083624669
S214010EE828686968032303C22246DBE790E003000B
S214010EF875E003006FE003007DE0030007B50123FA
S214010F086A46002125F03CFA6846034908F0C8FD00
S214010F1803B05DF804FB00BF09FA0000D0E902320D
S214010F2853F822300149188808F08CBD09FA0000E8
S214010F3810B5D0E9023203EB8201496853F8223032
S214010F4809784FF48A52188825F041FABDE810400E
S214010F58034601210420014A00F07ABD9AE0030005
S214010F68D0E9023253F8223002214FF48A5210B5E2
S214010F78188825F01EFABDE8104003460121042012
S214010F88014A00F065BD00BFB3E003001FB5D0E914
S214010F98023203EB820153F82230496818884FF46D
S214010FA88A5309880293094B094A0193094B1B780E
S214010FB800931278084B25F072FA012103460420A3
S214010FC8064A05B05DF804EB00F042BD6455002002
S214010FD8875B0020865B00206E550020CAE0030070
S214010FE82DE9F043D0E9023253F8221003EB8203CD
S214010FF85A680E8817789A68DB688BB092F8009062
S214011008B3F800803246042106AB0446FFF712FF08
S21401101828BB08AD01232A460521204625F0B0F94C
S21401102838B9042001210F4A00F012FD284624F0A1
S21401103857FA4FF48A53CDE904930023CDE90253B6
S21401104803232121CDE9008306AA3B46304625F035
S214011058CEF901210346044A042000F0F9FC0BB03E
S214011068BDE8F083E2E0030011E1030038B5D0E9FA
S214011078024303F18043023B02220F4954F823003E
S2140110889D000CF0FBFF60B90C4B0D491A78042A39
S2140110980BD82C44A068008821F8120001321A7077
S2140110A838BD084B08491A78F1E70121BDE83840F0
S2140110B80420064A00F0CCBC3F0C0400875B0020E5
S2140110C86E550020865B00206455002023E103004E
S2140110D808B5C368806803F18043023B02220649CB
S2140110E850F823000CF0CAFF10B9044B187008BD5D
S2140110F80022034B1A70FAE73F0C0400875B0020B6
S214011108865B002037B5D0E9023153F821208C00E0
S21401111815784268521A012AC5BF1B195B686C0903
S2140111281C78DCBF44F0180405F01F052946204644
S21401113825F079F8034640B12346012104200E4ADA
S214011148009500F085FC03B030BD0121A94074B9B3
S2140111582346FE224FF6FF7025F0F9FA01210346D1
S2140111680420064A03B0BDE8304000F071BCFE22F8
S21401117841EAC461EEE700BF39E1030059E1030023
S21401118870B5D0E9021551F8253001EB8501044602
S21401119818884B681A788B68052A1B8802D85E1E41
S2140111A8072E0BD9012104200C4A00F051FCBDE89A
S2140111B87040012104200A4A00F04ABC6468641B96
S2140111C8032CCABFC9680749096825F0C0FABDE8F3
S2140111D8704002460449002007F05ABF77E1030031
S2140111E897E1030000F8FF07B4E1030008B5D0E96A
S2140111F8023253F8220003EB82035968FF22038860
S21401120809684FF6FF7025F0A2FABDE808400246C5
S2140112180149002007F03CBFC7E1030008B5D0E943
S214011228023253F8223005214022188825F0C1F8E9
S214011238BDE8084002460249002007F029BF00BF62
S214011248E8E1030008B5D0E9023203EB82014868F9
S21401125853F82210027840230988312025F0FCF83B
S214011268BDE8084002460249002007F011BF00BF4A
S21401127809E2030008B5D0E9023203EB82014868A7
S21401128853F82210027840230988332025F0E4F821
S214011298BDE8084002460249002007F0F9BE00BF33
S2140112A823E203001FB5D0E9023253F8221003EBFC
S2140112B882039B6808881A780023D21A18BF01226D
S2140112C8CDE9023302A94023D20125F0D4F8012141
S2140112D80090044B0420044A00F0BAFB05B05DF800
S2140112E804FB00BF90E0030041E2030007B5D0E924
S2140112F8023253F8223003214022188825F059F883
S21401130801210090034B0420034A00F0A1FB03B01F
S2140113185DF804FB90E0030050E2030037B5C368AC
S2140113288268053352F8233004211D786A46012362
S214011338044625F025F838B904200121064A00F0AC
S21401134887FB684624F0CCF82B466A4600212046DF
S214011358FFF78AFD03B030BD6AE2030007B5D0E99E
S214011368023203EB8201486853F8221002784023C0
S2140113780988322025F070F801210090034B0420DB
S214011388034A00F065FB03B05DF804FB90E0030038
S2140113989BE2030070B585690446EA0705F0020674
S2140113A805D476B1C5F3072024F0BCFD09E01EB1CB
S2140113B8B2210F482BF0D9F8A069C0F3810024F0B8
S2140113C8A0FDE3691BB9BA2109482BF0CEF82046DF
S2140113D814F098FBE3693EB1607E9847AB0706D0E8
S2140113E8BDE8704024F092BD20469847F6E770BDE8
S2140113F8B0E2030008B514F079FE28B1BDE808404C
S214011408472102482BF0B1B808BD00BFB0E203007F
S2140114182DE9F041FF2B04460F4690461D469DF8E0
S214011428186005D0FF2E03D0D52111482BF09DF862
S2140114380023FF2D18BFAD000E4A1CBF45F001055D
S214011448EDB222600C4AC4E9063818BFA561FF2E22
S214011458C4E901232361E76007D0A36943F00203C7
S21401146823F47F4343EA0623A361BDE8F08100BF66
S214011478B0E20300043D00209D130100002310B5CF
S214011488054C03610460054CC261C0E901430123B0
S214011498C160836110BD00BF043D00209D1301009B
S2140114A870B58669044606F00303032B0D4603D17F
S2140114B8FC2114482BF059F8FF2D16D0B20704D496
S2140114C840F201110F482BF050F8284624F0C8F9CD
S2140114D8FF28054604D14FF482710A482BF045F8D7
S2140114E82DB204EB4514204670BDF307FBD5A3695E
S2140114F813F00C0FF7D040F20B1102482BF035F819
S214011508F1E700BFB0E203000023054AC0E906314F
S21401151803610260C360034A034B426083607047FD
S214011528043D00209D130100D95A0200014827F006
S214011538EFB800BF043D0020014827F0F5B800BF0A
S214011548043D002013B50E4827F0BCF822F044FFEE
S21401155826F07AF826F09CF826F0A6F8FCF728FF7D
S2140115680446FCF73FFF2346009001210420054A64
S21401157800F06EFA02B0BDE81040FCF71FBF00BFCE
S214011588043D002043E30300022808B503D12AF0EE
S214011598E5FF014B186008BD343D002008B50DF085
S2140115A88FF80122044B1A702BF061F8BDE8084049
S2140115B802490348FDF7C4B8895B0020C8640020C7
S2140115C8383D0020014B1870704700BF885B00202B
S2140115D8024B187808B106F093B87047256A0020C0
S2140115E808B5074B1B780BB1002008BDFFF7F0FFC5
S2140115F80028F9D106F05EFC023818BF0120F4E78E
S214011608885B002070B5FFF7EBFF174D20B1FFF799
S2140116188DFF0428044613D82B781BB92BF027F81E
S21401162801232B7022F0E6FE0446D8B12B781BB9AD
S214011638F7210E482AF099FFBDE87040FFF776BFFC
S21401164822F0DAFE0028E7D02B785BB12AF0F9FE03
S21401165806460021012029F02FF930462AF0ECFE33
S21401166800232B70204670BD895B002064E30300CD
S2140116781FB5FFF7C7FF0446FDF740FAA04228BF8B
S214011688204688B103A929F033FD034638B9CDE9C8
S2140116980000064A039906482AF07CFF18B18E21F5
S2140116A804482AF062FF012004B010BDFB43030082
S2140116B8143D002064E303000D4B70B51B780D4DF7
S2140116C80D4C0121002B0CBF2B46234602200B4A4A
S2140116D800F0BEF90A4B01211B780220002B0CBF33
S2140116E82B462346BDE87040064A00F0B1B900BF54
S2140116F8256A00205E0C04007D0C0400FAE3030052
S214011708885B002019E4030010B5D0E9023253F8CB
S214011718223002201B780121002B15BF012400244A
S214011728044A054A00F094F92046BDE81040FFF740
S21401173849BF00BF38E4030055E40300D0E902328C
S21401174853F82230034A1B78003B18BF0123137055
S214011758704700BF256A002038B50125084B1D7063
S2140117682AF06FFE04462946284629F0A5F82046A1
S2140117782AF062FEBDE8384002490348FCF7E0BF9C
S2140117888A5B0020D0640020603D002070B514F00C
S21401179833FD10F0070F1D4D11D02B785BB90126CC
S2140117A82E702AF04EFE04463146304629F084F85B
S2140117B820462AF041FEBDE8704014F0EDBA24F048
S2140117C8AAFF022803D1124B1B78032BE5D914F084
S2140117D813FD18B90E4B1B78032B14D814F0DCFA3A
S2140117E804460028D9D02B785BB100262E702AF043
S2140117F828FE05463146012029F05EF828462AF0DB
S2140118081BFE204670BD4FF0FF34ECE78A5B0020D4
S214011818116000201FB5FFF7B9FF0446FDF76EF902
S214011828A04228BF204688B103A929F061FC0346D7
S21401183838B9CDE90000064A039906482AF0AAFEF7
S21401184818B18C2104482AF090FE012004B010BD7E
S214011858D5480300403D002074E4030010B5094C48
S2140118680949002007F0FAFB23681B68587924F019
S2140118782DF823681B68587923F031F805F066F9C6
S214011888002010BDC042002002E5030008B524F080
S21401189832FF024628B1BDE808400020014907F09A
S2140118A8DDBB08BD25E5030008B524F03AFF02466E
S2140118B828B1BDE808400020044907F0CFBB5422F0
S2140118C8BDE80840FF2102480CF08CB83DE503004E
S2140118D87855002038B504460D4624F026FF024602
S2140118E828B1BDE838400020034907F0B7BB034BD1
S2140118F823F8145038BD00BF5BE503007855002077
S2140119082DE9F34100240C4E0C4DDFF838800C4FBE
S21401191856F8043B0BB9D8F8003035F8022B39468F
S214011928009200202246013407F098FB2A2CEFD1BA
S21401193802B0BDE8F08100BFDC640020CC55002071
S21401194877E50300D864002008B52A21034824F067
S214011958E4FEBDE80840FFF7D3BF00BFCC55002022
S21401196807B5D0E9023253F822301A78292A0DD859
S214011978084B53F822300BB9074B1B680749002060
S21401198831F812100091064907F068FB03B05DF8BC
S21401199804FB00BFDC640020D8640020CC5500207E
S2140119A877E5030008B52A21034824F0B8FEBDE808
S2140119B80840FFF7A5BF00BFCC55002038B5D0E9D1
S2140119C8023253F8221003EB82035B680C781D88F9
S2140119D80020044907F042FB29462046BDE8384066
S2140119E8FFF778BF82E503002DE9F34100240C4E8A
S2140119F80C4DDFF838800C4F56F8043B0BB9D8F875
S214011A08003035F8022B3946009200202246013470
S214011A1807F024FB2A2CEFD102B0BDE8F08100BF05
S214011A28DC6400207855002077E50300D8640020A0
S214011A3810B5024622F069FF20B9044C236811B19B
S214011A481343236010BD23EA0203FAE788650020E2
S214011A580CB413B502460C4622F057FF60B9094B81
S214011A681B681A4208D005A9049801910AF0B0FE2D
S214011A7814B1054825F076FD02B0BDE8104002B065
S214011A88704700BF8865002081E80300034610B54B
S214011A98D3E9023253F8223008461C78211E18BFB3
S214011AA80121FFF7C5FF014648B9084A084B02203D
S214011AB8002C08BF1346074AFFF7CAFF10BD0021CE
S214011AC80220054AFFF7C4FFF8E700BF80D40300E9
S214011AD878D4030083E8030099E803002DE9F04170
S214011AE805461F460C46DFF82C808E18B44201D1F5
S214011AF8BDE8F0810021284614F8013B069AFFF755
S214011B08A7FF002FF2D0424600212846FFF7A0FF84
S214011B18ECE700BF0DDB03000021024A0248FFF78D
S214011B28ADBC00BFB51B0100683D0020FF21014880
S214011B3822F044BC683D00200022034BFF210348E5
S214011B481A7022F034BC00BF8B5B0020683D002071
S214011B5813B5114C2378032B13D8009300230F4A8F
S214011B6818460F4907F07AFA237842F21072002BCA
S214011B7808BF0022FF210B4802B0BDE8104022F042
S214011B8805BC00220849104607F068FA02B0BDE80D
S214011B981040FFF7D1BF00BF8B5B0020AAE8030007
S214011BA8BCE80300683D0020C6E80300F0B52B4DED
S214011BB88FB02B7823B309A824F0E7FD022309A8E0
S214011BC88DF8243024F0CFFD01AA06469446244B0E
S214011BD803F11007144618685968083303C4BB4252
S214011BE82246F7D105AA17461E4B03F1100E1446D6
S214011BF818685968083303C473452246F7D1E6B115
S214011C08012409A824F05DFD28B9BDF8243013F095
S214011C18020F18BF01242B781349002B4FF000033D
S214011C284FF0A00208BF1946204624F024FD90B9BB
S214011C382B7801332B700FB0F0BD614609A824F04C
S214011C4894FD0028DCD1394609A824F08EFD044607
S214011C580028D6D0D4E7FFF77BFFECE78B5B0020A4
S214011C688C7004009C70040000F8FF0710B5002073
S214011C78324907F0F3F908220020314907F0EEF956
S214011C88304B314A1978314B0020002918BF1A46C3
S214011C982F4C304907F0E2F9002024F032F9236886
S214011CA8002B47D01B78022B44D900222A4B10461A
S214011CB82A4907F0D3F922F06FFE29490246002087
S214011CC807F0CCF900F0D0F826490246002007F0C4
S214011CD8C5F923681B78032B2CD900F0D5F82249BF
S214011CE80246002007F0BAF900F0DEF81F4902465E
S214011CF8002007F0B3F900F0DFF81D49024600207E
S214011D0807F0ACF900F0A4F81A490246002007F0DB
S214011D18A5F900F0D7F8184C184954F820200020E7
S214011D2807F09CF900F024F9154954F82020002002
S214011D3807F094F9BDE8104024F0E8B8E8E8030095
S214011D4804E903008C5B00205E0C04007D0C040093
S214011D58FC41002027E903004ED6030042D60300C3
S214011D6843E9030067E903008BE90300AFE90300D1
S214011D78D3E90300FAE903008C65002021EA030091
S214011D8844EA030008B5D0E9023253F8223018783D
S214011D9840B10020074907F061F9BDE808408020F6
S214011DA800F034B8044907F059F9BDE80840802026
S214011DB800F046B867EA030084EA0300D0E9023275
S214011DC853F82230034A1B78003B18BF01231370CF
S214011DD8704700BF8C5B002018220021094BC3E91D
S214011DE800121A7B0AB9084A9A601A7C12B94FF48B
S214011DF87A72DA8140F6B8325A8200229A829A7545
S214011E08704700BF883D0020E09304000A4B10B5D8
S214011E181B687BB11B78032B02D8B0F5007F09D16C
S214011E28064C2368034323606368184202D02AF0ED
S214011E3890FBA08210BD00BFFC410020883D002019
S214011E48024A136823EA000313607047883D00209E
S214011E58014B1868704700BF883D0020014B986801
S214011E68704700BF883D0020024B9868FA23B0FBF4
S214011E78F3F07047883D00200122024B98601A73E0
S214011E88704700BF883D0020024BD889FA23B0FB73
S214011E98F3F07047883D00200122024BD8811A745E
S214011EA8704700BF883D0020024B588AFA23B0FBD2
S214011EB8F3F07047883D0020014B5868704700BF13
S214011EC8883D00202DE9F84300244FF00C08104BFC
S214011ED8104F9D7D104E3988E3B28B4202D32846B7
S214011EE8BDE8F88308FB03F3F05C06EB030924F06E
S214011EF80FF850B9FF21D9F8080022F05FFA20B18F
S214011F0899F805309D4238BF1D460134E3E700BF06
S214011F18883D0020CA69002010660020124B10B5C3
S214011F281B68124CEBB11B78032B02D823689B0560
S214011F3817D52AF00EFBA38AC01A638A80B2834299
S214011F483EBFD4E900329343236024F05EFB08B118
S214011F58E08910BD2368002BFAD1FFF7B3FF0128EB
S214011F68F6D0A068F5E700BFFC410020883D0020B8
S214011F78014B987D704700BF883D002038B5044660
S214011F880D462AF097FB244B1B7813B1204622F006
S214011F98FEFC402C27D006D884B13F2C18D0BDE8CB
S214011FA8384023F0B3BF4C3C0C2CF8D81B4B2341CC
S214011FB8DB07F4D40220FFF743FFF0E74FF4007085
S214011FC8FFF73EFF0220FFF721FF154B1C71E6E7DE
S214011FD84FF40070FFF734FF0220FFF731FF0022AD
S214011FE80F4B1A71DBE723F014FF0028D7D10C4CEE
S214011FF80220237901332371FFF722FF4FF4007083
S214012008FFF704FF2379AB42C9D322F0C1FC0028AD
S214012018C5D122F096FCC2E78C5B0020FEEEFFFFDE
S214012028A03D002010B505F05FFB02280AD124F078
S214012038C8FA034630B1BDE81040002202491046EE
S21401204807F00CB810BD00BFD0EA03000021024A11
S2140120580248FFF713BA00BF2D200100A83D002053
S21401206838B5002023F04DFF124B1B6893B11B783F
S214012078022B0FD905F038FB022816D10E4C25681D
S214012088FFF74CFFA842206008D0FF2122680B48C2
S21401209822F07CF9BDE8384023F038BFFF21074815
S2140120A822F08CF90028F5D1EFE7FF21034822F04A
S2140120B87EF9EFE7FC410020A03D0020A83D002066
S2140120C802460249002006F0C9BF00BFE4EA030041
S2140120D810B5234C2348FF2122F069F920780228FD
S2140120E81ED003282ED0012804D02120BDE8104098
S2140120F8FFF7E6BF1C4B19780029F7D002231B4AC5
S21401210823701378052B0EBF00230133DBB29942E7
S214012118137003D1052313700020E7E7052BFBD0C6
S214012128124B1B78052B02D103232370DDE7104AD7
S214012138104932F8230007F085FC03232370002892
S214012148D4D110BD094B0C4A1878094B03EB800112
S214012158897833F8200007F045FC0123EEE700BF35
S2140121688D5B0020C83D0020965B0020276A002072
S21401217820560020612301000D2301002DE9F04FB0
S2140121880D46144695B00490112200210FA89946D1
S214012198DFF86C810BF026FC04EB45030393D9F8B2
S2140121A800301C2B02D0039B9C4202D115B0BDE81F
S2140121B8F08F0123DFF844A18DF81C3023884C4AA0
S2140121C8ADF81E309AF800304A4D08EB83039B7829
S2140121D828788DF8203013688DF81D00CDF8213049
S2140121E85368CDF8253023F093FE049B8DF829001B
S2140121F821882878002B4AD123F059FB002844D09F
S2140122089AF800300FAA38F8230007A922F0CEFB67
S21401221800283AD023F078F94FF0000B0746064617
S2140122281C255FFA8BF2974234D8B7422BD99DF812
S2140122381C30032B1AD10FAB0193BDF821300022B5
S2140122480421009301202C4B06F08EFD9AF80030ED
S21401225808EB83039978274B187806F001FE9AF85D
S2140122680030002038F8231023F0A7FD5DB107A938
S214012278304624F098F9214B05461B78304638F845
S214012288231024F092F9C9F80050023487E723F0A6
S21401229805FBB3E710460BA9059224F080F930B97F
S2140122A89DF82C1031B9059AB74208BF16460BF1AE
S2140122B8010BB6E7BDF82E00BDF81E209042F6D1F8
S2140122C89DF830009DF820209042F0D19DF81C2002
S2140122D88A42ECD1032A14BF082202220DF12101F9
S2140122E80DF131000BF0CAFE002808BF0025DEE715
S2140122F88E5B0020266A002061ED0300276A002015
S2140123082056002013B503460020114A9C6812780F
S2140123180190052A03D01B78032B00D12CB9012084
S21401232802B0BDE81040FFF7CBBE6268217801AB6A
S214012338FFF724FF217A0120E26801ABFFF71EFFB1
S214012348FF21044802B0BDE8104022F028B800BFBB
S214012358276A0020C83D0020094B1B78052B02D0B0
S2140123680378032B02D00120FFF7AABE8168054A2D
S2140123780B68054813604B68FF21536022F00FB8BD
S214012388276A00208E5B0020C83D002038B500244F
S214012398114B124D1870124BFF211C702C7006F051
S2140123A85FFD0122032110460E4B06F0DDFC4FF6B9
S2140123B8FF712246084623F003FD044648B940F655
S2140123C8B832FF21084821F0E1FF01232B7020468F
S2140123D838BDFFF775FEFAE7266A00208D5B0020F8
S2140123E8965B0020211E0400C83D0020144BF0B562
S2140123F81A68144913680978587988420BD1124922
S214012408D78808460022114D1E792B78D4B2A342EC
S21401241803D8052C0AD10020F0BD0C88BC4202D195
S2140124288C78B442F7D001320431EFE7A342F2D1F7
S21401243820F82270013300EB820086702B70EAE7E1
S214012448C0420020266A002020560020965B002005
S214012458FF2307B50021044A04480093FEF7D8FF76
S21401246803B05DF804FB00BFD9200100C83D002079
S2140124781FB5B42303210446ADF80E3023F00EFA37
S21401248898B1212320460093002203210DF10E0363
S21401249823F0B3FB04460020054B064A0649009480
S2140124A806F0DCFD204604B010BD8624F3E700BF25
S2140124B80EEB03001BEB030030EB0300D0E90232FE
S2140124C853F82230034A1B78012113700220024A6E
S2140124D8FFF7BEBA3F6A00203FEB03000122014B1B
S2140124E81A7070473F6A00200A4B90F805111B784E
S2140124F890F8082119448A42BCBFB2FBF3F103FBEA
S21401250811234FF0FF32B8BFDBB202FA03F380F8AB
S2140125180A3170473F6A00202DE9FF410446057FCE
S214012528867EDFF870806E43237F98F80020134478
S2140125389D4212DB607F60B9238B02936369019326
S214012548237C00936288A31D217805F095FDFF235F
S2140125582370002004B0BDE8F081E37EAB42E9D9E0
S214012568A77E228BF1199142A4BF921BD7B205EB25
S2140125780323E3813A4633462946204622F030FAB9
S2140125880028E7D1637F3744013301356377BEB24C
S214012598EDB2C9E73F6A002037B5054624F031F8A1
S2140125A80D4B04461B6869461B78032B82BF0B4BF1
S2140125B81B881B18284688BF9CB224F0AAF838B98D
S2140125C8684624F020F818B9044B1B8823449CB2AB
S2140125D8204603B030BD00BFFC410020CE69002074
S2140125E8084B1B78FF2B0BD1074B1B78FF2B07D10A
S2140125F8064B1B78022B03D04FF48070FFF720BCE4
S214012608704700BF94650020183F0020E83D002071
S21401261810B50446FF2121F0CAFE054B9C4202BFB5
S2140126280023A4F588742370BDE81040FFF7D8BFCF
S214012638F83E00202DE9F0479A462A4B81461B783A
S21401264888461646BDF82050002B49D0FF2D3ED9A6
S21401265838252846BDE8F087234B0C223146A01DB5
S214012668636184F80090A4F802800BF00DFAA28941
S214012678414642F4004242F040022046A28122F03E
S214012688C1F92A46514660690BF0FEF941464846AB
S214012698A21D258323F009FDA0760028D8D005447D
S2140126A8013DB5FBF0F0FF28D2DC0023E07620469A
S2140126B8A383FFF731FF054680B923794FF480706D
S2140126C8B372FFF7A3FB227C099B1A80C1E7074C6C
S2140126D82778FF2FC0D040F60345BAE72770F2E700
S2140126E80225B6E73F6A0020985B0020183F0020C5
S2140126F8B0F9063010B5002B25DA144C2278237C65
S214012708FF2A02D0827A9A4207D0114C2378FF2BEF
S21401271817D0827A237C9A4213D169B9637F013B29
S214012728DBB263775BB90B4A237F127820461344E2
S2140127382377FFF7F1FE0146204622F072F9FFF7EC
S2140127484FFF012010BD0020FCE700BF183F002006
S214012758946500203F6A00202DE9F04F9A46B1F9AA
S214012768063091B0002B0D461746DDF868800490B8
S21401277880F22981B8F80030FF2B04D94FF4B871DC
S214012788A64829F0F2FEA64B00241A7893F804010D
S214012798B3F80211002A40F0A5802E7AA14A1278D1
S2140127A8B24240F2AF800222A3F802711A70AA7AE6
S2140127B8FF2483F804210022A3F8084183F80521A1
S2140127C8A3F80621B8F80020954883F80C21FFF7EE
S2140127D88BFE3846FFF7E0FE214600EB40029248A2
S2140127E821F0D4FD4FF48070FFF710FB8C4C94F861
S2140127F80A91B9F1FF0F20D18A4A94F80531127867
S2140128081344B34219DC94F80C1184F80531B4F872
S2140128180631204601FB0233A4F80631FFF764FEB1
S2140128280122824B38461A70FFF7B6FE494600EB7E
S214012838400204F5887021F0A9FD94F80531B342E9
S21401284860D8DFF8E0B19BF800C00CEB03029642B3
S21401285858DA764994F808210878013A002853D0BE
S214012868964205DAB8F8002084F80C2100220A708E
S214012878B6FBFCF901220CFB196994F80A015FFA08
S21401288889F902FA09F2D1B2024076B92889000A12
S214012898844584F8080108D92046CDE90621059320
S2140128A8FFF722FEDDE90621059B94F80A0101439C
S2140128B884F80A1182B994F80921B4F806C10132DC
S2140128C884F80921B8F80020DAF800100CEB0200A9
S2140128D8FF2826DD0323237094F80831013B9E4226
S2140128E830D138E0AE7A864202D18F4200D11C46FA
S2140128F82E7A002C7FF47BAF002A3FF44FAF012AD3
S2140129083FF44CAF01205FE09642B1DA94F80C111F
S21401291898F800209142ABD004F58870FFF778FE4E
S214012928F0E794F80CE1F31A0EFB03C3A01C10FAA7
S21401293883F005920BF0A8F894F80831059A013B44
S2140129489E4244D0012394F80A2103FA09F3013B75
S2140129581343FF2B04D122462946384622F053F862
S21401296894F8083194F809219A42CBD19BF80030A3
S214012978B2FBF3F103FB112212F0FF0218BF134654
S2140129882278022A26D1264A02341078517801285C
S21401299804BF01315170012224F8022CEA88B4F8E8
S2140129A8041122F04002EA8094F809210A44591ECB
S2140129B894F80A3113FB01F31344A8F80030CAF857
S2140129C80040FFF70DFE002011B0BDE8F08F84F837
S2140129D80B21C0E76979002994D0032A92D1B4F86B
S2140129E8062194F80B1108AE11445A1E94F80C31BE
S2140129F8284613FB02F30B4400219BB2A21CA8F83D
S214012A080030CAF80020CDE900710296049907F053
S214012A1805FD8921304623F045FB7DE766EB03007B
S214012A28E83D00203F6A0020F83E0020975B002022
S214012A3813B5044618B101280BD002B010BDFF2308
S214012A4801460093064A0748FEF7E2FC064B1C704F
S214012A58F3E7FFF743FDFF22044B1A70EDE700BFCB
S214012A6819260100F83E0020E83D0020183F002006
S214012A7813B501A909F076FF044648B9BDF8063032
S214012A889DF80420034906F0E9FA204602B010BD75
S214012A988120FBE7FDEB030013B5694609F06EFFDD
S214012AA8044688B9BDF802309DF80020074906F0AB
S214012AB8EFFA2046019906F043FA2046044906F043
S214012AC8CDFA204602B010BD8120FBE721EC0300B9
S214012AD847EC030037B5694609F074FF044618BB8E
S214012AE89DF801309DF80020104906F0D1FA104DE6
S214012AF89DF80120E3B29A4206D800200D4906F057
S214012B08ADFA002003B030BD0198630003F4FF73EB
S214012B1802220021184423F0DEF929460246002045
S214012B2806F0B6FA0134E3E78120EBE749EC030047
S214012B3878EC0300211E040013B501A909F018FF5B
S214012B48044648B9BDF806309DF80420034906F046
S214012B5885FA204602B010BD8120FBE782EC03000F
S214012B6830B500240B4D85B06946E0B223F017FD59
S214012B7850B99DF80030032B06D12946BDF805301B
S214012B889DF8012006F06AFA0134202CECD105B034
S214012B9830BD00BFA9EC030008B50020034906F0C4
S214012BA85DFABDE80840FF2000F0DEBABBEC030082
S214012BB82DE9F04F85B006460D46174621F071FF00
S214012BC8044640B130463A46294621F054FF0020D3
S214012BD805B0BDE8F08F4FF003094FEA15285FFAF4
S214012BE884FA6946504623F0DAFCB8B99DF800B075
S214012BF8BBF1000F12D1694650468DF800908DF84A
S214012C0805508DF806808DF8016023F0CCFC02464D
S214012C180028D7D05846064906F020FA0134202C59
S214012C28DDD10020034906F019FA8920D0E700BF54
S214012C38D0EC0300F7EC03001FB5002304468DF81B
S214012C480F3021F019FF28B19DF80F3063F07F038C
S214012C588DF80F30182301930DF10F03002200930E
S214012C6804214023204622F0B7FF024618B100206F
S214012C78024906F0F3F904B010BD00BF12ED0300D7
S214012C881FB502A909F08CFE044688BBBDF80820CA
S214012C98184906F0FDF92046039906F051F9204631
S214012CA8154906F0DBF94FF6F672BDF80810134C15
S214012CB84B1E9BB2934219D82368039A1B6858790E
S214012CC8FFF776FF23681B79012B0BD8BDF8083070
S214012CD80022CDE900030421094B092006F044F837
S214012CE823F0DAF96FF0FF0004B010BD8720E9E79A
S214012CF88120F9E731ED030047EC0300C0420020CC
S214012D0848ED030070B504468AB005AD11220021CE
S214012D1828460AF067FE204604A909F035FE04464F
S214012D2800283AD11E4EBDF810201E4906F096F925
S214012D3832681379012B28D84FF6F670BDF81010B3
S214012D484B1E9BB2834224D81368587921F0A9FEFA
S214012D5808B333682A461B68BDF81010587921F065
S214012D6889FEBDF8103001220421CDE9004309206F
S214012D780D4B029505F0F8FF23F08EF9034620B1B6
S214012D8800200A4A0A4906F069F96FF0FF000AB0FE
S214012D9870BD8724E5E78B24E3E78120F7E700BFCA
S214012DA8C04200204BED030060ED030064ED030014
S214012DB86FED03002DE9F0479AB004A909F0FCFD70
S214012DC80446002840F0B5809DF810205B4906F0BF
S214012DD85FF925465A4E9DF81020EBB29A4254D810
S214012DE80020584906F03AF99DF81050002D40F099
S214012DF899802C462E46544F06A9F0B223F0CFFBF5
S214012E08C8B99DF81830032B15D13B689DF81920D1
S214012E181B685B799A420ED19DF81D2005F168035F
S214012E286B4403F8402C9DF81E200235013403F844
S214012E383F2CEDB2E4B20136202EDDD19DF81030DC
S214012E480BB1002C77D00AABCDE90143FF23022250
S214012E580421009309203D4B039505F085FF23F0D7
S214012E681BF9034660B19DF81020002A5FD0384A46
S214012E783849002C08BF0A460020374906F0EEF804
S214012E886FF0FF001AB0BDE8F08705986B0003F4F1
S214012E98FF7302220021184423F01DF8314602462A
S214012EA8002006F0F5F8013595E70598730003F458
S214012EB8FF7302220021184423F00DF800278046EC
S214012EC85FFA80FA06A9F8B223F069FB00BB9DF801
S214012ED81830032B1CD1D9F800309DF819201B682F
S214012EE85B799A4214D19DF81D30534510D19DF84F
S214012EF81E30C8F307229A420AD105F168036B44CB
S214012F080235013403F840AC03F83F2CEDB2E4B2C5
S214012F180137202FD6D101369DF81020F3B29A42F8
S214012F28C3D88BE70025DFF820902E46F4E7084A39
S214012F38A2E78120A6E78B20A4E700BFC9ED03001E
S214012F4878EC0300211E0400C0420020E8ED0300CF
S214012F589AED0300B8ED0300ECED03002DE9F0430C
S214012F6889B002A909F016FD0446002867D1BDF804
S214012F780820344906F072F84FF6F672BDF8085084
S214012F88DFF8D4906B1E9BB2934254D8D9F8003020
S214012F9829461B685F79384621F083FD00284CD006
S214012FA826465FFA86F8404603A923F0F8FA28B9B8
S214012FB82946384603AA21F061FD20B90136202E9C
S214012FC8EFD14FF0FF08404623F0E7FA014658BB19
S214012FD8112203A80AF006FD2946384603AA21F05D
S214012FE84AFDD9F800301A79012A18D81B68BDF8A5
S214012FF80810587922F030FFBDF808300322042162
S214013008CDE900430920104B05F0AEFE23F044F845
S214013018034620B100200D4A0D4906F01FF86FF04F
S214013028FF0009B0BDE8F08302460A49002006F011
S21401303815F80124D5E78724D3E78B24D1E7812027
S214013048EFE700BF0EEE030048ED03004CEE030069
S2140130586FED030025EE0300C04200202DE9F04382
S214013068DFF894800020D8F8003021491B688BB01F
S2140130785E79002505F0F2FF01275FFA85F94846D3
S21401308801A923F08CFA044690B99DF80430032B65
S2140130980ED19DF80530B3420AD1484623F07DFA91
S2140130A80146A0B102461349204605F0D7FF274638
S2140130B80135202DE1D1D8F8003000211B68587958
S2140130C822F0CAFE87F001000BB0BDE8F08311229A
S2140130D805A80AF087FCBDF809403046214605AA2E
S2140130E821F0C9FC2146304622F0B6FEE0E700BFD3
S2140130F859EE030025EE0300C042002037B56946A5
S21401310809F054FC044638BBBDF80020134905F005
S214013118BFFF134D2046019905F012FF20461149BD
S21401312805F09CFF2B681B68587922F0A4FF70B144
S2140131384FF6F672BDF800104B1E9BB2934209D8A3
S2140131482B68019A1B685879FFF732FD044620461A
S21401315803B030BD8724FAE78120F9E76DEE030056
S214013168C042002047EC03007FB505460024E6B2BE
S2140131786946304623F013FAA8B99DF80030032BA8
S21401318811D19DF80130AB4204D0FF2D0BD19DF82B
S2140131980D3043B9304623F000FA024618B1002034
S2140131A8034905F05BFF0134202CE0D104B070BD63
S2140131B825EE0300034B1B681878012808BF022078
S2140131C8704700BFFC410020D0E9023253F8223094
S2140131D81A78024B1A7000F0E7BA00BF975C002015
S2140131E870B5D0E902456B1EDBB254F82300032202
S2140131F81B490AF043FF54F8253004EB8504197877
S21401320863681A78A2F10B030F2B05D9154900201C
S214013218BDE8704005F022BF01290FD1124C91403C
S214013228236840B90B43114A23600020BDE870406B
S2140132380F4905F013BF23EA0103F4E702290CD16D
S21401324801230C4903FA02F20B6818B913430A4A18
S2140132580B60EAE723EA0203F9E70A460749D6E7D5
S21401326891EE030095EE0300B8650020ABEE03006F
S214013278B3EE0300B4650020C6EE0300D0EE0300EB
S21401328807B5D0E9023103EB810253F821300B4927
S2140132981B785268012B0A4B08BF0B4612684FF081
S2140132A800001A600092074A074B084918BF1346E0
S2140132B8074A05F0D3FE03B05DF804FBB8650020A5
S2140132C8B4650020EBEE0300E3EE0300F5EE030021
S2140132D8BC70040038B5254A254B264C00202649E3
S2140132E805F0BCFE0020254905F0B8FE22682449F1
S2140132F8002005F0CDFE2068224C234D05F088FEFF
S2140133082146002005F0AAFE2A682049002005F07B
S214013318BFFE286805F07CFE2146002005F09EFECB
S2140133281B4B1C491A781C4B002053F8223005F019
S21401333895FE00F00DF919490246002005F08EFEAB
S214013348174B00201A78174905F088FE164B1749BF
S2140133581A78002005F082FE04F0C6F9BDE8384068
S21401336802461349002005F079BE00BFBC70040070
S2140133780FEF0300B865002016EF03001EEF0300E9
S2140133882CEF03008FD50300B46500203DEF030042
S214013398C55C00204EEF0300BC65002061EF03000A
S2140133A8AA5C002075EF0300A95C002087EF0300E4
S2140133B899EF030007B500F071F8054B0090054A30
S2140133C80020054905F04AFE03B05DF804FB00BF7E
S2140133D8AFEF0300BC70040030EB0300F8B50446F9
S2140133E80B4F0C4E0C4D00200C4A0D4905F036FECD
S2140133F820463B7829783278F4F7D0FE00233B70D4
S21401340833702B70FF21BDE8F840064820F0CFBF87
S214013418C55C0020A95C0020AA5C0020BC700400E2
S214013428B4EF0300383F002037B51248FF2120F0DB
S214013438BEFF114B187810F0100505D0002003B018
S214013448BDE8304003F01CBF0121B42004F0C6FAE1
S21401345804460A4B0A4A0B490090284605F0FEFD29
S2140134682046FFF7BBFF4FF4806003B0BDE830404D
S214013478FEF7E6BC383F0020C55C0020CBEF030012
S214013488BC70040030EB03000021024A0248FDF735
S214013498F5BF00BF31340100383F002008B5054BA1
S2140134A81B7823B11720FFF799FF002008BD0220DB
S2140134B8FCE700BFC55C002010B550B1054B00F114
S2140134C8100250F8044B904243F8044BF9D1024BD2
S2140134D8197010BDAB5C0020BB5C002037B5174DDA
S2140134E804462B78DB0626D50090154B0020154A96
S2140134F8154905F0B3FD1E2C0BD0652C09D0032CFD
S21401350819D0002023F0C3F840F61C40FFF766FFE9
S2140135180DE023F0E4F84FF4FA63B0FBF3F202FB94
S2140135281300C218FF21094892B220F02FFF2B780A
S21401353823F010032B7003B030BD00BFC55C00201C
S214013548E4EF0300BC70040030EB0300383F0020B2
S214013558014B1879704700BF3456002070B54C4EA1
S2140135688EB0337803F0FB02A3F10905022AEDB207
S21401357858D0042B41F6041257D0A3F108014B4248
S2140135884B415B0013434348ADF80C3021F0B9FAC0
S21401359848B9414B3F4A03F1100153F8040B8B42DB
S2140135A842F8040BF9D13D4B1B78002B3FD03C4B1E
S2140135B80DF10E0203F1100153F8040B8B4242F889
S2140135C8040BF9D103A823F082F82328044610D166
S2140135D8012D49D80020334A334905F03FFDBDF88F
S2140135E80C3003A823F40053ADF80C3023F06FF821
S2140135F80446002C41D14FF40C7023F066F80446BB
S21401360800283AD103F0FAFE012D36D8274A01AB35
S2140136181068516803C3264901A823F0B4F878B3A3
S21401362819242AE043F60412A7E70223AAE7337807
S214013638042B0DD0082B0BD01E4B0DF10E0203F1F7
S214013648100153F8040B8B4242F8040BF9D1B9E781
S214013658104A0DF10E0302F1100152F8040B8A42CA
S21401366843F8040BF9D1ADE7337803F0FB03022BDB
S21401367803D10020104905F0F1FC20460EB070BDBC
S214013688044901A823F07FF804460028C8D1F4E7C6
S214013698C55C0020995C0020B1F00300BB5C0020EB
S2140136A8AB5C0020BC70040008F00300C2F0030005
S2140136B8AC700400CBF0030063F0030070B500267D
S2140136C886B00446252022F0E8FF16220021164877
S2140136D80AF088F9154B1E60154B1878FFF76AFD36
S2140136E8022814BF0123042303208DF8083023F091
S2140136F822F804238DF810300E4B02A80593039484
S21401370803F030FD05460C4B0C4A19680C4B304645
S214013718A14208BF134600940A4A0B4905F09EFCCD
S214013728284606B070BD00BF34560020583F00201A
S214013738C55C0020253A0100B8650020E3EE0300C9
S214013748EBEE0300BC700400DCF0030008B5134A76
S2140137581378042B09BF124B01331B78C3F10603F8
S214013768DBB2137003F0FD02092A04D11720FFF714
S21401377835FE172008BD0A4A1278002A14BF05220A
S21401378806229A4207D1074B18680028EED0FFF7A1
S21401379895FF4D20EEE70020ECE700BFC55C002052
S2140137A8BB5C0020B465002073B51E4C1E4E236812
S2140137B83268134334D01D4B1B6853B31C4D2B780A
S2140137C83BBB03F091FFF8B94FF48060FEF71EFB90
S2140137D8184B24681B7894B1C3F102032B7003F0CD
S2140137E847FD2046FFF76AFF04460020124B134A9E
S2140137F81349009405F032FC204602B070BDC3F1AF
S214013808060334682B70EAE70121B42004F0E6F8D1
S214013818EAE70020094A0B4905F020FC0224E4E700
S2140138280224E9E7B8650020B4650020FC410020C1
S214013838C55C0020BB5C002024F10300BC700400BA
S21401384830EB03000AF103002DE9F347384D394EF2
S21401385800202A792B88384905F000FC3268287937
S21401386822FA00F010F0010002D1344905F0F6FB07
S214013878334F3C783CB10822324933480AF0FEFB04
S214013888041E18BF0124DFF8DC80DFF8A490DFF8F7
S214013898B4A014E098F8000049460130C0B288F890
S2140138A8000022F0ECFE002835D13C783CB1082215
S2140138B8514625480AF0E2FB041E18BF01242A795E
S2140138C83368D340DB07E5D5002CE3D100922B887B
S2140138D81E4A1F49204605F0C1FB1E4B1878FFF704
S2140138E869FC01230322124922F0CFFE1A4A054633
S2140138F813780133137010B902B0BDE8F08720467B
S2140139082B46124A154905F0A9FB284602B0BDE820
S214013918F047FFF763BD0020114905F09FFBFFF74D
S21401392815FF0028E8D102B0BDE8F04700F01CB842
S21401393834560020583F00202AF103005BF10300AB
S214013948C45C0020BC5C002042560020BC70040009
S2140139582AF20300C55C0020A95C0020CBF1030015
S214013968F4F10300985C00202DE9F041214C224D2A
S2140139782378002055F82330204A214905F06EFBAC
S214013988FFF7ECFD03461D4E1E4FDFF874802BB97A
S2140139982378042B15D8B3B91B4B15E032463946A4
S2140139A8002005F05BFBFFF7D1FE00BB237832460B
S2140139B855F82330414605F051FBFFF7CFFD034686
S2140139C8E5E7092BE8D1114B00201B68104A11497D
S2140139D81360114B187022F052FE20B1BDE8F04179
S2140139E80120FFF7FBBCBDE8F041FFF72DBFBDE89E
S2140139F8F08100BFC55C0020BC650020BC700400D7
S214013A084AF2030057F20300B4650020B8650020A7
S214013A18583F002034560020985C002070B51C4C96
S214013A2823789BB3838913F4407F2FD0056835B17B
S214013A382A46BDE870400020164905F00FBB22F063
S214013A481CFE154E03463070144A2846144905F0E4
S214013A5805FB33781BB1BDE87040FFF785BF2378B7
S214013A68082B0CD8042B0CD80E4B1B78C3F1060375
S214013A7823700D4BBDE870401868FFF71FBE0A2B70
S214013A88F2D1BDE870401820FFF7A8BC70BD00BF92
S214013A98C55C002082F20300AA5C0020BC7004000A
S214013AA8AFF20300BB5C0020B465002030B5464D7C
S214013AB803460446454A0020454987B005F0CEFA34
S214013AC82B782BBB01A822F060FE022301A88DF8F3
S214013AD8043022F048FEB0B93E4901A822F045FE5E
S214013AE888B1152C0FD122F0FAFD47F23153B0FBFD
S214013AF8F3F202FB130000F51C50103080B203F0FD
S214013B08BFFB07B030BD162CFBD103F0F3FBF8E77B
S214013B18152C2AD100202D4A2F4905F09FFA2B781B
S214013B28042B11D0082B0FD02C4B1B78DA070BD49B
S214013B3801A822F0C6FD18B9BDF804309B0703D4C6
S214013B482B7843F010032B7022F0C9FD4FF4FA636B
S214013B58B0FBF3F2FF2102FB1300C218204892B211
S214013B6807B0BDE8304020F011BC22F0EAFD04465B
S214013B780028C6D12B78013B092B1ED8134A1949B0
S214013B8805F06CFA184A194913780133D8B210703F
S214013B9822F075FD60B12046154905F05FFAFFF77A
S214013BA8D5FD0028ADD107B0BDE83040FFF7DCBE33
S214013BB807B0BDE83040FFF747BE40F61C4007B0E7
S214013BC8BDE83040FFF70ABCC55C0020BC700400A5
S214013BD8D3F20300AC700400EAF20300975C0020FD
S214013BE8383F0020FDF20300985C00203456002080
S214013BF8F4F103002DE9F0410B4686B004460E4663
S214013C0817463A490246002005F028FA4FF0000800
S214013C180123CDE901380DF11603009342464023EE
S214013C280621204622F00DF8054640B102463049E5
S214013C38404605F013FA284606B0BDE8F0819DF81F
S214013C4816202AB936B900202A4905F007FAF2E7FC
S214013C58012EF8D082F00103002027498DF817308D
S214013C6805F0FCF99DF817300DF1170633B310234C
S214013C780022CDE9006306214023204621F0ACFF4F
S214013C88064630B1324600201C4905F0E7F93546AC
S214013C98D1E74FB90821204621F000FE20B1204681
S214013CA89DF8171022F0D9F80521204621F0F6FDD7
S214013CB80028C0D0204622F0CDF8BCE74FB908212D
S214013CC8204621F0EBFD20B120469DF8171022F082
S214013CD8C4F810230022CDE90063062140232046BC
S214013CE821F07AFF06460028DED0CBE72CF5030044
S214013CF848F5030061F5030081F50300A1F503000B
S214013D08002208B5034B11461B681B685879FFF754
S214013D1871FF08BDC042002008B5044B00221B688D
S214013D2801211B685879FFF765FF08BDC0420020CE
S214013D3808B5044B00221B6802211B685879FFF757
S214013D4859FF08BDC042002010B50123002488B0E1
S214013D5801A88DF80430CDE90244F5F711FC204698
S214013D689DF80420124905F079F92046039A11496D
S214013D7805F074F92046029A0F4905F06FF91022EA
S214013D880E4B0DEB0201188840F0604040F480109D
S214013D98FBF744F920460A4905F07AF904A822F007
S214013DA8DCF82046074905F059F908B010BD00BFF0
S214013DB8BAF50300D9F50300F8F503006C700400A2
S214013DC817F60300211E040008B520F0CBFE0020DC
S214013DD8024905F043F9012008BD00BF34F6030087
S214013DE80023054A8360C360044BC0E9002311B170
S214013DF84FF6FF730B80704749100F2701300211E9
S214013E0810B5044660B10020064905F027F9052CCF
S214013E1806D002F0CBF904490246002005F01EF947
S214013E28012010BD48F6030059F6030037B50021F6
S214013E386A4601AB054620F056FF044668B10022E3
S214013E480F49104605F00AF902F0B0F90D49024685
S214013E58002005F003F903B030BD0B4905F0FEF864
S214013E6801201FF095FE01F099FF431C02D007F0D0
S214013E789DFFF0E721462846FFF7A6FFEBE700BFC0
S214013E8882F6030059F60300CAF6030038B505465C
S214013E9801F084FF044621F0A9FF4DB100200E4928
S214013EA805F0DCF8631C14BF2046002007F040FF2D
S214013EB820F066FE0228044605D0012805D1002018
S214013EC8064905F0CBF8204638BD0020044905F020
S214013ED8C5F80024F7E700BFE7F6030001F703007B
S214013EE81AF7030008B50020034A044905F0B6F896
S214013EF8BDE8084000F050BDC406040033F70300CF
S214013F0808B50020034A044905F0A8F8BDE80840AA
S214013F1801F0CAB952F7030033F703001FB5D0E919
S214013F28023253F8223068461C78214601F0D0FB4D
S214013F38684601F073FC28B92246044905F08EF854
S214013F4804B010BD6846FFF771FFF9E758F703009C
S214013F580020014905F082B874F703007FB50DF11A
S214013F68060102A8FFF73CFF0020264905F076F86F
S214013F780020BDF80820244905F070F80020BDF897
S214013F880A20224905F06AF8039A0020204905F01C
S214013F9865F800201F4905F07BF84FF6FF73BDF85A
S214013FA806209A4229D000201B4905F057F8002020
S214013FB81A4A1B4905F052F800201A4A1A4905F010
S214013FC84DF800221949104605F048F80020154A10
S214013FD8174905F043F80A220020164905F03EF86D
S214013FE80A220020144905F039F80A22002013494C
S214013FF805F034F807B05DF804FB0020104905F019
S2140140082DF8D4E783F703009BF70300B4F7030002
S214014018CDF70300E6F70300F1F50300E09304008B
S214014028FCF70300C02709001BF803003AF8030051
S21401403859F8030078F8030097F80300B5F8030069
S214014048F9F7030008B50020034905F007F8BDE8AD
S2140140580840012001F0FAB9D3F8030008B500209A
S214014068034904F0FBFFBDE80840002001F0EEB963
S214014078ECF8030030B5104B104D1B5C85B08DF87D
S2140140880F302B780446834206D00D4B0D4953F862
S2140140982020002004F0E2FF30232C700A48019308
S2140140A80DF10F030093062280231921007821F0D1
S2140140B893FD05B030BD00BFD3700400CD5C002071
S2140140C8E070040004F90300296A00201FB52323C1
S2140140D803900193064803AB00930122802319211C
S2140140E8007821F079FD039805B05DF804FB00BF60
S2140140F8296A002073B5164D04462B78154ECBB1A8
S21401410820F05FFD012815D0346040F6B244124B0A
S2140141181B78072B17D02D78C5B920F052FD031E42
S21401412818BF01230D48009522461921007821F071
S214014138D7F803E000233360002CE8D1201E18BF0F
S214014148012002B070BD02250123EBE70025FBE73D
S214014158CA5C00205C3F0020CD5C0020296A002054
S21401416808B50448FFF7C6FFBDE808400220FFF778
S21401417881BF00BFC027090010B5064C208821F072
S2140141886DFE608821F06AFE6068BDE8104021F087
S21401419874BE00BF603F00207FB523238DF813301F
S2140141A80DF11303029304230648019305AB00930C
S2140141B8012280231921007821F043FD059807B0D4
S2140141C85DF804FB296A00202DE9F047DFF84C91D9
S2140141D8044699F8000090460F4621F041FB0B284B
S2140141E899F8002005D9BDE8F04700203F4904F0BA
S2140141F835BF00263E4B3F4D1E803F4BDFF820A1C2
S21401420803EB00135B8801202B802A7104F04EFE15
S21401421805F0F6FE04F04AFE204604F047FE0123A8
S214014228042C8AF800300BD8022C45D89C4216D0AC
S2140142382346BDE8F0470020304A314904F00EBF56
S214014248062CF5D130462F4904F008FF384604F00D
S2140142582DFEFFF791FF97B18AF800600FE04FF641
S214014268FF76294F3888801B18BF012004F01EFEF0
S214014278FFF782FF3888B04201D021F0EFFD1923FD
S2140142886B8099F8003000202B71204B1B786B71DE
S214014298EB8843F04003EB801D4B198821F08DFD18
S2140142A8034620B1224600201A4904F0D7FE4046AC
S2140142B8BDE8F047FFF71EBF304604F0F7FDFFF7ED
S2140142C85BFFFFF769FF21F0D8FD134B1B78002B26
S2140142D80CBF3F20202004F0E9FD042CCFD14FF479
S2140142E8806021F0BBFD3220C7E700BF17F9030045
S2140142F8585600205C56002030410020D1E60300C5
S21401430863F9030046F903004C560020286A00208A
S214014318C86900207CF90300C95C0020296A0020CE
S214014328CA5C002038B5044605200D46FFF7A2FEF4
S214014338184B1A884FF6FD739A4207D10020164982
S21401434804F08CFEBDE83840FFF70ABF65B1134A92
S21401435813780133DBB2092B137014D90A22002013
S2140143680F4904F07BFEEDE7012C0ED10B4B1D70B7
S2140143780C490D48FFF734FDBDE8384000210120FF
S2140143880A4AFFF721BF012CF2D0BDE8384007489A
S214014398FFF7B0BEC8690020B6F90300CC5C002060
S2140143A8E1F903004C560020603F0020E09304002A
S2140143B808B50649002004F051FE0548FFF736FD0A
S2140143C8BDE8084000210846FFF7ACBF25FA030000
S2140143D8603F0020814237B50346154608D20020C3
S2140143E800910F4A0F4904F039FE002003B030BD92
S2140143F80C1A224600200C4904F030FE40F6BB5346
S21401440822460020094904F029FE4FF47A735C43DA
S214014418074B01209C4294BF2C602B60E6E700BF47
S214014428D1E6030036FA030073FA03008EFA030096
S21401443880EE360010B504460820FFF71BFE0D4B2C
S2140144483CB91C700021BDE8104006200A4AFFF757
S214014458BBBE1B78092BF5D90A220020074904F0B0
S214014468FDFD0020064904F0F9FDBDE81040FFF700
S2140144789FBF00BFCC5C0020C0270900BAFA030022
S214014488FBFA030073B51F4D2C7834B100201E4982
S21401449802B0BDE8704004F0E1BD0220FFF7EAFD76
S2140144A8FF221A4E1A4B30781A7021F0D9F90B28C8
S2140144B807D920463278174902B0BDE8704004F0A3
S2140144C8CDBD154B1549009301EB001101231922A7
S2140144D84FF6FD70498805F037FA70B12046104945
S2140144E804F0BCFD00220F4B0F481C700F4B1A70CE
S2140144F802B0BDE87040FFF7FDBD01240C492C70E1
S214014508EEE700BFCB5C00200CFB0300296A002005
S214014518286A002017F903001D48010030410020D1
S2140145284DFB0300CA5C0020C0270900CC5C0020B4
S21401453873FB030038B5144D04462B78052B21D997
S2140145481249FFF75DFC24B918B9114904F086FD34
S2140145580424104B195D21B9BDE838400846FFF719
S21401456869BF032C06D02B78052B03D006200A4AF0
S214014578FFF72AFE0021094B08461970BDE83840A6
S214014588FFF7D0BE38BD00BFCD5C0020603F0020DD
S21401459895FB0300C9700400C0270900CA5C002007
S2140145A830B5044689B00720FFF764FD052C0AD10B
S2140145B800222A4B03A91A7002A804AA01F0FEFDDC
S2140145C830B1022045E09CB90122244B1A7002241E
S2140145D8224D287878B1421E504221495041FFF7B2
S2140145E855FC022304462B70022C0ED10A200FE03C
S2140145F8022CE6D1EBE7631F5A424FF00500184933
S2140146085A4120F0E5FA0446EEE7032C04D10020CF
S214014618FFF770FD09B030BD062C06D10020114900
S21401462804F01CFD01232B70E0E70F4A0F4B287896
S214014638002C18BF13460E490E4A0094002808BFDE
S2140146480A4600200C4904F009FD201E18BF012067
S214014658400009B0BDE83040FFF76CBFC85C0020D9
S214014668603F0020D0FB0300C9FB0300C2FB030028
S214014678B1FB0300BBFB03000BFC030013B51F4C87
S2140146880620FFF7F7FC2278092A09D900201C49D9
S21401469804F0E4FC042002B0BDE81040FFF74ABF6E
S2140146A8184B1B782BB300201FF096FA20F089FAD6
S2140146B868B9FFF771FD144B196820F079FA0246BC
S2140146C80420002102B0BDE81040FFF77DBD01A817
S2140146D820F075FAFF2809D14FF4FA6023780133E0
S2140146E8237002B0BDE81040FFF704BD0198FFF73C
S2140146F8EDFC4FF4FA620320E3E700BFCC5C002030
S21401470826FC0300C95C0020703F0020F023F0B5AA
S21401471889B0CDE9000334488023002219210078A6
S214014728324E334F21F058FA0020324904F096FCF5
S2140147383246394603A801F041FD032804462E4DAA
S2140147481CD10626039A2D49002004F087FC0398FD
S214014758FFF7BCFC0020396800F0ACFE2E7001F0B3
S2140147689FF900220446264B30461A70FFF782FC52
S21401477884BB09B0BDE8F040FFF780BF28BB72686C
S214014788204904F06BFC214604A8FFF729FB059B8A
S214014798726893420BD020461B4904F05FFC07233E
S2140147A805202B7009B0BDE8F040FFF7F9BE1A46A0
S2140147B82046164904F052FC0523002101202B70DF
S2140147C809B0BDE8F040FFF7ADBD0020104904F080
S2140147D845FCF1E7042C05D0042009B0BDE8F040FB
S2140147E8FFF7A8BE09B0F0BD296A0020603F002087
S2140147F8703F00205EFC0300CD5C00208FFC0300A8
S214014808CC5C0020CAFC030003FD030057FD03002F
S21401481893FD0300F7B50446876800202378364DD4
S214014828012B287004D0354B3549187004F016FC56
S21401483826785EBB334B1B78FF2B04D103B0BDE84B
S214014848F040FFF78DBC304B1B78032B11D82F4C4B
S2140148580320FFF70FFC6946208821F05AFF00283D
S21401486843D02B49208805F0EDF820B12E70FFF7CC
S21401487877FC03B0F0BD0124204B26491C7004F0D8
S214014888EDFB0320FFF7F6FB2C70F2E7012E25D18E
S2140148983B78002BEDD01B4D2B78FF2BE9D1A68852
S2140148A802F04AFF864206D100201B4903B0BDE844
S2140148B8F04004F0D3BB194BA2881B783BB132B148
S2140148C81749002003B0BDE8F04004F0C7BB7B6879
S2140148D814491B782B700D4B1A80F2E7032E08D16A
S2140148E808226846A16809F0CFF86846FFF70EFF68
S2140148F8BFE700232B70A1E7CA5C0020CB5C002031
S214014908AEFD0300286A0020CD5C0020C86900209F
S2140149181D48010073FB0300CEFD0300C75C0020A1
S214014928F4FD03001FFE03007FB5094B1A78FF2A22
S2140149380AD1187001F088FB0022064B0DF106011A
S21401494802A81A80FFF74CFA07B05DF804FB00BF0F
S214014958296A00204A560020152838B517D10C4B6D
S2140149681D78A5B921F0BBFEC4B2012C38BF0124BD
S2140149780120FFF77FFB28462246064904F06EFB16
S2140149884FF47A706043BDE83840FFF7B3BB38BDD3
S214014998CD5C00203CFE0300034B1B78022B01D89C
S2140149A8FFF770BD704700BFCD5C002070B5284C7E
S2140149B820F002F92578274EBDB10020264904F0DB
S2140149C84DFB264A1378013313700023237033787E
S2140149D8062B0AD1BDE87040214B1868B0F5FA6F6E
S2140149E838BF4FF4FA60FFF785BB3378013B082BD5
S2140149F82CD8DFE803F005090D2B13191D22270013
S214014A08BDE87040FFF7C8BFBDE87040FFF73ABD84
S214014A1800232370BDE87040FFF7A2BB2946BDE816
S214014A2870400120FFF77EBCBDE87040FFF726BE48
S214014A380220BDE87040FFF7B3BD0120BDE8704015
S214014A48FFF7F8BCBDE87040FFF7B2BC70BD00BF09
S214014A58CA5C0020CD5C00206BFE0300CC5C002005
S214014A685C3F002010B90520FFF764BD034B1B7897
S214014A78062B01D1FFF79ABF704700BFCD5C002017
S214014A882DE9F0478E68054633189A780C46092AA8
S214014A988EB008D90020A34904F0E0FA8524204600
S214014AA80EB0BDE8F08750B98B899F49895C8B4267
S214014AB805D200919D4904F0D1FA8024EFE79C4B7A
S214014AC8E7881B889F4236D09A490978012932D946
S214014AD832B13A460020984904F0C0FA7E24DEE74F
S214014AE8964B1A70934B26791B78052B03D0012B0E
S214014AF83AD8FFF751FF5EB93146204621F0D2FA7F
S214014B080346002851D030468D4A8E4904F0A6FA4D
S214014B18D4F80880A48998F8037098F80450002EF1
S214014B284CD13046884A894904F098FA0021012078
S214014B38FFF7F8FB4FE00021804B1970072A00F2B7
S214014B488A8301A353F822F0ED4A01009B4C010029
S214014B589B4C0100AD4E0100AD4E0100AD4E01006B
S214014B684351010043510100022B17D102F0E4FD25
S214014B788742B3D00020764A764904F06FFAFFF7E9
S214014B8881FC46BB3146204621F08CFA034610B319
S214014B986B4A6C49002004F061FA1CE06E4A00205A
S214014BA86E4904F05BFA012479E7A3681B78DA06F4
S214014BB8AED432466A4904F051FAA9E700210AA898
S214014BC8FFF70EF9032F08D95F4B664A6649009727
S214014BD8002004F043FA002461E76B1E632B04D916
S214014BE8594B604A61490095F2E7614BE4B2DB5DD7
S214014BF89C4209D0CDE901430020534B594A5D49EF
S214014C08009704F02BFAE6E757B3A4B2224605212B
S214014C18404621F060F9BDF82830834203D04A4B5C
S214014C28554A5649B6E7012F1AD02246072140466B
S214014C3821F051F9BDF82A30834203D0424B4E4A3F
S214014C484F49A7E7032F0BD122460921404621F0F9
S214014C583FF90B9B984203D13B4B474A494999E791
S214014C68642D3FF463AF21F03AFD6423C0B2B0FB74
S214014C78F3F203FB12030133DBB29D42BFF456AFD6
S214014C88CDE900530020304B3B4A3F4904F0E6F992
S214014C98A1E7284B1B78052B01D03C4A7FE7EB1C84
S214014CA8DBB2277BF45C44B123460020374A3849F7
S214014CB804F0D4F900210C460BE00F2F0DD8102371
S214014CC8204634490093314A3B4604F0C7F980240C
S214014CD801210020FFF726FBE1E60435EDB2204668
S214014CE82A4A2D4904F0BAF97A1B7119D2B206A8D4
S214014CF81FF075FF05443A46E9B2304621F0E8F858
S214014D08264D069A2B68264F9A42386001D100280C
S214014D184AD1244900201D4A04F0A0F9852401211E
S214014D28D7E700BF88FE03000C710400A0FE03004D
S214014D38C8690020CD5C0020CFFE0300CA5C0020B5
S214014D4845FF03004DFF0300D5FF0300EAFF0300FC
S214014D5813FF030020FF030075FF030082FF030013
S214014D689FFF0300FFFF0300070004002100040063
S214014D78CF7004003F000400940404007900040086
S214014D88A3000400CB000400F2000400260104007E
S214014D98400104006F01040086010400603F002002
S214014DA8703F0020AF01040000F08EFF3E68B0425D
S214014DB80AD200F089FF9D4903463246204604F090
S214014DC84DF98924012184E7079A6B689A4205D12F
S214014DD82046974A974904F041F96BE796490978BE
S214014DE859B19A4209D22046944904F037F99621D6
S214014DF80620934AFFF7E8F95CE7924A924905A824
S214014E0801F0DCF9079E48B96A68964206D88F49C8
S214014E1804F024F90520FFF7C3FB40E632460020DC
S214014E288B4904F01BF939680027002000F042FB83
S214014E3800206E60FFF74AF9864B06201F80FFF7B1
S214014E4819F9854B1F7001F0B1F90646F8B94FF606
S214014E58FF73824A0AA81188994214BF13463B4633
S214014E686A88298801F012F90AA800F0D7FC58B117
S214014E780AA801F0DDF938B13046794904F0EEF8B0
S214014E880420FFF757FB0AE6FFF7F8FB07E60428B6
S214014E9805D1744B1921187820F039FAFFE5384600
S214014EA87149EBE7714B1B78062B01D0704A76E601
S214014EB8DFF8A0A1EB1C94F80C90BAF80080DBB2DE
S214014EC82EB930466B4904F0C9F88724E7E5F75C44
S214014ED82C1D972FE4B22FD025D8812F71D0952F6E
S214014EE867D017BBB9F1100F7FF6E7AD31194A46FF
S214014EF80AA81FF074FE0444E4B221464A46304626
S214014F0820F0E6FF231DDBB2053416F803A0E4B251
S214014F18A9EB04035345054666DA0093384653461B
S214014F28534A5549C7E5982F43D03B460020504A77
S214014F38524904F093F8C8E7B9F10A0F7FF6BDADF8
S214014F481FFA89F721463A46304620F0C1FF05F197
S214014F58080104463A46C9B2304620F0B9FF0AAA03
S214014F6801462046FFF736FA08B9454B0A93B9F1C8
S214014F780C0F12D905F10C013A46C9B23046DDF8D4
S214014F88288020F0A8FF044602463E49002004F087
S214014F9865F8AAF8004044440A940A9C3A4922460D
S214014FA8002004F05BF82046FFF7A4F81FF00FFE78
S214014FB811E63649002004F051F80320FFF7BAFA43
S214014FC809E6334C23786BB11FF0F4FD50B100208D
S214014FD8304904F043F8002323701FF0F8FDFFF76B
S214014FE84DFBF8E52C49E5E7DFF8A49099F8003081
S214014FF843B9FFF7D1F88542034607D01C4A27492B
S2140150080095E5E51FF0DDFD0128F2D110220D48D7
S2140150180AA909F033F810B9BAF13F0F42D9144A70
S2140150281F49002004F01AF84FE700BFCE0104001C
S2140150382601040006020400C65C00203B020400A8
S214015048C0270900603F0020703F0020CAFC03000B
S2140150587C0204004A560020CC5C00204C560020F6
S2140150689E020400296A0020BD020400CD5C0020CF
S214015078E3020400F80204002504040007040400FF
S214015088E0930400330304005E0304007D03040078
S214015098C95C002099030400D803040061040400D5
S2140150A89D0404006D4B187099F800304BB11FF041
S2140150B881FD30B128461FF080FD042807463FF4DD
S2140150C88AAD5146284632191FF0BAFE28B100208B
S2140150D8634903F0C3FF042070E799F8003055448C
S2140150E863B11FF067FD48B1FF2FF4D0012F3FF4DD
S2140150F872AD032F16D11FF068FD05462846FEF748
S214015108E5FF04460246052156481FF08FFD564B1B
S2140151181B689C420AD320461FF08DFE0520FFF728
S2140151283FFA58E51FF04FFD8046E7E74046FEF791
S214015138E1FF00287FF44FAD51E74C4B1B7803F095
S214015148FD03082B01D04A4A29E5A48935B1F2782E
S21401515822B10020474903F081FF2EE7E4B2224638
S214015168F11C0AA81FF03BFD434BBDF828201988FF
S214015178054691420DD04FF6FF718A4209D03C4A46
S21401518800203E4B3E4903F083FFBDF828203D49E9
S21401519847E7BDF82A20598891420CD04FF6FF718F
S2140151A88A4208D0324A0020374B354903F070FF4F
S2140151B8BDF82A20EBE70B9A5B689A420AD00132BF
S2140151C808D02B4A2E490020304B03F061FF0B9A7A
S2140151D82F4926E7A4B2E91C2246C9B2304620F078
S2140151E877FEE91DC9B207462246304620F070FE12
S2140151F8431C014606D10820FEF73CFF2548FEF76A
S21401520879FFE8E4384606AAFFF7E4F8A8B9214B7F
S2140152180693214B00221978204B18781FF0BBFC07
S214015228069C2046FEF766FF224600201C4903F02E
S21401523815FF0920FEF71EFFCDE440F6B733069AA0
S2140152489A42E6D840F6B8320020164903F006FF1F
S21401525840F6B833DCE7812421E400BFCC5C0020AB
S214015268D0040400F3040400703F0020CD5C002045
S214015278FC04040011050400603F002093000400AC
S21401528838050400F1F50300BD00040053050400C9
S214015298500D040080EE3600286A0020296A002096
S2140152A88B0504006005040008B50420FFF742F9E1
S2140152B80020FEF7DFFE0023054A19211370054A70
S2140152C81370054B1878BDE8084020F020B800BFD9
S2140152D8CA5C0020CB5C0020296A002010B5164B5A
S2140152E8164C1A78164B002053F82220154903F05D
S2140152F8B5FE2178144B154A0020002918BF1A4616
S214015308134903F0ABFE23782BB1124B00201A6821
S214015318114903F0A3FEFEF73FFF0446FEF73CFFE4
S2140153280E4B19681FF075FC2246BDE8104003466F
S2140153380B49002003F092BECD5C0020CA5C002019
S214015348E0700400A70504007D0C04005E0C040050
S214015358B40504005C3F0020CE050400703F002021
S214015368E705040038B5014604460020FFF788FB28
S214015378054698B1E37C00200A4A0B4903F06EFE05
S2140153882379042B0AD02946204620F08BFE0346B3
S21401539820B10020054A064903F060FE6FF0FF00C1
S2140153A838BD00BFD1E603000F06040045FF030021
S2140153B84DFF030010B51346094A127882420DD1F3
S2140153C863B1084A002014680A46074903F046FEF6
S2140153D82146BDE810400120FFF752BB10BD00BFB3
S2140153E8296A0020C04200203106040010B50D4B82
S2140153F81C782CB1BDE8104000200B4903F02EBEE6
S2140154086420FEF763FE4FF6F0716FF00F02074B4C
S2140154180320C3E9001222462146BDE81040FEF7E4
S214015428D3BE00BFCD5C00206A060400603F0020A2
S214015438014B1870704700BFC95C00200021062088
S214015448014AFEF7C1BE00BFC0270900014B18700C
S214015458704700BFC65C0020114B2DE9F041074696
S2140154680D4618680F49101A09681FF0D2FBDFF8B5
S21401547840800D4E98F800400346FF2C307004D04B
S214015488A8420AD32C44A04207DB3A460020074923
S21401549803F0E4FD337888F800303078BDE8F08111
S2140154A8783F0020743F0020CE5C00209807040057
S2140154B82A6A002050EA010208D0FF22054B091A81
S2140154C81A70054B1860054B19607047114610464F
S2140154D8FFF7C2BF2A6A0020783F0020743F0020E9
S2140154E82DE9F04FAFB006AD284600F0FDFD0026C9
S2140154F8624FDFF8D091284600F090F9044648B983
S21401550800F0BEFD5E490246204603F0A7FD2FB017
S214015518BDE8F08F39460020F2B203F09FFD284619
S21401552816A900F0FFFD044620B15649002003F0F5
S21401553895FD8FE0BDF85820534903F08FFD494685
S2140155482046BDF85A2003F089FD2046BDF85C20A8
S2140155584E4903F083FD2046BDF85E204C4903F012
S2140155687DFD2046BDF860204A4903F077FD2046B8
S214015578199A494903F072FD2046BDF86820474943
S21401558803F06CFD204646490DF16A0203F066FDFC
S21401559844492046239A03F061FDBDF85C30D907DB
S2140155A805D520469DF890203F4903F057FDBDF8E4
S2140155B85C309A0714D500203C4903F069FDBDF814
S2140155C85830B3F5807F4FD1002020F0CBFC18B1BE
S2140155D80DF1910003F0C4FC0020354903F03EFDAF
S2140155E8BDF85C305B070BD50020BDF8B220314909
S2140155F803F034FD0020BDF8B4202F4903F02EFD3A
S214015608062228460DF116030AA91FF031FB0446A7
S21401561890BBBDF81620294903F020FDDFF8A8A0A5
S214015628DFF8A8B00DF12808BDF81610A2B291420D
S21401563810D9B8F800205146002003F00FFD0134B8
S214015648D8F804205946002003F008FD062C08F176
S2140156580808E9D16C46204600F05AFD94E80F0088
S214015668013685E80F0046E70123202200200DF1C8
S214015678910103F057FCAFE7114957E7AA07040061
S21401568877090400B3070400D70704000B080400D1
S214015698240804003D080400560804006F080400A6
S2140156A8880804009D080400B9080400D20804000C
S2140156B8211E0400E5080400FE080400170904007A
S2140156C84A090400F0070400280904003809040000
S2140156D82DE9F04188B004AD0446284688460027DF
S2140156E800F002FD6E46474507D195E80F0084E8AD
S2140156F80F00204608B0BDE8F081304600F008FDEE
S21401570896E80F0085E80F00284600F087F801376D
S2140157180028E8D1014B0FCBE9E700BF607304000E
S2140157281FB5D0E9023253F8223068461978FFF7D8
S214015738CFFF684600F07CFD48B1042809D1074A26
S2140157480020074903F08AFC05B05DF804FB054A0A
S214015758F6E70020044903F081FCF5E71913040075
S21401576892090400C90C04009E02040010B5D0E991
S214015778023203EB8201496853F8223098B00C686C
S21401578804A81978FFF7A4FF03AB4022009321462B
S21401579808AB04A800F0E2FC024628B100200E4936
S2140157A803F05CFC18B010BD039808A900F00704C4
S2140157B80122C0F3C70003F0FBFB039908A8091BE5
S2140157C80144064801232246008803F0ABFB04483F
S2140157D803F0E4FBE6E700BFA209040068560020D0
S2140157E8211E0400F0B504460D460B4BEF880FCB7F
S2140157F884E80F00AB882E899B0741BFD5F839008E
S214015808D5F83D1004F1080303C3EA68204627804B
S21401581866806260F0BD00BF18710400102208B5EA
S214015828034908F02BFC003818BF012008BD00BF4B
S2140158386073040008B521F0B0FBC288FF21920806
S214015848012A38BF012202481EF0A0FD012008BD2A
S214015858883F002038B5134690B10120274A1070BA
S214015868274A00201160274A13600A46264903F092
S214015878F5FB02F043FB254B1870022002F044FBAF
S21401588821F0A6FBE8B91D4D1D4C2B782BB921F04C
S21401589884FB2268C368134423601A4B24681B6878
S2140158A89C4229D221F079FBC168204606F022F8ED
S2140158B8002402462C7050B921F08AFBFFF7BAFF84
S2140158C803E0FFF7B7FF0028DDD0012038BD2046EA
S2140158D80F4903F0C3FB0D4B187802F015FB0020A7
S2140158E80C4903F0BBFB00F091F908B900F0AEF9DA
S2140158F82046FFF7B7F8E8E70124ECE7D05C00207C
S214015908803F00207C3F0020C9090400CF5C0020AE
S214015918F5090400150A040038B500F04BFA0446E8
S21401592800F042FA241A21F038FB054618B9B121CD
S2140159381B4826F01AFEAB8803F00303032B03D09B
S214015948B221174826F011FE00F02EFA05461FF080
S21401595802FA01238340013B2B4203D0B4211048AD
S21401596826F003FE1FF0F7F901238340013B23428B
S21401597803D0B5210A4826F0F8FD05F091FD054645
S2140159881FF0E9F94FF48063B3FBF5F3C440A34273
S21401599805D2BDE83840BA21014826F0E6BD38BD33
S2140159A82B0A0400FF2108B504481EF000FDBDE8D7
S2140159B80840002211461046FFF74CBF883F0020DA
S2140159C8F7B504460E4600F089F8054621F0E5FAD3
S2140159D8C3682B449C4220D31FF0BDF92C44C44015
S2140159E8013C114F3B68DEB1A34219D101340023B3
S2140159F8ADF8043000F0E4F9054605F051FD103520
S214015A0804FB005405F04CFD01A90246204605F0AA
S214015A1899FD1FF0B0F9386004E04FF0FF34E0E775
S214015A28A342E4DB03B0F0BDE86500204FF0FF3287
S214015A380A4B10B51A600022094B1A7000F0B4F927
S214015A48044600F0B7F9214602460120FFF702FF97
S214015A5800280CBF0120042010BD00BFE865002007
S214015A68D15C002038B500F0D1F808B9002038BD5F
S214015A78094D0A4C2B7823B91FF07DF901232060C4
S214015A882B7024681FF067F901348440EED000F0CB
S214015A9825F82044EBE700BFD15C0020E86500202C
S214015AA870B50D4C2368002B01DA012070BD00F09B
S214015AB87BF9054621F071FA2468C6681FF04BF990
S214015AC8013404FA00F1294401208A19FFF7C2FEBD
S214015AD80028EAD00420E9E7E8650020024B1868A8
S214015AE80C301FF078B900BFEC650020FF2307B51E
S214015AF80021044A04480093FBF78AFC03B05DF8CA
S214015B0804FB00BFAD590100883F00200E4B70B55D
S214015B181C680546036804F582641C440E46FFF7B4
S214015B28DDFF2B68834208D232681A44824208D9BC
S214015B38C31A012033602C6070BD044A12681344EE
S214015B481C1A0020F7E700BFEC650020843F002000
S214015B582DE9F04FB3F5803F87B00F469846019080
S214015B6803D3002007B0BDE8F08F03A904A8CDE948
S214015B780332FFF7CBFF0024824600F10109DFF864
S214015B8888B05FFA89F9019BDDE90356AAB27BB1B1
S214015B983046109921F008FA0028E2D1B9F1020F2F
S214015BA82BD1DBF800300493019B03BB2F4421E083
S214015BB83946304605F0C6FC0028D2D1BAF1000FA6
S214015BC8ECD0002CEDD105F06BFC2E44B6FBF0F3BF
S214015BD803FB10600028E4D005F062FC05A9024624
S214015BE83046059405F0AEFC0028DAD0B9E7109BDC
S214015BF82B441093A8EB05050395631C4B454FF002
S214015C080104C0D32046ADE7843F00207FB56B462C
S214015C180C4A1068516803C390680C2218600A4B36
S214015C280DEB0201186821F0BFF90C2268460DEB4E
S214015C38020108F023FAB0FA80F0400907B05DF8CF
S214015C4804FB00BF28710400EC6500201FB5084A54
S214015C5801AB1068516803C3906801A91860054B29
S214015C680C22186805F06EFC05B05DF804FB00BF51
S214015C7828710400EC650020F7B5044615460E4663
S214015C8881B9072A03D80024204603B0F0BD0D4B7E
S214015C9880791968E379063000EB03200C3180B26D
S214015CA81FF0A3F8002721462B46324638460097B0
S214015CB8FFF74EFF04460028E5D039467019FFF76E
S214015CC87FFEE1E7EC650020024B1868A0F500604E
S214015CD8704700BFF865002010B58AB0684606F020
S214015CE815F810F0FF0027D1009BFBB1174C01A94E
S214015CF8206005F083FF10F0FF001DD12268009B8D
S214015D089A4204D34FF4DD71114826F02EFC019B0C
S214015D18104A11491360029A13440B600F49A3F500
S214015D2800630A600E4A1360009B63B940F2CF1104
S214015D38074826F01AFC06E0044A034612680020C3
S214015D48084903F08BF90AB010BD00BFF0650020C2
S214015D58DE0A0400843F0020F4650020F865002070
S214015D68EC650020860B040008B5FFF7B5FF21F0A7
S214015D7814F950B121F011F9064B02691B689A42D1
S214015D8803D2B321044826F0F0FBFFF7C5FD012036
S214015D9808BD00BFF8650020DE0A0400014B18683C
S214015DA8704700BFF0650020014B1868704700BFB8
S214015DB8843F0020014B1868704700BFF465002037
S214015DC8014B1868704700BFEC65002010B5FFF757
S214015DD849FE04462849002003F040F900202749D7
S214015DE803F03CF90020264903F038F9002025493C
S214015DF803F034F9244B00201A68244903F02EF9DD
S214015E0822462349002003F029F9FFF767FE2149B6
S214015E180246002003F022F91F4B00201A681F498A
S214015E2803F01CF91E4B1F4C1A6800201E4903F08C
S214015E3815F9226800201D4903F010F94FF4806215
S214015E4800201B4903F00AF922680020194910327C
S214015E5803F004F92268002017490C3203F0FEF813
S214015E6822680020154902F5826203F0F7F8BDE8BA
S214015E78104005F049BA00BF050C0400420C0400A6
S214015E88610C0400810C0400F0650020AC0C0400D1
S214015E98CB0C0400EE0C0400843F0020110D040016
S214015EA8F4650020EC650020340D0400570D04004D
S214015EB87A0D04009D0D0400C00D0400E30D0400D6
S214015EC82DE9F04194B004460D460020482102AA67
S214015ED81EF09CFF18B9534903F0C0F819E0602278
S214015EE80021204607F07EFD04224F4902A808F04B
S214015EF8C5F890B16DB19DF80B30002001939DF85F
S214015F080A309DF80820009348499DF8093003F0A7
S214015F18A5F8012014B0BDE8F081BDF80C20B2F553
S214015F28807F228003D0424903F098F8F1E7BDF854
S214015F381420BDF80E102281DDF816206180E2607B
S214015F480499BDF81A206160228284F8320007ADF0
S214015F5804F112020FAE2B4603CBB3421060516018
S214015F681D4602F10802F6D10F9B324A636313609D
S214015F78314B10221846002107F034FDE288A38829
S214015F88028022894280E26842600BB90020C1E79C
S214015F9800263546A388D90709D536B105F150023A
S214015FA86A4412F8482C84F838200135EDB29A076D
S214015FB814D520881EF040FE07466EB102AB03EBEF
S214015FC805080246414604F1390007F09BFE3A46A9
S214015FD841461A4807F096FE2F44FDB2A3885B0790
S214015FE80DD556B105F150036B4433F8482C33F8F8
S214015FF8463CA4F85A20A4F85C300435EDB2002ECD
S214016008C4D1482D02D930460D4965E729463820BE
S21401601802AA1EF0FBFE08B90A495DE738250126E3
S214016028B8E700BF060E040034710400380E0400F9
S2140160386E0E0400A83F0020AC3F0020B43F0020AD
S214016048890E0400D90E040030B50B4C99B025789A
S2140160586DB9FFF789FE68B129466846FFF730FF34
S214016068B0FA80F0054B4009187001232370002010
S21401607819B030BD0120FBE7D25C0020D35C0020BC
S214016088014B1878704700BFD35C002070B51E46D8
S214016098134B044618881D46884298B002D15B887F
S2140160A8934206D00F4B0FCB84E80F00204618B05A
S2140160B870BD96B100216846FFF702FF0028F1D1AE
S2140160C8BDF804305B0708D53388BDF85A209A42D4
S2140160D8E8D8BDF85C209A42E4D395E80F00E3E7D8
S2140160E8AC3F002060730400064B10B51B780446CD
S2140160F82BB9054B0FCB84E80F00204610BD034B88
S214016108F8E700BFD35C002060730400AC3F0020B2
S21401611810B50446024B0FCB84E80F00204610BD8D
S214016128607304000B4B10B51B78044608467BB118
S2140161380021FFF7C5FE48B910222146064807F098
S2140161489DFF003818BF0120C0B210BD0120FBE733
S2140161580120FAE7D35C0020AC3F00202DE9F0418E
S2140161680E4690460E4910221F4607F087FF044642
S21401617870B90C4B3A461D683046AD1B454528BFDD
S214016188454629461EF042FE28B9074902F066FF31
S2140161980120BDE8F081069B20461D60F9E700BF97
S2140161A8AC3F0020A83F0020D90E04000022024B75
S2140161B81A70FFF73BBC00BFD35C00202DE9F04105
S2140161C89CB00F4616468046FFF74CFC054602462D
S2140161D81549002002F042FF382D20D9012104A8D4
S2140161E8FFF76EFE0446D0B9119B04A93B606F46C3
S2140161F83846FFF7F7FA97E80F0086E80F00119B75
S214016208AB4297BF01210324084AC8F8003094BF5F
S2140162181170C8F8005020461CB0BDE8F081002275
S214016228024B01241A70F6E70B0F0400D35C00201A
S21401623870B5084D00262B7853B1FFF7F7FB0446D7
S2140162481022002104482E7007F0CCFB204670BDB2
S2140162583446F5E7D35C0020AC3F002008B50020A3
S214016268064902F0FBFE064B00201A78054902F0A3
S214016278F5FEBDE80840FFF7A9BD00BF2A0F0400D8
S214016288D35C0020540F040003460120024AC3E9E8
S214016298032000221A7070470100FEFF2DE9F04125
S2140162A80024264E264FDFF8A88088B000F0D4F9DF
S2140162B8A5B2854202D308B0BDE8F081284603A9F5
S2140162C81EF0DAFDA2B23146002002F0E1FE9DF88A
S2140162D80D2012B39DF81210BDF81030402914BFD6
S2140162E86E2179210020CDE900313946BDF80E30FE
S2140162F802F0CEFEBDF814201AB10020114902F0B2
S214016308C7FE9DF80C00BDF8182070B9079B0E490A
S2140163180093BDF81A3002F0BBFE00200B4902F0CC
S2140163289DFE013426F02EF9C0E7BDF81C30414623
S214016338009300209DF81A30EDE700BF6D0F0400AA
S214016348730F0400960F0400A00F0400211E04001A
S214016358C70F040010B500F0ABFABDE810400346BD
S214016368024A0020024902F079BE00BFEF0F04007E
S21401637826D80300D0E9023253F8223010B518881F
S21401638800F086FABDE810400346024A002002499A
S21401639802F064BEF50F040026D8030010B5D0E954
S2140163A80232002486B08DF8044053F8221003EB1D
S2140163B88203097801A88DF805105A681288ADF885
S2140163C806209A681288ADF80820DA681278ADF8BF
S2140163D80C40A24214BF402280228DF80A201A6976
S2140163E81288ADF810205A699B691288ADF81220F8
S2140163F81B68059300F0D0FB034A03460349204671
S21401640802F02CFE06B010BD91EE030026D803005C
S21401641838B50024064D26F0A1F845F824000634C0
S214016428C02CF8D10020BDE83840024902F016BE5B
S21401643880100020FC0F040030B5002087B02049EA
S21401644802F00CFE00201F4902F008FE00201E493B
S21401645802F004FE26F082F800240546A0B201A93F
S21401646801341EF009FD202CF8D126F077F81749DB
S214016478421B002002F0F2FD1549002002F0EEFD55
S21401648826F06CF80446012000F09EF826F066F81F
S2140164980E49021B002002F0E1FD0E49002002F021
S2140164A8DDFD26F05BF804461EF0D7FC26F056F80C
S2140164B8021B0020054907B0BDE8304002F0CEBDFA
S2140164C8281004005710040087100400A4100400C4
S2140164D8B3100400CD10040010B50C4603F022FDDD
S2140164E808B9032C12D101F0FFF804280ED001F0E8
S2140164F8FBF805280AD0064802F060FC1C2801D1E2
S2140165081FF058FCBDE8104002F068BC10BD00BF83
S2140165186D4E03002DE9F04F00274FF0FF36DFF8E8
S214016528A4B0264C87B0BBF80030B8B2834209D86D
S214016538731C3BD03246FF21214807B0BDE8F04F17
S2140165481DF024BF01A91EF097FC9DF8050001F077
S21401655801FFF8B19DF80480B8F1000F1AD1BDF813
S21401656810A0BDF8129025F0F9FF18210246BBB21B
S2140165784B43E018E158007C4FF47A73A2EB010C08
S21401658850B103FB0AF363450ED30B44981A8642AF
S21401659828BF06460137C6E74D466B43FAD0634522
S2140165A8F5D31944881AF2E74046F0E7FF21044874
S2140165B807B0BDE8F04F1DF0FABE00BF80100020FE
S2140165C8BC3F00204E5600202DE9F041014688B018
S2140165D858B1022810D01EF069FC78B3D2211948A8
S2140165E808B0BDE8F04125F0C0BFFF23164A17489A
S2140165F80093FAF70DFFEEE700244FF0010827464F
S214016608134EA5B2284603A98DF80D701EF034FC6A
S2140166189DF80D0068B101F09DFE20B19DF80C3083
S2140166280BB986F810800134202C06F11806E8D13B
S2140166382546084B1D80FFF76DFFCCE708B0BDE87F
S214016648F08100BFED10040085690100BC3F002001
S214016658801000204E560020014B1888704700BF56
S2140166684E5600202DE9F04F634A077D89B004464F
S2140166786249002002F00CFD00201FF073FC20B1D7
S2140166882368218A588803F09BFC00205C4902F0A5
S214016698E5FC637DDFF87491002B236808BF0820AA
S2140166A85988574B18BF00200093228A4FF00903D8
S2140166B814BF4FF080084FF0400802F02FFBA28964
S2140166C8BB1C93420CDB1FF0E7FC034620B10020FD
S2140166D84C4A4D4902F0C2FC012009B0BDE8F08FD2
S2140166E8A068791C89B2C55D1FF0F5FB0337012D3B
S2140166F80646BFB213D82368324659885879238A82
S214016708009343461FF031F8824600283ED1862082
S21401671802F0CCFB284602F0C9FB304668E085202B
S214016728F6E703A91EF0A8FB9DF80C30AB4223D16F
S21401673823689DF80D105A7991421DD1BDF80E10A7
S2140167485A88914218D1BDF81020B24214D19DF84A
S2140167581220424510D1BDF81410228A91420BD15D
S214016768002D38D0BDF81810E288914204D19DF862
S2140167781A201B799A422ED00BF1010BB9F800307A
S2140167885FFA8BF08342CCD88B20C1E74FF0000B21
S214016798F4E79AF8020002F089FBBDF818001FF02A
S2140167A85DFBBDF81A001FF059FB9AF8020003F0CA
S2140167B827FE002883D19AF8020001F09DFC0546C1
S2140167C8079E002D3FF47BAFF0B2013D02F06EFB51
S2140167D8360AEDB2F5E7002002F068FB284602F01B
S2140167E865FB30461FF03AFB012DD2D1BDF81C00DF
S2140167F81FF034FB63E700BF7C1104004E0504005C
S214016808211E040089110400A61104004E5600201A
S2140168182DE9F04391B0694680461EF02DFB002312
S214016828194F8DF801303888431E98B28045388054
S21401683809D1694640461EF027FB68461EF00BFB49
S21401684811B0BDE8F0834FF0180905A91EF014FB36
S2140168580E4C3E880AAD09FB06460FCE0FC596E8D4
S214016868030009FB084485E803000AAE404605A96B
S2140168781EF00AFB0FCE0FC495E8030084E8030058
S21401688869463888D7E700BF4E560020801000209A
S21401689808B5064B1B88834205D9FFF7B9FFFFF7F2
S2140168A839FE002008BD2720FCE700BF4E56002011
S2140168B838B5074D2C882CB9FF2106481DF077FD01
S2140168C8204638BD601E80B2FFF7A2FFF2E700BF80
S2140168D84E560020BC3F00202DE9F3479A46182360
S2140168E89DF82890244FCDE9001203FB097314463E
S2140168F8D3E902231FF0AFFC064620460D4603F0F7
S2140169087FFD04F0FD03382B80460FD100943246F4
S2140169182B460021DAF810001EF0D9FAB8F1010F5B
S2140169281BD135431ED102B0BDE8F087392CDAF801
S21401693810300BD107EE906A07EE103AF4EEC77ADC
S214016948F1EE10FAACBF01200020E7E79E4275F190
S21401695800032CBF01200020E0E7B8F1000FE2D1C8
S2140169680028E0D0182303FB097701233B7402B003
S214016978BDE8F047FFF7CEBD801000202DE9F04FA7
S21401698800252E46A846AA462C46DFF8BC91D1B06B
S214016998694BA8B21B88834209D81CB16188207943
S2140169A8FFF79AFDFFF7B6FD51B0BDE8F08F0BA9CA
S2140169B81EF062FA25F0D2FD1823AFB27B4309EB2D
S2140169C8030B59F8033005909DF82D00049301F048
S2140169D8C1FC002800F0AE809DF82C10002940F07C
S2140169E8A980DDE90432D01A4FF47A72BDF838303E
S2140169F85343834200F29E809BF8103043B9BDF89A
S214016A083A30002B00F096805343834200F292807E
S214016A18FD230022CDE9013210AB00930DF11902D6
S214016A280DF11A03E9B20BA8EFF772FC002877D12B
S214016A38BDF81A30DA1C0493D2B214B33F4B9DF852
S214016A482D101B8813442279914214D1BDF82E10BB
S214016A58628891420FD19DF83220B8EBD21F0AD135
S214016A68BDF83420524506D1B3424DDD00203449E5
S214016A7802F0F4FA01E0B342F8DC61882079FFF706
S214016A882BFD02F0E7F904469DF932002D4BC04371
S214016A98C00F0093BDF834200A23BDF82E10C0009D
S214016AA89DF8328002F03AF99DF82D304FF0000B30
S214016AB823714FF48A53FF26BDF834A04FEAD8183D
S214016AC8E38007A95FFA8BF01FF069FDC0B2B0B981
S214016AD89DF81D109DF82D20914210D1BDF81E106D
S214016AE8BDF82E2091420AD122469DF829109DF81C
S214016AF81C001FF0DAFAB04228BF3046C6B20BF1C6
S214016B08010BBBF1200FDCD1BDF830001FF0A6F950
S214016B189DF8190002F0CAF9049910A802F0DAF9EA
S214016B28182300225F4309EB07031A7425F016FDA4
S214016B3849F8070001352BE74E5600205856002025
S214016B4865120400211E04008010002070B5002480
S214016B580126104D8AB02B88A0B2834204D80AB009
S214016B68BDE87040FFF7D6BC05A91EF085F99DF86B
S214016B78150001F0EFFB50B19DF814303BB91A46E9
S214016B88CDE901360093E1B205A8EFF7C1FB013460
S214016B98E1E700BF4E5600202DE9F0430389DFF8F0
S214016BA858818BB0B8F800900093044683798288A0
S214016BB8418840781EF0D9FD002800F09580E789C5
S214016BC827B1A389BB4200F291800027B8F80030AC
S214016BD8BDB2AB4214D84D4601264FF6FF73E28983
S214016BE89A4226D146B9B8F80030AB4202D92846AF
S214016BF8FFF70EFEFFF78EFC00200BB0BDE8F08312
S214016C08284605A91EF038F99DF814307BB9226884
S214016C18059B5340FF2B0AD86368069E5E4036F0F4
S214016C287F4604D1BDF81C2023899A42D5D0013766
S214016C38CCE7E2689A422BD0002E53D1D4E903233D
S214016C48CDE9082305A81EF006F90028D5D1B8F81D
S214016C580030AB4204BF6B1CA8F8003025F07EFC60
S214016C6818236B43234AE9B2D050D418002305A849
S214016C781A46CDE901330093EFF74AFB18B1002213
S214016C880023C4E90223284605A91EF0FDF8B1E74A
S214016C98234605AA04F1100C1746186859680833E4
S214016CA803C763453A46F7D11868386005A81EF049
S214016CB8D5F80028C0D01F2D1AD800238DF8143017
S214016CC863788DF815306388ADF81630A388ADF86B
S214016CD81830A3798DF81A302389ADF81C300028AE
S214016CE8B0D1ABE70020E6E7862086E7872084E771
S214016CF8892082E7801000204E5600202DE9F04FAB
S214016D08B04A90F814908DB00446AF49002002F0BE
S214016D18BFF900201FF026F920B12368218A588878
S214016D2803F04EF90020A94902F098F9637DDFF8CF
S214016D38B8A2002B14BF802340230293236808BF00
S214016D4808205988A14B18BF00200093228A0723E0
S214016D5801F0E4FF00230393A28909F10305954294
S214016D6811DB039B13B9184602F0A0F81FF094F93B
S214016D78034620B10020964A964902F06FF9012091
S214016D880DB0BDE8F08FA06809F1010189B210F8CD
S214016D9809601FF0A0F83246804603468E49002057
S214016DA8ADB202F05BF98EB1012E00F08A8085271C
S214016DB8384602F07BF8304602F078F840461FF075
S214016DC84DF8852FD2D00123039376E0A06809F108
S214016DD80401A28989B2475D1FF07DF809F1060111
S214016DE8A289049089B2A0681FF075F83A46059002
S214016DF80090049B3046794902F030F909F10809F8
S214016E0838461FFA89F503F0FBFA002857D13846A9
S214016E1801F072F9294603468146A289A0681FF047
S214016E284BF86F498346304602F032F9A1684A4664
S214016E3829443346304602F075F83046634902F075
S214016E480DF9A9441FFA89F52368424659885879E5
S214016E58238A0093029B1EF088FC18B18378BB42F4
S214016E6840F0AC80483FFFB2092F05D840F21133F5
S214016E78FB40DB0700F1A48000238DF81C30236853
S214016E8807A85A798DF81D205B88ADF82080ADF8E3
S214016E981E30029BCDF82CB08DF82230238AADF82F
S214016EA82430049BADF82830059BADF82A30FFF74F
S214016EB873FE074600287FF47BAFA9464CE7B34626
S214016EC8C2E72946A289A0681FF005F84FF0000B13
S214016ED8024607464349002002F0C0F809F10509B1
S214016EE8BAF800301FFA89F5BAF800201FFA8BF9AC
S214016EF84A4503D81F2B31D9892759E7484607A998
S214016F0804931DF0B9FF9DF81C20049B012A22D189
S214016F1822689DF81D00517988421CD1BDF81E00D3
S214016F285188884217D1BDF82010414513D19DF8E4
S214016F382210029881420ED1BDF82400218A884287
S214016F4809D1BDF82800E188884204D19DF82A10A5
S214016F58127991421BD00BF1010BC5E70122994624
S214016F688DF81C20226851798DF81D105188ADF8CE
S214016F782080ADF81E1002998DF82210218AADF8EE
S214016F882410E188ADF8281012798DF82A2007A870
S214016F98ADF82C701DF05FFF074600287FF408AF98
S214016FA8BAF800304846994508BF09F1010307A910
S214016FB808BFAAF800301DF067FF7EE78D27F7E6C1
S214016FC88C27F5E6901204004E050400211E0400E5
S214016FD8F1120400A611040098120400B512040068
S214016FE8D6120400E11204004E5600202DE9F04F97
S214016FF8074688469146002589B09A46BDF848B0A6
S2140170089DF84C60149C224B1A88A8B2824235D946
S21401701803A91DF031FF9DF80C201D4BB2BB9DF84E
S2140170280D10B94232D1BDF80E1041452ED1BDF82A
S214017038101049452AD19DF81210514526D1BDF8A0
S2140170481410594522D13046029201F055F8A6F19E
S2140170584103012B01460AD820461EF042FF0D4B7C
S2140170680D4A204484420CD10421029302ACEDB2AD
S21401707832462046009503ABFFF72EFC09B0BDE863
S214017088F08F14F8011F4B405343EBE70135BBE77C
S2140170984E560020C59D1C81930100011FB50F4C5B
S2140170A82478C4B142EA03229DF818308DF80510F9
S2140170B842EA43220A4BADF80C201A78094B8DF8A0
S2140170C80610079903EB021300908DF80400DB689D
S2140170D868460291984704B010BD00BFD45C0020F2
S2140170E8D65C0020DC3F002073B51A4DFF211A48F4
S2140170F81DF05DF92B7853B3184C194E23781801F7
S21401710806EB03131A7A5968305C1FF0CCFA4D283F
S2140171181DD0E0B1012300212278CDE9003112010A
S214017128B25CC0B2FFF7BAFF0A2223780A480133D5
S214017138DBB2B3FBF2F102FB1133FF2123702B788C
S214017148013B2B7002B0BDE870401DF028B902B0B3
S21401715870BD00BFD45C00207C400020D65C0020B7
S214017168DC3F0020F8B5104F3E780A2E1AD00FC81B
S214017178DFF840C00D4D9CF80040013605EB0415BC
S21401718885E80F000A230134E4B2B4FBF3F203FBEB
S21401719812440748FF218CF800403E701DF0FFF8A6
S2140171A80020F8BD0120FCE7D45C0020DC3F00206D
S2140171B87C400020D55C00200021024A0248FAF7EC
S2140171C85DB900BFF17001007C400020002337B58F
S2140171D80C46124D12492A78CDE9003312018A5C11
S2140171E801230146E0B2FFF759FFA4B90D490A7811
S2140171F88AB10A202B78013A0133DBB2B3FBF0F4EB
S2140172080A70FF2100FB143307482B7003B0BDE852
S21401721830401DF0C4B803B030BD00BFD65C0020B6
S214017228DC3F0020D45C00207C40002008B500F03C
S214017238BDF850B1054B064A0649052808BF1A4647
S214017248BDE80840002001F009BF08BD0513040089
S214017258211E04002613040008B503201FF03DFA7A
S21401726810B90122014B1A7008BD00BFD75C002077
S2140172780022024B18781A70704700BFD75C0020AE
S2140172880246FF2101481DF081B800BF9C4000203E
S214017298114B37B51D78C5B9FF2110481DF087F881
S2140172A8FFF7DAFF044600900D4B28460D4A0E49B3
S2140172B801F0D4FE4CB10D4B1B78DB0605D52846EC
S2140172C81FF0E5F920461DF037FC094B186803B096
S2140172D8BDE83040FFF7D4BFD75C00209C400020B3
S2140172E8431304007113040030EB0300C55C00204F
S2140172F8FC650020FF2101481DF059B89C4000207C
S21401730870B51A4E054633780C466BB30020184AFA
S214017318184901F0BDFE032C01D0652C20D1164971
S214017328002001F0B5FE22460020144901F096FE21
S2140173380020134901F0ACFE01232946082200204B
S21401734801F0F0FD00200F4901F088FE032C88BFEC
S2140173580023204688BF3370BDE87040FCF7BEB8EE
S214017368012CE0D00849DBE770BD00BFD75C0020E0
S214017378711304001AEF030084130400D1F5030007
S214017388A2130400211E04009A130400014B18607E
S214017398704700BFFC6500200021024A0248FAF740
S2140173A86DB800BF997201009C400020054B10B5CE
S2140173B81C782CB90448FF211CF0F1FF204610BDAB
S2140173C80520FCE7D75C00209C400020F8B5002487
S2140173D8074B084E1D68084FE3B29D4204F10104AD
S2140173E800D8F8BD394656F823001CF097F9F3E79C
S2140173F84C8F0400508F0400C866002010B5044C5A
S21401740823780BB11FF059F90123237010BD00BF73
S2140174182B6A00202DE9F743254B0D4616460446F0
S214017428019350B14AB1042301AA12F8011BA942DB
S21401743835D0013B13F0FF03F7D1212003B0BDE897
S214017448F08317F8010F90FAA0F0000E1CF0A2FBCB
S214017458014608EB07039945F3DCCAB2C1F30F23CB
S21401746892FAA2F293FAA3F3120E1B0E03EB02236F
S214017478DB43621912F8020C99B2DBB298420CD1BE
S21401748812F8013CB3EB112F07D1324621462846A4
S21401749803B0BDE8F0431FF078B82320CEE74FF6D7
S2140174A8FF71671EA5F10209C4F10108D1E700BF03
S2140174B8080A0E12014B1870704700BFD85C0020EE
S2140174C8024B1A6818608260704700BF0066002089
S2140174D8024B186800B14068704700BF006600207C
S2140174E870B5044600250A4B1B687BB100211E882F
S2140174F807E05A6802EB0110013145B9021B5542F3
S21401750855418AB29642F4D89B68EEE7184670BD94
S214017518006600202DE9F04F1E46002393B0022E88
S214017528074688461446DDF870909DF874A0ADF8B5
S2140175381A3040F2C08099F800305A0729D5042E2F
S21401754840F2B98099F804B000255F4B33F835202E
S214017558002A00F0B68001350A2DF7D1209B002BB2
S21401756840F0AD80FF250023207908AA0DF1190106
S2140175788DF819301EF043FC70B1BDF82C309DF81B
S214017588190023801EF0BDFC0790C0B113B0BDE8FA
S214017598F08F99F802B0D7E720791EF061F90B2829
S2140175A8059000F28A8020791EF0BCFC079000281E
S2140175B8ECD1464A059B02EB03135B8823804FF602
S2140175C8FF73002F08BF434662880021CDE90023D8
S2140175D858465246238802F0FDFD18B1E38843F069
S2140175E82003E380209B07A90DA8CDE90D34CDF82B
S2140175F83C90ADF84080ADF842608DF844708DF847
S21401760845A01EF00FFC08B10798BFE7484602F0F0
S21401761825FDA01D02F010FD2246414638461EF003
S21401762844FDB04227D3E3882246C3F30E03E38022
S2140176389DF87C3041460393BDF87830384602936E
S2140176480DF11A03CDE90093F3B21DF07CFE209BE1
S214017658079003B3F8B9BDF81A2042B1092D06D828
S2140176681B4B03EBC5018A80209A43F8352011206D
S214017678FAF7CCFB1CE0BAF1000F0AD10DF11A0398
S214017688CDE9006322464B4641463846FAF7D2FF13
S214017698DDE73820DBE7052807D1E388DB0607D5D1
S2140176A8002301200793FFF705FF079B002BDED079
S2140176B81EF02CFCA8E7012068E7212066E71C20BD
S2140176C864E7EDB24FE700BFC44000203041002018
S2140176D8C04000204FF6FF72024B1A805A809A80EB
S2140176E8704700BF5056002010B5044C2379FF2B75
S2140176F802D11FF010F82071207910BD50560020D5
S21401770810B50C4C2379FF2B08D100201EF0F9FB8D
S21401771820B91FF000F820711EF0F8FB2079022826
S21401772805D00438012894BF0020012010BD002090
S214017738FCE700BF505600204FF6FF7310B5044C07
S21401774822889A4202D11EF0DCFF2080208810BDD4
S2140177585056002010B5FFF7BDFF40F61D4398426E
S214017768044607D8B0F5416F05D2182826D815283B
S21401777848D829D010BDA0F541630D2BFAD801A22F
S21401778852F823F0D1770100D17701007D77010007
S2140177987D7701007D7701007D7701007D77010007
S2140177A87D7701002178010033780100CD7701004B
S2140177B8CD770100CD770100CD77010040F606436D
S2140177C89842D7D11C4920E0FFF7B6FF1B4902466D
S2140177D8002001F043FC152C05D11EF07CFFBDE806
S2140177E810401EF028BB164B164A1749B4F5416FD0
S2140177F808BF1A46002001F031FC1EF01BFB1EF0E4
S2140178081AFBECE71628DDD11049002001F026FC0A
S214017818BDE810401EF031BC1DF07CFEBDE81040EE
S21401782802460B49002001F019BC0020BDE81040B3
S214017838084901F013BC00BF011B0400AE1A04007E
S214017848211E0400A91A0400CA1A0400EA1A040030
S214017858161B04003E1B040007B5094A0346108898
S21401786831B9084A084903B05DF804EB01F010BCC9
S2140178780091064A064901F00BFC03B05DF804FBCB
S214017888685600202DE603005E1B0400D1E60300BF
S21401789830EB03000D4B37B51B68044693B11D78D2
S2140178A80389012D08BF02250093C37A084A0020E0
S2140178B8084901F0D3FB2146284603B0BDE830400D
S2140178C81EF0E1BE022003B030BD00BFFC4100201F
S2140178D8D31B0400821B0400002010B51EF011FB08
S2140178E80D4B1B6863B15A78052A03D862B1052483
S2140178F802220AE0FF2AFAD00020084901F0AEFB6E
S214017908BDE810401EF002BB144610461EF017FFD5
S21401791820461EF012FFF3E7FC410020D81B0400A6
S21401792813B5134C00201EF0ECFAFFF7D3FE2368BC
S2140179389BB101A81DF0E1FD78B923681A789DF876
S21401794804309A4209D0D91E032906D9D11E012925
S21401795803D9012A07D1022B05D1032301A8ADF8C3
S21401796804301EF096FE02B0BDE810401EF0CEBAF6
S214017978FC41002000231946034A01330A2B918053
S21401798842F8081BF9D17047C04000207FB50E4663
S21401799805461EF080FE2A46044603460D49002089
S2140179A801F05CFB96B10C4B36211A889B78ADF832
S2140179B80C208DF80E300323002200934FF6FC703E
S2140179C803AB8DF80D501EF0BAFD0446204604B0F0
S2140179D870BD00BFF91B040070730400FF2810B5C2
S2140179E80C4604D10020044901F038FBFE2021464C
S2140179F8BDE81040FFF7CABF121C0400F8B51E46C2
S214017A080B8807460C461546002B64D14A88B1F9FF
S214017A18021000200029B8BF6B78304901F01EFB20
S214017A286288132A1DD002F5FF437F339BB2052BCC
S214017A3823D8A2F50042013A052A1ED8DFE802F04B
S214017A48193F1D033C09264A2649002001F006FB7A
S214017A5813E0254A2349002001F01AFB2A79234915
S214017A68F3E7022E94BF4FF6FF72B5F801202049BE
S214017A78EBE700201F4901F0F1FA33462A46214672
S214017A8838461FF064FE70B933462A462146384602
S214017A981FF05FFE48F2210362889A4203D13846F6
S214017AA869781EF0B5F96388B3F5004F02D9082046
S214017AB8FAF7C6F90120F8BD2A790F49C5E70F4A32
S214017AC80849002001F0E4FA032E94BF4FF6FF722E
S214017AD86A880B49B9E70020EDE700BF4D1C040092
S214017AE8751C04007C1C04008D1C0400931C0400F7
S214017AF8A11C0400B91C0400D31C0400F51C0400D6
S214017B08FA1C04002DE9F04116888AB0DFF88C804B
S214017B18ADF80E300DF10E03C8F800201546009397
S214017B28324610AB07460C46FAF716FE90BB109B7A
S214017B388DF824000693BDF80E3004A8ADF81C3065
S214017B48AB898DF81070ADF820306B890594ADF8C7
S214017B581E60ADF822301EF063F9D8B921463046CA
S214017B68BDF80E30109A01F0C9FF98B92146304683
S214017B78BDF80E30109AFFF741FF58B9CDE90060FD
S214017B8839462046BDF80E30109A02F049FB08B96E
S214017B98C8F800000AB0BDE8F08100BFBC4000206C
S214017BA8F0B585B004AB03E9030000231C469DF835
S214017BB80D609DF80E70154AD9B202EBC1004568F2
S214017BC8EDB99DF80C30284600939DF80A209DF8DB
S214017BD80B300F4901F05CFA26B1324628460D49AA
S214017BE801F056FA0C4A0020002C18BF2246BDF8B0
S214017BF808300A4905B0BDE8F04001F02FBA12F87E
S214017C0831100133B94208BF2C46D5E71873040072
S214017C180C1D04001D1D04009CE50300211D040025
S214017C284FF6FF7310B5084C88B062889A4207D1A0
S214017C3802A90DF107001DF05EFCBDF81030638047
S214017C48608808B010BD00BF505600202DE9F04FDF
S214017C5885B0894692461C460746BDF83850BDF899
S214017C683C80109E002833D00346464A00204649E9
S214017C7801F00EFA2388002B76D040F209129342BF
S214017C8874D0424A4249B3F5827F08BF0A46CDF806
S214017C9804806188002000913E4901F0F9F92388A3
S214017CA893B1B8F1020F0FD933783B4913F0010F9E
S214017CB83A4A18BF0A4659074FF000004CBF3379B5
S214017CC8B378374901F0E4F90020364901F0C6F9DE
S214017CD80023354931F83320AA4249D1334A52F8AC
S214017CE833B0002331F83300DA00A84246D1002029
S214017CF82E490A44908041F8330047B9238833B99E
S214017D08B4F90230002B02DB0820FAF77FF80120CD
S214017D18FAF796F89EB13578EB0710D515F00400FA
S214017D2804D04246012130461EF0D5F8CDE901704F
S214017D38434622465146484600961DF0EEFDBBF1E5
S214017D48000F06D04346224651464846CDE900670D
S214017D58D8474346224651464846CDE900671DF0B6
S214017D68A2FA05B0BDE8F08F114A90E7114A8EE7EE
S214017D7801330A2BAED14FF0000BB2E701330A2BC1
S214017D88B0D1BAE7D9DC0300481D04009DE503001D
S214017D98361D0400561D0400391D0400411D04004B
S214017DA8871D0400211E0400C4400020C040002096
S214017DB82F1D0400331D04000D4BF0B54FF00C0CBD
S214017DC81F88054600230B4EDCB2BC4201D30020B7
S214017DD8F0BD0CFB04F43019345DAC4205D144887F
S214017DE88C4202D104799442F2D00133ECE700BF09
S214017DF8CA6900201066002073B501262B4D2C4C4D
S214017E082A462046FF2300210096F9F701FB2A4659
S214017E182046FF2300210096F9F7FAFA2A4620465B
S214017E28FF2300210096F9F7F3FA2A462046FF2396
S214017E3800210096F9F7ECFA2A462046FF2300218E
S214017E480096F9F7E5FA2A462046FF230021009610
S214017E58F9F7DEFA2A462046FF2300210096F9F7AD
S214017E68D7FA2A462046FF2300210096F9F7D0FACA
S214017E782A462046FF2300210096F9F7C9FA2A4622
S214017E882046FF2300210096F9F7C2FA2A46204623
S214017E98FF2300210096F9F7BBFAFF232A460021A3
S214017EA820460096F9F7B4FA02B070BDDD4B030020
S214017EB8104100202DE9F84300244FF00C090C4B23
S214017EC80C4F1E78DFF830803A88E5B2954202D327
S214017ED83046BDE8F88309FB0585FF21A8681CF034
S214017EE874FA18B9AB799E4238BF1E460134EBE7DF
S214017EF8D95C0020CA69002010660020014B18785A
S214017F08704700BFD95C0020014B1870704700BF4E
S214017F18D95C0020F8B506460C461DF06EFF0546EE
S214017F28C8B930461DF09CFC0B2815D80B4B03EB43
S214017F3800131F7B87B95A88012122809A88304608
S214017F4862809B79237100F037FA394660713046B2
S214017F5800F032FAA07101252846F8BD304100200C
S214017F6870B504460E4615461DF07AFC0B2802D954
S214017F784FF6FF7070BD094B03EB00131A7B002AFE
S214017F88F6D146B901222946204600F03DFA0028D6
S214017F98EED00088EEE7012EEAD1F4E73041002062
S214017FA8FF2313B50DF1070104468DF807301DF0C0
S214017FB822FF18B19DF8070002B010BD074B03EB6E
S214017FC804131B7B0BB1FF20F6E7204600F03AF9B5
S214017FD80028F8D0204600F0E9F9EDE73041002006
S214017FE813B5F6F7EBF90446F6F7EEF9224603461B
S214017FF81249002001F032F800F084FFFFF7BAFCBE
S21401800800F0A6F80221084602F046FDFFF764FCD8
S21401801841F249001EF0A5FB4FF0FF130093FF2322
S21401802868468DF804301EF082FB4FF400401EF0BF
S21401803860FB00201EF07DFB02B010BDD61D0400BB
S21401804838B505461DF0F9FE90B928461EF0A5FA82
S214018058044628B140F60443984214BF88248D2468
S21401806823462A460020034900F0F8FF204638BD7B
S2140180788D24FBE7EE1D04002DE9FF4705460E4655
S21401808817469846BDF83090DDF834A0BDF838405C
S214018098CDF80090CDE9014AE4B2FFF7D7FD434693
S2140180A83A4631462846CDE90094CDF808A01FF097
S2140180B817FBFF21034B044A044804B0BDE8F04708
S2140180C800F01ABE5C56002058560020B15E00200B
S2140180D8044B01461888102240F0404040F48010B6
S2140180E8F6F79CBF6E700400024B18685968FFF7D4
S2140180F857BD00BFBECB04000123064AD15C8142AE
S21401810802D1054AD05C704702335F2BF6D10020B6
S214018118704700BF727304007373040070B50022C1
S2140181280446094B1D78094BD0B2854201D8FF2079
S21401813870BD1E78A64204D10029F9D05E7BF607E9
S214018148F6D401321033EFE7DA5C00203041002024
S2140181582DE9F04198B06B46304A1068516803C360
S21401816890680CAA18602E4B14469C4603F1180614
S214018178154618685968083303C5B3422A46F7D125
S21401818812AA1746274B03F11806154618685968A8
S214018198083303C5B3422A46F7D1234A03AB10680E
S2140181A851684FF0010E03C3906871681860DCF8D7
S2140181B83000002206AB03C30C21EC46B068CDE9BB
S2140181C809221860194BDFF86C801970184B0DEBF3
S2140181D801060B9206AD09A91CF8010B01321870AD
S2140181E834F8020B0C2A588037F8020B83F80DE096
S2140181F8988016F8010B03F1100303F80A0C15F81A
S214018208010B08EBC00043F8080C11F8010B03F842
S214018218040CE1D118B0BDE8F08100BF081E0400C7
S214018228E2760400FA760400151E0400DA5C0020E3
S21401823830410020DC730400014B1878704700BFFA
S214018248DA5C0020034B03EB0013587B00F00100B7
S214018258704700BF30410020F0B504460846D9B142
S21401826800220E4B11461F780D4B1D46D6B2B7425B
S21401827801D8002010E01E78A64206D09E68F6882F
S214018288314489B201321033F0E75E7BF607F9D53F
S21401829805EB02150180A868F0BD00BFDA5C002076
S2140182A8304100202DE9F347894690461D4607468A
S2140182B818B9002002B0BDE8F0870029F9D0002AD5
S2140182C8F7D0002BF5D0002400780DF10601ADF8A3
S2140182D80640FFF7C1FF0028EBD039460DF106022C
S2140182E8BDF806601DF0B1F907460028E1D00DF18A
S2140182F80602BDF806A01DF0CFF90028D9D0C9F8A6
S2140183080070C8F80000037913F0200219D1DB06C3
S21401831814D4BDF806300C4A564413FA86F612FAF7
S21401832886F20BE01A790C33920642BF13F8092C31
S214018338891889B29842F5D8044A0A4401202A6065
S214018348B8E72146024BF5E7FD5D0020DB5C00201F
S2140183581C76040008B50021FFF7E0FEFF2817BFCA
S214018368044B084603EB0013587B18BF00F00100C6
S21401837808BD00BF304100202DE9F0410D461646E4
S2140183881F461DF06DFA0B280AD8074C3B4604EB2E
S214018398001032462946BDE8F04180681DF02DBA26
S2140183A80020BDE8F08100BF30410020014B0001EC
S2140183B8185C70473041002070B50C461DF050FA25
S2140183C80B281BD80F4B03EB00139A68C2B1002386
S2140183D8142618461579D9B28D4200D870BD116891
S2140183E806FB0311097B34B911F0800F1CBF01305D
S2140183F8C0B20133EFE711F0400FF7E70020EDE7D1
S2140184081046EBE730410020F8B50D4616461DF03C
S21401841827FA0B280BD80F4B4FF0140C03EB00135D
S2140184289A6800231C461779D9B28F4201D80020D2
S214018438F8BD10680CFB0300017B46B911F0800FEC
S21401844803D0AC42F4D00134E4B20133ECE711F0C6
S214018458400FF5E7304100202DE9F04F064600248D
S2140184683A4B87B01B783A4F0093009B9C4207D241
S214018478FF2E08D030461DF0F3F90B28044606D91E
S21401848807B0BDE8F08F07EB04131B7B2BBB23015A
S2140184984FF00008019307EB041A14E014221B6836
S2140184A802FB05352B89B3F5967F01D924F06AF8C6
S2140184B84FF000094FF00C0B29891FFA89F29142F7
S2140184C80ED808F10108019B5FFA88F5FB189B682E
S2140184D81A79AA42E2D8FF2ED2D10134E4B2C4E70F
S2140184E81FFA89F00BFB00F06B6819180A7912F06D
S2140184F8100F23D19AF800E012F0400F8DF80CE027
S214018508B5F800E0185AADF80EE00CBF4FF0400E73
S2140185184FF0800EADF8120028468DF810E01DF0D9
S21401852860F85307ADF81400C8780AD50228896898
S21401853800D90968002203A81DF02FF909F10109DD
S214018548BAE702288CBF89680831F3E7DA5C0020AD
S21401855830410020052370B5094A06881488B442BC
S21401856808D19578047B2C403F2C03D90D4201D0C5
S214018578506870BD013B02F10802EFD11846F8E7D2
S2140185888C76040070B50024074D084E2B78E0B2AF
S214018598834200D870BD06EB0010437BDB0701D58C
S2140185A81DF03DFA0134F1E7DA5C00203041002085
S2140185B8F8B50C4600210546FFF7B0FDFF2829D07F
S2140185C8154A060102EB00135B7B03F001016CB14F
S2140185D843F001031644A142737305D0C4B100B237
S2140185E802EB00101DF01BFA0120F8BD2346F1E747
S2140185F87B4311682846CA18127BC95AD2091CF04F
S2140186087AFE0134B268E3B211799942F0D8EBE701
S2140186181427F7E70846E8E730410020F0B5944606
S214018628497D20B339B3012918BF042100254FF627
S214018638FF702F462A46144E3488644511D196F8A1
S21401864803E01EEA010F0CD0B4789C4209D30AB1A4
S214018658BC4206D81EF0100F03D08AB1BC420CD318
S21401866870B90135072D06F10406E5D1F0BD0029DC
S21401867808BF0821D8E70221D8E727460020F0E7F7
S21401868827460122FAE700BF707604002DE9F04F6D
S2140186980A9FBDF824E09DF82C809DF830904C7D0B
S2140186A878B394B3012C18BF04240025194800F1A7
S2140186B81C0C068896421ED190F803B01BEA040FDC
S2140186C819D08678464516D31BF0100F91F80FA0DF
S2140186D804D0BAF1000F0ED0B1F810A0BAF1000F0D
S2140186E809D1A94513D0AE4511D95E553E88013545
S2140186F801363E80ADB204306045DAD10120BDE8CE
S214018708F08F002C08BF0824CDE70224CDE700200F
S214018718F5E700BF707604002DE9F04F0024B1F5A7
S2140187287C4F0E4638BF4FF0010BA246A1464FF6C6
S214018738FF781F4628BF274B85B028BFB3F800B07F
S214018748009001925C4503D3404605B0BDE8F08F22
S214018758B6F57C4F0CD3204B3A4603EB84033146DF
S2140187685B880098FFF708FE054680B300232AE0D9
S2140187783A46314600981DF0A3F8F5E70C229CB25C
S21401878854436A680199105B02EB040C884219D3BA
S214018798B9F1000F01D0504514D861462846CDE9F5
S2140187A802321CF01EFF029B60B1039A125BB9F1FC
S2140187B8000F03D0524501D3804503D9924680461F
S2140187C84FF0010901332A899CB2A242D6D8013456
S2140187D8A4B2B7E7D2730400D47304002DE9F04FAE
S2140187E891461A4600238BB08DF82020BDF85020FC
S2140187F88DF81C00ADF81E10ADF8242005460F466E
S2140188081A4604A907A8159C9DF858609DF85CA00F
S2140188189DF860B09DF864800493ADF822901CF032
S21401882868FF049850B92B46CDE90079644A654932
S21401883800F014FC86200BB0BDE8F08FBAF1000FEB
S21401884814D18378B34206D050465D4A5E4900F09B
S21401885805FC8D20EFE7037913F0010306D11846CE
S214018868574A5A4900F0FAFB8820E4E703795B0780
S2140188782CD583685A689B680592069380781DF004
S214018888CCFC049B0546DF782146022F03463A4670
S21401889810D805A81DF07DFC81462B463A46214690
S2140188A806A81DF076FCB9F1010F01D001300DD1F3
S2140188B88720C0E705981DF06CFC0128F8D02B46E8
S2140188C83A46214606981DF064FCEFE7BBF1000F17
S2140188D86FD1049F4FF6FF722146B8781CF01FFE31
S2140188E800286BD0BDF82430C5B20093CDE90254F8
S2140188F89DF82030BDF82220BDF81E109DF81C00FA
S21401890801961DF089FA002895D1BDF82430CDE9E5
S21401891802540093BDF822209DF82030BDF81E10A1
S2140189289DF81C0001961DF054F8002883D12146B5
S2140189389DF8682007A81CF030FF00287FF47BAF5D
S214018948B8F1000F07D03B462046BDF81E209DF81B
S2140189581C101CF0C5FFBDF82430BDF82220BDF858
S2140189681E109DF81C000093CDE901649DF8203087
S214018978FEF73CFBBDF82430BDF82220BDF81E10DA
S2140189889DF81C000093CDE902549DF8203001960D
S2140189981DF041FABDF82430BDF822200093BDF839
S2140189A81E109DF820309DF81C001CF0EAFF0020E0
S2140189B841E70020064900F051FBF8E701203AE7B5
S2140189C8221E04002E1E04005A1E04006E1E0400F9
S2140189D8821E04007FB500258DF80830BDF82030CA
S2140189E88DF80400ADF80610ADF80A20ADF80C3085
S2140189F86946BDF82830099A01A80B9E00951CF017
S214018A0878FE044630B916B1009B9B783370204631
S214018A1804B070BD8928FAD12846024900F01EFB29
S214018A28F5E700BF9F1E04002DE9F04F4FF0000A3E
S214018A38C7B0FFF701FC5FFA8AF6B04202D847B022
S214018A48BDE8F08F5B4B36019A5D00205A4900F06D
S214018A5805FB0020594900F001FB00230593554BFF
S214018A689DF8144033449B681A79A24202D80AF149
S214018A78010ADEE714224FF000091B6802FB0434E2
S214018A8822891FFA89F39A4202D8059B0133E5E742
S214018A980C231FFA89F803FB08F8D4F804B023F06E
S214018AA871FD0BEB08052B79454913F0400F3BF890
S214018AB8083022884FF000000093424B18BF0B463F
S214018AC8414900F0E5FA294620461CF08AFD07468A
S214018AD800283CD13D4900F0DBFA2979DFF814C1BA
S214018AE811F0010F3A4818BF604611F0020FAA7834
S214018AF8EB7832D1DFF800C111F0100F354918BFF5
S214018B086146CDE900010020334900F0C1FA2B790E
S214018B183BF8082013F0400F4FF0000B4FF0FD0311
S214018B280DF118082188CDE9023BCDE900782148E6
S214018B380CBF40238023805DFFF74CFF86280ED1AB
S214018B482649002000F08AFA09F1010998E7024649
S214018B582349002000F09CFABFE72249D1E7A8780C
S214018B681CF02FFDD8B140461DF0BBF9421C92B24D
S214018B7801234146002000F0D5F93946208801F046
S214018B8801FA4FF6FF73984207D0174B174903EBC4
S214018B98C0035A68002000F061FA1549D1E7A878A1
S214018BA81CF015FD20B140461DF0A0F9821CDEE739
S214018BB8EA78DDE730410020F11E0400FF1E0400BC
S214018BC8C91E0400CE1E04003F1F040082100400C4
S214018BD8D61E0400D91E0400531F04006F1F04008C
S214018BE810240400E11E04005C7704005CEF030017
S214018BF8211E0400D31E0400E91E04002DE9F04FCF
S214018C08C7B0BDF844A10646BAF1040F0D4614468E
S214018C181F46BDF840B163D9CDE9013B00920B462A
S214018C2802463049002000F019FAFD230DF1170914
S214018C380DF118083046029322463B462946CDE9EF
S214018C4800B8CDF80C90FFF7C5FE0646B8B9FD2268
S214018C58414699F800001CF062FC0746C0B1AAF12B
S214018C680403834238BF892620461DF0F7F88EB1E3
S214018C78304600F01BF9304647B0BDE8F08F00904B
S214018C8823462A460020184900F0E8F90027EBE7B2
S214018C988926E9E7DFF85CA0BA1CBAF80030C3F108
S214018CA8FF039A4219DA304600F000F999F80000F5
S214018CB800F0FCF8BAF800900C483A464146484499
S214018CC8B94405F01FF8AAF8009023462A4630460C
S214018CD80749009700F0C2F9CDE7892000F0E6F8C9
S214018CE88926C8E77B1F0400B61F0400B15E002072
S214018CF8DD1F04005856002010B5044C20600448B7
S214018D08018004490A60044A136010BDF841002036
S214018D1856560020F4410020F041002030B587B0B7
S214018D280AAC0D4654F8041B0093CDE9011413460A
S214018D380949024609480988006805941CF090FF0D
S214018D484FF48A52064B1B681880064B1B685D80D9
S214018D58DA8007B030BD00BF56560020F841002023
S214018D68F4410020F041002008B410B587B009ABE3
S214018D780C4653F8041B0092CDE9011302460B4931
S214018D880B4805930988002300681CF069FF4FF417
S214018D988A52084B1B681880074B1B685C80DA8070
S214018DA807B0BDE8104001B0704700BF5656002016
S214018DB8F8410020F4410020F0410020044A03460F
S214018DC811680448044A0988126800681CF021BA28
S214018DD8F4410020F0410020F8410020044B054AE8
S214018DE81B6812681988044B18681CF085B900BFFF
S214018DF8F4410020F8410020F041002007B5074B58
S214018E081B681B880192064A12680092054A126876
S214018E181CF0D3F903B05DF804FB00BFF441002051
S214018E28F8410020F04100201FB51446064A126892
S214018E381288CDE901430091044B05491B6809686E
S214018E481CF097F904B010BDF4410020F841002049
S214018E58F0410020014B1868704700BFF041002020
S214018E68024B1B6818715971704700BFF04100200A
S214018E7810B50024084B1C70FEF75EFC074BFF225A
S214018E8818802146064804F0ADFD064B1C80064BAB
S214018E981C605C609C6010BDBB5F00205A560020B9
S214018EA8B15E0020585600205C56002007490B8802
S214018EB8FE2B9FBF064AD054581C80B29DBF08801F
S214018EC800F1FF3080180020704700BF5856002078
S214018ED8B15E0020F8B5094F0D463B885C18FE2C9C
S214018EE80ADC074E0A46A4B20146F01804F0CCFD87
S214018EF83C80641BA019F8BD0020FCE758560020EA
S214018F08B15E0020024B034A00201A60704700BF7A
S214018F18FC410020D8730400014B1878704700BF45
S214018F283041002030B4044D044C002B0CBF2B46B6
S214018F38234630BC1CF0FEBFC9DD0300B020040088
S214018F4870B5054608460C461CF0CBFF611C024668
S214018F58024B2846BDE870401CF0ECBFCF27040042
S214018F6800B5037889B0069343783E220593837843
S214018F7808490493C37803930379029343790193C9
S214018F8883790093C3790448008800F081F809B012
S214018F985DF804FB0B20040068560020024B0246CD
S214018FA80249188800F05AB86856002035E40300CC
S214018FB82DE9F04705460E4617460024DFF844809B
S214018FC8DFF844A0DFF84490AC4201D1BDE8F08751
S214018FD8B8F8000006EBC401534608221CF0AAFFA5
S214018FE80134B8F800003FB9044AA54208BF4A460A
S214018FF8034900F04DF8E7E74A46F9E7211E040061
S21401900834E4030068560020B0200400FDCC0300B9
S2140190182DE9F0410E4E044630881CF0A3FFA8B196
S21401902800250C4FDFF83080E3070AD518B941460A
S214019038308800F02DF830882A46394600F028F89E
S214019048002001351B2D4FEA5404EDD1BDE8F0810F
S21401905868560020C80C0400531D04000EB417B54A
S21401906805A9044651F8040B019103F0B1FB01214F
S2140190780220054AF8F7ECFC044B1C8003B0BDE857
S214019088104003B0704700BF211E04006856002038
S2140190980EB417B505A9044651F8040B019103F05F
S2140190A897FB034B1C8003B0BDE8104003B0704724
S2140190B86856002013B503680446587900F032FF55
S2140190C890B923685A88032A0ED0E17C5B79CDE9EA
S2140190D800211649164AFFF7C1FF012120461CF058
S2140190E8E1FF012002B010BD637D012B0AD0637D2C
S2140190F833B92368228A598858791CF0BDFB48B9C8
S214019108C3200AE02368228A598858791CF0BDFBD7
S2140191180028ECD020461CF027FF064B1B78002BB6
S214019128DFD110F5807FDCD0C1B2D7E73820040044
S21401913830200400B25F0020002970B50F491D4693
S2140191480F4B14460CBF6E227922002808BF0B4627
S21401915800200C49FFF79CFF0B4E2544AC4205D175
S214019168BDE8704000200949FFF778BF3146002066
S21401917814F8012BFFF78CFFF0E700BF71200400FD
S214019188672004007A200400AE20040005040400C9
S2140191982DE9F04FC27C8BB00592427D0368002A08
S2140191A814BF80224022077D04468568868958793F
S2140191B8B846B3F80290069200F0B4FEA0B9059B33
S2140191C8052B05D86FF02D03059A1341DB070BD540
S2140191D8B9F1030F08D0AB490020FFF73FFF012183
S2140191E820461CF05FFF76E0E37B1BB1228A002A4B
S2140191F800F0B781607D0022B0FA80F05B4203F090
S2140192080403DFF88CB2400943EAC000ABF800203B
S214019218FFF74CFEE37B1BB3208A1CF01FFE824639
S214019228A07CFFF743FE059A162A00F29A81DFE82A
S21401923812F019009E016C005600D2016C009201D2
S214019248D9019A01E001E701EE013901020298010C
S2140192589801980114025802140270023901020298
S2140192689A46DDE700204B46874A8849FFF7F6FE0F
S2140192780120FFF71BFE08F10207B74229D841462D
S214019288324628461CF027FE80462368424658790F
S214019298BBF800304946C3F1FF039BB20193238A0A
S2140192A80093069B1EF056FA10B11FFA87F8E2E7FC
S2140192B8236842465879BBF800304946C3F1FF0394
S2140192C89BB20193238A0093069BFFF797FC892894
S2140192D8EBD11CF0E1FE01200BB0BDE8F08F4FF09A
S2140192E8000B0420FFF7E2FDF31E0893089B984540
S2140192F852D3BBF1000FECD1E37B94F81480002B1A
S2140193080CBF02220422624B1A804FF0000B042085
S214019318FFF7CCFD5F4608F1030A564540F29D80EB
S2140193283246414628461CF0D6FD05EB08039B78D5
S214019338F21EAA44A2EB080207905146184692B2BA
S21401934809931CF0ECF80890002879D02268099B4C
S2140193585079CDE901A3238A49460093DDE906320F
S2140193681CF00CFC82464A460020079B4949FFF739
S2140193788FFEBAF1000F55D10BF10103504646494D
S2140193885FFA83FBFFF76AFE089B08F1030813FAE6
S21401939888F81FFA88F8BEE73246414628461CF088
S2140193A89AFD05EB08039F78089B08F10301A3EBD8
S2140193B808022944824692B2384609911CF0AFF851
S2140193C8079068B323680999587902970191238A07
S2140193D8524600934946069B1CF020FC0746B8B146
S2140193E80BF1010338465FFA83FBFFF75FFD504632
S2140193F81CF034FD53464A4600202649FFF72EFE48
S2140194083A4600202549FFF729FE802F3FF471AF21
S214019418079B08F1030813FA88F81FFA88F865E726
S2140194288027DDE75046FFF741FD07981CF016FD3B
S2140194380137524600201949FFB2FFF70FFEA3E78E
S2140194488720FFF733FD07981CF008FD01378722B0
S21401945812490898FFB2FFF701FE059B052B3FF45A
S2140194683AAF002F7FF435AFBBF1000F05D10C4999
S2140194785846FFF7F3FD8021B2E63846FFF716FD9A
S21401948827E700BF80D40300BB200400082104009E
S21401949858560020C520040008200400E1200400D6
S2140194A8EB2004000599A84AA84B0020152918BFE7
S2140194B81346CDF80090A64AA649FFF7CFFD059BAF
S2140194C80C2B14BF16200D20FFF7F0FC3246284659
S2140194D839461CF000FD059B3D440C2B0646AD782D
S2140194E835D1192D28BF1925E37BB3B14FF6FF7384
S2140194F8278A9F4211D1206832464946069B407901
S214019508FFF70AF9B84208D0BAF1000F05D0208251
S2140195188AF80000000A8AF801000020BBF80070EB
S214019528FFF7C4FC236832465879059B4946A3F1E0
S214019538150CDCF1000343EB0C03CDE90153238A38
S2140195480093069B1CF08EFA834BD855C1E6132D63
S21401955828BF1325C8E72046FDF7D0FB00287FF46F
S214019568BAAE81213CE62046FDF77CF8F6E7B9F16C
S2140195780A0F05EB0708A6EB070A21D1DFF8DCB1CD
S2140195889BF80030E3B1E37BD3B9BAF1080F17D1E2
S2140195983246394628461CF09EFC88B998F80230AF
S2140195A873B998F80320E22A0AD13246391D2846AB
S2140195B805931CF08DFC1CF05AFD059B8BF80030BA
S2140195C8414648461FFA8AF21EF0C6F800287FF47C
S2140195D882AE002104E6F21B484692B2E9191CF055
S2140195E837FCF3E7F21B484692B2E9191CF0F4FB84
S2140195F8ECE7F21B484692B2E9191CF019FCE5E7BC
S214019608F21B484692B2E9191EF0A8F8DEE723686D
S214019618EE5D5879238A0137ED5D0193069B324644
S214019628494600932B461CF05CF92A4631464846C3
S2140196381CF0D4FB4FE605987A1CE95DB31AA0F135
S2140196481606704270410039009018BF012148463D
S2140196589BB22A441CF0C4FBB8E7059BEE5D112BB0
S2140196683D446F7838D11220FFF720FC0025E37BB4
S214019678B3B14FF6FF73B4F81080984510D133464E
S2140196884A4621462846FEF7C9FF404508D0BAF1A2
S214019698000F05D020828AF80000000A8AF8010027
S2140196A8BBF80080DFF8B0A0C8F1FE0292B208F15C
S2140196B80103009253444A4621462846CDE90267EB
S2140196C8CDF804B0FEF7E2FFBBF800300AF8080050
S2140196D80133ABF80030FCE51420FFF7E7FB012562
S2140196E8C5E77B1C9E422CD3EF5D1D44003F18BF87
S2140196F80127F31A9EB233462A4639460020FFF759
S2140197081BFD00962B463A464846218A1CF06CFB00
S2140197185CE77B1C9E4214D3EF5DF61A003F18BF28
S21401972801271D44B6B233462A4639460120FFF7BB
S21401973803FD00962B463A464846218A1CF052FB02
S21401974844E70020C8E500BF211E0400B620040037
S214019758FC20040006210400B15E0020B05F002052
S21401976838B54FF6FB750446A9424FF001019DF83E
S214019778100098BF43F40043217023816260A072F1
S21401978802230020084A0949FFF768FCE07A084BDB
S21401979840F6CA0203EB4010FF211AF0F7FDBDE8B8
S2140197A838400420F8F732BB1621040021210400B2
S2140197B84042002030B5054685B028B91D4905B098
S2140197C8BDE83040FFF74ABC0024007B1CF099FB3B
S2140197D82046194A19492C70FFF740FC184BE87ABD
S2140197E8FF2103EB40101AF0E2FD2046154B02015B
S2140197F89A5C22B901300428F9D1F8F721FB696887
S21401980899B1B5F908302A899B1303F002038DF83C
S2140198180430C2F30E03ADF806304FF6FF73ADF809
S2140198280830002301A80393884705B0BDE83040F7
S2140198381CF06CBB4C210400162104007E21040098
S21401984840420020004200200948037873B91946AF
S214019858084AD3720133042B1173117051601181B8
S214019868917202F11002F4D101230370704700BF10
S214019878B15F00200042002008B5FFF7E5FF00238E
S21401988805491A018A5C01EB03101AB10133042B4E
S214019898F7D1002008BD00BF0042002070B50D4674
S2140198A80646FFF7D1FF0023094800EB0514A17A05
S2140198B8B14205D1217819B12B4400EB031070BDD4
S2140198C80133042B04F11004F1D10020F7E700BF9F
S2140198D80042002010B50446FFF7B6FF0E4B9C4227
S2140198E812D003F12002944210D003F140029442B0
S2140198F80ED060339C420DD10323084800EB0310B9
S214019908BDE81040FFF756BF0023F6E70123F4E74A
S2140199180223F2E70020F3E740420020004200203D
S21401992870B50024064D074E2846324600210134FC
S214019938F7F7A4FD042C05F12005F5D170BD00BF8D
S21401994840420020DD9801002DE9F34105460C460A
S21401995817469846FFF790FF064640B91C4A1D4928
S214019968FFF77CFB0224204602B0BDE8F0814FF6E3
S214019978FB739D420AD94FF6FD739D4204D0002021
S214019988134A1549FFF76AFB4FF6FD75434621460C
S2140199983A4628461CF053FB044600F02FFE804644
S2140199A834B1234600200A4A0C49FFF757FBDAE789
S2140199B83B462046064A0A49FFF750FB0623294636
S2140199C83046089ACDF80080FFF7CAFECBE700BFFD
S2140199D8162104008B210400B5210400EA210400A5
S2140199E813220400F7B506460C461746FFF744FF50
S2140199F8054638B9104A1149FFF730FB02242046BC
S214019A0803B0F0BD21464FF48A5230461CF0DFFC05
S214019A18044600F0F3FD34B123460020064A0849FF
S214019A28FFF71CFBEBE7009004233A46314628462D
S214019A38FFF796FEE3E700BF162104008B2104001A
S214019A483B220400F7B506460F46FFF715FF054605
S214019A5838B9104A1049FFF701FB0224204603B023
S214019A68F0BD00224023114630461CF074FE044621
S214019A781CF06FFE34B123460020064A0749FFF75B
S214019A88EDFAEBE7009001233A4631462846FFF700
S214019A9867FEE3E7162104008B2104006E2204000A
S214019AA873B504460E46FFF7E7FE054638B9104A71
S214019AB81049FFF7D3FA0224204602B070BD0022EF
S214019AC8204611461CF049FE04461CF042FE34B1FD
S214019AD823460020064A0849FFF7C0FAECE700903B
S214019AE8234632464FF6FC712846FFF739FEE3E770
S214019AF8162104008B2104009C2204002DE9F04164
S214019B088846107800219EB014461D46FFF7C6FE0B
S214019B180646002800F0FD800778002F7BD0B8F8AD
S214019B280010002940F0F5800389B8F8022043F4B4
S214019B380040824240F0ED80617800296BD1A2F5A1
S214019B480042062A00F2E580DFE812F0A100A10033
S214019B58E300E3000700B8006900E3880D3DADF8AF
S214019B682430238915F00105ADF8263063798DF880
S214019B782830E37A03F1060214F812208DF814301F
S214019B888DF81C2042D10BA98E46069104F10C00D3
S214019B985FFA85FC9C4500F1020009D210F8018C99
S214019BA810F802CC01350CEB082C2EF802CBEFE7A7
S214019BB801EB43011A440891D2B2590001F10D0094
S214019BC89A42C0B20BD025186D78205C783169446A
S214019BD800EB0520013321F84C0CDBB2EDE7B6F9B2
S214019BE808203389002AACBF01220322C3F30E03DF
S214019BF88DF808206288ADF80A3005ABADF80C2060
S214019C08049302A930461CF005FA04E0424A434987
S214019C180020FFF723FA38461EB0BDE8F081042D70
S214019C2802D83D4A3E49F3E72379053DADB29D4248
S214019C38B4F8028002D0384A3A49E9E73A4A3B4B37
S214019C480020002D08BF13463949334ACDF8008055
S214019C58FFF704FA05348DF81450B6F9083006945F
S214019C6885B1002BACBF012303238DF82C30338933
S214019C78ADF83080C3F30E03ADF82E3005AB0D9367
S214019C880BA9BFE7002BACBF06230523EDE70B2D79
S214019C98C7D9D4F80200D4F8061013F4004F05AA61
S214019CA803C20CBF042203228DF82C206289C3F359
S214019CB80E03ADF83020ADF82E30DFE7042DB0D90D
S214019CC86388ADF8303023790533DBB29D4206D080
S214019CD80020114A17490095FFF7C0F99BE70E4A7D
S214019CE800201549FFF7BAF9B6F908203389002A82
S214019CF8ACBF01220322C3F30E03ADF82E3005AB29
S214019D080D93631D069323798DF82C208DF8143056
S214019D18B6E700277FE700BF16210400C922040022
S214019D28F12204000523040045DC0300211E04007B
S214019D382C230400492304008A230400304BF0B581
S214019D48B0FBF3F24FF4616503FB1200B0FBF5F3C9
S214019D58DCB205FB13033C25B3FBF5F3DBB2A0EB42
S214019D6804104B71C3EB0313A0EB83004FF4FA63A3
S214019D780B8040F201134B8001230C711F4600240F
S214019D886425204E8871944200D1F0BD91F802C036
S214019D9813B1BCF1020F2BD006EB0C0010F801EC46
S214019DA8C87870450BBF012001300CF1010CC0B218
S214019DB808BF81F802C0C87088780D2816D10B88AC
S214019DC88F7001339BB298070B8014D1B3FBF5F063
S214019DD805FB103080B280B94FF4C870B3FBF0FCB5
S214019DE800FB1C339BB2B3FA83F35B090134CAE761
S214019DF84FF01D0ED4E70023F8E70123F6E700BF6E
S214019E08805101001E77040010B5044688B006A9E3
S214019E18FFF794FF9DF81E300A4803939DF81D30FE
S214019E28049402939DF81C309DF81A200193BDF8FE
S214019E3818300549009300889DF81B30FFF70EF986
S214019E4808B010BD68560020A3230400026808B5B0
S214019E581188154B198051885980517919711179D2
S214019E6859714FF48A51D980D28812F0200F0CBF4D
S214019E780A464FF48B528169DA800C4A137831B955
S214019E88C0880B4923F002030880137008BD43F00D
S214019E9802031370074B15221846013103F0F4FD2F
S214019EA8002200F8012CF1E75C560020BB5F002079
S214019EB85A5600206B56002010B5184C236858795E
S214019EC81BF0CEFC0B2822D8154B03EB0010027BA7
S214019ED8237F9A421BD12368428819888A4205D073
S214019EE84FF6FF70814212D1120410D42279023A39
S214019EF8012A06D9A37B63B9BDE810400748FFF7D6
S214019F0847B9198958791AF0E1FD0028F2D10020DD
S214019F1810BD0248BDE81040FFF7CCB8C442002087
S214019F283041002008B51BF09BFC0B2896BF024B5E
S214019F380020185C08BD00BFC05F002008B50020DF
S214019F481BF0DFFFFF201BF0BEFC1BF0DFFF1BF042
S214019F5886FEFEF771F901210246064803F042FD26
S214019F68054BFF21054A0648FEF7C6FEBDE8084030
S214019F78FEF708BBC05F00205C560020585600203C
S214019F88B15E0020F0B5002204464FF6FF750B4F70
S214019F9890B237F830600346AE4201D12846F0BD8C
S214019FA8A64209D1B4F57C4FF9D307EBC3035B8806
S214019FB88B42F4D00029F2D00132E9E75C7704003D
S214019FC810B50446FFF7DEFF094A034610884FF628
S214019FD8FF72934214BF074A2246BDE8104017BFD6
S214019FE802EBC30304495A680449FFF751B800BF96
S214019FF8685600205C770400C62304005CEF030063
S21401A008034B18780130C0B2187000F07F00704713
S21401A0182D6A0020044A137818B143F0010313701F
S21401A028704703F0FE03FAE7BB5F0020014B187088
S21401A038704700BFBE5F002038B1074B1B78012B65
S21401A04804D1038843F0400303807047022BFCD1F8
S21401A058038823F04003F7E7BE5F002068B1074A8C
S21401A0681378012B07D1064B1B781370037843F03E
S21401A0781003037001E0022BF8D07047BD5F002083
S21401A088BC5F00207FB50121264B274E1970337817
S21401A0980246D90744D42549096881B10868C188A8
S21401A0A88D0641BF224CE18841F02001E180C1883C
S21401A0B84C0641BF1E48C18841F04001C1801D4D74
S21401A0C81D492878097840074CBFE97069701B4913
S21401A0D813F00204098809D0164A19481BF094FEA1
S21401A0E8337823F00203337004B070BD154B18881B
S21401A0F84FF6FB73984208D80B46CDE90052014645
S21401A1080B4A20461BF059F8EEE74FF6FF73CDE9E8
S21401A118014200930A46074B05491BF02AF8E3E774
S21401A1280020E1E7B25F0020BB5F0020C0420020AC
S21401A1385C560020B15E00202E6A0020585600208A
S21401A1486A5600205A56002070B503790446012B3A
S21401A1580D46164631D883681B78DB0600D561B3F1
S21401A168A37B13B9E37C0B2B27D00022144B1A8050
S21401A178637DB3FA83F35B09D800E37BABB9FEF7DB
S21401A18895FEA07CFEF792FE0B20FEF78FFEE07C84
S21401A198FEF78CFE2846FEF789FE2046FFF756FE98
S21401A1A83046BDE87040FFF76DBF40F00400FEF78B
S21401A1B87DFE208A1BF052FEE3E7002070BD00BF3B
S21401A1C858560020024B0A4601461868FFF7BCBFDE
S21401A1D8C0420020F0B4054618460F4B0C461B78C3
S21401A1E8BDF81010012B0D4E01D0377827B100238A
S21401A1F833700020F0BC70470CB9002AF9D143B17E
S21401A2084FF65743994204D02B462246F0BC1BF022
S21401A218E1BD0120EEE700BF2F6A0020BF5F0020E6
S21401A2282DE9F04F684C4FF0000A254684469646BD
S21401A23898460F46654B664E83F800A00FCE0FC5AD
S21401A24896E80F0085B085E80F00DDF83C90BDF86C
S21401A258383072460093394643466046CDE9019444
S21401A26800F0DCF8DFF89081064670B90025FEF7A5
S21401A278FFFD16220021574803F0B4FB00232846A9
S21401A288C8F8003005B0BDE8F08F534BA27CC8F87B
S21401A29800401A70514B1B78002B36D01BF0E9FE94
S21401A2A84F4902465046FEF7F3FE22685046537958
S21401A2B852884C490092A289FEF7EAFE50461BF0E6
S21401A2C851FE20B12368218A5888FFF779FEE37B7F
S21401A2D823B10020228A4449FEF7DAFEA36800204B
S21401A2E81A78E37C41490093A37CFEF7D1FE207DD2
S21401A2F8A289A168121A01440123002092B2FEF72E
S21401A30811FE00203A49FEF7A9FE2F48FFF79EFDE9
S21401A3182D481DF01AFA054630BBB9F1000F25D1B4
S21401A3282168E0880B8801904988BA1E032A0091A3
S21401A3388CBF002201220121E07CFFF74BFF38B9D0
S21401A34823685B79FF2B3AD0FFF7B6FD05468EE703
S21401A3582368DB889A06F3D40121264C1A48217013
S21401A3681BF0A0FE84F80090354680E7B9F8143053
S21401A3789B07E5D47AE75846FEF718F8824658460A
S21401A388FDF760FF88B123685046228A59881BF07A
S21401A3986AFA50B13846FFF759FD236889F804A0D0
S21401A3A883F805A0FFF788FD00B92846054601365B
S21401A3B8FDF742FF5FFA86FB5845DCD857E70026CB
S21401A3C8014FDFF83890F3E7C4420020B25F00205F
S21401A3D83C7704006A5600202E6A00202C6A00206A
S21401A3E8DF230400E82304000924040015240400DC
S21401A3F88FD50300BF5F0020C04200205C560020B6
S21401A4080023054AD15C814202D31A44507870472A
S21401A4180233DBB2F6E700BF2A77040073B51546A8
S21401A4282E781A4616F0040F0CBF032605269E4200
S21401A438089C08D9224A234900960020FEF70EFEFA
S21401A448002002B070BDBDF8183021712060E3808D
S21401A458A560A2812B7803F00103A3732B7803F080
S21401A4680403002B14BF01210021E1732978C1F3ED
S21401A478C00161754FF00101217518D028461BF0FF
S21401A4882AFD237D208202332375227D531CDBB2ED
S21401A4982375A95C0232D2B2A1742275EB5CE3740F
S21401A4A8A3899A4205D900920749054AC5E7238236
S21401A4B8EBE7079B0120A36100232377C1E700BFD1
S21401A4C8D9DC030058240400742404002DE9F7435A
S21401A4D80024204FDFF89C80DFF89C90E0B21CF047
S21401A4E876F8FF2805460FD12346012102201A4A8D
S21401A4F8F7F7AEFA194B0134187819F049FB152C01
S21401A508ECD103B0BDE8F08346B238EA260328BF8B
S21401A5184B4601210093022057F82430104AF7F7DA
S21401A52897FA002EE6DA0923E340DB070AD50D4A37
S21401A5380D4B15F0010F18BF1A4601210220F7F737
S21401A54887FAD7E70A2CD5D1084A094B15F0010F27
S21401A558F1E700BF74770400CD240400306A0020B8
S21401A568F5240400A624040090240400C224040050
S21401A578B824040045DC0300211E040008B5542253
S21401A5880021024803F02EFA002008BD5857002083
S21401A59808B55422FF21024803F024FA002008BD1A
S21401A5A804570020024B23F810100020704700BF04
S21401A5B804570020002310B4074ADCB2A14203D88E
S21401A5C85DF8044BFFF7DABF2A2BF9D032F8024BB5
S21401A5D820F813400133F0E758570020002310B540
S21401A5E8054A994201DD2A2B00D110BD32F8024BEB
S21401A5F820F813400133F4E758570020024B187827
S21401A60800F07F00704700BFCC5F0020034B18782E
S21401A6180130C0B2187000F07F007047CC5F002090
S21401A62830B51C4600238BB0ADF82220021D92B22D
S21401A638012A0E9DADF82030ADF81E10ADF81C307D
S21401A64803D94FF6FF7290420FD10022CDE903528B
S21401A658CDE90124094B01461B784FF6FF7000939C
S21401A66807AB1BF0D4FF0BB030BD0146CDE9015353
S21401A6781846009407AA1BF0E6FFF4E7316A0020A3
S21401A68838B505464FF480500C4603F0B1FB4FF43D
S21401A69880532860236030B940F2A511BDE83840E0
S21401A6A8014821F062BF38BDE42504000048704720
S21401A6B816590020014B1878704700BF4A6A0020D7
S21401A6C8014B1888704700BFD2690020014B1878E3
S21401A6D8704700BF436A0020014B1878704700BFD7
S21401A6E8D05F0020014B1878704700BF3E6A0020F3
S21401A6F8014B1870704700BFD35F0020014B1870DC
S21401A708704700BFD25F0020014B1888704700BF12
S21401A718D06900202DE9F74F4FF00008394B3A4F22
S21401A72893F80090394B3A4E3A4D3B4C3B483C49DE
S21401A738DFF8F4C0DFF8FCE0DFF810A1DFF810B1AD
S21401A7480193019B2037203301935FFA88F39945DB
S21401A75806F1200605F1200504F1200400F1200089
S21401A76801F120010FD8002211462E4B2E4D1C78E0
S21401A7782E4E2F4B2F4FD0B2844203F1200338D8E8
S21401A78803B0BDE8F08F2C4B2C4A47F81C3C00233D
S21401A79846E907232A4A47E9063E45E90723294A9F
S21401A7A846E905E344E90723274A45E905E340E97D
S21401A7B80723019A44E905E340E905E341E908CAA4
S21401A7C841E9063E47F820CC47F8103C46F820CC2D
S21401A7D845F820CC44F820CC40F820CC41F8103C71
S21401A7E808F1010842E908CB42E9063E42F8103C66
S21401A7F8A7E743E9085643E9061743F8101C013250
S21401A808B9E700BF4E6A00209C4600209C45002000
S21401A8187C4600205C460020FC450020DC450020E4
S21401A828BC450020486A00205054002045D202004A
S21401A8381C460020211E04008B8E0300638D030036
S21401A848819A020021B4020091650300F5170300FE
S21401A85885890200002208B5074B1A605A601BF06A
S21401A86885FE064B18701BF081FE054B1870054BCC
S21401A8781A78054B1A7008BDF25300200E600020A6
S21401A8880D6000203C6A00200C600020002100B505
S21401A89893B008466A460AF071F90146C8B90E4BE4
S21401A8A80E4A09930E4B0D920A930E4A0E4B0E92C0
S21401A8B80B930E4A0E4BCDE90F230C930D4B6A46AC
S21401A8C811930AF011FC003818BF012013B05DF887
S21401A8D804FB0120FAE700BFF58803001D96020075
S21401A8E8F98A0300DD6A0200BF65030049A5020074
S21401A8F8598B03004D920200084B1878112806D888
S21401A908012809D9064BC34003F001007047A0F19E
S21401A9184303584258417047002070471060002092
S21401A9283400020008B5064B1B78013B022B05D8FC
S21401A9380020FFF7E1FF0138C0B208BDFF20FCE7A1
S21401A94811600020044B00F1100250F8041B9042DD
S21401A95843F8041BF9D1704712600020044B03F139
S21401A968100253F8041B934240F8041BF9D17047B0
S21401A9781260002030B5002491B0114B05462146DF
S21401A98814220BA8CDE9094303F02CF8102209ABD1
S21401A998CDE900440693CDE90452CDE90252094BAC
S21401A9A809490AA8F2F728FD04460AA81CF06CFC17
S21401A9B81CB1A021054821F0D8FD11B030BD00BF5B
S21401A9C80024800000444004126000206F26040022
S21401A9D870B5002490B0154B05460E461422214644
S21401A9E80BA8CDE9094302F0FDFF102209ABCDE91A
S21401A9F8004406933146CDE90452CDE902520C4B88
S21401AA080AA8F2F7F9FC04460AA81CF03DFC1CB19A
S21401AA18BA21084821F0A9FD099B102B03D0BB21B8
S21401AA28044821F0A2FD10B070BD00BF00248000CC
S21401AA38004440046F26040030B50D4600218FB04F
S21401AA48124B0446142209A8CDE9071302F0CAFFDF
S21401AA58102207ABCDE90242CDE90042049329460C
S21401AA680B4B08A8F2F77CFD044608A81CF00CFC62
S21401AA781CB1D121074821F078FD079B102B03D084
S21401AA88D221044821F071FD0FB030BD00248000AA
S21401AA98004440046F2604000022034B1870034B41
S21401AAA81970034B1A707047236000202460002039
S21401AAB8226000202DE9F04FDFF89080064698F8CE
S21401AAC800300D4685B0002B3AD04FF6FB739842FE
S21401AAD836D84FF0000B1C4FDFF874A03C7898F876
S21401AAE800305FFA8BF94B459AF8000011D94844B3
S21401AAF802AA0DF10601C0B214F096FA08222946F8
S21401AB080DEB020003F0BAFA0BF1010B0028E6D1AF
S21401AB184C463B78A34208D198F80020631CDBB268
S21401AB289A423B7004BF00233B70324629469AF886
S21401AB3800301C44E0B205B0BDE8F04F14F062BB2B
S21401AB4805B0BDE8F08F00BF226000202460002019
S21401AB58236000202DE9F74F06460D4614461F468A
S21401AB684FF0010BDFF8789003F10C0A15B903B022
S21401AB78BDE8F08F102DA84628BF4FF010083A46BA
S21401AB88164B5FFA88F152F8040B524543F8040B4A
S21401AB98F9D101919AF8002011481A70002389F812
S21401ABA80F4089F800B089F80E30FFF7E3FE324609
S21401ABB801340B480199E4B212F801CB10F8013BB5
S21401ABC883EA0C0302F8013C931BDBB28B42F3D3F6
S21401ABD8A5EB080816461FFA88F5C7E72660002081
S21401ABE8256000202DE9F04F9046914685B00090EB
S21401ABF8981A029383B20193009B0F46354903F1D5
S21401AC080C0453F8045BA34241F8045BF9D11B78A2
S21401AC18314E0B7049233370019BF0731B0A304683
S21401AC28B373FFF7A7FE0221BB460D46737888EA81
S21401AC38030373704FF0000A1DE0C5F11004A9EB79
S21401AC480A039BB2A4B29C4228BF1C4600231FFAE3
S21401AC5883FCE8186445C0B21FD82544EDB2A34466
S21401AC68102D54441FFA84FA05D100253046039165
S21401AC78FFF780FE0399D145DFD807EB080B25B10E
S21401AC8815480391FFF776FE039901294FF0000551
S21401AC980DD00121DDF80490CCE71BF803C016F8A7
S21401ACA800E001338CEA0E0C06F800C0CFE7029BE1
S21401ACB809491F44094B38461C78224603F022F8F6
S21401ACC82A4621463846009B05B0BDE8F04FFFF7F7
S21401ACD841BF00BF26600020256000204F6A002083
S21401ACE830B540780C4601284FF0110387B001F1C2
S21401ACF8100516D1144A01A90AF07EFF234601ACB5
S21401AD08224618685968083303C2AB421446F7D17D
S21401AD1811230D4A002001A90AF06EFF002007B092
S21401AD2830BD0120094A01A90AF066FF234601AC95
S21401AD38224618685968083303C2AB421446F7D14D
S21401AD481123024AE6E700BF75E4010079EB01002A
S21401AD5830B50C46407887B001284FF011030DBF77
S21401AD680B4A0C4A012001A918BF01A90AF044FFA1
S21401AD78234601AA05AD144603CCAC4218605960B7
S21401AD88224603F10803F6D1002007B030BD00BF04
S21401AD9875E4010079EB010010B50C4688B01A235A
S21401ADA80C4A01A901200AF027FF21460DF10E03DE
S21401ADB804F1100251F8040B914243F8040BF9D13F
S21401ADC81A230020034A01A90AF016FF002008B03A
S21401ADD810BD00BF24E10100F0B58BB004460D4656
S21401ADE81DF049FDA8B101A812F0CEF888B1667B1E
S21401ADF8271D16F0020F05D00822384601A903F0D0
S21401AE083DF9D0B901AB46F0020603CB6060796024
S21401AE1866731A230A4A03A901200AF0EDFE294699
S21401AE280DF116030DF1260253F8040B934241F86F
S21401AE38040BF9D100200BB0F0BD2D20FBE700BFB5
S21401AE4824E10100F0B50546071D00220C463846E8
S21401AE58082193B01DF09DFC6A7B0646D0070BD5EA
S21401AE68687808A91CF02DF8DDF83D306B60DDF830
S21401AE7841307B6080B10BE0910709D5D2000121F2
S21401AE88384602F080021CF027F8FF28687002D1C5
S21401AE982D2013B0F0BDD6B1687801A91BF0AEFF1E
S21401AEA89DF81C305B0604D54FF4C6710A4821F09C
S21401AEB85CFB234603AD07AC2A4603CAA2421860C8
S21401AEC85960154603F10803F6D10020E1E708A901
S21401AED81BF0F7FFCEE700BFED2604002DE9F04191
S21401AEE806468AB01F480F4615460024FFF736FD6A
S21401AEF8002C01A914BF4FF05C0C4FF0360C102340
S21401AF088846184A12F8010B013B8CEA000013F038
S21401AF18FF0301F8010BF5D105A81EF075FA4246A4
S21401AF28102105A81EF074FAC4B93946324605A898
S21401AF381EF0D6FA2A460DF1140C0DF1240E6346BE
S21401AF4803CB7345106051609C4602F10802F6D1A6
S21401AF5814B10AB0BDE8F0810124C9E72A461021D8
S21401AF68E5E700BF556000202DE9F04791460D46FC
S21401AF78C0B09DF82041DDF828811E46DFF87CA088
S21401AF889DF8243107462246494640468AF800304D
S21401AF9802F0B8FE9DB12346324641463846FFF7D1
S21401AFA821FEB44207D9A11B3B46012289B208EB10
S21401AFB80600FFF7CFFD002040B0BDE8F087A11BD3
S21401AFC83B46012289B208EB0600FFF7C3FD22467D
S21401AFD84146684602F096FE32466946384623469A
S21401AFE8FFF700FE9AF800200DEB040109EB0400B8
S21401AFF803F044F80028DED02C20DDE74F6A002055
S21401B00838B50346104601F1100451F8045BA14215
S21401B01842F8045BF9D104491BB1FFF7D9FC0020BB
S21401B02838BDFFF709FDFAE75560002030B505463B
S21401B03889B069461BF066FD6B8804ACABB1224645
S21401B048294668461BF0FEFC0E4A08AD234603CB8C
S21401B058AB42106051601C4602F10802F6D109485D
S21401B068FFF770FC002009B030BD6B46054D1A4647
S21401B07803CAA24228606960134605F10805F6D19D
S21401B088EDE700BF5560002050B10B4B0B4A03F1AA
S21401B098100153F8040B8B4242F8040BF9D17047A0
S21401B0A8064B054A03F1100153F8040B8B4242F88C
S21401B0B8040BF9D1704700BF5560002035600020A9
S21401B0C808B51022024802F0DFFC002008BD00BFC8
S21401B0D84560002008B508461022024902F0D4FC53
S21401B0E8002008BD4560002010B5044686B001A9B9
S21401B0F8114A112301200AF07FFD9DF8143001A89A
S21401B108E3701EF048FD80F001000C4A01A960704A
S21401B118112301200AF070FD9DF8143001A8A370D0
S21401B1281EF039FD80F00100207010F0C7FA60604B
S21401B138002006B010BD00BF75E4010079EB0100E0
S21401B14810B5044686B01123134A012001A90AF056
S21401B15853FDA3789DF814209A4207D08DF8143031
S21401B168002011230C4A01A90AF046FD11230B4AB7
S21401B178012001A90AF040FDE3789DF814209A42BF
S21401B18807D08DF8143000201123044A01A90AF0CB
S21401B19833FD06B010BD00BF79EB010075E4010070
S21401B1A82DE9F04186B0064603A80C4612F08AFE41
S21401B1B8054600284AD1BDF80C30980646D5102217
S21401B1C82946204602F00EFC01A811F0DDFEC0B1AA
S21401B1D8777B06F1040817F0020F06D008224046CE
S21401B1E801A902F04BFF00282ED101AB47F0020758
S21401B1F803CB7060C8F804107773238843F00803FC
S21401B2082380238843F00203238011F097FA6060B5
S21401B2181DF031FB30B10E4B1B68A360238843F049
S21401B228040323800B4B1A68D1035EBF238843F0BF
S21401B23810032380130203D5238843F40063238075
S21401B248284606B0BDE8F0812D25F9E72425F7E75D
S21401B258CC460020D046002010B5D0E9023253F87B
S21401B268223090B01C684022694620461BF09CFE9E
S21401B278034630B1224600200549FDF7EFFE10B01F
S21401B28810BD012269460820FDF792FEF7E700BFC8
S21401B2988327040070B500F0B1F800280CBF6E22B1
S21401B2A8792200201349FDF7D9FE00F0A7F8F0B17E
S21401B2B81BF08EFE00280CBF6E22792200200E4954
S21401B2C8FDF7CCFE082200200C49FDF7C7FE002535
S21401B2D80B4C0C4E234654F8042C314600200335FB
S21401B2E8FDF7BCFE182D04F10C04F3D170BD3F2206
S21401B2F8E4E700BFBB270400D2270400E2270400C6
S21401B308F44700200128040070B51BF046FE0446E9
S21401B31821490020FDF7A2FE2CB92046BDE8704061
S21401B3281E49FDF79BBE00F0BBF805461C4B62693B
S21401B3380020002A08BF1A461A492668FDF78EFE1D
S21401B348A28800201849FDF789FE1849E2880020DE
S21401B358FDF784FEA388228913F010001ABF002087
S21401B36813491449FDF77AFEE26800201249FDF7F1
S21401B37875FE226900201149FDF770FE104A114B2F
S21401B3880020B6F5817F38BF13460F492A46BDE827
S21401B3987040FDF763BE00BF36280400432804004A
S21401B3A8F9F703006428040082280400A32804008F
S21401B3B8C0280400DD280400FB280400192904001D
S21401B3C82E280400242804003729040038B501462D
S21401B3D800230C25084A05FB03F4A0181459013468
S21401B3E804D10C2202F050FB002038BD0133082B93
S21401B3F8F1D10120F9E700BFF0470020034B187888
S21401B408012894BF00200120704700BF6760002014
S21401B41838B50446044D2878A04203D021461BF0CF
S21401B4289CFD2C7038BD00BF6760002000B58FB04A
S21401B4383422002101A802F0D5FA01A8EEF786FA0F
S21401B4480598D0B182680E4BB2F5803F34BF92B2F0
S21401B458C2F38F2241881A81028828BF41F0100161
S21401B4681A6042689980DA80C268DA6002691A61ED
S21401B47842695A61027E18461A760FB05DF804FBD7
S21401B48874470020054B1B7820B1012B04D80220F5
S21401B498FFF7BEBF012BFBD8704700BF67600020CF
S21401B4A810B5084C237853B91BF077FD0123237098
S21401B4B828B10368B3F5817F24BF037E2370207803
S21401B4C810BD00BF6660002070B5184B1B78012BB5
S21401B4D82BD81BF045FD164D024616490020FDF7F0
S21401B4E8BDFD0120FFF7CEFF2E78FF2E1DD1FFF7F9
S21401B4F89DFFC8B1848860223146C4F340040E48D3
S21401B5082C7002F06FFA602231460C4802F06AFA93
S21401B5185CB1FFF7C5FF042807D9BDE8704040F2C3
S21401B5282B11074821F021B8287070BD67600020EC
S21401B538506A00205A290400F0470020904700204E
S21401B5486C2904002DE9F04FDFF884928DB003AB27
S21401B55807468846144699E8070083E80700FFF778
S21401B568B3FFFFF79DFF944B06461D784B46012D0A
S21401B57840F07081012840F27281B7FBF0F200FBBF
S21401B5881272002A00F06B818C4900228B46D1F892
S21401B59800C0BCF1FF3F04D0087A6044874200F03F
S21401B5A819810132082A01F10C01F0D193E807004C
S21401B5B806AE0DF1240A86E807008AE80700FFF7B9
S21401B5C86FFFB7FBF0FB00FB1B7BA0EB0B094A46A2
S21401B5D8414606460AA809978DF82C9002F092FB78
S21401B5E800224FF00C0E764902E00132082A0ED0EE
S21401B5F80EFB02F000EB010C08580130F5D19AE871
S21401B60807008CE807006F490A7801320A70A145DD
S21401B61804DD4FF4E2716C4820F0A7FFA41B5C44DC
S21401B6284F44A1B217FA84F4B4FBF6F206FB1242B1
S21401B638C8448E1A91B1A41A08EB060107A88DF81A
S21401B6482020069402F05EFB06A8FFF7BFFEFF283F
S21401B65804D140F2D9115C4820F087FFB6B2B6B1E2
S21401B6680320FFF7D5FE802E0AD8324641465748B2
S21401B67802F048FB3246384654491BF079FC054629
S21401B6880220FFF7C5FE28460DB0BDE8F08F00255D
S21401B698F9E74FF40E714C4820F067FF464B1B78CC
S21401B6A8012B00F0E380002C36D00320FFF7B0FE14
S21401B6B8802C2FD822464146444802F023FB2246D6
S21401B6C8384642491BF054FC05460220FFF7A0FE07
S21401B6D8DFF8F09099F8003093B1039CFFF7E0FE8D
S21401B6E8374B002798461A68511C04D0197A411A14
S21401B6F8521A944224D00137082F03F10C03F2D1D1
S21401B708002DC0D1039B0133C1D003A8FFF75EFE0D
S21401B7180546B8E70125D8E72546D9E740F26D2161
S21401B728294820F022FF012524E0012D30D0802E63
S21401B7382FD83246254903981BF01AFC054628E0FF
S21401B748002DA0D10C247C4308EB04039DF814A01B
S21401B75893F808B00AEB0B03802BDFDC1B4B524631
S21401B76804A9184602F0CEFA211D5A46414450440F
S21401B77802F0C8FA0C2303FB07839DF814201B7AF2
S21401B78813449E42D1D040F273210F4820F0EDFEBB
S21401B79801250220FFF73CFE99F8003013B1013B62
S21401B7A889F800304FF0FF3308EB040248F80430FC
S21401B7B8C2E9013367E700BF506A0020F04700205E
S21401B7C890470020656000206C290400F44600209C
S21401B7D8D87704004FF00C0A0AFB02B3187AA6EBD6
S21401B7E800095FFA89F9A14501D35FFA84F90AFBD2
S21401B7F802FA0AF1040528444A464146584402F02A
S21401B80881FA0BEB0A031A7AA4EB09044A44D2B26A
S21401B818B242A4B21A7219D103200193FFF7F8FDB8
S21401B82832460BEB05015BF80A001BF0A1FB054647
S21401B8380220FFF7EDFD4FF0FF32019B4BF80A207F
S21401B848C3E90122002D7FF41EAFC844002C3FF443
S21401B8581EAF4F44104B1B78012B7FF424AFB7FB68
S21401B868F6F306FB1373002B7FF413AFE319B3FB50
S21401B878F6F506FB1535002D3FF415AF641B5B1B6B
S21401B88808EB04012A4604A80393A4B202F03AFA84
S21401B8988DF8145007E700BF506A002070B5134BA7
S21401B8A81B78012B0CD1FFF70FFE0026104D55F81B
S21401B8B8043C013306D10336182E05F10C05F6D1E2
S21401B8C8002411E00320FFF7A3FD55F8044CFFF709
S21401B8D8E7FD2946024620461BF04AFB044602209D
S21401B8E8FFF796FD002CE6D0204670BD506A002072
S21401B8F8F447002070B505460C46FFF7E5FD052020
S21401B908FFF786FD214628461BF040FB0646022027
S21401B918FFF77EFD00220A4B2C441968481C08D004
S21401B928A94206D3A1423EBF4FF0FF31C3E9001139
S21401B93899600332182A03F10C03EED1304670BD24
S21401B948F0470020D0E9023253F8223010B51C68BF
S21401B958204600F095FA28B12146BDE81040024875
S21401B96800F022BF10BD00BFEA29040008B5D0E9DF
S21401B978023253F82230186800F06CF920B1BDE89D
S21401B9880840024800F010BF08BD00BF0C2A04009A
S21401B9982DE9F041D0E9023253F8221003EB820375
S21401B9A85B680F681D789AB0642D04D96421114824
S21401B9B800F0FAFE64252A46384601A900F002F985
S21401B9C8044698B90C4800F0EFFEDFF8348001AE63
S21401B9D8013DA54202DC1AB0BDE8F081391940469E
S21401B9E816F8012B00F0E0FE0134F2E7034800F0F8
S21401B9F8DBFEF0E72F2A04004F2A0400792A040008
S21401BA08662A04002DE9F04700252D4FDFF8E0806F
S21401BA18DFF8E0908CB0284603A900F0EFF810B1E3
S21401BA280CB0BDE8F087049B2946039A0093384674
S21401BA3800F0BAFE404600F0B7FE059910290CD86A
S21401BA4810290CD8DFE801F00F14320B340B0B0B5E
S21401BA58360B0B0B0B0B0B0B3A0020292CD0194875
S21401BA6800F0A2FE07E0184800F09EFE0135D2E776
S21401BA78164800F099FE0699484600F095FE079983
S21401BA88134800F091FE134800F08EFE1024DFF8EC
S21401BA9868A00DF11F06504616F8011F013C00F07C
S21401BAA883FE14F0FF04F6D10B48DDE70B48E0E708
S21401BAB80B48DEE70B48DCE70B48DAE70B48D8E724
S21401BAC8942A0400392B0400E92A0400F92A040000
S21401BAD85F2B0400772B0400FECC0300012B040027
S21401BAE8092B0400122B04001D2B0400342B040020
S21401BAF8D82A0400482B0400882B040010B50B4CE8
S21401BB088EB023785BB9EDF79BFE014650B9012349
S21401BB1801A82370EDF71AFF054B049A1A602078DE
S21401BB280EB010BD034800F03FFEF8E7686000203D
S21401BB38C44A00208E2B040000B58FB0FFF7DEFF45
S21401BB48002829D001A8EDF701FF059B144819889C
S21401BB5800F02AFE059B13485969134B002908BFB4
S21401BB68194600F021FE059B1048598800F01CFE76
S21401BB78059B0F48196900F017FE059B0D48D96803
S21401BB8800F012FE059B0C48197E00F00DFE0B4BCB
S21401BB980B48196800F008FE0FB05DF804FB00BFFB
S21401BBA8CB2B0400DD2B0400F9F70300EF2B040070
S21401BBB8032C0400172C04002B2C0400C44A002074
S21401BBC83F2C040070B5064615460C4679B172B18D
S21401BBD8FFF794FF68B121462A463046EDF7C0FFC5
S21401BBE8014618B1044800F0DFFD012070BD212090
S21401BBF8FCE71120FAE700BF512C040037B50546CB
S21401BC080C46FFF77BFFE0B1114B1B68AB421AD914
S21401BC18CCB100212422204601F0E4FE2146284624
S21401BC2816F045FD88B9284601AA04F10801EDF782
S21401BC3849FF20B140F20643C01A18BF012003B0DD
S21401BC4830BD1120FBE72120F9E70120F7E700BF07
S21401BC58C44A0020F0B593B00546FFF74FFF002809
S21401BC6845D0254B1A68AA4207D829462348013ADF
S21401BC7800F09AFD212013B0F0BD05A8EDF766FE89
S21401BC88284603A916F013FD98BB049A22F4FF5719
S21401BC98C2F30C0327F01F072BB14FF400532946B4
S21401BCA8174800F081FD039E7FB120F06BFC3046FB
S21401BCB84FF40051EDF7E0FF3346044606F500560B
S21401BCC850B9039BF31ABB42EFD32A4639460D48AF
S21401BCD800F06AFD002406E000902A464FF4005161
S21401BCE8094800F061FD201E18BF0120C3E7112096
S21401BCF8C1E70120BFE700BFC44A00207F2C04002B
S21401BD082D2D0400EC2D04009B2D040010B50446CF
S21401BD1838B1FFF7F3FE30B10020044B1B682360EF
S21401BD2810BD2120FCE71120FAE700BFC44A002015
S21401BD3810B50446FFF7E2FEB0B10C4B1A68A242F2
S21401BD4806D821460A48013A00F02EFD212010BDEA
S21401BD5820F018FC40F2512220460649EDF772FE03
S21401BD68003818BF0120F2E71120F0E7C44A002086
S21401BD787F2C04007048002010B50446FFF7BEFE6D
S21401BD8870B121460848EDF77DFE40F2032398423C
S21401BD9808D040F2012398420CBF0520012010BDAF
S21401BDA81120FCE70020FAE7704800202DE9F04151
S21401BDB82D4D04462F68FFF7A1FE002851D02968AB
S21401BDC8A14207D84A1E2948214600F0EDFC212049
S21401BDD8BDE8F0812648EDF715FEDFF894800246A7
S21401BDE8B0B943462E68964222D1BE4214BF3A469F
S21401BDF806F1FF3212BB31461D48C8F80040EDF780
S21401BE08E1FD014600B31B4800F0CEFC0120DFE748
S21401BE182046EDF7B7FD044638B10146164800F04E
S21401BE28C3FC201E18BF0120D2E7EDF7BFFBF8E7D9
S21401BE3853F8041B8C42DDD00132D4E70C4992003A
S21401BE48081D01F021FED6E729680948EDF7DAFD55
S21401BE58044610B101460948D6E7EDF7A7FB204688
S21401BE68B6E71120B4E700BFC44A00207F2C0400BF
S21401BE7850480020322E0400082E0400652E0400C7
S21401BE88F8B50446FFF73AFE002845D0234B1A6852
S21401BE98A24207D821462248013A00F085FC21240F
S21401BEA82046F8BD1F4800F07FFC20F06BFB40F2EF
S21401BEB851221D492046EDF7C5FD40F203270546E8
S21401BEC820F060FB184E65B140F203239D421AD05C
S21401BED82946164800F068FC0124154800F064FC61
S21401BEE8DEE720F04FFB29463046EDF7CBFDB8429A
S21401BEF809D040F20123984203D10E4800F054FCC1
S21401BF08E1E70546DFE721460B4800F04DFC2046F1
S21401BF18FFF74CFF0446E0E71124C1E7C44A0020B6
S21401BF287F2C04009C2E040070480020BC2E0400C0
S21401BF38FECC030005040400D42E04000322024BA1
S21401BF48186019615A6370470000025C3F22034B70
S21401BF581A631022DA6103229A6370470000025CB2
S21401BF68024AD36B9B07FCD4704700BF0000025CF3
S21401BF78044B9B6A13F0240F14BF01200020800095
S21401BF88704700BF0000025C08B5FFF7F1FF084BD9
S21401BF98DB6B23F47F4323F0EF03003B18BF012339
S21401BFA850EA83001EBF0122024BC3F8FC2F08BDCE
S21401BFB80000025C00F0FF3F4368182B0AD0202BD4
S21401BFC81DD0102B2BD1174BD3F80434DB010AD420
S21401BFD801207047134BD3F804349A01F8D50B683F
S21401BFE843F008030B6003680F4A934210D10B68AD
S21401BFF843F040030B600023436000207047094B61
S21401C008D3F804345B01E3D50B6843F00403E9E78E
S21401C018064A9342F1D10B6843F08003EAE707200A
S21401C028704700BF0000025C6A600020696000205B
S21401C0380B4607B50749D1F80414C90708D50021E6
S21401C04800920246084600F043F803B05DF804FB88
S21401C0580120FAE70000025C0B4607B50749D1F84C
S21401C0680414C90708D5009201210246002000F0F1
S21401C0782FF803B05DF804FB0120FAE70000025C24
S21401C08813B5084CD4F80444640709D5CDE9002350
S21401C0980B4600210246084600F044F802B010BDDF
S21401C0A80120FBE70000025C13B5084CD4F80444F1
S21401C0B8640709D5CDE900230B4602460121002075
S21401C0C800F030F802B010BD0120FBE70000025C6A
S21401C0D8F0B51C465B6815468DB01A07129E1AD134
S21401C0E8CBB17268934216D10C4B0D4A53F82170A6
S21401C0F809AB07CA83E807001A462946CDE905337E
S21401C108CDE90333CDE90163009447F480701AF052
S21401C118B0FF0DB0F0BD0720FBE700BFF0770400C5
S21401C128E4770400F0B51D4616466A688DB0DDE969
S21401C1381273E2B17868824219D15A68102A16D168
S21401C1480C4A09AC52F821C00B4A07CA84E8070012
S21401C15822463146CDE90544CDE90344CDE90174CB
S21401C16800954CF480601AF084FF0DB0F0BD0720EE
S21401C178FBE700BFF0770400E477040010B50A4631
S21401C188044619B1024B00211B68984710BD00BF31
S21401C198F877040010B5114C2378580744BF23F0EC
S21401C1A8040323702378990705D500F05DF82378F2
S21401C1B823F00203237063781BB10023084A6360E7
S21401C1C853600023082106486370FFF7D7FF2378DA
S21401C1D8DA0744BF23F00103237010BDC84A0020C4
S21401C1E8CC4A002038B51A4C62782378022A01D145
S21401C1F8072B11D0DD0712D52378980707D400F04E
S21401C2082BF82378054643F00203237080B9627839
S21401C218237882B15A0716D50025284638BD17F067
S21401C228B8F82378054643F0010323700028E3D0C5
S21401C238FFF7B0FFF1E7D907ECD5064962604A6017
S21401C24802226270E6E743F004032370E4E700BFC6
S21401C258C84A0020CC4A00200122024B002083F85D
S21401C268F0207047D44A00202DE9F0410A4C0025F9
S21401C27826464FF0010803272046C4F81C80277677
S21401C28801351AF0E4FF062D04F12804F4D1002341
S21401C29886F8F030BDE8F081D44A00202DE9F04F49
S21401C2A8984691B00B1E0A93B44B914614BF834629
S21401C2B89B4600251A9E98F8000070B94D4538BF70
S21401C2C82A464B464FF000000A9928BF09F1FF326B
S21401C2D8D847284611B0BDE8F08F252808F101088F
S21401C2E806D02A464B460A996C1CD8472546E2E7EB
S21401C2F80023414611F8012B2B2A16D00AD8202AEA
S21401C30816D0232A17D0A2F13000092834D80027DE
S21401C3180A2418E02D2A05D0302AF4D143F0010367
S21401C3288846E6E743F00203FAE743F00403F7E733
S21401C33843F00803F4E743F01003F1E7884604FBEB
S21401C3480722A2F13007414611F8012BA2F130006D
S21401C3580928F3D998F800202E2A52D198F8011006
S21401C36808F10102A1F13000092843F480633ED8A0
S21401C37800244FF00A0E11E02A2A08D156F8047B49
S21401C3888846002FBCBF43F002037F42E2E700273E
S21401C398E0E702460EFB0411A1F13004104610F83E
S21401C3A8011BA1F1300CBCF1090FF2D990464246A7
S21401C3B812F8011B6C292DD025D8682933D06A2993
S21401C3C83BD04246904618F8010B672860D8572894
S21401C3D836D8452808D084D9462800F01881472839
S21401C3E87FF47FAF43F4006343F0200327E12A2953
S21401C3F806D156F8044B08F1020824EAE474D6E795
S21401C40890460024D3E7742901D07A29D9D143F478
S21401C4188073D7E798F801106C29F8D143F4407374
S21401C42808F10202CEE798F80110682902D043F015
S21401C4388003C7E743F0C003F2E743F40073C1E79C
S21401C448A0F158020F2A3FF64CAF01A151F822F08D
S21401C458F9C40100EBC20100EBC20100EBC2010006
S21401C468EBC20100EBC20100EBC20100EBC2010006
S21401C478EBC20100EBC20100F9C4010065C6010068
S21401C488F9C401003BC601001BC601003BC60100FA
S21401C498A0F16901C9B20F293FF623AF012249F27B
S21401C4A8410C8A4012EA0C0218D10A2900F01581BB
S21401C4B807297FF416AF43F0210305930823CDE936
S21401C4C803431023CDE9012356F8043B2A4600937B
S21401C4D858464B460A991AF0AAFFA8E06F2800F0BA
S21401C4E85E8110D9782808D1102223F00C0310E0B9
S21401C4F8582839D0622800F054810A2223F0100304
S21401C508642806D0F1E769284FF00A0223F01003E1
S21401C518F6D1590548BF23F00103692803F40071D1
S21401C52801D0642840D111B3073626F00706B24673
S21401C53870685AF8081BCDE9077300230593C30FE3
S21401C5480028029306940B46049202DA4B4260EBEB
S21401C5584000CDE900304B462A4658460A991AF05B
S21401C568A8FF05465646A6E643F02003BCE7D905CC
S21401C57806F1040A04D5316805E000BF9972030084
S21401C58858060CD53178CDE90224CDE90473002983
S21401C5984FEAD1730193B8BF4942009120E01906CA
S21401C5A8E9D5B6F90010EEE779B1CDE907730023AE
S21401C5B8CDE9042306F1070A2AF0070A069402932E
S21401C5C8FAE80223CDE90023C5E7D80506F1040AEF
S21401C5D80DD5CDE90473CDE90224019133680093A2
S21401C5E84B462A4658460A991AF021FFB9E75906D2
S21401C5F807D53178CDE904730023CDE902240193E8
S21401C608CBE7316813F0800F18BF89B2F2E743F021
S21401C6182003CDE90173073626F007060094B6EC29
S21401C628020B4B462A4658460A99EAF7D1F80546B8
S21401C63841E600F0DF00472801D143F40063CDE965
S21401C6480173073626F007060094B6EC020B4B4634
S21401C6582A4658460A99E9F7FFFEE8E713F0020466
S21401C66826D04FF0010A6B1C0B932A464B460A99B3
S21401C67816F8040BD84774B354460B9A21E04B4678
S21401C68820200A99D8470AEB05020AF1010A5745FC
S21401C698F5D83A1E18BF0122002A07F1FF3308BF52
S21401C6A8002307F1010A1D4408BF4FF0020ADAE722
S21401C6B8A246E8E7551C4B4620200A99D8472A4641
S21401C6C80134BC42F6D3A7EB0A03574538BF00230B
S21401C6D80B9A1A440B920B9DEDE53246002C52F844
S21401C6E8046B14BF21464FF0FF310B92324631449A
S21401C6F8107808B1914211D1A2EB060A13F48062B0
S21401C7080C9202D0A24528BFA24613F002030D934D
S21401C7181BD1AAEB05032A460F9308E00132E7E787
S21401C728531C0E9320204B460A99D8470E9A0F9B06
S21401C738D318BB42F4D3A7EB0A03574538BF0023E7
S21401C7480AF101021D4403EB020AAB1B0E9304E037
S21401C7581C464B462A460A99D8470E9BF51816F8E2
S21401C768010B28B10C9B002BF3D0631E002CEFD1D4
S21401C7780D9B93B12A46AAEB050405E0561C4B46C9
S21401C78820200A99D84732461319BB42F6D3A7EB9D
S21401C7980A03574538BF00231D440B9E8BE5082224
S21401C7A8A3E60222A1E600BF0FB41FB506AA52F8F7
S21401C7B8043B02A90392009204484FF0FF32FFF7A8
S21401C7C86DFD05B05DF804EB04B070475B750300BA
S21401C7D81FB5034600914FF0FF3203A90248FFF741
S21401C7E85DFD05B05DF804FB5B7503001FB5CDE97B
S21401C7F80201009302A9134603484FF0FF32FFF7E0
S21401C8084DFD05B05DF804FB637503001FB5094BC4
S21401C818094A1868094B01A91860094B1360094AA7
S21401C8280192094A1268CDE9022316F0D5FD05B032
S21401C8385DF804FBB0660020383C00203C3C002034
S21401C848A4660020D7660400844E0020014B1868B1
S21401C85816F0D6BDB066002038B5F1F7DBFC044605
S21401C868064D2B68D3F8B002F1F7C8FC286816F015
S21401C878DAFD2046BDE83840F1F7C0BCB0660020B6
S21401C88810B5234CEFF7B6FDEFF7C2FE236F012074
S21401C89823F0070343F003032367EFF7E3FE1D4B7B
S21401C8A800209B6A9B075EBF01221B4B9A62D4F845
S21401C8B8203123F0030343F00203C4F82031D4F8EF
S21401C8C8243123F0070343F00203C4F82431D4F8D3
S21401C8D8403123F0030343F00103C4F84031D4F890
S21401C8E8603123F0030343F00103C4F86031D4F840
S21401C8F8403223F0030343F00103C4F84032D4F86E
S21401C908003223F0070343F00103C4F8003210BDD8
S21401C9180080005000C0005000E00050064B1B6825
S21401C9281A7A022A01D81AB97047032A00D0704722
S21401C9381B68024A13607047B4660020844E0020C4
S21401C9480022024B5A60DA601A607047884E00204F
S21401C95808B501F011FD0022014B1A7008BD00BF91
S21401C9686B6000200A4601491AF05FBE95900400E4
S21401C9780A4601491AF059BE909004000A46014930
S21401C9881AF053BE899004000A4601491AF04DBEB2
S21401C998869004000A4601491AF047BE83900400AF
S21401C9A80A4601491AF041BE7E9004000A4601492A
S21401C9B81AF03BBE799004000A4601491AF035BEC2
S21401C9C8749004000A4601491AF02FBE6D900400BF
S21401C9D881F0004102E000BF83F0004330B54FEA22
S21401C9E841044FEA430594EA050F08BF90EA020F8F
S21401C9F81FBF54EA000C55EA020C7FEA645C7FEA22
S21401CA08655C00F0E2804FEA5454D4EB5555B8BF44
S21401CA186D420CDD2C4480EA020281EA030382EAB5
S21401CA28000083EA010180EA020281EA0303362D47
S21401CA3888BF30BD11F0004F4FEA01314FF4801C1A
S21401CA484CEA113102D0404261EB410113F0004F2C
S21401CA584FEA03334CEA133302D0524263EB4303E3
S21401CA6894EA050F00F0A780A4F10104D5F1200E81
S21401CA780DDB02FA0EFC22FA05F2801841F10001DC
S21401CA8803FA0EF2801843FA05F359410EE0A5F1B0
S21401CA9820050EF1200E012A03FA0EFC28BF4CF0E1
S21401CAA8020C43FA05F3C01851EBE37101F0004597
S21401CAB807D54FF0000EDCF1000C7EEB00006EEBA4
S21401CAC80101B1F5801F1BD3B1F5001F0CD349082E
S21401CAD85FEA30004FEA3C0C04F101044FEA445285
S21401CAE812F5800F80F09A80BCF1004F08BF5FEA0C
S21401CAF8500C50F1000041EB045141EA050130BDEC
S21401CB085FEA4C0C404141EB0101013C28BFB1F5FD
S21401CB18801FE9D291F0000F04BF01460020B1FA48
S21401CB2881F308BF2033A3F10B03B3F120020CDA1B
S21401CB380C3208DD02F1140CC2F10C0201FA0CF0F9
S21401CB4821FA02F10CE002F11402D8BFC2F1200C5E
S21401CB5801FA02F120FA0CFCDCBF41EA0C01904014
S21401CB68E41AA2BF01EB0451294330BD6FEA04045D
S21401CB781F3C1CDA0C340EDC04F11404C4F1200248
S21401CB8820FA04F001FA02F340EA030021FA04F35A
S21401CB9845EA030130BDC4F10C04C4F1200220FAB1
S21401CBA802F001FA04F340EA0300294630BD21FAEF
S21401CBB804F0294630BD94F0000F83F4801306BFB5
S21401CBC881F480110134013D4EE77FEA645C18BFA9
S21401CBD87FEA655C29D094EA050F08BF90EA020F40
S21401CBE805D054EA000C04BF1946104630BD91EA38
S21401CBF8030F1EBF0021002030BD5FEA545C05D13B
S21401CC084000494128BF41F0004130BD14F5800479
S21401CC183CBF01F5801130BD01F0004545F0FE41ED
S21401CC2841F470014FF0000030BD7FEA645C1ABF22
S21401CC38194610467FEA655C1CBF0B46024650EA59
S21401CC48013406BF52EA033591EA030F41F4002185
S21401CC5830BD00BF90F0000F04BF0021704730B50B
S21401CC684FF4806404F132044FF000054FF00001E0
S21401CC7850E700BF90F0000F04BF0021704730B5A1
S21401CC884FF4806404F1320410F0004548BF404276
S21401CC984FF000013EE700BF42004FEAE2014FEACB
S21401CCA831014FEA02701FBF12F07F4393F07F4FA6
S21401CCB881F06051704732F07F4208BF704793F0A9
S21401CCC87F4F04BF41F40021704730B54FF46074BC
S21401CCD801F0004521F000411CE700BF50EA0102BF
S21401CCE808BF704730B54FF000050AE050EA010268
S21401CCF808BF704730B511F0004502D5404261EBD8
S21401CD0841014FF4806404F132045FEA915C3FF418
S21401CD18D8AE4FF003025FEADC0C18BF03325FEAB5
S21401CD28DC0C18BF033202EBDC02C2F1200300FA66
S21401CD3803FC20FA02F001FA03FE40EA0E0021FA8B
S21401CD4802F11444BDE600BF70B54FF0FF0C4CF479
S21401CD58E06C1CEA11541DBF1CEA135594EA0C0F2B
S21401CD6895EA0C0F00F0DEF82C4481EA030621EA66
S21401CD784C5123EA4C5350EA013518BF52EA0335A1
S21401CD8841F4801143F4801338D0A0FB02CE4FF053
S21401CD980005E1FB02E506F00042E0FB03E54FF083
S21401CDA80006E1FB03569CF0000F18BF4EF0010E7B
S21401CDB8A4F1FF04B6F5007F64F5407404D25FEA77
S21401CDC84E0E6D4146EB060642EAC62141EA55512A
S21401CDD84FEAC52040EA5E504FEACE2EB4F1FD0C6C
S21401CDE888BFBCF5E06F1ED8BEF1004F08BF5FEAEA
S21401CDF8500E50F1000041EB045170BD06F000469C
S21401CE0846EA010140EA020081EA0301B4EB5C0448
S21401CE18C2BFD4EB0C0541EA045170BD41F4801140
S21401CE284FF0000E013C00F3AB8014F1360FDEBF65
S21401CE38002001F0004170BDC4F10004203C35DA41
S21401CE480C341BDC04F11404C4F1200500FA05F3C4
S21401CE5820FA04F001FA05F240EA020001F0004265
S21401CE6821F0004110EBD37021FA04F642EB0601DB
S21401CE785EEA430E08BF20EAD37070BDC4F10C0405
S21401CE88C4F1200500FA04F320FA05F001FA04F2C9
S21401CE9840EA020001F0004110EBD37041F10001B5
S21401CEA85EEA430E08BF20EAD37070BDC4F12005C0
S21401CEB800FA05F24EEA020E20FA04F301FA05F228
S21401CEC843EA020321FA04F001F0004121FA04F2D0
S21401CED820EA020000EBD3705EEA430E08BF20EAA0
S21401CEE8D37070BD94F0000F0FD101F000464000DA
S21401CEF841EB010111F4801F08BF013CF7D041EA5C
S21401CF08060195F0000F18BF704703F0004652005F
S21401CF1843EB030313F4801F08BF013DF7D043EA30
S21401CF280603704794EA0C0F0CEA135518BF95EAE6
S21401CF380C0F0CD050EA410618BF52EA4306D1D16D
S21401CF4881EA030101F000414FF0000070BD50EA8C
S21401CF58410606BF1046194652EA430619D094EA16
S21401CF680C0F02D150EA013613D195EA0C0F05D100
S21401CF7852EA03361CBF104619460AD181EA030154
S21401CF8801F0004141F0FE4141F470014FF000000C
S21401CF9870BD41F0FE4141F4780170BD70B54FF0A7
S21401CFA8FF0C4CF4E06C1CEA11541DBF1CEA135527
S21401CFB894EA0C0F95EA0C0F00F0A7F8A4EB050409
S21401CFC881EA030E52EA03354FEA013100F0888000
S21401CFD84FEA03334FF0805545EA131343EA1263C9
S21401CFE84FEA022245EA111545EA10654FEA00267E
S21401CFF80EF000419D4208BF964244F1FD0404F537
S21401D008407402D25B084FEA3202B61A65EB030592
S21401D0185B084FEA32024FF480104FF4002CB6EB4F
S21401D028020E75EB030E22BFB61A754640EA0C00CF
S21401D0385B084FEA3202B6EB020E75EB030E22BF0F
S21401D048B61A754640EA5C005B084FEA3202B6EB50
S21401D058020E75EB030E22BFB61A754640EA9C000F
S21401D0685B084FEA3202B6EB020E75EB030E22BFDF
S21401D078B61A754640EADC0055EA060E18D04FEA9D
S21401D088051545EA16754FEA06164FEAC30343EA3D
S21401D09852734FEAC2025FEA1C1CC0D111F4801F0A
S21401D0A80BD141EA00014FF000004FF0004CB6E703
S21401D0B811F4801F04BF01430020B4F1FD0C88BFA2
S21401D0C8BCF5E06F3FF6AFAEB5EB030C04BFB6EBAD
S21401D0D8020C5FEA500C50F1000041EB045170BDA0
S21401D0E80EF0004E4EEA113114EB5C04C2BFD4EBCD
S21401D0F80C0541EA045170BD41F480114FF0000E51
S21401D108013C90E645EA060E8DE60CEA135594EACC
S21401D1180C0F08BF95EA0C0F3FF43BAF94EA0C0FCF
S21401D1280AD150EA01347FF434AF95EA0C0F7FF444
S21401D13825AF104619462CE795EA0C0F06D152EA98
S21401D14803353FF4FDAE1046194622E750EA41067C
S21401D15818BF52EA43067FF4C5AE50EA41047FF48D
S21401D1680DAF52EA43057FF4EBAE12E74FF0FF3CF2
S21401D17806E000BF4FF0010C02E000BF4FF0010CC3
S21401D1884DF804CD4FEA410C7FEA6C5C4FEA430C3C
S21401D19818BF7FEA6C5C1BD001B050EA410C0CBF8B
S21401D1A852EA430C91EA030F02BF90EA020F0020ED
S21401D1B8704710F1000F91EA030F58BF994208BF54
S21401D1C890422CBFD8176FEAE37040F00100704711
S21401D1D84FEA410C7FEA6C5C02D150EA013C07D168
S21401D1E84FEA430C7FEA6C5CD6D152EA033CD3D0B3
S21401D1F85DF8040B704700BF8446104662468C46AD
S21401D2081946634600E000BF01B5FFF7B7FF0028DF
S21401D21848BF10F1000F01BD4DF808EDFFF7F4FF08
S21401D2280CBF012000205DF808FB00BF4DF808ED93
S21401D238FFF7EAFF34BF012000205DF808FB00BFB6
S21401D2484DF808EDFFF7E0FF94BF012000205DF8D8
S21401D25808FB00BF4DF808EDFFF7CEFF94BF01208D
S21401D26800205DF808FB00BF4DF808EDFFF7C4FF86
S21401D27834BF012000205DF808FB00BF4FEA4102D9
S21401D28812F5001215D211D56FF47873B3EB62520A
S21401D29812D94FEAC12343F0004343EA505311F031
S21401D2A8004F23FA02F018BF404270474FF00000C3
S21401D2B8704750EA013005D111F0004008BF6FF001
S21401D2C8004070474FF00000704700BF4A0011D277
S21401D2D812F5001211D20DD56FF47873B3EB6252C2
S21401D2E80ED44FEAC12343F0004343EA505323FACE
S21401D2F802F070474FF00000704750EA013002D143
S21401D3084FF0FF3070474FF00000704753B94AB9E5
S21401D318002908BF00281CBF4FF0FF314FF0FF302F
S21401D32800F08CB9ADF1080C6DE904CE00F006F8F2
S21401D338DDF804E0DDE9022304B070472DE9F04F7B
S21401D348099D0E4604460F46002B47D18A4294464D
S21401D358B2FA82F35AD943B102FA03FCC3F12002A6
S21401D3689F409C4020FA02F217434FEA1C461FFAD8
S21401D3788CFE220CB7FBF6F106FB117701FB0EF0CB
S21401D38842EA0742904208D91CEB020201F1FF3734
S21401D39802D2904200F23C813946121AA4B2B2FB7C
S21401D3A8F6F006FB102200FB0EFE44EA0244A645F0
S21401D3B808D91CEB040400F1FF3202D2A64500F29C
S21401D3C82A81104640EA0140A4EB0E0400211DB153
S21401D3D8DC400023C5E90043BDE8F08F8B4205D940
S21401D3E80DB1C5E9000100210846F5E7B3FA83F156
S21401D3F800294FD1B342C0F00281824240F2FF8039
S21401D4080846002DE8D0C5E90047E5E7002B40F0BF
S21401D418AF808A1A4FEA1C4E1FFA8CF70121B2FB1D
S21401D428FEF60EFB1620220C42EA004207FB06F027
S21401D43890420FD91CEB020206F1FF382CBF4FF0C1
S21401D44801094FF00009904203D9B9F1000F00F025
S21401D458DC804646121AA4B2B2FBFEF00EFB10227E
S21401D46800FB07F744EA0244A7420FD91CEB040461
S21401D47800F1FF322CBF4FF0010E4FF0000EA7420D
S21401D48803D9BEF1000F00F0C9801046E41B40EA3C
S21401D49806409CE7C1F120048B4006FA01FC00FA1D
S21401D4A801FE22FA04F7E6408A401F4320FA04F3F5
S21401D4B84FEA174843EA0C031FFA87FC4FEA134959
S21401D4C8B6FBF8F008FB106649EA064600FB0CF9BD
S21401D4D8B1450ED9BE1900F1FF3A2CBF4FF0010B2A
S21401D4E84FF0000BB14503D9BBF1000F00F0A28045
S21401D4F85046A6EB09061FFA83F9B6FBF8F308FBB4
S21401D508136603FB0CFC49EA0646B4450ED9BE1958
S21401D51803F1FF382CBF4FF001094FF00009B4455D
S21401D52803D9B9F1000F00F08280434643EA004070
S21401D538A6EB0C06A0FB028C66454346E14602D3E1
S21401D54807D1C64505D2B8EB02036CEB070C0138C8
S21401D558E1465DB1BEEB030266EB090606FA04F482
S21401D56822FA01F3CE401C43C5E90046002133E701
S21401D57802FA03FCC3F1200299409C40D6404FEAC8
S21401D5881C4E20FA02F21FFA8CF7B6FBFEF00A438D
S21401D5980EFB1066110C41EA064100FB07F68E42A7
S21401D5A80ED91CEB010100F1FF382CBF4FF0010921
S21401D5B84FF000098E4202D9B9F1000F34D0404627
S21401D5C8891B92B2B1FBFEF60EFB161142EA014226
S21401D5D806FB07F191420ED91CEB020206F1FF3851
S21401D5E82CBF4FF001094FF00009914202D9B9F159
S21401D5F8000F16D04646521A46EA00410FE7841A2B
S21401D60866EB030201201746FBE6023E624421E769
S21401D61802396244C1E664440238D3E664440238F7
S21401D62834E7023E6244E6E702386144C8E7023B53
S21401D6383E447BE702383E445BE700BF704700BFC5
S21401D6482DE9F04F924685B089461E460D46554A45
S21401D6580390294615F8014B135D13F00803F8D11A
S21401D6682D2C7CD02B2C4ED04FF0FF3102936FF02F
S21401D6780043CDE9001336F0100851D037464FEA7B
S21401D688E6783A464346DDE90001FFF73FFE002308
S21401D69883468E4618461946A44613E0ACF137046D
S21401D6A8A6421FDD002B09DB83457EEB010305D36C
S21401D6B88E4508BF83453BD1A24239DA4FF0FF3386
S21401D6C815F801CBACF13004092CE9D9ACF14104C9
S21401D6D8192CE3D9ACF16104192C03D8ACF1570421
S21401D6E8A642DFDC5A1C2FD0029A12B1404261EBE7
S21401D6F84101BAF1000F03D0002B48D1CAF80090B7
S21401D70805B0BDE8F08F4FF0FF30029336F01008F1
S21401D7186FF000432C7801F10205CDE90003ADD185
S21401D728302C25D0002E3AD10A27B0463E46A8E727
S21401D73800FB08F307FB0133A0FB07010B44201885
S21401D74843EBE4710123BBE72223039A1360BAF182
S21401D758000F17D005F1FF39DDE90001CEE74FF0DC
S21401D7680047009301232C788D1CCDE9017382E7CD
S21401D7782B7803F0DF03582B0CD086B90827B04660
S21401D7883E467EE7DDE9000105B0BDE8F08FCDE94C
S21401D7980001DFE710276C7802353E4671E710274F
S21401D7A83E466EE79D9004004AE700BF10B4044C5D
S21401D7B813460A46014620685DF8044B40E700BF59
S21401D7C8E466002010B4044C13460A460146206855
S21401D7D85DF8044B34E700BFE466002020F003013F
S21401D7E810F00300C0F1000051F8043B00F1040CEE
S21401D7F84FEACC0C6FF000021CBF22FA0CF213435E
S21401D8084FF0010C4CEA0C2C4CEA0C4CA3EB0C0226
S21401D81822EA030212EACC1204BF51F8043B043090
S21401D828F4D0C2F1000102EA0102B2FA82F2C2F1B0
S21401D8381F0200EBD20070472DE9F04780460C46E0
S21401D8484548264614F801EB10F80EC01CF0080CE3
S21401D858F7D1BEF12D0F5BD0BEF12B0F3AD065463E
S21401D86833F010003ED04FF0FF379A46B7FBF3F778
S21401D87803FB07F96FEA0909002630460EE0AEF108
S21401D888370C63451DDD002E04DBB84202D833D1C0
S21401D898CC4531DD4FF0FF3614F801EBAEF1300C14
S21401D8A8BCF1090FEDD9AEF1410CBCF1190FE6D95F
S21401D8B8AEF1610CBCF1190F03D8AEF1570C6345F4
S21401D8C8E1DC731C1CD005B140420AB1F6B91160FF
S21401D8D8BDE8F08733F0100094F800E0654606F1DD
S21401D8E80204C0D1BEF1300F17D06BBB0A234FF02C
S21401D8F805091A4F9A46BFE700FB0AC00126CBE77F
S21401D90822233046C8F80030002AE1D0611EDEE73F
S21401D91894F800E00125B41CA2E7207800F0DF00A7
S21401D928582807D083B908234FF007096FF06047D6
S21401D9389A46A1E7102394F801E04FF00F09023444
S21401D9486FF070479A4697E710234FF00F096FF06C
S21401D95870479A4690E700BF9D90040099999919D7
S21401D9686AE700BF10B4044C13460A46014620680D
S21401D9785DF8044B60E700BFE466002010B4044C71
S21401D98813460A46014620685DF8044B54E700BF73
S21401D998E46600200F4B70B50F4DAB42A3EB0506AE
S21401D9A807D0B6100024013455F8043B9847A64220
S21401D9B8F9D80A4D1EF0E0FF094B5E1BAB424FEA51
S21401D9C8A60606D00024013455F8043B9847A6421B
S21401D9D8F9D870BD7C6A00207C6A00207C6A002029
S21401D9E8806A002070B5860747D0541E002A3ED0AC
S21401D9F8CAB2034601E0013C39D303F8012B9D075F
S21401DA08F9D1032C2CD9CDB20F2C05EB052505EB46
S21401DA18054535D9A4F1100C03F1100E1A462CF061
S21401DA280F064FEA1C1CB644C2E90055C2E9025566
S21401DA3810327245F8D10CF1010214F00C0F04F003
S21401DA480F0C03EB021213D0ACF1040323F003030B
S21401DA580433134442F8045B9342FBD10CF00304ED
S21401DA682CB1C9B21C4403F8011BA342FBD170BDFB
S21401DA7864461346002CF4D1F9E703461446C0E77A
S21401DA881A46A446E0E700BF88420ED98B1883429F
S21401DA980BD900EB020C002A6ED0624613F801CDB2
S21401DAA8994202F801CDF9D170470F2A0FD80346DB
S21401DAB802F1FF3C002A5FD00CF1010C013B8C44BB
S21401DAC811F8012B614503F8012FF9D1704740EA97
S21401DAD801039B0751D1A2F1100301F1200C70B587
S21401DAE823F00F0501F1100E00F110041B09AC44D8
S21401DAF85EF8105C0EF1100E103444F8205C5EF8E7
S21401DB081C5C44F81C5C5EF8185C44F8185C5EF80B
S21401DB18145CE64544F8145CEAD1013312F00C0FA4
S21401DB2802F00F0C01EB031100EB031329D0ACF143
S21401DB38040C1C1F8E462CF003064FEA9C0C1E4450
S21401DB485EF8045B44F8045FB442F9D10CF10104B1
S21401DB5802F0030203EB840301EB840102F1FF3CAC
S21401DB684AB10CF1010C013B8C4411F8012B6145BB
S21401DB7803F8012FF9D170BD704702F1FF3C034647
S21401DB889AE76246EAE700BF2DE9F04F82468E46DD
S21401DB983F4875461EF801BB10F80B4014F0080400
S21401DBA8F7D1BBF12D0F5BD0BBF12B0F6FF00049FE
S21401DBB804BF9EF800B005F1020E33F0100010D134
S21401DBC8BBF1300F04D0002B5ED10A231F4609E0B3
S21401DBD89EF8000000F0DF0058284ED0002B53D1E5
S21401DBE808231F460025B9FBF7F6284607FB1698B3
S21401DBF80EE0ABF1370C63451DDD002D04DB8642D4
S21401DC0802D321D1E0451FDA4FF0FF351EF801BBDC
S21401DC18ABF1300CBCF1090FEDD9ABF1410CBCF1FD
S21401DC28190FE6D9ABF1610CBCF1190F03D8ABF1AA
S21401DC38570C6345E1DC6B1C0AD004B140420AB1BB
S21401DC48CDB91160BDE8F08F07FB00C00125DDE7FF
S21401DC582223CAF800305AB10EF1FF314846F0E7E0
S21401DC689EF800B04FF0004905F1020E0124A4E722
S21401DC784846BDE8F08F8146EEE710239EF801B0CE
S21401DC880EF1020E1F46ADE710231F46AAE700BF96
S21401DC989D900400242B02D8012B00D074E710B500
S21401DCA800F02EFA16230360002010BD10B5242AB2
S21401DCB8084C1346246807D8012A05D00A460146A7
S21401DCC82046BDE810405FE700F01AFA1623036005
S21401DCD8002010BDE466002010B5242A084C13461F
S21401DCE8246807D8012A05D00A4601462046BDE819
S21401DCF8104049E700F004FA16230360002010BD1F
S21401DD08E4660020844641EA000313F0030349D180
S21401DD18403A23D30B6803604B6843608B68836083
S21401DD28CB68C3600B6903614B6943618B69836187
S21401DD38CB69C3610B6A03624B6A43628B6A83626F
S21401DD48CB6AC3620B6B03634B6B43638B6B836357
S21401DD58CB6BC36340304031403ADBD230320BD311
S21401DD680B6803604B6843608B688360CB68C3604D
S21401DD7810301031103AF3D20C3205D351F8043B67
S21401DD8840F8043B043AF9D2043208D0D2071CBF43
S21401DD9811F8013B00F8013B01D30B88038060466C
S21401DDA8704700BF082A13D38B07B1D010F00303BE
S21401DDB8AED0C3F10403D21ADB071CBF11F8013B2E
S21401DDC800F8013BA4D331F8023B20F8023B9FE759
S21401DDD8043AD9D3013A11F8013B00F8013BF9D2CC
S21401DDE80B7803704B7843708B7883706046704766
S21401DDF8024B0146186816F0D5B800BFE466002045
S21401DE08024B0146186816F0D0B800BFE466002039
S21401DE18CAB384460B4630B504460843800719D072
S21401DE289CF800000C78A04212D150B3012A28D0E1
S21401DE38E64603E01CEB030F23D010B31EF8010FD0
S21401DE4811F8014FA2EB0E03A04203F1FF33F1D004
S21401DE58001B30BD032A07D8E2E7043A11D01EF0AA
S21401DE68803F0ED1032A10D92068194653F8045B5F
S21401DE78A446A0F1013E0434A8422EEA000EECD0D6
S21401DE88CEE7002030BD10467047A4461946C7E7BE
S21401DE9880EA010C1CF0030F37D110F0030C20F0B8
S21401DEA8030021F0030150F8042B08BF51F8043B86
S21401DEB80ED08CF0030C6FF07F434FEACC0C23FA9C
S21401DEC80CFC51F8043B42EA0C0243EA0C0300BF7F
S21401DED8A2F1013C9A4201BF2CEA020C1CF0803FD9
S21401DEE850F8042B51F8043BF2D04FEA02604FEA8F
S21401DEF81222012828BFB0EB036F08BF1B0AF4D013
S21401DF0803F0FF03000EC01A704710F0030F0AD083
S21401DF1810F8012B11F8013B012A28BF9A42F4D0C8
S21401DF28A2EB030070474DF8045D50F8042B01F08E
S21401DF38030521F0030151F8043B022D26D04DD8E4
S21401DF4822F07F45B5EB132FA2F1013C2CEA020C17
S21401DF580DD11CF0803C08BF51F8043B0AD185EA74
S21401DF680205B5EB036F0CD150F8042BE8E74FEA2E
S21401DF7813235BE03CF07F4C54D10B784FEA1265D3
S21401DF8854E04FEA126503F0FF034FE04FEA0245FB
S21401DF98A2F1013C4FEA15452CEA020CB5EB134FEA
S21401DFA818D11CF0803C08BF51F8043B07D185EA1C
S21401DFB80205B5EB034F09D150F8042BE6E75FEAF3
S21401DFC80C4C2FD10B884FEA12452FE04FEA03433A
S21401DFD84FEA12454FEA134328E000BF02F0FF0557
S21401DFE8B5EB136FA2F1013C2CEA020C0DD11CF023
S21401DFF8803C08BF51F8043B0AD185EA0205B5EB17
S21401E008032F0AD150F8042BE8E74FEA13630DE013
S21401E01812F0FF0F06D051F8043B4FEA122523F001
S21401E0287F4303E04FF0000020BC704705F0FF0275
S21401E03803F0FF00012828BF904204BF2D0A1B0ADF
S21401E048F4D0A2EB000020BC704700BF08B5064B11
S21401E058044613B1002100F0AFF8044B1B6803B166
S21401E0689847204614F094FBC1E10100D04F0020E8
S21401E078002301461A46184600F048B8032A30B469
S21401E08815D941EA000484460B46A40704D0541E59
S21401E0980FE0043A032A08D91946604653F8044B98
S21401E0A85CF8045BA542F4D0F1E760461946541EB5
S21401E0B87AB1431E0139021901E09A4209D013F8D0
S21401E0C8010F11F801CF6045F7D0A0EB0C0030BC6A
S21401E0D87047002030BC704738B5074D074C2C1BDD
S21401E0E8A41005D0013C55F8043D9847002CF9D1F9
S21401E0F8BDE838401EF046BC846A0020806A0020CD
S21401E108014B1868704700BFE4660020F0B5264C3E
S21401E11883B006460F46256805B36C681F2C3FDC9E
S21401E128A6B1D5F8880048B3D0F800114FF0010C15
S21401E13840F82420022E00EB84020CFA04FC4CEA78
S21401E1480101C0F80011C2F8803010D0631C00200D
S21401E15802346B6045F8247003B0F0BD13491448C7
S21401E168216010B10068C1F88800104DD5E7D0F8D5
S21401E178043143EA0C03C0F80431E7E70D49CDE959
S21401E188002369B14FF48470FFF732FE40B10021D5
S21401E1986C68C0E94011DDE90023C5F88800C5E7C9
S21401E1A84FF0FF30D8E700BF60500020D44F002062
S21401E1B800000000F9DD01002DE9F04FDFF8B4900A
S21401E1C883B0D9F8006096B3884601907568D6F88A
S21401E1D888706C1E2BD4013507F1800B06EB85057C
S21401E1E8B8F1000F26D173682A68013BA3423BD0D9
S21401E1F800232B60BAB1D6F804A05FB30123D7F881
S21401E2080011A3400B4225D0D7F8040157F8241073
S21401E21803422BD1019890477368D9F800205345DB
S21401E2281ED1B2421CD1013C043D631CD8D103B0B7
S21401E238BDE8F08F4FB15BF824304345D3D0013C9D
S21401E248043D621CF3D0002FF5D1013CEFD3013C0D
S21401E258FBD2ECE790477368D9F800205345E0D025
S21401E268002AE4D01646B1E77460C3E7084690472B
S21401E278D2E700BF6050002013B50446694619F07E
S21401E288CBFA204619F00FFCFF28024606D0204696
S21401E2989DF80010EFF718F802B010BD0048FBE72C
S21401E2A80080FFFF2DE9F0418AB001AC05460B4618
S21401E2B82746194A02F1200C26461068516808328A
S21401E2C803C662453446F7D1002B08BF3B460027F4
S21401E2D810681C463060384603F10C0690B95FFAA0
S21401E2E887F842462846218819F0FFFC50B942466D
S21401E2F82846E18819F00AFD20B9424631462846E3
S21401E30819F016FD0137032F06F1080604F1020479
S21401E318E4D10AB0BDE8F081B4910400F0B589B043
S21401E32805460E4601F034FE044600BB01AC06F174
S21401E3380C070FCF0FC497E8070084E8070001A968
S21401E348284605F0F1FC2846311D19F08CFF0446D5
S21401E35848B92846074901F05DFA044618B928461F
S21401E36801F0E0FD044628463168FFF79BFF20468A
S21401E37809B0F0BDAC910400014919F0A0BA00BF7C
S21401E3881DFF010070B5164E032804460D46337866
S21401E3981ED023FA04F202F00102AA421DD053B19C
S21401E3A80122A240A54023EA02032B43DBB23370C5
S21401E3B84BB1012070BD2DB10A4B01201B6898474F
S21401E3C83378EDE73570074B00201B689847F0E770
S21401E3D89A07DED003F0FC03E9E7002070BD00BF12
S21401E3E86D600020A0520020F8B505460C461EF0C8
S21401E3F828F8104F06463B7833B1012D04D01CB9D6
S21401E4080D481CF0E5FD3C7021462846FFF7BAFF8B
S21401E4180A4B04461B783BB93B782BB919F039FCF3
S21401E42810B1074B1B68984730461EF005F8204682
S21401E438F8BD00BF6E600020745200206D60002099
S21401E44834670020054A0B46117831B10021117056
S21401E458034A012152681878104770476E600020F9
S21401E4683467002038B5074D04462B78834207D019
S21401E47801F0B8FC20462C70BDE83840F0F7BCB96E
S21401E48838BD00BF6C60002038B5044680B11DF069
S21401E498D8FF0121044608461CF00EFA01210B4A52
S21401E4A8084615F053FE2046BDE838401DF0C4BFA7
S21401E4B81DF0C7FF0546214601201CF0FDF9012085
S21401E4C82146024A15F042FE2846EDE7BB670400DE
S21401E4D81B4B022910B5187002D0032904D010BDB1
S21401E4E8184B1B78002BFAD105F08CFB0028F6D0C8
S21401E4F84FF00052144BC3F88020BFF34F8FBFF381
S21401E5086F8F01F047FC0028E9D001F03BFA00289C
S21401E518E5D10E4B1C6834B123689847BDE8104016
S21401E528002001F053BC19F0C6F9094B18601EF01B
S21401E53874F8084B1860204601F034FCEEE700BF7B
S21401E548526A00206C60002000E100E0C4520020FE
S21401E5589C5200209852002038B504460D4605F016
S21401E56851FB80B14FF00052124B1A6001F012FCB9
S21401E57848B9012D07D8012001F028FC0E4B1B686D
S21401E58823B15B6898470D4B1C7038BD1EF045F8E3
S21401E5980B4B1A68801A18601CF0C8FD4FF47A7283
S21401E5A8084B1B6802FB003019F087F9012001F0BF
S21401E5B8F9FBE8E700E100E0C4520020526A0020B7
S21401E5C8985200209C520020F0B585B01DF039FF06
S21401E5D8344D04462B7823B133481CF0F9FC002847
S21401E5E852D11CF07FFD02AA03A919F03CFB034691
S21401E5F8002838D019F04BFB029B98421CD100200A
S21401E6082A4B03991B682A4E9942307020D9002755
S21401E618C91A012324482B70264A3346CDE90077C8
S21401E6281DF0D7FF002837D1234A1378D90701D51B
S21401E6383178F9B1204611E019F027FB029B984280
S21401E64828D0002318461949194A096813700391F6
S21401E6580121FFF797FE002320462B701DF0ECFEE4
S21401E668002005B0F0BD20462B701DF0E5FE2120E8
S21401E67805B0F0BD03F0FE031370002BDAD10F4B83
S21401E6881B6898472046E9E720461DF0D5FE0E2070
S21401E69805B0F0BD0220B3E7032320462F70337080
S21401E6A8F3E700BF6E6000207452002094520020E9
S21401E6B8516A00204DE401006D600020A052002040
S21401E6C870B51DF0BEFE184D04462B7823BB174ABD
S21401E6D817491370174B184A18481A60184A194EE2
S21401E6E85A60F0F72DF818491848F0F729F8184B2A
S21401E6F880203360EDF7E4FD052804BF154B336031
S21401E708154B5B6F03F44073B3F5007F02BF02221B
S21401E718124B1A6001232B70F0F77AF920461DF088
S21401E7288BFE002070BD00BF6F6000206E60002069
S21401E738D891040034670020D1E501006452002016
S21401E748F1E30100A0520020E09104006C52002081
S21401E7586DE4010091E4010000400050945200204D
S21401E7682DE9F0438F7880460F2F0C4685B003D9E4
S21401E778212005B0BDE8F08327B90123374A0020D8
S21401E7881370F6E70D784E78EDB9002EF0D194F9AE
S21401E7980310E08802F00CFE2128E9D055EA0603AA
S21401E7A8A088DFF8C89013D002F066FE4FF604037F
S21401E7B8B9F8002001469A424BD1AE42334638BFDB
S21401E7C82B4600262DE0082DD2D8082ED0D8DEE715
S21401E7D802F052FE4FF6040501464FF60500204AA0
S21401E7E8136E9BB2AB4208BF0346B1F5803FA9F84A
S21401E7F800300FD902230825136680230126C2F8A4
S21401E80880302B4649084FF6FF720139914228BFDE
S21401E818114608E08023012608251666C2F88030CE
S21401E8282B460029EFD1002202920122013FFFB2B6
S21401E838009201972A4608F1F80002F0C7FC1EB1BB
S21401E8484FF48012074B5A65074BA2681A600223D9
S21401E85894E703480266A9F80030AEE77060002026
S21401E86800C001B800D001B8AC520020D869002019
S21401E87810B50446D0F818210B4B4FF40061C3F8C5
S21401E888CC2090F82420D20102F4006205F0D6F8D4
S21401E89894F8243013F0100F4FF4007314BF034A92
S21401E8A8034A136410BD00BF003E00B0001002B852
S21401E8B8002002B8431C07D06FF0FF02034B10403C
S21401E8C85A62A3F580535862704700BF00E000B84B
S21401E8D8F8B504460F4616461DF0B3FD0546A04793
S21401E8E8044620B128461DF0A7FD2046F8BD04F0D1
S21401E8F85FFA04220549D1F8F03E23EA07033343B9
S21401E908C1F8F03E024B1A64ECE700BF003000B0D5
S21401E918002002B800F01803182B0AD003070AD4FF
S21401E92840F2011310F0100018BF1846034BD867C1
S21401E93870470020FAE70120F8E700BF003F00B063
S21401E948044B1868830654BFC0F30F204FF6FF70B8
S21401E958704700BF5053002038B10368044A002BA3
S21401E96808BF1346034A13607047014BFAE700BF16
S21401E9780D7903004067002010B4D0E952412240C7
S21401E9880B4052EA030104D003495DF8044B0968B9
S21401E99808475DF8044B7047406700200F2938B5D3
S21401E9A805460C460ED801F033FA01280CD1074A61
S21401E9B82846936E23F00F032343936619F0C7F98D
S21401E9C8002038BD2120FCE70220FAE7003F00B00E
S21401E9D8014BD86E704700BF003F00B0014B0020C6
S21401E9E8D9667047003F00B003282DE9F3478846EB
S21401E9F855D82C4B13F800902B4B1E5C2B4B13F859
S21401EA0800A01DF01EFD074604F01EF9054640B19C
S21401EA1800230022CDE9003301200023002103F062
S21401EA283FFF04F019F948B100230022CDE900336D
S21401EA38002000234FF4004103F032FF6EB31C4B55
S21401EA48DC6C04F008041B4B3146DC64484604F0D1
S21401EA580DFA52463146484604F096FA164BDC64DF
S21401EA686DB1164B1868D0F89010F83003F008F816
S21401EA7813490868FFF71EFF4FF0FF330B60B8F124
S21401EA88000F04D00F4B002103205B6898473846D7
S21401EA9802B0BDE8F0471DF0CFBC3446D3E702B05C
S21401EAA8BDE8F087F0910400EC910400E8910400B9
S21401EAB8004000B8006000B8005000B85C53002061
S21401EAC83C670020346700200F4A136C13F0A00F30
S21401EAD815D1506C10F0040013D10C4BD3F8F03E4E
S21401EAE823F07F4323F0FF035BB1D368C3F30362CC
S21401EAF8092A07D0B2F10C0018BF01207047002080
S21401EB0870470120704700BF000002B8003000B00F
S21401EB1870B50D46064620B91A4B1B68A3B10E20E0
S21401EB2811E001F075F9012829D1174B93F9004036
S21401EB38C4F12704641BC4F11C03002BB8BF5B4255
S21401EB48232B0CDD212070BDA1F10B03002BB8BFD0
S21401EB585B42232BF6DC0C4B19700020F3E786F892
S21401EB6826501DF06EFC094AE402136A04F4FF24D9
S21401EB7823F4FF231C4314621DF05EFCEDE702201C
S21401EB88E1E700BF5C5300207160002000C000B8B8
S21401EB9818B9034B93F90000704790F9260070479F
S21401EBA87160002010B5FFF763FE03F0A7FB1DF0A8
S21401EBB848FC0A4A0121D2F8C83E044623F020033D
S21401EBC8C2F8C83E0222064B08469A60054B5B68A7
S21401EBD8984720461DF030FC002010BD003000B0DC
S21401EBE8001002B834670020094B08465A6A910299
S21401EBF80BD4D3F80021D20708D4D3F8803013F405
S21401EC08706F14BF0120002070470120704700BFB5
S21401EC18004001B8F8B50D46D0F8903002EA010474
S21401EC2823EA01032343C0F890303D4A01F00B0361
S21401EC3823EA0401D1642340A2F580526F070646F1
S21401EC48D36410D50121FFF7CFFF60B104F0B0F807
S21401EC584FF4007314F0040F14BF324A324A536259
S21401EC680422324B1A64E90606D514F0100F14BFB5
S21401EC7800221B222E4B5A652A061DD5230616D5B9
S21401EC884FF40012274B1A62012203F58053C3F88A
S21401EC9800211DF0D6FB0E210746032002F040FE98
S21401ECA840F20122224B3846DA621DF0C5FB2146A6
S21401ECB806F1F80002F0E4FEEF0503D5E00529D5D4
S21401ECC802F0FEFDA90503D5A20526D502F004FE2D
S21401ECD815F0600F09D0D6F8E410304618F013FE88
S21401ECE88022144B9867144B1A612B0510D504F033
S21401ECF85FF8124A14F4006FD2F8F03E14BF43F0DE
S21401ED08006323F00063C2F8F03E0422074B1A643E
S21401ED180020F8BD02F0CEFDD4E702F0D7FDD7E714
S21401ED28006000B8005001B8006001B8002002B8C1
S21401ED38004000B8003F00B0000002B8003000B044
S21401ED48014B1868704700BFB852002037B51DF050
S21401ED5878FB002401230022CDE900340023054670
S21401ED681946104603F09CFD022002F003F9064BF3
S21401ED7821461C60054B02205B68984728461DF013
S21401ED885BFB204603B030BDC0520020346700202C
S21401ED982DE9FF4102290D4616469846039004D1EF
S21401EDA8FFF7D4FF04B0BDE8F0811DF04AFB1E4F03
S21401EDB804463B683BB1B34205D01DF03DFB00233A
S21401EDC821203B60EEE7194B0022C3F800803E6025
S21401EDD8002301264FF0000810461946CDE90066C3
S21401EDE803F05EFD124B022083F8008002F0C2F8A1
S21401EDF843462A46022003A902F0DAF80D4B039A85
S21401EE081A6008B92046D8E70B4D2B689847212881
S21401EE1804D020461DF010FB0020C3E731466B687E
S21401EE2802209847F5E700BFC0520020BC520020D8
S21401EE3873600020B852002034670020044B5B6ED4
S21401EE485B054EBF0120034B187800F001007047A0
S21401EE5800C001B8736000200A78022A11D0101F7A
S21401EE684242424152004B781201022B0BD0191F25
S21401EE784B424B415B000549054842EA8312FFF7BE
S21401EE8827BD0122EFE70123F5E700BFF0FFFF00EA
S21401EE9861FE01000B78022B10D0181F4342434134
S21401EEA85B004A78022A0BD0111F4A424A41520097
S21401EEB80F21044843EA8202FFF70ABD0123F0E75F
S21401EEC80122F5E78DFE01002DE9F8430E78044688
S21401EED8042E0D4690F824810BD100275FFA87F996
S21401EEE8484601F0BBFC08B14E4602E00137042F44
S21401EEF8F4D1304601F0B2FC002849D094F8243108
S21401EF08B34209D1AA88D4F8A4309A4204D16A88AF
S21401EF18B4F826319A4238D084F82461AB88304652
S21401EF28A4F828316B88A4F82631AB8804F59275C5
S21401EF38C4F8A430FF2384F8293018F086FF84F833
S21401EF482800284601F04AFC18BB284601F07CFC3C
S21401EF58F8B9D4F8E03053B194F82411414506D0F5
S21401EF682046B3F91220EEF737F984F82D0120462A
S21401EF7801F0B8FC0949A4F828010123084AD1F888
S21401EF88FC1004F1F80003F083FA0020BDE8F883CA
S21401EF9821200C2384F82431F8E700BF004F00B085
S21401EFA8A43F00B070B5054690F824010C460C281D
S21401EFB81FD0FF2901D1212070BD1AB14FF0FF32B1
S21401EFC80D4B1A6018F041FF064695F8240101F02A
S21401EFD87BFC844228BF0446E4B2B44238BF3446B8
S21401EFE8E0B285F8290001F079FDFF28E3D000207A
S21401EFF8E2E70220E0E700BF4467002010B590F87A
S21401F008243104460C2B44D0D0F8E03080F8281080
S21401F018DBB3D0F8F020D2B990F82D318B421CD34F
S21401F02800222046FFF7BEFF48BB1B4B1B7813F098
S21401F038FD0F23D1204601F055FC18490123184A33
S21401F048D1F8FC1004F1F80003F022FA16E0B0F942
S21401F0584020B3F912309A42E2DD0022204694F8A5
S21401F0682D11FFF79FFF50B9C4F8E000204619F0AC
S21401F07896F84FF6FF739842014601D1002010BD5D
S21401F0882046BDE8104004F077BFFF2380F82930FA
S21401F098F4E70220F3E700BFDC690020004F00B068
S21401F0A8A43F00B0F0B51D46144B04461B780F4626
S21401F0B8164685B05BB1D0F8E030E3B102AAB3F9E1
S21401F0C812300092002214F056F905B0F0BD02A9DC
S21401F0D818F0A2FB9DF808103A462046EEF77CF891
S21401F0E8014626B92A462046FFF75CFFEDE720468B
S21401F0F8FFF784FFE9E71846E7E700BF93690400CE
S21401F108D0F89830012B01D10020704770B505461C
S21401F11850498EB018F0ECFED5F8E0600146AC8D8B
S21401F128C5F8E40026B1336813B15B68002B6BD1D0
S21401F1381DF087F91DF080F90123D5F8E4108DF844
S21401F1480E30B389D6E90120E31A9BB200FB0322ED
S21401F1584148ADF80C3003680292994207D0284618
S21401F16818F0D1FB80223D493D4B88671A613D4C1A
S21401F1783B4E00F04DFE0128FBD1236CD907F8D48D
S21401F188336CDA01F5D4D5F8E41028460D919DF8CC
S21401F1980E20029908AB02F037FE002831D100F0A4
S21401F1A837FE0128FBD12E4A2E49136CDB01FCD40D
S21401F1B80B6CDE07F9D408A901A803F047F800BBD1
S21401F1C8AA8D294B5A6495F8243060F3410385F8D3
S21401F1D8243018F0E1FDD5F8E03002465B6919687D
S21401F1E8431EDBB2FD2B049114D9CC1C12D91F4B3C
S21401F1F801311B6815D0D81C10D8284604A90493D9
S21401F2080AE002200EB070BD1A68032A90D99B6ADC
S21401F2185B0E94E7284604A918F0A8FD00200EB056
S21401F22870BDD91C04D8284604A9049318F09EFD7D
S21401F238D5F84C319B0506D495F8243043F00203E3
S21401F24885F82430EAE728464FF4803118F0D7FFCE
S21401F258E4E700BFFC4F00B0A8520020003F00B012
S21401F268000002B800C002B8008001B8506700204C
S21401F27810B50C4619B118F035FD00B10434204616
S21401F28802F0FAF8024B4042C3F8E00E002010BD27
S21401F298003000B0438E70B593420C4615461CD319
S21401F2A8436C8B4208BF00241DF0CBF84FF49C53E7
S21401F2B80B490646CA68C2F30362D340DA0702D589
S21401F2C80B6C9B0304D401222946204601F05CF806
S21401F2D830461DF0B1F8002070BD2120FCE700BFC4
S21401F2E8000002B82DE9F84F074615460B4611B936
S21401F2F82120BDE8F88F002AFAD0032905D8002274
S21401F30801F0ACF903460028F2D01C889A78B4F5C7
S21401F318804F02F0070180F0CE80A1F1070C187922
S21401F32893F805B0DE88DCF1000343EB0C030529EE
S21401F3382B7394BF0023C2F30013C2F3801C6B73B4
S21401F348930985F810C003F00203C2F3C00C43EA20
S21401F3580C03C2F34012E8746B74AA74D7F89030A1
S21401F368AE82D80600F193800639012900F28F8013
S21401F378B7F81290D7F81C8009F1FF394F4B083CB3
S21401F38804EA09045B6D18F804300021802B0CBFD1
S21401F3986FF07F03323B04F1010418BF5BB204EA45
S21401F3A80904AB73631D03EA09035A1CA96002EA40
S21401F3B8090218F8022018F8036097F825A046EA0B
S21401F3C8022636B2BAF1000F5FD1F10456D5D7F846
S21401F3D8E43013B11B68022B05D841F24D724C215B
S21401F3E8002004F0F7FDD7F8E420C6F30B0392F8E3
S21401F3F82420DB000AB1B3FBF2F39B4508D83BB1E6
S21401F408CBEB0B2BBBFBF3FB6FEA0B0B5FFA8BFA11
S21401F418D7F8EC3023B1504695F90E109847824636
S21401F428013485F80FA004EA090418F80410013419
S21401F43804EA090418F80430013404EA090441EA24
S21401F448032118F80430013404EA090441EA0341A7
S21401F45818F8043041EA036116F4804305D0184BC6
S21401F468DB6EB3FA83F35B095B0038466A7C03F00C
S21401F478CBF806232860AB7100203AE718F804A0F9
S21401F4884FEA4A0A5FFA8AFAC2E78A46C8E70023B9
S21401F4980020EB730B4BDA69C2F30723120448BF4B
S21401F4A863F0FF035AB212F1800F1CBF323B5AB207
S21401F4B8AA730346DEE702201BE700BF004000B838
S21401F4C8003F00B000C000B806238B7190F82530C5
S21401F4D843B1054BD3F8C4200B6802F01F0203EBB7
S21401F4E8C2030B6000207047003E00B011F5004FC4
S21401F4F81FBF01F30E01044BC1F30E01002014BF18
S21401F50899642120704700BF008001B8F8B5044609
S21401F5180E4619B990F824305A0647D44FF6FF73A9
S21401F528218ED4F8E470994204D0354B1B680BB190
S21401F53820469847334D2B68BB4255D0324B1B6843
S21401F5483BB11FB13A68002A50D0BF6839462046F9
S21401F55898470727204601F0C5F9002E3AD004F04F
S21401F568C7FA0620294B94F9262093F90030284932
S21401F578C3F127039B1A0A6ADB0222F4FF2203F46B
S21401F588FF2313430B62D4F8E420224B2A609867C2
S21401F59801F01CFB002501211F4A204B1170204653
S21401F5A883F8845018F0D3FB2846F8BD4FF6FF7150
S21401F5B8144DD0F8E4702A6866F3861397420186DC
S21401F5C880F8243017D0104B1B68002BB9D101F0F6
S21401F5D889F9072712493B46124AD1F8FC1004F16B
S21401F5E8F80002F055FFBAE70127B3E717462046A9
S21401F5F839469847ADE701F075F90127EAE700BFF4
S21401F608B4520020A8520020B05200207160002099
S21401F61800C000B8006000B872600020003F00B06B
S21401F628004F00B0A43F00B0054A12681AB190F81E
S21401F6381E1119B91047084602F092B901487047D9
S21401F648A452002000FEFFFF334B2DE9F7431C6848
S21401F65801F4007900F00103174653EA0902064649
S21401F6680D4632D04FF0000823B3002300220120B4
S21401F6780021CDE9008803F013F941462046FFF73B
S21401F688D3FF01224146E085104618F03AFDD4F82A
S21401F698901004F1F80002F0F3F920490868FFF722
S21401F6A809F94FF0FF330B6094F8243043F0040354
S21401F6B884F82430B9F1000F07D00121204618F04C
S21401F6C89EFD25F4007506430D432B46324620461B
S21401F6D8FFF752F9FB070FD51149124A08680021AE
S21401F6E8136811600121104A117003B198470F4B36
S21401F6F8002102205B68984717F00E0F08D04FF4D8
S21401F70809723B21002003B0BDE8F04304F062BC57
S21401F71803B0BDE8F08300BF5C5300203C670020BF
S21401F728BC520020C05200207360002034670020BD
S21401F73808B5582200210648FEF754F91022FF2181
S21401F7480448FEF74FF904F0D3F9002008BD00BFBE
S21401F758F43E00B0383F00B073B574210C236D2217
S21401F768A0F81411822180F824314FF6FF734FF068
S21401F778FF35C0E941120026C0F80021642204467C
S21401F788838580F82A301E4BC0E94322C36300F103
S21401F798480343641B4B80F82660C0E90C35C0F863
S21401F7A8A450058503F060FA2046FFF7C1FF94F9D7
S21401F7B826102046FFF7ACF96023134A40F6FF717E
S21401F7C8D3644FF03A4211631167104A2946D3644D
S21401F7D840220F4B20461A64D4F89020FFF71AFAF5
S21401F7E80E230022CDE9003340F2022310461946C3
S21401F7F803F056F801F046F8304602B070BD00BF77
S21401F8080700FFFFFFFF4000004000B8005000B8A7
S21401F818002002B810B50C46FFF78AFFCCB1A378D2
S21401F828082B18D8E278082A15D843EA021313F0E9
S21401F838FF030CBF19466168084AC2F8F41021781C
S21401F84882F84811617882F84B3182F8491104F040
S21401F8584FF9002010BD2120FCE700BF003E00B094
S21401F868012A10B512D8032B10D803EB8202012304
S21401F878074C934094F84A01DBB221B103430020B8
S21401F88884F84A3110BD20EA0303F8E72120F9E796
S21401F898003E00B0044BD3F8F03E13F0806F14BF5F
S21401F8A823200020704700BF003000B00246F8B59C
S21401F8B8B0F8284100F1F805FFF7ECFF0B688E68F1
S21401F8C8013304BFD2F800310B604B68013304BF23
S21401F8D8D2F80C314B60771C3BD1D2F80831CF688F
S21401F8E88B607E1C3CD1D2F804610F69CE6001376B
S21401F8F804BFD2F8F8700F614F69013704BFD2F818
S21401F908FC704F618F69013704BFD2F810718F619F
S21401F9188F6967BBC0F1640408688C6110B16D28F3
S21401F92838BF6D20C2F808314B68C2E94006C2E903
S21401F93843340B692846C2F8F8304B690F49C2F8B8
S21401F948FC30D1F8FC1007230D4A02F0A1FD002077
S21401F958F8BD04F16D031B1AB34238BF3346BEE740
S21401F96804F17406361ABE4238BF3E46BDE76D340A
S21401F978241ABC4238BF3C46CEE700BF004F00B051
S21401F988A43F00B070B51CF05CFD05460B4E00F0B8
S21401F9983FFA012805D028461CF04EFD02242046D1
S21401F9A870BDF36813F0706FF1D1F46814F08054E9
S21401F9B8EDD128461CF040FDF1E700BF000002B873
S21401F9C838B51CF03EFD4FF6FF710A4A13888B4284
S21401F9D803D11CF031FD0E2038BD074C074D1B0422
S21401F9E86566A4F58054636611801CF025FD002029
S21401F9F8F2E700BFDA690020006001B80000FFFFE7
S21401FA082DE9F74304460F4615461E46FFF75CF8F0
S21401FA1838B3A38A2BB3204617F040FF78B9744B46
S21401FA28D3F8F02E1EB10E2003B0BDE8F08302F025
S21401FA383003102BF7D002F0C002402AF3D0DFF8CB
S21401FA48E08102F05BFCD8F81430DE07EBD51CF039
S21401FA58F8FC0646032001F08BFB20B130461CF06B
S21401FA68EBFC0220E0E7D8F8142012F00608F5D1DE
S21401FA7830461CF0E1FC5E4B4FF400612046D3F89B
S21401FA88F09ED3F8D06E03F0EDFF40B14FF400724C
S21401FA980121584B08461A64424618F032FB39468B
S21401FAA8204604F069FA524BC3F8F09EC3F8D06EAC
S21401FAB80028B9D194F82430980601D4002D57D0DF
S21401FAC8C5F3400003F03AF9022315F4807F1FBFFF
S21401FAD8494A002113644FF03A420BBF454A9161E7
S21401FAE81364536303F064F94FF4806315F0040F4D
S21401FAF814BF424A424A15F0400F53624FF00402BF
S21401FB083C4B28461A644FF0400314BF3D4A3E4A10
S21401FB18C2F88830FEF7FEFE204617F0E9FF38B136
S21401FB284FF4807315F0010F14BF334A314A13643A
S21401FB38A90646D54FF6FF72E38F93420FD0334A94
S21401FB483349526E100CC2F301120132B3FBF2F3C1
S21401FB5808802A4A2A492F481B0448665366003DEE
S21401FB6818BF012594F8243065F3451384F824302A
S21401FB78204618F0B7F8F0B1204617F0B9FFD0B113
S21401FB884FF40031204603F06DFF431C03229BB25D
S21401FB98214801A918F046F99DF8042002F0070348
S21401FBA8052B9DF8053015D112070DD443F4807343
S21401FBB81A4AC2F8D830002003B0BDE8F04318F05E
S21401FBC83EB9FFF7FDFECAE713F0040F09D19DF809
S21401FBD80630EBE703F03002202A05D113F0010FB7
S21401FBE8F4E74FF48073E3E79DF80630E0E700BFDB
S21401FBF8003000B0002002B8001002B8005001B86A
S21401FC08006001B800D000B800E000B8004001B8B4
S21401FC18DA6900200000FFFF0C0000BA003E00B0C1
S21401FC2800C001B82DE9F3410646884615461F4629
S21401FC381CF007FC0446032001F09AFA38B1204666
S21401FC481CF0FAFB0E24204602B0BDE8F081042021
S21401FC5801F08EFA0028F2D120461CF0EDFB0123B4
S21401FC682A4641463046FFF7CBFE04460028EAD12D
S21401FC78DFF8C8805FB388F8000039463046FEF7DB
S21401FC886FFD00284CD198F80030012B1CD020229B
S21401FC98244B1A64244B9B6FB3F5817F1FD2012036
S21401FCA818F0E6F81CF0CDFB204B06461B680193BE
S21401FCB8CBB901F0DDFA15F0800526D101F01CFB61
S21401FCC8284603F00FF825E003F022F8BBE798F87A
S21401FCD80030012BF8D0002BD9D12124B3E780229C
S21401FCE8134B1A61DBE7042001F044F900230122D3
S21401FCF8042001A901F05CF90028DAD103F070F8B4
S21401FD08212430461CF098FB9DE70022094B9A6790
S21401FD1801F0F2FA084B01215B6800209847F0E7EA
S21401FD28044690E7001002B8003F00B0AC5200202D
S21401FD38000002B800C001B83467002070600020D7
S21401FD4808B50B4BD3F84C114B1C10D011F0804161
S21401FD580DD1084B1B6813B10320FEF745FE4FF083
S21401FD688062054BDA6401225A6102229A6208BD52
S21401FD780080E00F5C530020001002B84FF4002208
S21401FD88034B186C03F500531A64C0F3C040704760
S21401FD98000002B8024B586900F00100704700BF26
S21401FDA800C001B8084B5A69D10707D508B901F050
S21401FDB8BDB85B69DA0706D401F0AAB85B69DB0748
S21401FDC801D40028F8D1704700C001B84FF080630D
S21401FDD810B1024A53617047014AFBE7001002B8A6
S21401FDE8002002B8202350B1064AC2F8F433064B65
S21401FDF8196C11F0010104D1032002F093BA034AE9
S21401FE08F3E77047001002B800C002B8002002B835
S21401FE180F4BDB68C3F30363013B0B2B0FD8DFE8FB
S21401FE2803F006060C06060606080A080808022055
S21401FE387047042070470520704703207047054B1C
S21401FE485B6913F0060F0CBF01200420704700BF42
S21401FE58000002B800C001B8094AD368C3F30363B7
S21401FE680B2B08D06FF49050184100F0010080F079
S21401FE78010040007047106C10F48030EDD17047D7
S21401FE88000002B80C4AD368C3F30363062B07D8ED
S21401FE98042BD8B20BD8C31E5842584140007047AD
S21401FEA8072B06D1D2F844010028ECD1704702206E
S21401FEB870470020704700BF000002B8094BDB6896
S21401FEC8C3F303639A1E012A8CBF00220122012B69
S21401FED802701EBF4FF4026222FA03F303F0010315
S21401FEE80B707047000002B8094AD368C3F303636E
S21401FEF8032B01D0072B08D1536CDB0605D4906C75
S21401FF0880F00800C0F3C00070470020704700BFAB
S21401FF18000002B8024B0022196817F0C6BE00BFDF
S21401FF283092040010B5FF224FF6FF71044617F011
S21401FF38DCFE68B9FF224FF6FF71204617F0E6FE91
S21401FF4830B92046BDE81040FF22024917F0F0BE3E
S21401FF5810BD00BFF891040010B55B0743EA0243E1
S21401FF689DF8082043EAC163520502F0BC621A43B1
S21401FF78064942F4C872044603F060FD0022204692
S21401FF881146FFF787F9002010BD00BF9007E12D45
S21401FF9837B50C460546094A09490A4801F038FBAF
S21401FFA894F828302846009394F82B3094F82920A2
S21401FFB894F82A10FFF7D0FF03B030BD94920400DE
S21401FFC89C9204006492040008B5FFF78DFF88B17F
S21401FFD8094BDA6912030DD5186C10F4003009D1F3
S21401FFE89B6C13F0100F4FF010030CBF034A044A22
S21401FFF8936408BD0220FCE7000002B8001002B8AE
S214020008002002B8034610B500B3124AD1690903A4
S2140200181ED5546CC4F38114032C15D0022C17D1A8
S21402002822460D49B1F8D40001F10061801A01F5A3
S214020038357101441846FDF765FE064A0472926C4D
S214020048120A4272002010BD0822EAE72120FAE7C7
S2140200580220F8E7000002B8003E00B00A68064B25
S21402006812F0802F1CBF42F20101C3F82812C3F80F
S2140200788822C3F88C227047004001B8F0B585B0D4
S2140200886C460E460B4B074615460FCB84E80F0008
S214020098094BD3F84822009226B16B1EDBB2FD2B21
S2140200A888BF32602A462146384617F05FFE05B0FA
S2140200B8F0BD00BF009204000080E00FF0B585B0E6
S2140200C86E460D4B07460D460FCB86E80F0017F017
S2140200D863FE314604460246384617F0A9FF4DB17C
S2140200E840B9FF2C1BBF04AB03EB8404009B54F8F7
S2140200F8103C2B6005B0F0BD0092040030B5082312
S214020108054685B080B9094AC2F8FC3351B96C462F
S214020118074B0FCB84E80F00064B2A462146186881
S214020128FFF7ACFF05B030BD034AEDE7001002B892
S214020138109204005C530020002002B84FF03A43A5
S214020148D3F81421D2031ED54FF480320E49C1F8D3
S2140201581421A1F58051C1F818215A6DD1B2C2F303
S2140201680722C3F8A410C3F8A4200422C3F8A420C4
S2140201780022C3F8A420C3F8A420C3F8A420C3F816
S214020188A420C3F8A4207047002000BAF0220B4B24
S21402019801219A64A022A3F580539A644FF03A4349
S2140201A8426CC3F8F410FC21C3F8CC10C3F8D02074
S2140201B84FF40052C3F8F020704700BF006000B842
S2140201C8F8B50D464FF03A44174606461CF039F97C
S2140201D801230421074A6363E76026616561C2F862
S2140201E81411054AC2F884311CF026F90DB102230F
S2140201F86363F8BD002000BA00E100E02DE9F04193
S21402020805460124006800F00700063004FA00F3E9
S214020218A868EC685E1EA04262D000EA060E6C6809
S21402022810441E430640A3EB0E000EEB040C82425B
S214020238644618D9D31A0EEB030298B1431E052B4F
S21402024804D94B1CACEB0303022B59D80B460844C3
S214020258ACEB010E03EB0E0113F8014B83420C7054
S214020268F8D101466C688AB1531E052B01F10103C9
S21402027802D9E01A022812D80A44611E00E00133A5
S21402028813F8010C934201F8010FF8D11CF0D9F8C3
S2140202980223AE60AB62BDE8F0411CF0CDB80B4657
S2140202A8204622F0030E8E4453F804CB734540F8DA
S2140202B804CBF9D122F00303D01A920701EB030C00
S2140202C804EB0307E2D0CA5C0128E254DED09CF8AD
S2140202D8013002287B70D9D09CF80230BB70D5E773
S2140202E8042A35D90878043AA86148780431A861FE
S2140202F811F8020CA86111F8010CA861A8688CE72D
S2140203080B4620F003070F44ACEB010E1C684EF8B0
S21402031803400433BB42F9D120F0030310F0030F65
S21402032801EB030EA0EB03040CEB030728D011F82D
S2140203380380012C0CF8038022D09EF80130022C90
S2140203487B7018BF9EF80230084418BFBB7088E757
S214020358013A032A12D8DFE802F00F1507020B4605
S21402036813F8012B1946AA610A4612F8013BAB613B
S214020378114611F8013BAB610B78AB61BDE8F08121
S21402038808446EE70A46F3E738B50B4615460146B3
S2140203984FF03A4468B101221048C4F8F4201A46CD
S2140203A8FFF72CFF25B14FF03A430422C3F8F42096
S2140203B838BD73B1D4F8D8209A4284BF0122C4F853
S2140203C8F4204FF03A42C2F8D4300223C2F8F4308E
S2140203D8E8E70123C4F8F430E4E700BFCC0000BA2B
S2140203E838B504461CF02DF84FF03A420121238F07
S2140203F8054651674BB3B3FA83F3C3F11903DBB26D
S214020408A069C2F8B410C2F88C300723C2F890006C
S214020418C2F8B0304FF4A02302F50052C2F81431E5
S214020428A2F58052C2F8183100220C4B1A600C4B07
S2140204381B6C5B0209D54FF480020A4B04F1F800E4
S2140204481A64D4F8901001F01BFB00236387072375
S2140204582846A387BDE838401BF0EEBFC8520020E6
S214020468000002B8002002B82DE9F84305460C46FB
S214020478B1B1D0F81880078F1BF0E3FFB5F83AC081
S214020488791E01EA0C0323F00702032C0646DFF85E
S214020498F8E042445ED1DEF8004024B91BF0CCFFF7
S2140204A80E20BDE8F88324F00104DEF8000020F0F0
S2140204B80100A04253D10023CEF80030238894428C
S2140204C86FEA43436FEA534323803ED1AB8F08EB70
S2140204D807091846083880B202F108044C4528BFB6
S2140204E84446082804D9B4F800E0BEF5804F40D246
S2140204F863440F431B1A3B409BB26B87A8879478CA
S21402050811884FF03A42C1F30C019165C2F898304F
S214020518C2F8B0004FF48022174B04F00704C3F861
S21402052814210122154BC3F88421FFF707FE042C79
S2140205380BD14FF48002124B05F1F8001B6C114BDD
S2140205481A64D5F8901001F09BFA30461BF074FF37
S2140205580020A6E7601E012898BF1446A5E7A88FC4
S2140205684344E31A48BFDB1908389842A6DC3046EB
S21402057894E72246AEE700BF002000BA00E100E09A
S214020588000002B8002002B8C8520020154B10B569
S21402059819688A8F4B8F088F13440138073B8C697A
S2140205A8034023F007031C4402F108034FF03A42C3
S2140205B89BB28B87C2F8B0304FF480220A4BC3F83E
S2140205C814210122094BC3F88421A07800F0070001
S2140205D8042803D1064AD3681B03FCD4054B1C60C7
S2140205E810BD00BF5C530020002000BA00E100E006
S2140205F8000002B8C852002010B5064C216839B16E
S214020608CB0703D4044B1868FFF72EFF002323609A
S21402061810BD00BFC85200205C5300204FF4803241
S2140206280C4B0D49C3F818214FF03A43C1F8142170
S214020638D3F8AC10D3F88C20012302F00702063256
S2140206489340C1F30C01083B994201D8FFF776BDE7
S214020658704700BF002000BA001000BA2DE9F04724
S21402066880460C4616468769058F1BF0EAFEB8F8E0
S2140206783A2005F1FF3C02EA0C0323F00701032C9B
S21402068882463944B8F83C0019D14A4C24689CB9C9
S2140206980244073A02EA0C0222F00702BC183B445C
S2140206A8E31A48BF5B19834210DB50461BF0C4FEB0
S2140206B800242046BDE8F08724F00104EFE7012C69
S2140206C802D0022CEBD108380C46E8E7002E3FD0C1
S2140206D88C4241D14FF03A42D2F858904FF03A4104
S2140206E8D1F8AC20B8F81270C2F30C02934247DA7B
S2140206F82588B5F5804FD8D2A378C5F30C0503F044
S21402070807037A1EA5EB09053A43052B337005EA5B
S21402071802052DD82DB2E84340F241420421C00F0B
S21402072803F058FC7580E3783374D8F81C207B1ED7
S21402073803EA0903D118B160A9B213FA85F5AF42E4
S2140207482FBF0023FF1AB780F26024BFB180F36080
S21402075850461BF071FEACE7A4F10802974284BF2C
S214020768ED0802EBC502B2F80090C9F30C09B5E72A
S214020778114B5B6D003B18BF0123A5EBC305C9E708
S2140207884B6D7A1EA3EB09033A431A400B4915B27E
S214020798002DCB680BDCC3F30363D81E43424341E8
S2140207A8DB0033708B6C72801B0A3374BDE7082338
S2140207B8F7E700BFC8520020004000B8000002B8A1
S2140207C8054BA822D3F84C013121431C0CBF01204B
S2140207D8C0F3807003F0FEBB0080E00F38B5134DFF
S2140207E80446297819B920221148FDF7FBF86188D2
S2140207F8104A23785180002113700F4A022BC2F840
S214020808CC104FF0FF010D4A0D4B11704FF0070147
S2140208180C4A4FF00000C2F8FC130CBF0422012257
S214020828C3F8FC2301232B7038BD00BF7460002078
S214020838E03F00B0DC690020004001B8556A00209D
S214020848001002B8002002B8034B1A6802609B88A0
S21402085883800020704700BFDC69002010B504467C
S21402086800F03AFF064BD3F8F83724B983F400337E
S214020878C3F3404010BDA31E58425841FAE700BFD2
S214020888000002B84FF63F720A4BD3F8FC37934281
S21402089806D0094AC3F301131370E022074B1A70F5
S2140208A841F66A02064B1B68B3FBF2F3054A13606D
S2140208B8704700BF000002B8566A0020576A002038
S2140208C8E8520020CC52002020B1022804D1034B63
S2140208D818787047024BFBE700207047566A0020DC
S2140208E8576A00202DE9F74FD0F8A4204C21022A97
S2140208F838BF0222064690F824B16B48013A036ACA
S214020908D0F8CC506948C3F38213D9400368DFF89D
S214020918C0A19342DFF8BC91654BDFF8BC8101F0B9
S214020928010116D11C788C4213D19AF800405C4516
S2140209380FD1D6F8A84064B1AC420AD196F829502D
S21402094899F80040A54204D1B8F8040003B0BDE8FF
S214020958F08F98F80040026020461970FFF7B4FF3F
S214020968002900F0888004234FF07F400025514973
S214020978C1F8B830504BC3F8B80096F829301B06B1
S214020988C1F8B8304FF080514A4B2C04C3F8B41063
S21402099840F27121494B1B68B3FBF1F3192153430B
S2140209A8182BB3FBF1F173D8002C7BD0B4FA84F27F
S2140209B8C2F12002C2F10F03012B38BF0123D44033
S2140209C8A14201D2013B64086A1C03F01F015200CF
S2140209D88A403B4F121B9208C7F8B0201A0242EA16
S2140209E803121343019305EB052305EB0325354B49
S2140209F840F6970218682B21003818BF012003F02A
S214020A08E9FAFA222F4B02FB04F01B6840F6FF7243
S214020A18B0FBF3F00A2358432B4B00F57A74C3F85D
S214020A28C420019AA3F58053C3F8C420A3F58053C3
S214020A38C3F8CC50D3F8CC3000F58C50C7F8FC304D
S214020A48C6F8A850214D14302C6001F0ABFC4FF4C8
S214020A587A72C7F8A400C7F8F8002B68B4FBF2F05D
S214020A68B3FBF2F3A8F8043096F829308AF800B0F7
S214020A7889F800306AE7002C14BF1025202596F85E
S214020A882930834294BFED182D1805F0FF0579E743
S214020A98B1FA81F234B1B4FA84F3D21A002A89DCA4
S214020AA80F238DE70F238FE7004001B84467002025
S214020AB875600020001002B8002002B8E852002034
S214020AC8003F00B0CC520020006001B8D05200208F
S214020AD8546A0020536A0020DC69002010B5114BC6
S214020AE801461B78104C0C2B02D1FF20207010BD3B
S214020AF8184617F0AAF902461846FFF7E5FE884296
S214020B0828BF0846C0B2904238BF10462378C0B203
S214020B188342ECD0054B20701868FFF7E3FE207876
S214020B28E5E700BFDC690020556A00205C53002018
S214020B3810B5044603F066F878B1154B1B786BB906
S214020B4864B1144B1B784BB1134B1B78013B012B3A
S214020B5804D84FF40042114BDA6410BD104BDB6C1C
S214020B681B04FAD41BF06DFC044602F021F94FF47C
S214020B7800420C4B2046BDE81040DA6402220A4BBB
S214020B88C3F87C240422054B1A641BF055BC00BF2C
S214020B987660002077600020D4520020002002B839
S214020BA8000002B8001002B800D003500122024B1F
S214020BB800201A70FFF7BCBF766000200022024BA6
S214020BC801201A70FFF7B4BF766000204FF4802227
S214020BD8014B9A64704700BF005000B8F7B5064646
S214020BE8544C00F079FD01213A20EBF70BFA524BF0
S214020BF82578524F1E7085BB2846FFF799FF237843
S214020C08013B012B19D8E37B01A88DF80430237C1D
S214020C188DF80530E9F7FCF9C7F87C544FF6FF72F1
S214020C28474BC3F88420F822A3F58053C3F88420E0
S214020C380022424BC3F87C240DE04FF6FF72404B6D
S214020C48C7F87C54C3F88420F822A3F58053C3F867
S214020C588420C7F87C543B4B5BE00020FFF768FF14
S214020C682378013B012B08D8E37B01A88DF80430D2
S214020C78237C8DF80530E9F7CBF90023C7F87C34D6
S214020C88002ECBD062685AB32F4B1B6803EB520375
S214020C98B3FBF2F3013B1B0243F0F803267828491C
S214020CA8022E2A4A1ED0032E4FF6FF75234826D058
S214020CB8012E38D143F00203C1F88450C2F88430BA
S214020CC80723C0F87C34E37B01A88DF80430237C24
S214020CD88DF80530E9F770F90120FFF729FF17E0CC
S214020CE8F823DBE74FF6FF7043F00103C1F88400F0
S214020CF8C2F884300622114BC3F87C24E3E743F09B
S214020D080503C1F88450C2F884300423C0F87C3442
S214020D180F4B4FF080420020DA644FF480220B4BD0
S214020D289A6403B0F0BDC1F88450C2F88430002338
S214020D38ECE700BFD45200207760002000C00350C2
S214020D48006000B8002002B8E8520020005000B840
S214020D58001002B8F0B52B4F06463D4604460FCEA5
S214020D680FC5336885B02B6000F0B6FC01213A2027
S214020D78EBF748F90022244BC3F87C24A17A627A5E
S214020D8842EA0142C3F88824217CE27B42EA014215
S214020D98C3F88424217B627B41EA0240C3F88004BC
S214020DA83B78032B2AD8DFE803F022020C178DF8CB
S214020DB8041004218DF805200DEB01000022E9F746
S214020DC8C7F8E37B00228DF80830237C042102A8AA
S214020DD88DF80930E9F7BCF8637A01228DF80C30F1
S214020DE8A37A042103A88DF80D30E9F7B1F8074B6A
S214020DF8187805B0BDE8F040FFF7F0BE212005B030
S214020E08F0BD00BFD452002000C003507760002017
S214020E18034BDB6C002BBCBF024BC3F88800704741
S214020E28000002B8004000B82DE9F04700F0AEFC1A
S214020E384FF47A762D4BB0FBF6F618604FF4FA7339
S214020E48734307462A48190E1B021818294A4FF0F8
S214020E58000341F10001FCF759FA274BA0F580720E
S214020E6805461A6320B948222B2103F0B3F8012558
S214020E784FF47A724FF0000A6A435346500831021A
S214020E88FCF744FA1C4B1D4AB7F57A7F9A601C4B4E
S214020E984FEA056819601B4B8946044618604FEAF4
S214020EA8152505D29B222B21504603F093F80126DE
S214020EB84FF47A73A8FB030103FB05117308C018E5
S214020EC841F1000100233246FCF720FA0E4B0234A9
S214020ED819600E4B49F10009A408186044EA89749F
S214020EE8054B013C9C63BDE8F08700BFE852002032
S214020EF820A1070040420F0000C001B802110100FD
S214020F08F8520020F4520020F0520020EC52002042
S214020F181022044BC3F884215A600122024BDA607D
S214020F28704700BF00E100E000C001B81022064B7F
S214020F38C3F88421C3F88420BFF34F8FBFF36F8FA3
S214020F480422024BDA60704700E100E000C001B8F4
S214020F5810B50446A242A2EB0000A3EB010104D29C
S214020F68034B01399B6B0133184401F0030110BD92
S214020F7800C001B838B501250A4B02019D504FF44E
S214020F8880730446084A834053661BF05AFA074A97
S214020F98A540137823EA05031370BDE838401BF012
S214020FA84BBA00BF00E101B800E001B8806000203B
S214020FB82DE9F84F164605468A461F461BF041FAA3
S214020FC8022E00F0918080461BF048FA5A4B5B4A84
S214020FD8D3F8209092F891405A6EE4B2520744BF72
S214020FE8D3F82090013404F003041BF032FA484682
S214020FF8214600F02FFA8446DAF80000012E04BFD4
S21402100801306044ACEB000C08BFCAF80000BCF123
S214021018804F7DD300F030FA8145A1EB040188BFEA
S214021028454BDFF838C188BF01F1FF3101F00301F3
S21402103888BF9B6BA0EB090E0CF80510A1B1F90747
S21402104842BF41F61F723E4B5A67BA0742BF3C4B35
S2140210583C4A5A677B0742BF0022374B9A673C07CF
S21402106842BF0022344B9A6511244FF0010A324BD4
S21402107805F11002120103EB051BCBF80C013249ED
S2140210889C501A6A0AFA05F4586E0B78A2EB090203
S214021098E4B2234372450B7025D34FF48073AB40FA
S2140210A8034220D11CF80520002A40D10EB3274A55
S2140210B8F807536607D541F61F7140F20110204B18
S2140210C8596750675967B90706D51D4B1D4A1F4908
S2140210D81F485A6748675A677A0742BF01221D4B5C
S2140210E81A613B071AD440461BF0A6F90120BDE850
S2140210F8F88F194A2D0142F805A042F89C3C1BF0CD
S214021108A0F911490B7823EA04030B701BF094F933
S21402111840461BF091F90020BDE8F88F2120FFF722
S21402112877FE4FF48032044B4046DA60DCE7074A23
S21402113840465366D8E700BF00C001B8003E00B07C
S21402114800E001B800001F1F8060002000D001B830
S21402115800000101000002B800E101B87860002032
S214021168024B1878003818BF0120704780600020AC
S214021178034B10300001185800F00100704700BFFA
S21402118800C001B870B50646FEF704FE044608B16C
S214021198FFF7CCFE00230A4D3046AB61EB612B62AB
S2140211A800F06AF9074BC9B283F8911028622CB18D
S2140211B8FFF7AEFE4FF08062034B1A64002070BD44
S2140211C800C001B8003E00B0002002B82DE9F04188
S2140211D89DF818800D46B8F1000F08BF0022214E70
S2140211E8B5F5803FB168074621F4700141F4A001C5
S2140211F8B1609DF820409DF81C104FEA042444EA8A
S214021208016444EA031444EA084444EA02044FF038
S214021218180140F2E9222CBF00200120746502F072
S214021228D9FE3564B8F1000F1AD00F4BBC68D3F854
S21402123888306D2C38BF6D245B0606D500F082FB1D
S21402124818B10A4BB3FBF0F31C44204600F014F91D
S2140212580130854238BF0022024B34BF5A645864B4
S214021268BDE8F08100C001B800C000B800093D0022
S21402127838B51A4B5D6C35BB10242020FFF7C8FD25
S214021288174B9C6002F04EFB2022164BC3F88421B3
S21402129801F0D2FC48B12A4600200821FEF7D4F90C
S2140212A8114B5C66A3F580531C67104AD36803F09B
S2140212B87063B3F1807FF9D9084B0D4A5A6741F239
S2140212C801429A6738BD01F0B7FC0028F4D0094BF2
S2140212D8054A5366A2F580521367EDE700C001B8C7
S2140212E8001002B800E100E000E001B8000002B811
S2140212F8011B01181000002008B52120FFF788FD01
S2140213084FF48032014BDA6008BD00BF00C001B856
S214021318F8B5184D04466B6A1B0426D500F086FB02
S2140213286B6AA0FB044613F0787F4FEA9367C3F311
S2140213384450C3F3044505D140F25A422B2102F029
S21402134849FE0120AD01B5FBF0F010EB871005D180
S21402135840F25F422B2102F03DFE012002460023A6
S21402136820463146FBF7D2FFF8BD00F0EBFAA0FBA9
S2140213780401F9E700C000B80246012030B50B4C5C
S214021388A0F12003C0F1200524FA05F504FA03F3B8
S2140213982B4304FA00F595428B4100D330BD0F2843
S2140213A801D00130ECE7FF20F8E700BF40420F000B
S2140213B810B50C46FFF7ACFFC30943EA4163C01AEF
S2140213C861EBD111FFF7D8FFFF2814D00F220C4B80
S2140213D840F01000C3F88820A3F58053C3F88800AD
S2140213E8A3F580535B6ADBB2802B06D02046BDE8A5
S2140213F8104000F007BB212010BD0220FCE700BF0A
S21402140800E000B838B51BF029F8084B084A1D6AF0
S21402141892F891405A6EE4B2520744BF1D6A0134EC
S2140214281BF017F8284604F0030138BD00C001B8BF
S214021438003E00B00346064A103302EB00111B01B9
S214021448D1F80C01D158C1F3400116F01CBD00BFFB
S21402145800C001B8064B1B68434303EB8171054B7A
S2140214681B68A3FB003013F1004341EB00007047F2
S214021478F0520020EC5200200C4A20F0404301466D
S21402148810B5002014684FF00042E4FB0320084A17
S214021498890F126802FB0300064B9B6B984204D91D
S2140214A801330131C01A01F0030110BDF4520020C5
S2140214B8F852002000C001B8044B01F0F071103059
S2140214C841F0030100011950704700BF00C001B87F
S2140214D808B52220FFF79CFC4FF48022014BDA6005
S2140214E808BD00BF00C001B870B51646054600B371
S2140214F8F9B1F2B14268104B006803321B689208D1
S21402150800F130409847044688B9EA68A86803326A
S2140215183146920800F1304016F0CEFC044630B947
S214021528D5E90402214600F13040FCF75BFA204672
S21402153870BD2124FBE700BF4C67002070B50C681D
S214021548651C15D0C4F302669E42C4F3074530D123
S214021558A4B294422DD804EB8506B24229D2141BB3
S214021568A50824F003040E59340F04D0012C08D021
S2140215780022212402E06B1C51F82320C0E9002433
S21402158870BD0E4C34F8133042EA03431A686B1CDB
S21402159851F8234001EB83014B6822405E4036F047
S2140215A8704404D11B0F032B04BF8B681A43002414
S2140215B8E4E7013501EB8501C1E700BF2892040084
S2140215C807B501A8EBF71AFD9DF80530022B02BFF6
S2140215D840220B4BC3F8FC23C8220A4B5A650A4B17
S2140215E80A4AD3F86032DBB2FF2B08BF03239B00FC
S2140215F843F47F53C2F8F83303B05DF804FB00BF28
S214021608001002B8008001B80080E00F000002B89F
S214021618836810B4074C03F1304324681B689C4265
S21402162803D15DF8044BFFF75FBF00205DF8044B5B
S214021638704700BF606700200022012108B51E4BD4
S2140216481A645A649A641D4A516102219162DA68E0
S214021658C2F303620D2A01D0002AF8D111221849D2
S2140216689A631848184AFFF73FFF00F0E9FF174A3F
S21402167893685BB9164A93689BB94FF080620F4B22
S2140216885A61012203F580535A6108BD1149D2688E
S214021698096803F13043032AECD943F8041B043AD9
S2140216A8F9E70C49D268096803F13043032AE4D9FA
S2140216B843F8041B043AF9E7000002B8001002B81F
S2140216C8949704007C9204009892040064920400A2
S2140216D84C92040060670020012341F6FF710D4A10
S2140216E8C2F8803291660C4A53600C4A53600C4A20
S2140216F85360A2F580425360A2F54042536002F559
S214021708C032536002F580425360A2F5004253602D
S214021718704700BF0090005000D000B8001000BA12
S214021728005001B838B50324FFF7D6FF114A124B0A
S214021738124DDA64FFF744FF114BC3F8E040012369
S214021748EB6400F0DBFD4FF460736B614FF40073DB
S214021758EB6416F021FB0021FEF7D0FC8022094B31
S2140217681C64A3F580535C64074BC3F884215A6053
S21402177838BD00BF0048F000000002B8001002B8EA
S214021788005001B800A002B800E100E008B518F061
S21402179897FF044B1B6FC3F300430133B0FBF3F010
S2140217A808BD00BF0080005070B5044698B1B1B1BC
S2140217B83A4A52F8043B834213D10023384A116C42
S2140217C8C907FCD4374800EB830016F07EFB364B7D
S2140217D8106001221A6470BD01330C2B02D1334DFE
S2140217E82CE0012352F8041BA142F5D1304A32F804
S2140217F81330E3E7C2F3016335F81300110C93B212
S21402180811F0FE0F43EA0043606820D00434CAB2DF
S214021818022A216808D9D4E90160033AC3E9001606
S21402182898600C340C33F3E704D16268C3E90012FB
S214021838083403E0012A01D1043419602268531CD3
S214021848D8D10022164B1A6003F58053C1E7120F4F
S214021858072AEDD8DFE802F00704090D1013181D51
S214021868C04303F500531860E2E71A6842401A605C
S214021878DEE703F58053F6E716F0FAFAD8E7012210
S21402188803F580538240F2E7012203F500538240B3
S214021898EDE71A6830EA0202FBD1C9E7FC520020DB
S2140218A800C002B8404000B000D002B82892040037
S2140218B8425900200122014BDA647047001002B830
S2140218C80122014BDA647047002002B84022014B1D
S2140218D8DA647047002002B84022014BDA64704787
S2140218E8001002B80B4B1B68D3F8E43023B11A6811
S2140218F8022A01D9186A7047074B9A6D90B238B116
S214021908064BC2F307421B68DB085343B3FBF0F0EF
S214021918704700BF5C530020004001B8E852002020
S214021928064BDB68C3F30363984206D1044A936EF8
S21402193823F0F00343EA011191667047000002B8EB
S214021948003F00B0054B1B68D3F8E43013B11A68A1
S2140219580A2A01D8FFF7C6BF186C70475C530020E6
S2140219682DE9F743064616F07CFA00248046DFF88F
S21402197890901AF066FD0DF1070105460DF1060076
S214021988FEF79CFA9DF806308BB9721C29D016F021
S21402199868FAA0EB080428461AF04EFD9DF80630B1
S2140219A813B99DF807303BB3A642E2D824E0D9F82B
S2140219B80C3013F4603FE8D0D9F8180016F0D8FABD
S2140219C8731C074603D016F04CFAA0EB0804284608
S2140219D81AF032FD17F5007FE0D0384603B0BDE8AE
S2140219E8F08328461AF028FD9DF80630002BC0D151
S2140219F89DF80730002BBCD1004FEEE700FEFFFF34
S214021A0800C000B810F1800F04D04D28CEBF7F204A
S214021A18323040B2FF22044BC0B25A62A3F580535A
S214021A2858620020704700BF00E000B80B4A10B5A5
S214021A38136E0B4C116E03F00703E35CC1F3CD0182
S214021A4801FB0333126E0748C2F3454202FB033317
S214021A5800688001B0FBF3F010BD00BF004001B87B
S214021A6820920400E8520020044BD3F8AC3010B1A0
S214021A78C3F30332027003F00F007047000002B887
S214021A88094B01F080011B6C03F480030B4309D158
S214021A984FF40012054B1A62837F1BB10122044BD6
S214021AA8C3F80021704700BF000002B8006001B802
S214021AB8005001B82DE9F04F404F804685B038688F
S214021AC80C4615F0EBFE20B90024204605B0BDE80A
S214021AD8F08F224600214046FBF784FF384B5D69AB
S214021AE815F00105F0D102F019F906460028EBD0E8
S214021AF83F68384616F053FB4FF6FF73984234D0C9
S214021B084FF060512F4E304B304AD3F82090D6F81B
S214021B188C3011624FF00061A2F5805211622422C5
S214021B280421C6F88C202A4A4FF4804B91604FF461
S214021B3880520027DFF8A4A0CAF868B0F262A7426B
S214021B481ED30421234A9160A2F5F032C2F88C30E3
S214021B584FF060521D4B1A6209EA02031E4A1362CC
S214021B684FF480421D4B9A66AFE73146384616F068
S214021B78BAFA0146384602F0FFF90028C0D0A3E7B1
S214021B88B26E5104FCD5B268D205F9D5CAF868B067
S214021B98D6F890200135012D0392D0D9E21B042AEB
S214021BA8A8BF042208EB070003A901930092FCF7DA
S214021BB8A9F8009A019B3A4497B2C0E75C53002002
S214021BC8000002B8004000B8004001B8006001B842
S214021BD8001002B8002002B8005001B8006000B831
S214021BE84FF604014FF60502044B01201B6C9BB20C
S214021BF88B4208BF1346024A136670470080E00FFE
S214021C0800C001B82DE9F74F81460F464FF0FF3561
S214021C18FFF7F8FB002601908A462C463046DFF886
S214021C28D8B006F110031B015BF8033003F0030873
S214021C38B8F1010F15D13046FFF7FCFB02460B46FA
S214021C4801985146FFF784F9DBF8643006F108027A
S214021C58D340DB0739D5002F40D000252C463E60FE
S214021C6840460136082EDCD160B3234A0027D2F854
S214021C7808C0916B0CF440330131A4FB014164198E
S214021C8841F10001B3F5003F30D1536B0CF4405CD0
S214021C98013347F10006BCF5805F22D1156B15F5B6
S214021CA8807505FB06F647F1000203FB0266A5FBF4
S214021CB803323244594304FB0212A3FB043414448D
S214021CC8C9E9003403B0BDE8F08FA84271EB0403FB
S214021CD8C6D207B13E6005460C46C1E73D463C46BD
S214021CE8BEE7320242EA13621B02E3E7136B13F5FE
S214021CF8807347F10002DDE700C001B808B516F0A8
S214021D084BF90122054B93F88D3002335B00DBB2A8
S214021D1802FA03F3024A536108BD00BF003E00B050
S214021D28002000B82DE9F34105460F4668461146DD
S214021D38FFF768FF0646B0B1AFB1DDE900321B0A0D
S214021D4843EA0263A5FB0384094B120A05FB024415
S214021D581A6812B9FFF71AFD0246002340462146C2
S214021D68FBF7D4FA3860304602B0BDE8F08100BF0F
S214021D78E85200204FF00052014B1A60704700BF2D
S214021D8800E100E04FF00052034BC3F88020BFF397
S214021D984F8FBFF36F8F704700E100E0F8B50B4630
S214021DA8002213F8044B944225D91D68854224D193
S214021DB806245A791D79124B88181E6804FB0503F7
S214021DC8104F33F8063C7B43B3420ED900238A5A97
S214021DD87A43964202D804FB0300F8BD9D42FAD91C
S214021DE8013304FB03F2825AF2E740F244423D21F1
S214021DF8002002F0EFF80020EFE708330132D2E7BE
S214021E082C53002040420F0000202DE9F84FA2FB79
S214021E18018BC74EC74F18EB060699466BF10003AF
S214021E28B74270EB030307D240F23E220E2102F0BD
S214021E38D1F80220BDE8F88FD9F814A00C4615464A
S214021E48BAF1000F04D0DAF80030032B00F21B8137
S214021E58B94BBA4A9F6BA3F58043D3F8EC30C7F365
S214021E6814075E00B64B48BF47F400171B6ED2F83D
S214021E78FCA058074EBF4FF440039B0503F0E073DF
S214021E881F43B04BD3F8E430990748BF47F0807732
S214021E9847EA456718F048FC012D0646C9D10028CE
S214021EA8C7D0A94B984200F0FD8003F5122303F52C
S214021EB8F863984200F05A81A44B984200F0A78132
S214021EC8002502462B4600204FF00071FBF71EFA4B
S214021ED82B46013008FB03F3C7F3130100FB0B3351
S214021EE8A1FB0662A8FB008001FB052203442033FF
S214021EF89B09C9F80030F60C954B46EA4236FA02B8
S214021F081C6058BF7642934B934D34441E602C6037
S214021F18BAF1000F00F00881FB014FF000038F4969
S214021F28C7F381528A5C194648BF6408002EB8BFB8
S214021F38764292066008C2FB06012246FBF7E6F9DD
S214021F48DAF800100E2908D97D4B7B4A926BDE69B7
S214021F58D3F80C31F60600F12881C0F3130017F403
S214021F680017C9F8040014BFC42040F207107C4AC0
S214021F78DAF81860A2FB04C24FEA521200FB02F219
S214021F884FF4FA73B2FBF6F218BF002702FB03F30C
S214021F98A4FB00C0FA33A3FB063604FB070063451E
S214021FA8864138BF0132D2B242F4006CC9F808C082
S214021FB8002A00F0BB80DAF81C70A2FB070624B1E0
S214021FC8B4FA84F30E2B40F3D880E303002E40F0D5
S214021FD8D180B3FBF0F6700000FB0220A0FB07835B
S214021FE84FEA044EC6454FEA144474EB030309D37A
S214021FF852001044A7FB0083C64574EB030306F1A0
S2140220080106F6D2C6F30E034CEA033C4CF0006314
S2140220180629C9F8083049D9DAF83030002B45D0F5
S2140220280023C9F80C30C9F8103018F07DFBDAF82E
S2140220383010FFF7B3FE044618B18378002B40F041
S214022048CC8018F037FBDAF83010FFF7A7FE044604
S214022058002869D08378002B66D040794FF4AE62A8
S214022068003818BF01203D2101F0B4FF207940F264
S214022078715200384FF03D0118BF012001F0AAFF47
S214022088237962794BE0042BDAF828707FF402AFE2
S214022098FB014CBF4FF4400307F0E07327F0E077EC
S2140220A81F43F7E600232F481D4613E718F03CFBAC
S2140220B82C68002C00F0AF80B4FA84F3D3F1020344
S2140220C858BFDC40284B9C4288BF6408002875D05D
S2140220D8B4FBF0F3642100FB134201FB02F29042C8
S2140220E803F1FF3200F2A6805D085308013D1B0289
S2140220F843EA0515C9F80C5018F0E2FA002800F071
S2140221089080B4FBF0F2642100FB124401FB04F455
S214022118A04200F28D80531E52085B08013A1B0249
S21402212843EA0213C9F81030002083E6212081E62C
S214022138006CCA88807C814A008001B8004F00B0D3
S214022148004001B8000002B800F04902005A6202D4
S21402215834530020305300202C53002034920400BD
S214022168D34D62100A3BB2DF3FBE402500233548F6
S2140221781D46AFE61046002630E7C3F10F0E03F100
S214022188110806FA08F820FA0EF040EA0800AEF13E
S214022198200826FA08F840EA080026FA0EFE013059
S2140221A804FA03F34EF1000610E702F4801203F471
S2140221B800131A4308BFC0F58010CEE6631EA51E9C
S2140221C85B086D08013B2D0245EA031540F2C24240
S2140221D82B21002001F0FEFE8CE7407940F2555292
S2140221E8003818BF01203D2101F0F4FE207940F2A4
S2140221F85652003818BF01203D2101F0EBFE237924
S21402220862791B0243EA0213C9F80C3019E7002365
S2140222180D481D465EE66FF01F0500287FF46AAF7C
S214022228D4E740F2E5422B2101F0D4FE621E72E7A3
S2140222381446FBE79D1E6D085308013B2D0245EA2E
S214022248031557E7313641DCD694BFD610B5044697
S21402225886B059B9214B4168D3F8FC30827A2048B7
S214022268059300686B46FFF7CFFD69461D4B0A6863
S2140222785A631A4BD3F8FC3033B34B6843B11A4B44
S2140222881A4AC3F80C214A68A3F58053C3F80C21EE
S2140222988B6843B1144B164AC3F8EC208A68A3F538
S2140222A88053C3F8EC20134AC868D2F8743123F472
S2140222B8EE630343C2F87431D2F86C31096923F429
S2140222C8EE630B43C2F86C31002022890A4B9A62ED
S2140222D803F5A033186406B010BD00BF004F00B067
S2140222E85C530020008001B8006001B8FFFF0F00B1
S2140222F8FFF8FF0F000002B8004000B8064B9A6EBF
S214022308920607D55B6E002B4FF48043B4BF034A90
S214022318034AD3640020704700800050002002B8A9
S214022328001002B8064B1A6C9207FCD4022240EA46
S21402233801205860034B1A640122034B1A70704737
S21402234800C002B800D002B88160002040B103681D
S214022358012B05D90069034B002808BF18467047A9
S214022368004870473C92040010B590B10468012CEE
S2140223780FD902696AB11168094B102C19605168A5
S2140223885960916888BFD268996094BFD960DA604C
S21402239810BD102200210248FBF724FBF8E700BF15
S2140223A83C530020084BC1171A68A2FB000302FB25
S2140223B8013310F1807043F10003400E40EAC31067
S2140223C8803820EAE07070474C5300200722194BE9
S2140223D870B5DA63184B194A1D68194BEC08E00504
S2140223E8C0184FEA153141F100010023FAF78EFFB3
S2140223F8144B154E18601548FFF7D4FF4042C6F82E
S214022408DC0049F65800FFF7CDFFC6F8A8001048CA
S214022418FFF732F8024660B1E301500818184FEA8F
S21402242815714FF0000341F10001FAF76FFFC6F885
S214022438B40070BD000002B8E852002065CD1D0049
S214022448B2E60E004C530020003F00B070110100A7
S21402245840420F0010B5044698B10B4BD3F8FC0067
S214022468FFF782FF4FF47A7303FB04F0074BA0F5DD
S2140224787A60DA689B681044C01ABDE81040FFF715
S21402248891BF49F64040F8E7004F00B03C530020A1
S2140224982DE9F8430546084614461E46FFF764FF2C
S2140224A805B306F0020716F004061DD1D7B14FF49D
S2140224B87A706B685843002B40F08C80FFF772FFE7
S2140224C820636B69002B00F08C804A4AD0684FF470
S2140224D87A7202FB0300A0F5FA50FFF763FFE06288
S2140224E8002E58D1BDE8F8832869002869D04FF431
S2140224F87A7358433F4BA0F57A609B68C01AFFF779
S21402250851FFA062A88B00285ED04FF47A73584316
S214022518384BA0F57A609B68C01AFFF743FFE06164
S214022528354BE968D3F80080002950D04FF47A7307
S2140225385943304BA1F57A619A685B68891AC91AB9
S2140225482E4BC8171A68DFF8BC90A2FB011302FBD1
S214022558003311F1807143F10003490E41EAC311B9
S2140225688039274B2162D3F8C4306362D9F8003029
S21402257853B1404615F0B6FB30B12246D9F80030C2
S2140225881C49D8F8D80098470021A869FFF762FFC7
S2140225986063002F8BD1A86830BB47F23050FFF734
S2140225A801FF60614FF47A702B6858432BB1114BC8
S2140225B81B6803F51C5310331844FFF7F3FEA0619B
S2140225C890E749F640409AE749F64040A5E749F6BB
S2140225D84041B5E7074B1B6803F51C5310331844F4
S2140225E86CE747F2305078E74FF47A735843A0F511
S2140225F8FA50D4E73C5300205C5300204C5300208A
S214022608003F00B03853002038B5054608461C4639
S21402261815F04AFC0246D5F8E400FFF797FE436831
S214022628A018002B044AA8BF4FF4FA721A44034BA8
S21402263892FBF3F2104438BD0CFEFFFF18FCFFFFB6
S21402264870B588B06D46124C0FCC0FC594E80F00D3
S21402265885E80F00D82200210E48FBF7C3F9AC2202
S21402266800210D48FBF7BEF9202200210B48FBF794
S214022678B9F915F041FE0A4B1B783BB16D46044E7C
S2140226880FCD0FC695E80F0084E80F0008B070BD9E
S214022698E03F00B07C3E00B0543F00B0E04F00B0D0
S2140226A87460002008B519F0CCFE0E4B1A78A2B951
S2140226B80D4A126812F4843F0FD10C4A1021D164D5
S2140226C81B7863B9084B1B68DB0508D4074B202226
S2140226D8DA64BDE8084019F0AFBE054AEEE7044BD7
S2140226E8F5E700BF8760002000140020002002B82B
S2140226F8001002B80A4B197801F0FF0229B100212E
S214022708197008499202C1F80421597801F0FF02AB
S21402271829B1002159709302024AC2F8083170475B
S21402272882600020005000B8064BD3F8F00E064B25
S2140227385B6C1A0103D4054B9B6E1B0401D500F58E
S21402274880707047003000B0000002B8004000B841
S21402275810B519F076FE0E2104460320FFF7E0F8BE
S21402276840F20122034B2046BDE81040DA6219F017
S21402277863BE00BF004000B838B519F062FE4FF0DD
S2140227880043244C0546C4F88030BFF34F8FBFF38E
S2140227986F8F0123C4F88430BFF34F8FBFF36F8F58
S2140227A80223C4F88430BFF34F8FBFF36F8F04231E
S2140227B8C4F88430BFF34F8FBFF36F8F0823C4F873
S2140227C88430BFF34F8FBFF36F8FFFF7DBFA102308
S2140227D8C4F88430BFF34F8FBFF36F8F2023C4F83B
S2140227E88430BFF34F8FBFF36F8F4023C4F8843013
S2140227F8BFF34F8FBFF36F8F4FF48063C4F88430F4
S214022808BFF34F8FBFF36F8F2846BDE8384019F0E5
S21402281813BE00BF00E100E038B519F012FE054607
S2140228284FF000430A4C236001236360042363606D
S21402283808236360FFF79EFA102363602023636011
S214022848402363602846BDE8384019F0F5BD00BF4E
S21402285800E100E0012370B5074C2370074B1E68A1
S214022868074B3240D3E9005319402840FCF7ECFEE8
S2140228780023237070BD00BF8560002054530020DB
S214022888001400200022044B1A70044B197811B168
S2140228981A70FFF707BF704786600020876000201F
S2140228A82DE9F047DDF820A003EA0108099B064651
S2140228B80D4602EA000703EA0A09BAF1000F40F0D9
S2140228C85281031F0B4300F01281052871F10003A1
S2140228D880F0E88050EA010300F07881431E0B433B
S2140228E800F02881FFF748FFB94AD2E9004323EAF5
S2140228F8050324EA06043C4343EA0807B54BC2E943
S21402290800471E6826EA0A0646EA09061E60FFF718
S214022918C9FE14F02A4F14BF48F202034FF40043CC
S214022928AD4AB007D26EAD4848BF43F4005383EAB7
S214022938020122EA0302C266A94A0B408166D366EE
S214022948C4F380421203210348BF42F48072E306AE
S21402295848BF42F40052A34BA50648BF42F4007291
S2140229686006D3F80C3248BF42F48062210648BF9C
S21402297842F400629C4882EA030123EA0203C0F892
S2140229880C329A4B0A4017F4007FC0F80812C3F8B4
S2140229980C22974B07F4007200F0048101224FF4D0
S2140229A8802583F88820E30448BF45F48035A003D1
S2140229B848BF45F48015A10748BF45F4001514F42E
S2140229C8001FDFF8688206D0D8F8000015F092FCDF
S2140229D808B945F40025E20248BF45F40035FB066F
S2140229E8844B48BF45F480051A6A834985EA020380
S2140229F823F001031A400A621D40CB617F4B16F092
S214022A08010F1D627E4B7F4A18BF1A467E4B7D0712
S214022A181B6F48BF42F000627C4882EA030123EA41
S214022A28020303677A4B0A4041661A67794A04F03A
S214022A380103926CA0F5803083EA020122EA0302BF
S214022A488264754A0B4041649364D8F800202002D9
S214022A5848BF724B92F8F62058BF714B610748BFC1
S214022A6843F4806322B114F4C06F18BF43F4807332
S214022A7832074FF03A42BDE8F047D2F8181148BF7D
S214022A8843F0004383EA010222F4A022654811407B
S214022A98C0F818111340C0F81421634AC2F8183156
S214022AA8FFF7BABEA0F580630B4306D020F4806316
S214022AB8A3F500730B437FF415AF19F0C2FC444923
S214022AC8D1E9003223EA060322EA050242EA0802AC
S214022AD83B43C1E90032554A126892F8F610514A49
S214022AE809B313F4C06F1ED04FF4807311E019F0C7
S214022AF8A8FC374AD2E9003123F004033B4341EAF3
S214022B08080157EA0807C2E900314FF48063454ACC
S214022B180BD0C2F81431A2F58052C2F81831BDE8BB
S214022B28F04719F089BC4FF48073C2F81831C2F81E
S214022B381431F4E719F085FC254AD2E9003123F06E
S214022B4801033B4341EA0801C2E900310123384A3E
S214022B5857EA08071BBF5364A2F58052936493642E
S214022B6808BF5364DBE750EA01037FF4BBAEBAF151
S214022B78010F7FF4B7AE19F064FC164A136823F007
S214022B88010343EA090313604FF480631F4AB9F14D
S214022B98000F04D05366A2F580521367BFE7136787
S214022BA85366BCE793F8881071B183F88820214BE6
S214022BB8D3F8A41003F50053C3F8A410C3F8A01062
S214022BC84FF05023C3F8A4200025ECE6BDE8F087B2
S214022BD80014002054530020004000B8006000B8DB
S214022BE8005000B8004001B8006001B8005001B8B3
S214022BF8003F00B0000002B8002002B8001002B879
S214022C08041C00030418000300C001B800E001B861
S214022C1800D001B800C000B800D000B80D0A0A09F2
S214022C28090A0A09002000BA001000BA5C530020FC
S214022C3800E000B800400050024B5868C0F3C000DD
S214022C48704700BF00140020024B186800F001000D
S214022C58704700BF00140020024B5868C0F3C0300B
S214022C68704700BF0014002010B50446FEF75AFD50
S214022C78FFF782FD2046FDF789FAFEF7DDFCFEF730
S214022C88D3F8FEF745F9FFF7A1FB13490723134AC2
S214022C98D1F8FC1004F1F800FFF7FAFB4FF0807148
S214022CA80020FEF709FC4FF000720D4B4FF400119E
S214022CB80120C3F80021FEF7FFFBFEF791FF20B9BB
S214022CC840F29232142101F085F915F06EF9BDE84A
S214022CD810400120FDF782BF004F00B0A43F00B0AD
S214022CE800D001B88023074A1364082340B113644E
S214022CF8054AD2F8C83E23F02003C2F8C83E7047F9
S214022D08024AF4E7001002B8003000B0002002B809
S214022D1810B519F096FB012104460020FFF7E2FFE2
S214022D28044B1961044B5B6898472046BDE810407F
S214022D3819F082BB000002B834670020F8B5194CB7
S214022D480546207840F2E442B0FA80F03E21400977
S214022D5801F040F955B9607840F2E442BDE8F8401F
S214022D68B0FA80F03E21400901F034B94FF44066CB
S214022D780D4F0E4DD7F8043140F2E442C3F38123D7
S214022D882370C5F8046160783E21B0FA80F04009E5
S214022D9801F020F9D7F80831C3F381236370C5F828
S214022DA80861F8BD82600020004000B8006000B8E4
S214022DB8F8B5084C084D236C0423084F2B64236C83
S214022DC85B0300D4F8BD042602203E6415F050F8D2
S214022DD82E64F4E7000002B8001002B8002002B819
S214022DE8A82238B51A4B1D6C03F500531A64102234
S214022DF89A60A3F5804302F100521A675A66FFF7F3
S214022E0879FC144B1B7813B90320FEF7B3F8002499
S214022E18114B9C67FFF7CCFF104A114BD2F8F01EF5
S214022E280B40C2F8F03E04220E4B1A640E4BAA065A
S214022E38C3F8D04008D503F580739B6FB3F5817F3E
S214022E4822BF8022024B1A61BDE83840FCF7B8BDA3
S214022E58000002B88460002000C001B8003000B04C
S214022E68DF0000FF002002B8003E00B010B551B9DE
S214022E7820B3154BDB681B0E13F00E0F1ED1134B37
S214022E881B6CD9071AD4FFF763FC0F4C0020FEF719
S214022E98EBFD032801D0092805D1A36ADA07F5D481
S214022EA8636CDB03F2D4FFF783FF0122084B5A61F7
S214022EB802229A62042203F580531A644FF4C0620F
S214022EC8044BDA6210BD00BF000002B800C002B8A8
S214022ED8001002B8006001B808B503210920FEF701
S214022EE81FFD2022014B1A6108BD00BF000002B870
S214022EF80D4A10B5D2F8A030D2F8A4100B40B3F1A0
S214022F08804F0CD34FF040400849094CC1F8A40042
S214022F18D467C1F8A0004FF48021064AD161034A5B
S214022F28C2F8A03010BD00BF00400050006000503C
S214022F380000FF01001002B838B5054619F081FAFC
S214022F480E4B04461868FDF74BFA35B1FFF79AFCA4
S214022F582046BDE8384019F06FBA094B1B78002B9B
S214022F68F6D0084B1D78002DF2D1FFF78BFC2A46C7
S214022F784FF480400021FFF76DFCE9E75C53002020
S214022F8886600020856000202DE9F84F5A4B0646D9
S214022F980D4614461B6C002A40F0AB8013F0A00FB7
S214022FA814BF4FF001094FF00009FCF709FDA023F2
S214022FB84FF0000ADFF85C810320C8F84030FDF7BE
S214022FC8D9FF0420FDF7D6FF4C4FFFF75BFC4C4BAE
S214022FD84FF0040B7B67C7F878A0FFF7E9FE494B6A
S214022FE84FF48071D3F8C82E42F02002C3F8C82ED8
S214022FF8FF22C8F80820404A1161D3F8F02E424949
S2140230081140C3F8F01EC8F840B0C3F8D0AE7B69CA
S21402301813F0060F04D0FEF75BFA5846FDF7AAFF30
S214023028B9F1000F08D04FF40062384B1A644FF417
S2140230380042A3F5E0339A6666B1354BDB6C180797
S21402304801D4FFF785FBFFF747FF0420FDF792FF41
S214023058FFF750FB284B5A69D10748D5DA6812F0B1
S214023068706FFBD12B4B2C4A1A642C4A936E23F0B2
S214023078F003936615B12046FFF75EFF284BD3F898
S2140230884C315A1C01D05B0002D50122214B5A61F1
S2140230986CB31F4BDA6E03F500539A6603F5D0330A
S2140230A81B6A1C4A23F00103D3611E4BD3F80C1289
S2140230B803F50053C3F8081203F50053D3F8841037
S2140230C803F5005399674FF03A43D3F8181103F5FE
S2140230D80053C3F81411144B996C03F50053596442
S2140230E8124903F5803359664FF608431364BDE860
S2140230F8F88F4FF0000958E7000002B800C001B880
S21402310800000101003000B0DF0000FF001002B826
S214023118004000B8002002B810003000003F00B09F
S2140231280080E00F004001B800C000B85000002F31
S2140231389D4B2DE9F04F9F6EDB6E85B01F409B4B73
S2140231489F664FF03A43D3F81451D3F818311D400E
S214023158974BC3F81451974BD3F80822D3F80C327E
S21402316802EA0309944BC3F8089203F52043DA6986
S2140231781B6A02EA0308914B08F47702DA61904B5D
S214023188D3F80422D20605D4D3F80431C3F30016C2
S214023198DB0653D519F055F98A4B5A695E6E1B6FD2
S2140231A812F0060F06EA0306874A26F0007314BFD3
S2140231B84FF0010A4FF0000A23F4006374075366BF
S2140231C806D5824A92F891300133DBB282F8913002
S2140231D819F032F9002F00F0E48017F4004300F0EB
S2140231E8D58019F02EF90146FFF79EFA0446784B69
S2140231F8D3F800B0DBF80020DBF800309A42FBD0A8
S214023208DBF800209A42FBD0FFF78EFAA04217D1CD
S214023218084619F011F96F4B1C606F4BD3F840B093
S2140232281BF4E0520ED124F07F4424F0DF040CB9DC
S214023238FFF7D6FD4FF0807B002414E0B246C9E7BC
S2140232480446D7E70192FFF7CBFD5C4B019A1BF4C5
S21402325880541A6440F09C801BF4806F0CBF4FF0B9
S214023268805B4FF0806BB80715D55B4A5348126CE3
S21402327802F460410164002900F08D80110400F117
S2140232888D8012F4005F0CBF4FF000524FF00062C0
S21402329800244BEA020BC7F340377F004F4A2A4006
S2140232A8002A4BD015F4206F0AD040F6A312062146
S2140232B8002000F08FFE0020FFF73EFE25F4802552
S2140232C8EB0506D5FF213D4A4BF4C06B9160FFF72C
S2140232D83FFA15F0090F0BD040F6B8120821002065
S2140232E800F078FEFFF7F8FD4FF03A4201215163ED
S2140232F815F0106F0CD040F6C1120921002000F01C
S21402330869FEFFF7E9FD002211461046FDF73CF874
S21402331815F4202F0AD040F6C9120721002000F023
S21402332859FE0020FFF708FE25F48025E80301D59C
S214023338FDF774F9002DB8BF47F0080769070ED5E0
S2140233484FF03A42126B12F4005F4FF4005217BF66
S214023358174923490A634BF4000B08BF0A636A0538
S21402336848BF4BF0040B15F48023019300F0A480A9
S214023378FDF70CF90138062834D8DFE810F01A01F0
S2140233881D011A0120012301260126019B4653E747
S2140233984FF0804B50E74FF0007279E74FF000424B
S2140233A876E7BB463C4679E7004000B8006000B8BE
S2140233B8002000BA004001B8006001B8002002B838
S2140233C800E100E000C001B800E001B8003E00B02D
S2140233D8F491040050530020000002B8090B0B8930
S2140233E8001000BA40F6FA120321002000F0F2FD9F
S2140233F84FF03A400121D0F88C20D0F8AC3002F0D9
S2140234080702063201FA02F2C3F30C0CA2EB0C0214
S21402341892B2072A12D9774A126C53020ED4764B06
S214023428C26CC06E5B6D5BB102F007020632914059
S214023438C0F30C00091A89B2072901D84BF4007B9D
S2140234486E4A1278002A37D04FF03A42D2F8142140
S21402345812F4A02F30D16A4A6A4912789AB9F2044D
S21402346811D40A787AB14FEADB02674842EA447214
S21402347882F00102D0F8F00E02F00102520020FAA1
S21402348802F2930718D10420FDF774FD5F4A6048DC
S2140234985067FFF7F7F95B490A784AB95D4A127826
S2140234A832B15D4A5D4912680BEA02020A4201D14C
S2140234B84BF4804B26F48056B9F1000F1DD019F450
S2140234C8805F18BF4BF4802B19F4807F18BF4BF42B
S2140234D8002B19F4005F18BF4BF0100B19F4007F8D
S2140234E818BF4BF0200B19F4806F18BF4BF0400B37
S2140234F819F4006F18BF4BF0800BB8F1000F3AD0E2
S21402350818F4802F18BF44F4007418F4803F18BFCC
S2140235184BF4805B18F4801F18BF4BF4003B18F47A
S214023528001F18BF4BF0020B18F4003F18BF4BF4ED
S214023538801B18F4800F18BF44F0100418F4002FEC
S21402354819D0314AD2F8C82E12F0C00F13D0294922
S214023558CA68C2F30362032A01D0072A05D14A6C55
S214023568D00602D48A6C110732D54FF400212C4AB1
S21402357828F40028D161002E00F01881320540F1A7
S2140235888A802848DFF88490C2782749002A51D0D2
S2140235984FF40063013AD2B24B66C27032B9234A7C
S2140235A81278C2B140F60141214A51670022002131
S2140235B86EE04BF4803B1BE74BF4006B18E74BF4CA
S2140235C8806B15E74BF4807B12E74BF0080B0FE78E
S2140235D84BF4001BCFE7D9F8782012F4A05F15BF8A
S2140235E84FF4807240F60142C9F85820C9F878208C
S2140235F8DCE700BF000002B8004000B88760002081
S2140236088660002089600020003000B000C001B843
S214023618000001018860002000140020088D0100C7
S214023628002002B87860002000E001B8846000201C
S21402363800D001B80320FDF79DFCD9F81420A34B4F
S21402364812F0060F04BF41F61F72A149A14808BF2F
S2140236584A674FF400619E4A5166D9F8142012F060
S214023668060208BFC9F87820B3F88E2012F4006163
S2140236785DD022F40062A3F88E20027802F0FF09D9
S214023688002A58D1FDF724FFFFF7AAFB4A46202155
S2140236984BEA020B0C43B30009D52E20FDF7B8FB04
S2140236A84FF000518A4A44F0080411675166F00642
S2140236B806D52B20FDF7ACFB1021854A116751660B
S2140236C816F0306F05D1F1045DD5BAF1000F00F09F
S2140236D8A780320111D52920FDF79AFBFFF7ACFA2D
S2140236E848B17D4A7D487A494A66026700F54050E5
S2140236F8C068430422D444F0040416F0007A28D0A2
S2140237080420FDF737FC2720FDF782FBFFF768FB4E
S2140237184FF000716E4A5166714AD2F8F01E490699
S21402372878D4704A0221916044F0020428E00278B4
S2140237384FF40052ACE74FF4004238E70A672020FD
S2140237484A66FDF765FB2D2044F00C04FDF760FB86
S214023758D3E716F0807FDFF8909146D00420FDF775
S21402376809FC2820FDF754FBD9F87820002A39D11D
S214023778FFF736FB564A584944F00104116751666A
S2140237880021594A9165320405D5584A126890476D
S2140237984BEA000B0C43730508D555498A78002A6C
S2140237A800F08E80013A8A70002217433A4658463D
S2140237B82146FFF74FF8019B0BB1FCF71DFF0122CC
S2140237C84C4B05F00435C3F814514B4B18F4002F34
S2140237D8C3F884211EBF4FF40022424BDA6105B0BB
S2140237E8BDE8F08FC9F878A0C4E7F004C8D504206D
S2140237F8FDF7C0FB414AC9F87420FDF769FED9F8FF
S214023808642012F0407FBBD12A20FDF701FBFFF7A8
S214023818E7FA81E7D2F8C82E930685D4384A81E7B4
S21402382833490A7952B1013AD2B20A7112B92B4A0D
S2140238383449516700224BEA020BA4E70420FDF73D
S21402384899FB0320FDF796FB274A2C49516718F087
S214023858F8FD81460DF10F00FEF706F92A4A824660
S21402386812780AB1FEF774FFBAF1030F0ED1DFF829
S214023878A0A00020FEF7F8F8032807D1DAF82820D7
S214023888D007F6D4DAF84420D103F2D49DF80F20F4
S214023898032A06D101211D4A4846117018F0CCFDAC
S2140238A8C8E74FF03A42D2F8142112F4A02FF1D109
S2140238B8FEF7E8FF484618F0BFFD4FF48042BAE725
S2140238C80220FDF757FB01226FE700BF003E00B05B
S2140238D800E001B8846000201000002000D001B883
S2140238E8003000B0002002B800C001B848670020C7
S2140238F878600020002000BA00E100E00000010124
S214023908001002B80000010D8A60002086600020C0
S214023918000002B80122024B1A62DA61704700BF41
S214023928002002B8094A08B5D369116A0B4008494B
S21402393823F47F00DB07C86106D5D1684FF0FF3055
S214023948C1F3036114F03BFB08BD00BF000002B8D8
S214023958002002B80C4A08B5536C926C13400B4A06
S2140239685364DB070FD50A4B40F6634218781221D8
S21402397800F0010000F02EFBBDE8084000220120FE
S2140239880021FEF767BF08BD00C000B800E000B817
S2140239980014002070B5174D2C6C6B6C1C40164B2F
S2140239A824F00202E1071A6405D540F6CA4200204E
S2140239B8296800F00FFBA2071AD502220E4B1A64DA
S2140239C86B68DBB2A3B9FDF71DFD04460D460B4E28
S2140239D8D6F8F433DB060BD5FDF714FD02460B4684
S2140239E820462946FDF7B4FA652871F10001EFD39F
S2140239F870BD00BF008002B800A002B8000002B87E
S214023A0838B50B4C0B4DD4F88430DB0706D4A36FBD
S214023A18D4F884201340084A936738BDD5F8043191
S214023A281A06F0D5FFF7B6FF8023C5F88431EAE711
S214023A38008001B800E100E000A001B870B51446A5
S214023A480D4618F0FEFC064BD3F8C86E74402C40A0
S214023A587440C3F8C84E18F0EFFC06EA050070BDBD
S214023A68003000B0034BD3F8C83E99430CBF012080
S214023A7800207047003000B02DE9F04117460A438F
S214023A88012A1D469DF818409DF81C60DDF8208026
S214023A9829D8B44227D2082E25D8032B23D8B8F122
S214023AA8000F20D00A460021FBF7DAFEFF21EB00C2
S214023AB89940C943DFF834C008F1FF38FF00E2B284
S214023AC8964202D80020BDE8F0813D190CEB850528
S214023AD8D5F8F82018F8010F0A4098401043C5F8A0
S214023AE8F8000134EBE72120EDE700BF003E00B006
S214023AF81E4BD3F8C83E13F001001ED01C4B93F899
S214023B084C001C4A40F08073C2F8CC304FF4801345
S214023B181949C1F8B430A1F58051C1F8B830D2F8C5
S214023B280C31DBB2FF2B1FD0984294BF0020012035
S214023B3840F61F623C2100F04DBA1A06E1D40F4A3D
S214023B4892F84B1121B1DB0602D592F84801D8E764
S214023B584FF480120020084B0649C3F8B820C1F873
S214023B68CC00C3F8B42070470120E1E7003000B06B
S214023B78003F00B0004000B8006000B8003E00B049
S214023B88034B1868034B002808BF1846704700BF47
S214023B9858530020D0CA04002DE9F843DFF8609095
S214023BA80646D9F8008008461746B8F1000F03D033
S214023BB80E242046BDE8F88306B3336801331DD1C8
S214023BC8E1B100F073F805460028F1D0C9F8000004
S214023BD800F092F8284614F04BFA044640B14046E4
S214023BE8C9F8008000F088F8284614F03CFAE0E7A6
S214023BF83560002FDDD02846B847DAE72124D8E713
S214023C085C530020024B1868003818BF0120704722
S214023C185C530020002108B5024B08465B689847AB
S214023C28002008BD34670020431E033306D8044B21
S214023C38984228BF1846642838BF6420704700BFD9
S214023C4840420F0038B505460C4641B10B6833B101
S214023C581B68013303D0CB680BB18B684BB914F0E1
S214023C68EAF800204FF4C172412100F0B3F921208E
S214023C7838BD0846FCF7A4FD00230A4A85F8303109
S214023C88C5E93743C2E9003363694BB1064A4221A4
S214023C9810684FF4D272C31A5842584100F09AF983
S214023CA80020E5E758630020E8520020F8B50446ED
S214023CB818F0C7FB002607460E4B1B6893B19E6892
S214023CC8AEB196F82420D20711D435460FCC0FC5CC
S214023CD80FCC0FC523682B6096F8243043F00103F7
S214023CE886F82430384618F0A7FB3046F8BD1B681D
S214023CF8E4E700BF7067002010B5044618B9054B04
S214023D08054A136010BDFAF727FED4F8E830002BF0
S214023D18F6D1F4E7578003006C670020014B186859
S214023D28704700BF5863002008B502460868FFF7C8
S214023D387BFF08604868FFF777FF48608868FFF7E8
S214023D4873FF8860C868FFF76FFF0B69C860581C66
S214023D5803D00B48834228BF03460B614B69581CA5
S214023D6803D00748834228BF034688694B61FFF79A
S214023D785BFFBDE8084088611046FBF797BD00BFA9
S214023D8840420F00D0F8E0302DE9F04105460C46D7
S214023D9813B1838D8B424CD0D5F8DC30002B4BD038
S214023DA89E68002E48D0D868002845D0013800B250
S214023DB800281ADB002106E0128A591CA24217D2F2
S214023DC809B2884211DB0B1803EBD3735B1003EBC3
S214023DD8C30206EB8202B2F80EC003F1FF3EA44508
S214023DE8EAD90FFA8EF08842EDDA2120BDE8F08192
S214023DF84FF6FF7299B29142F7D09BB203EBC30318
S214023E0806EB83062846B6F9122095F82411D5F84B
S214023E18F080E9F7E1F90746B8F1000F04D000236D
S214023E28324628461946C047AC85C5F8E06085F88C
S214023E382D710020BDE8F0810E20BDE8F08100BF9C
S214023E482DE9F04782B004460F461646FBF796FF62
S214023E5800285ED1454D2B68D4F8DCA0D4F8E08063
S214023E680BB1534562D04FF00009AF60FBF7D0FFA5
S214023E780128074651D12B68DAF80010D8F8002036
S214023E8813B1186888425CD0204613F0E0FEC5E9F4
S214023E9800A8D4F8F0508DF80760002D58D00022FC
S214023EA8204611460DF10703A8472046FBF728F9D6
S214023EB80546B9F1000F0FD076B9D4F888300BBB97
S214023EC8012F05D025B12A4B002103205B689847AD
S214023ED8284602B0BDE8F087B5FA85F040F20752E8
S214023EE83321400900F076F831462046FBF70EFBF0
S214023EF8204B05461B68414620469847D4F888302A
S214023F08002BDDD000224FF400732046FAF734FD6A
S214023F18D6E70023154D6B609DE700210120FAF7CE
S214023F2863FDFBF775FF0128FBD1A4E76B68002B3E
S214023F3899D0434597D1AB689F4215D04FF00109F7
S214023F4893E7696811B109689142A0D059689BE75E
S214023F5894F8281094F82D313246994228BF19460B
S214023F682046FBF71FF8A0E70025B1E758630020B4
S214023F78346700206C670020F8B50E46054618F030
S214023F8860FA314607462846FFF7FCFE044620B18B
S214023F98384618F051FA2046F8BDFBF7D1FE2246FD
S214023FA831462846FFF74CFF0446384618F044FACE
S214023FB82046F8BD38B5044D044C054B28602160F0
S214023FC81A6017F039FF38BD605300207467002066
S214023FD86453002010B550B90548064B01600648E0
S214023FE802601868054B18601868FFF7E3FF10BDF3
S214023FF8746700205C53002064530020605300203E
S21402400810B518F01EFA084B04461B683BB19847D1
S21402401828B1002200204FF48061FEF71BFC2046E0
S214024028BDE8104018F008BA685300200023F0B51F
S21402403885B0CDE901330393124B134D1B78134E0B
S2140240488DF8043018F00AFA2A78337804469A4229
S2140240580F4F0CD03178386801AA297013F0E4FFA4
S21402406850B140F608210B4818F07FFA04E0386889
S21402407813F0BAFF0128EDD0204618F0EAF905B089
S214024088F0BD00BF326A0020606A0020616A002024
S21402409884530020C0670400F8B52B4B1B7823B165
S2140240A840F6FC31294818F060FA18F0D7F9284B80
S2140240B807461C8814F0060409D001214FF48070C4
S2140240C817F026FA3846BDE8F84018F0C2B9214675
S2140240D84FF4807017F01CFA204600F09DFF022865
S2140240E808D180221B4B8021186813F039FBFFF792
S2140240F89DFFE7E7204600F08FFF054638B1012806
S21402410807D040F63141114818F02FFADAE702468E
S214024118E8E7FF220F4E104B30681A70FFF77AFD59
S214024128306813F061FF0128CCD02A462946306849
S21402413813F05CFF21462C2017F016FA21460A20B7
S21402414817F012FABEE700BF90600020C0670400AE
S2140241585E59002084530020606A0020002101482E
S21402416818F01CB8C86700207F2837B5044610D157
S2140241784FF6FF73022217480DF10601ADF8063016
S214024188EAF74CFFBDF80640E2054CBF6FF04A045A
S21402419864B218F063F9104B05461C700F4B1B8867
S2140241A8DB0710D50E4B1B78002B0E4B0CBF214697
S2140241B86FF07F01186813F001FB20B140F67861B2
S2140241C8094818F0D2F9284603B0BDE8304018F07E
S2140241D840B900BF641002C0586A00205E59002029
S2140241E89160002084530020C067040010B50FF0C9
S2140241F8BEF860B10FF0BDF80B4A80B141F20D036C
S214024208BDE8104041F20D01074817F0D3BA074B34
S2140242181A781B799A4204D100220023F0E70D236C
S214024228EEE7034AF9E700BF400D0300326A0020B2
S214024238488D0100F8B5164E0D46337802F0010493
S21402424823B140F2C531134818F08FF9124B134FB9
S2140242581D60134DA4B1134B997801B1012120209A
S21402426817F056F92B783B700F4B1C780F4B002132
S2140242781C70042333700E48BDE8F84017F08EBF52
S2140242882146202017F044F92B783B70EEE700BF52
S21402429890600020C0670400745300208D600020E0
S2140242A8626A0020785300208E6000208F6000200B
S2140242B8C86700202DE9F84318F0D0F8DFF8A08187
S2140242C80546B8F80030614C13F4807F03D0237893
S2140242D873BBFFF7E1FE0021084617F045F95C4B71
S2140242E81A78FF2A13D01A7802F0FF0632BBFF228A
S2140242F81A702378052B0AD100232846237018F053
S214024308A8F8304613F0F9FF18F0A8F805462378FF
S214024318504E062B09D13378FF2B06D03378022B62
S21402432815D100214C4817F039FFFF2333702BE0D4
S21402433800214FF4807017F0EBF8CCE71A78012AC0
S2140243484FF0FF0214BF33264C261A70D4E7337890
S21402435813B13378012B22D117F07AF907463E4873
S21402436896F8009001F0CEFBFF235FFA89F93370C6
S21402437877B1B9F1010F44D16421374884F8009027
S21402438817F00CFFFFF752FE284618F062F806E010
S2140243982846277018F05DF8384613F0AEFFB8F8CE
S2140243A800301B0605D50021802017F0B1F812F060
S2140243B89AF901F0E3FA294E308000B32778012FE4
S2140243C842D117F0FFFD054610B3013018F0ABF9DD
S2140243D800F44060B0F5006F1AD104223946284628
S2140243E817F030FD284418F09EF94FF6FF739842EE
S2140243F80ED10020318800F0F1FC00233380BDE89E
S214024408F88300232846237018F023F83F20C4E7D1
S214024418114801F077FB002108462170012500F0BB
S2140244288FFC23780BB9FFF737FE0020318800F09F
S214024438D5FC00233380002DE1D020780028DED179
S214024448BDE8F84314F091B80025EAE7906000202A
S2140244585F6A00205E6A0020C86700205C59002058
S2140244685E59002008B513460A461946064B1868D0
S21402447813F031FA30B1BDE8084040F2F44103487F
S21402448818F073B808BD00BF84530020C067040044
S21402449808B513460A461946064B186813F015FA65
S2140244A830B1BDE8084040F2FB41034818F05DB859
S2140244B808BD00BF84530020C0670400024B18786A
S2140244C8431E5842584170479060002008B5064B74
S2140244D81B7823B140F22551044818F046F8FFF736
S2140244E8DBFD002008BD00BF90600020C067040006
S2140244F808B5054B01EB81011868490013F060F90D
S214024508002818BF212008BD8453002008B5044B94
S2140245181868F9F7B1FE0A2390FBF3F040B208BD1B
S21402452884530020014B1878704700BF616A002048
S21402453808B5044B186813F0F7FDB0FA80F0400986
S21402454808BD00BF8453002038B5124D0C462B78A0
S214024558012B04D940F246510F4818F006F82146B6
S2140245680020FFF7E5FF90B10C4B1C702B785BB967
S214024578FFF792FD0A4B93F900100A4BC901186817
S21402458813F03BFE002038BDFFF750FDF2E721206E
S214024598F9E700BF90600020C0670400616A002047
S2140245A8926000208453002008B5074B186813F061
S2140245B8B9FD30B1054BB3FBF0F083B20BB1184628
S2140245C808BD0120FCE700BF8453002040420F00CC
S2140245D82DE9F3475C4E012017F0C4FF338899078C
S2140245E804D440F63F41594817F0BFFFDFF88081F0
S2140245F898F80030053B012B04D940F64141534850
S21402460817F0B3FF524F3B6823B940F644414F4870
S21402461817F0ABFF348814F0200478D0012122204A
S21402462816F0A2FF4FF47A74FFF7BEFF3B681B78BA
S2140246380933434304EBC30498F80030A5B2062BAB
S2140246480BD117F0CDFB0446FFF7AEFF60235843A5
S2140246580C2303FB0400284485B2D7F800903D4B90
S21402466899F800801C7808F1FF381FFA88F8002CA1
S21402467852D133885A0505D409F1010018F053F8C7
S214024688C0F340143449354A887812784B7812FBBE
S21402469800F2334F93423B70A4BF9B1A3B703B78A1
S2140246A8CA78BD60934238BF13463B700EF067FE69
S2140246B8002833D00EF061FE012814BF1025082505
S2140246C825430023DFF8ACA00093802243464946E0
S2140246D8DAF8000013F0A6F820B14FF43B611B4845
S2140246E817F043FF1F4BDAF8000019781E4B1970B3
S2140246F833889B0614D52A461C4B009713F092FC67
S214024708C0B9002002B0BDE8F04717F02BBF21461B
S214024718222016F029FF87E70024B3E72546D0E7CC
S2140247282A460F4B13F07CFC014618B9252016F0D2
S2140247381BFFE6E72146262016F016FF40F6F43160
S214024748024817F012FFDCE75E590020C067040033
S2140247587453002093600020326A00208D60002087
S21402476878670020616A0020606A0020785300207B
S2140247789060002084530020184B10B51B889B07B6
S21402478804D440F6A661164817F0EFFE154B1B78C0
S214024798053B012B04D940F6A761114817F0E5FE40
S2140247A8114B1B6823B940F6A9610D4817F0DDFEC8
S2140247B800240E4B0E4921201C7016F0D5FE014629
S2140247C818B9BDE81040FFF703BF022804D12046F7
S2140247D8BDE8104016F05EBF10BD00BF5E5900204F
S2140247E8C067040090600020745300208B6000208D
S2140247F899490200F8B55A4C23889A0704D54FF40B
S2140248083E71584817F0B1FE574801F07BF917F089
S21402481825FE238805465B070DD54FF0FF3013F0BB
S21402482848F8524B1B68C01AB0F5717F03D90021AD
S214024838042016F06DFE28464D4D17F00AFE2B781A
S214024848042B32D117F00AFE238806465F0708D5DE
S2140248584548002117F0A2FC3046BDE8F84017F09C
S214024868F8BD17F0F6FD17F0F9FD424B06461B7821
S214024878414F13B9238859050FD505230121022074
S2140248882B7016F045FEFFF777FF304617F0E1FD6E
S2140248983B68DA78394B1A70F8BD3868013017F079
S2140248A842FF8206E9D50623E8E7062B4DD1344BAC
S2140248B81B78FF2BF0D1334E0EF063FD3378002BB6
S2140248C83DD017F0CBFD238805465B0705D526485D
S2140248D8002117F063FC2846BFE717F0BAFD3378C5
S2140248E8013B337017F0BAFD04460121022016F088
S2140248F80FFEFFF741FF20461F4C17F0AAFD20685F
S214024908013017F010FF00F44060B0F5006F13D1C5
S214024918246801210422204617F094FA204417F04E
S21402492802FF0146184B04201A783378D21AD2B2FC
S214024938BDE8F84017F0C0BE4FF6FF71F2E7402018
S2140249482B70BDE8F84013F0D8BC012BA4D1002385
S2140249582B700E4B1868FFF75DF93F20F1E700BF92
S2140249685E590020C0670400C86700207053002004
S2140249789060002093600020745300208C60002012
S2140249885E6A00208D600020626A00208453002040
S21402499808B50A4B1A7882B9012210281A7004D070
S2140249A840F69D61064817F0E0FD0021202016F02B
S2140249B8AFFDBDE80840FFF70BBE08BD8B600020C0
S2140249C8C067040008B5094B1B88DB0604D440F20E
S2140249D8C351074817F0C9FD1020002116F098FDAC
S2140249E8044B1868BDE8084013F013BB5E59002054
S2140249F8C067040084530020012208B5074B1146FD
S214024A08186813F0F3FA00212C2016F0ADFDBDE865
S214024A18084000210A2016F0A7BD00BF84530020D4
S214024A28014B4008185C70475A6A002008B51346BE
S214024A380A461946064B186812F053FF30B1BDE80D
S214024A48084040F6E941034817F08FBD08BD00BF8D
S214024A5884530020C067040008B5044B186813F096
S214024A68C3FA013818BF012008BD00BF84530020CE
S214024A7870B5054617F0F2FC0E4B0F4E1B8804461F
S214024A88DA07357008D50D4B0D4D1B78012B08D962
S214024A980121286813F02AFC2046BDE8704017F06A
S214024AA8D8BC1BB10EF061FCC305F1D4317881F095
S214024AB80101EEE75E590020596A00209160002045
S214024AC8845300200C4B10B51B880446DB0711D50F
S214024AD8FFF78CFB094B84F0010208211868D20004
S214024AE812F03EFE30B1BDE8104040F6367104487A
S214024AF817F03BBD10BD00BF5E590020845300204E
S214024B08C067040008B5044B0146186812F0F4FEA4
S214024B18003818BF012008BD8453002010B50A4C7F
S214024B2823787BB1FFF768FF0021042016F0F0FC1B
S214024B380021022016F0ECFC00232370BDE810408A
S214024B48FFF7AABA10BD00BF9060002038B5094822
S214024B5800F0E8FC0024084D95F84430E0B28342A1
S214024B6800D838BD05EBC000043000F0DBFC013489
S214024B78F2E700BF285400208853002008B51046E4
S214024B8802494822F9F7BEF8002008BDE053002083
S214024B9808B5054817F05DFE014620B9BDE808408D
S214024BA8014817F0FBBA08BDE8670020002238B5AE
S214024BB81C4B15461C461A700132082A5D609D80F9
S214024BC843F8085FF8D1482200211748F8F70AFF89
S214024BD84FF6FE73A4F868306FF48033E365134B20
S214024BE800211A88124B1868F8F7FCFE114BC4E924
S214024BF81255C4E9283584F8445084F8505065653F
S214024C0884F8A850E9F754FDFF220B4B01211870CF
S214024C180A4B00201A70E1F757FF0020FFF7B8FF8B
S214024C28002038BD88530020E0530020D4690020B5
S214024C38A06600200000FFFF94600020DA600020D3
S214024C4810B5AC24084B04FB0030836C53B990F8BB
S214024C5850403CB931B1C0E912122046FFF798FF1E
S214024C68204610BD2120FCE788530020AC2370B5EF
S214024C7803FB00F5094E731993F850405CB92046B9
S214024C880BF022FF735D204643F002037355FFF7CD
S214024C987FFF204670BD0120FCE700BF8853002036
S214024CA8AC235843024A135C23F003031354704799
S214024CB88853002070B516461F4A04461278C2BBAF
S214024CC8AC211E4D01FB00518A6C92BB91F8502014
S214024CD83AB1022B2DD191F84410072907D91C2086
S214024CE826E091F844100729F9D8012B08D0AC2001
S214024CF800FB0450CA00011D0C30F8F7C5FE00215F
S214024D08AC2303FB04F000249DF8143000EBC10129
S214024D182944CB71049B8E808B602B1893F8442011
S214024D28204601328C7183F84420FFF731FF204673
S214024D3870BD0120FCE700BF936000208853002066
S214024D48F8B5234B04461B780F46002B3ED1AC23FE
S214024D58204D03FB0053B3F8A03023B940F2453187
S214024D681D4817F002FCAC2202FB0452D2F8A460DB
S214024D7836B192F8A33039460020B2F8A020B047E0
S214024D88AC2300216343EA18A2F8A010C2F8A410C4
S214024D98482192F8A82001FB02322A44D2F8982029
S214024DA8964213D0EB5C9B070CD5AC226243AB5CF5
S214024DB8204623F0020343F00103AB54BDE8F84053
S214024DC8FFF7E6BE0BF0A2FE0028EED1F8BD00BF44
S214024DD89360002088530020176804002DE9F04FDE
S214024DE889B0059008460D4617F0ECF8044618B93F
S214024DF8212009B0BDE8F08F284617F0FFF8C0B2A8
S214024E080838215C221892F802A00491D1785268D8
S214024E18277803920022B4F80130ADF81E20434AE0
S214024E28029192F800B0BBF1000F08D0404B1B6805
S214024E381BB120464FFA8AF298470020D9E703F0BA
S214024E480703022B70D0013409225946204616F071
S214024E58F9FF023F3F1A3B0606465FFA87F8C7D4B1
S214024E68344FD7F89090B9F1000F27D100210DF1F1
S214024E781E0B434622460846CDF800B00BF05CFDF2
S214024E88C3B20546002B4BD1BDF81E0013F079FAC3
S214024E98E0B9BDF81E0013F05DFB8146BDF81E00A2
S214024EA813F06FFAF0B906EB0802012321465846BA
S214024EB892B200F07BFDD0B119209AE75B465A46BB
S214024EC801212846C8470028D0D191E7D7F8943060
S214024ED8BDF81E00002BDCD0A11998470028D8D1AF
S214024EE8022086E742464846A119F8F70BFFBDF8A6
S214024EF81E0017F067F8029B059A0372049B80F857
S214024F0809A08372039B1BBAC360AC2303FB02731C
S214024F1893F85020BDF81E0022B1DB6C03B1984707
S214024F28E8B266E7BB6FF9E7012062E79360002004
S214024F386C530020885300202DE9F84308460F4694
S214024F48164602F1010913F00AFB8046384613F0AA
S214024F5811FA042856D1384613F030FA48F6610595
S214024F684FF6FF7248F64103294C904208BF1D4689
S214024F78B4F85C10301D17F0D8FB384613F01EFA4A
S214024F880146B01D17F0D1FBB4F85E1006F1080012
S214024F9817F0CBFB06F10A04384614F0A3FF10B14B
S214024FA845F01005ADB22946484617F0BEFB38460E
S214024FB813F0D0FA424601462046F8F7A3FE3846D2
S214024FC8012117F037F84444074660B117F016F87F
S214024FD80546384616F0F6FFEDB201462A46204642
S214024FE8F8F790FE2C440B4AA41B13780134591C7C
S214024FF81170F37034703046BDE8F8430922012177
S21402500816F020BF484617F08EFB4C460546C3E707
S2140250188853002094600020AC2210B548245043E0
S214025028094B1A1892F8A81004FB0100034493F8D7
S2140250387700022806D092F850301BB9032818BF0A
S214025048012010BD0020FCE78853002070B508B187
S214025058012070BD234C94F8A850002DF8D129469B
S214025068B4F85C20FFF714FA29462846B4F85E20FE
S214025078FFF7F8F92946284604F16002FFF7D6FC3E
S21402508894F87730002BE3D0284694F85860FFF758
S21402509849FA864215D1002094F95A50FFF736FA93
S2140250A8854216D10020FFF7B7FF0446002016F007
S2140250B87FFE0028CDD02146BDE870400020FFF7CD
S2140250C805BA284694F85810FFF73EFA0028E2D0A8
S2140250D8BFE7002094F95A10FFF70AFA0028E1D031
S2140250E8B7E700BF885300200346AC2010B5144625
S2140250F8164A00FB032292F8770002280CD1E07FBA
S214025108022809D141B112490978012913D992F81E
S2140251185810227891420ED118462178FFF708FADD
S21402512890B1482221460B48F8F7ECFD002016F00D
S2140251383FFE08B9002010BD044B93F8A8000028CB
S214025148F8D1FFF783FFF5E72120F4E7885300201C
S214025158CE5F0020E053002038B5AC230D4C054640
S21402516803FB004300205A6DD86483F8500012B13E
S2140251785865FFF727FCF5F7D5FBFF281EBFAC23BB
S21402518803FB054484F8A8000020FFF75FFF002011
S21402519838BD00BF885300207FB51D4C94F8A83050
S2140251A823B1002084F8A800FFF750FF94F85A307D
S2140251B8B4F8A0608DF80F3026B940F2FD211548E4
S2140251C817F0D3F9144B31461D6800202A46FFF71C
S2140251D8B3FEE46F02469CB10DF10F030193002360
S2140251E8294630460093A04702462C7854B92046F2
S2140251F82146FFF7A5FD2046FFF7CAFC04B070BD9E
S2140252080122F2E729460020FFF714F8F6E700BF66
S2140252188853002017680400A066002038B5494B5A
S2140252281C78002C58D1484800F06CFC204616F032
S214025238BFFD002850D0454C2378D90733D594F8BB
S21402524850201AB123F00303237045E023F001032C
S21402525823700BF043FC237805469A0701D50BF01A
S21402526833FC294600200BF049FA40B92378284631
S21402527843F001032370BDE838400BF025BC002339
S214025288482284F8A33094F8A83084F8A25002FB87
S2140252980343D3F89830A4F8A000C4F8A430BDE8B5
S2140252A83840FFF779BF94F84400B0B104F1A00380
S2140252B8251D95E8030083E80300FFF76DFF94F8C1
S2140252C844202846D20004F10C01F8F7DDFB94F8D6
S2140252D84430013B84F8443038BDA26C62B99B075F
S2140252E811D52378002023F0020343F0010323702C
S2140252F8BDE83840FFF74CBC0123A06484F8503060
S214025308904723789EE70BF001FC0028E9D194F831
S214025318A83073B1F5F706FB94F85030002BDBD1B2
S214025328FF2818BF84F8A800BDE838400020FFF719
S2140253388DBED4F88C30002BECD098470028CBD101
S214025348E8E700BF93600020E86700208853002043
S21402535870B50446002016F02BFDAC235C430B4EBA
S214025368351995F850300BB1002070BD0028FBD0D7
S214025378074817F06EFA0028F6D1335D002BF3D1F2
S21402538895F84400B0FA80F04009EEE7885300200A
S214025398E867002010B5084A034613F0EEF81468CA
S2140253A84FF6FF7203EB40039C42184603D9018866
S2140253B802339142F8D010BD445400202DE9F0473C
S2140253C8204F05463B88A3B3B0F90230002B30DBEA
S2140253D8DFF87C801C49D8F80000F8F759FD20B998
S2140253E84FF4EA71194817F0C0F80026DFF85CA0F7
S2140253F8DFF860903A88B3B29A4204D84FF4EB7159
S214025408504617F0B2F8D9F80030B2B253F8320064
S214025418D8F8001003EBC20468B943F83210A38820
S21402542828460133A38013F0A8F8E38803EB400369
S214025438E380BDE8F087F8F72BFD01360028D9D1BE
S214025448EDE700BF60590020E4670400EE67040039
S214025458086800203854002038B5094C094D2268DF
S2140254682B689A4204D94FF48771074817F07DF8DB
S21402547828682368C01A20F0010080B238BD00BF31
S214025488445400204C540020EE67040038B5124CF1
S214025498124D21462846F5F7F3F823680BB12B6818
S2140254A81BB9DE210E4817F060F82A680D4B0E4924
S2140254B81A60236823F0010313440B600B4B1A602F
S2140254C82AB9BDE83840F821054817F04EB8FFF764
S2140254D8C3FF6428F5D938BD3C5400204054002048
S2140254E8EE670400485400204C5400204454002020
S2140254F838B5094C094D22682B689A4204D34FF4F2
S2140255088A71074817F031F828682368C01A20F00D
S214025518010080B238BD00BF485400204C54002019
S214025528EE6704002DE9F0411D4B04461B78012B5B
S21402553824D1008816F028FD0546D8B10426DFF8DF
S21402554864802C4616F08AFF07462046FFF736FF89
S214025558638843EA08036380A05B16F015FD0446D9
S214025568384616F076FF1CB1B4F90230002BE9DA99
S214025578062E01D1BDE8F0810626E2E7022BF9D114
S21402558816F06CFF0246208816F0FEFC18B1038857
S214025598C3F30E0323801046BDE8F04116F059BF48
S2140255A8956000200080FFFF2DE9F04F0024BA4BDB
S2140255B897B006461C8016F051FF0123DFF8EC82EE
S2140255C8B64F3B70B8F80030A8F80040ADF8163071
S2140255D8B34B1B68019316F03CFFB24B21461A8860
S2140255E8B14BD2001868F8F7FDF90DF11600FFF76F
S2140255F899FF002E3CD1DFF8B8924FF0000B012538
S214025608D9F80040019B9C4239D3BBF1000F39D12F
S214025618002DF2D0D9F80040DFF898A22546224697
S214025628019B9A4273D302230DF116003B70FFF7D3
S21402563879FF002E40F08F80D9F800603246AA42E1
S21402564880F0A280908816F09FFC18B10388C3F3F6
S2140256580E039380D08816F097FC18B10388C3F31C
S2140256680E03D3801046FFF795FE0246E7E79847F3
S214025678E3B256F823300134002BF8D1BBE7BBF16E
S214025688000F3ED00BF1FF335FFA83FB16AB03EB3A
S2140256988B0252F8402CB2F9020051880028B1DA7F
S2140256A84B04AFD4924641F48040931D2AF8020F69
S2140256B802933AF8020F16F067FCF0B1B0F902E06E
S2140256C8B0F802C0BEF1000F17DB6FEA4C4C6FEA67
S2140256D85C4CA0F802C00390FFF770FEBBF10F0FF8
S2140256E88FBF002516AB039A03EB8B009EBF0BF108
S2140256F8010340F8402C5FFA83FB029B9A45D8D1F7
S21402570880E72046FFF746FE22460446C3E71046D1
S21402571812F033FF8346B2F90200118800280AEA1B
S214025728010108DA204616F025FC084381B204EB8C
S2140257384B0402EB4B0510461180FFF72BFE024680
S2140257486EE798475FFA8AF356F823300AF1010A99
S214025758002BF6D170E74FF0000AF3E73046FFF762
S21402576819FE82467EB1B6F902307188002B0ADA33
S2140257783088C0F30E0016F007FC864203462DD189
S214025788C1F30D0171805646AE42E7D3DFF81CA17D
S21402579816F064FE00210646504612F03FFF16F049
S2140257A8F3FB0546002800F08780304616F051FEC7
S2140257B8284612F0E2FE0646204616F0DBFB814635
S2140257C87600324629462046F8F75EF90022494610
S2140257D80DF1160017F015F83444D9E71BD93046F0
S2140257E812F0CBFEC1F30D01420071801846314615
S2140257F892B2F8F749F9C6E75046FFF7CBFDD1460D
S214025808854203D9B0F90230002B01DA824603E05A
S214025818FFF7C0FDF4E7B146554507D9BAF80000C8
S214025828C0F30E0016F0B0FB8245E5D3B9F1000FBF
S21402583830D0B9F80000C0F30E0016F0A5FB0346F8
S21402584838B93346CB46994513D8B1459BD0D94685
S214025858ECE7484612F091FEB9F802204946C2F330
S2140258680D02A9F80220420092B21846F8F70CF97F
S214025878E7E718460193FFF78DFD019B9B46854295
S21402588803D9B0F90230002B01DA0346DBE7FFF74B
S21402589881FDF4E7CB46DAE76259002095600020DE
S2140258A844540020605900203854002064590020CF
S2140258B8485400200080FFFFBDF816303870A8F85C
S2140258C80030044B30461C6016F0C3FD17B0BDE826
S2140258D8F08F00BF445400202DE9F041054616F02B
S2140258E853FB0F460446D8B116F075FF20B940F2AE
S2140258F8FB41204816F039FE284616F07FFB05467F
S2140259082046FFF747FDBD42064609D004D840F2B6
S2140259180351184816F029FE2588ED0B02D0278178
S214025928BDE8F0816780204612F027FE074604EBA2
S214025938400816F093FD104B1A68B2420AD1C3F813
S214025948008016F086FD2A464046BDE8F041FF2153
S214025958F8F748B8A6EB0806B5B216F07AFD072D92
S214025968F1D90023083D44F81730C8F80430A8F8DF
S2140259780250D5E7EE6704004454002038B516F006
S2140259886DFD00210546044812F048FE04462846E6
S21402599816F05FFD204638BD64590020024B188871
S2140259A8B0FA80F040097047645900202DE9F74F95
S2140259B8044600881F4616F0E7FA88461546064645
S2140259C816F009FF20B940F2FE613F4816F0CDFDF9
S2140259D83388DB0B009306D033892B4433810020AF
S2140259E803B0BDE8F08F208816F008FB82463046E2
S2140259F8FFF7D0FC019016F031FDDFF8D0B0019B1E
S214025A08DBF8002081469A421DD1FFF725FDA84201
S214025A1804D2484616F01DFD1A20E1E70AEB0503F4
S214025A2873803FB1208816F0CDFA2A464146504484
S214025A38F8F768F93046FFF7ADFCCBF800004846A1
S214025A4816F007FDCBE716F004FD208816F0D6FA06
S214025A582844009980B216F029FB06460028DBD0B7
S214025A6816F0B0FA8146208816F0ACFA82462088EC
S214025A7816F0C4FA514602464846F8F743F9304645
S214025A88AFB116F09FFA0746208816F0B7FA2A46EC
S214025A9841463844F8F736F90121208816F0CAFA42
S214025AA801210246304616F0D9FA268097E716F004
S214025AB889FA8046208816F0A1FA2A4639464044D2
S214025AC8F7F790FFE8E700BFEE67040044540020AB
S214025AD83421014816F049BD02680400036910B56E
S214025AE85BB18268064B9A4201D1002010BD446918
S214025AF816F034FD201AF9D5F7E74FF0FF30F5E730
S214025B08D95A020082681C4B70B59A420446056848
S214025B1819D116F0A3FC236923B1A34206D10022A9
S214025B282A601A61BDE8704016F093BC1A46114600
S214025B381269A242FBD12A68A24208BF29600B61F9
S214025B4800232361EEE7036993B198426E6803D196
S214025B589D210A4816F009FD2B46B44209D122694E
S214025B689D4218BF1A614FF0000308BF6A6023619E
S214025B7870BD33463669F0E7D95A02000268040057
S214025B882DE9F047074600254FF0010A154EDFF8C3
S214025B9858808AB0347914B90AB0BDE8F087D6F8C6
S214025BA8009087B900972A46B8F80010234603A83B
S214025BB816F0B6FE2246484603A9E9F75BFA2544DC
S214025BC8EDB20836E6E7224603A94846E9F726FA7A
S214025BD8CDF800A023462A46B8F8001003A816F007
S214025BE89FFEECE708CB0400665900200148FFF741
S214025BF899BC00BF665900209C46174BF7B5054668
S214025C0808461988164611B1144B1C78CCB10146C1
S214025C1862463046BDB103B0BDE8F040E9F7FEB9CA
S214025C281C44E4B208373B79002BF0D03A68964217
S214025C38F6D185F001052246009516F071FE03B0EE
S214025C48F0BD074FEFE7E9F715FAB0B203B0BDE8C3
S214025C58F04010F04CBD00BF66590020636A002071
S214025C6808CB040010B5074C238843B10020FFF781
S214025C7887FF0020FF22044B20801A7010BD0220E6
S214025C88FCE700BF66590020636A0020142810B596
S214025C9818D8082805D110F093FDC401E4B22046AE
S214025CA810BD0E2802D110F08EFDF6E7064B53F80B
S214025CB82040002CF3D00A282478F0D105F0A0FE64
S214025CC80443EBE7FF24EAE758CB0400014BB3F89A
S214025CD8680070478853002000487047F253002037
S214025CE8014B1878704700BF0C600020014B1870F3
S214025CF8704700BF0C600020194B022810B51870B8
S214025D0802D0043801281BD8164B1B78042B03D064
S214025D180021154816F042FA144B1B689A001BD548
S214025D2813F0805F40F6114418BF4FF441642046D2
S214025D3811F0E0F890B92046BDE8104010F0D5BC46
S214025D480948FFF7DFFE0A48FFF7DCFE162412F0C2
S214025D5891FE11F0C9F8EAE71524E8E710BD00BF7E
S214025D6810600020116000200C680020D046002039
S214025D783C460020024B187800F00F00704700BF20
S214025D8810600020034B187800F00F00831E58425C
S214025D98584170471060002008B512F056FEC0B190
S214025DA812F06CFEA8B10AF0A7FF90B90A4812F0E2
S214025DB8FEFB70B1094812F0FAFB50B110F008FD6C
S214025DC838B111F099F820B9BDE80840044812F035
S214025DD89FBC002008BD00BF685900209A590020C1
S214025DE85054002030B505460C4693B081B910B918
S214025DF8002013B030BD1023214A69460120FFF760
S214025E08FBFE9DF805305A1E052A28D91720F0E70A
S214025E18182200212046F7F7E5FD002DEBD1FFF703
S214025E28B1FF30B310F09FFB6A4601460020FEF72A
S214025E38A5FEBDF80430204623819DF80230A372E1
S214025E489DF80030E37212F09FFF002304F114015C
S214025E58237304F1100003F0CBFDE081C8E7094A7A
S214025E689DF8041012789142D0D12B70002CD6D10E
S214025E78BEE7054B1B78033B022BD3D9C6E700BF08
S214025E8864EE01003D6A00201060002030B593B031
S214025E9805460C46FFF776FF20B90C4B1B78033BEA
S214025EA8022B10D810F05FFB6A4601462846FEF71A
S214025EB865FE00209DF80230607023709DF8003061
S214025EC8A37013B030BD1720FBE700BF1060002098
S214025ED8054B1878012805D000F0FD00A0F1310323
S214025EE858425841704700BF106000201FB501464F
S214025EF8002201A816F022FA064801A916F0DEFCCE
S214025F0820B116F05FF84089C0F3400005B05DF88E
S214025F1804FB00BFE269002030B585B00D460022BA
S214025F28014601A816F00AFA084801A916F0C6FCA6
S214025F3850B116F047F80446014608222846F7F7F5
S214025F48A3FD6089C0F3400005B030BDE2690020B9
S214025F58F8B50546F8B100210F4816F04CFC044681
S214025F68A8B10D4F204616F02DF8064616F0D2F9BF
S214025F78830705D4082229463046F8F77FF838B151
S214025F882146384616F05BFC04460028EAD100246F
S214025F98201E18BF0120F8BDE269002010B50C4685
S214025FA80146064816F08AFC30B116F00BF843890B
S214025FB81C4214BF0120002010BD00BFE269002069
S214025FC81FB51446024601A816F0B8F9074801A9F3
S214025FD816F074FC40B134B115F0F4FF14220146F1
S214025FE82046F7F751FD012004B010BDE2690020F3
S214025FF81FB50146002201A816F0A0F9094801A912
S21402600816F05CFC58B115F0DDFF4389024613F022
S214026018020004D0507B80F00800C0F3C00005B030
S2140260285DF804FBE2690020F7B59DF824400D46AA
S21402603801949DF82040064600941F4613F041FF3F
S2140260484FF6FF718842044610D0BB0711D4284683
S21402605800F056FF204616F058FCFF281FBF084AD5
S21402606832F8103023F4804322F81030204603B06A
S214026078F0BD02462946304612F0E0FBEAE700BFCA
S2140260883859002073B50E460146144816F016FC19
S2140260980546D8B115F096FF43890446334012D018
S2140260A89B0736B20BD5002E09DAA17B437B028901
S2140260B8007B0191012100912146FFF7B5FF638914
S2140260C823EA06036381628912B1012002B070BD19
S2140260D82946024812F0C1FAF7E700BFE269002033
S2140260E80148FFF71FBA00BFE269002013B53E4C0D
S2140260F80DF04CFDD4F8FC311020C3F3074301938E
S214026108FFF7C4FD000650D50020FFF7BFFD0106C5
S2140261184BD5019B802B3ED1236A9A0704D440F6BE
S2140261281544204602B010BDE3699B07F7D52F48F1
S21402613811F097FF012012F0FBF80DF03AFD044625
S2140261480028EED100F042F9294812F0BBFA00F016
S21402615899F9E8F7ADF80DF018FD08F003FF08F016
S21402616855FFF4F7D7FAF4F775FBF4F78FFB03F04D
S214026178DBFD10F027FB10F028FB10F0C0FE1D48D0
S21402618813F0A8FE06F08CFA10F07CFE0028C8D0A1
S21402619810F07AFEC5E7019B812BC0D1D4F80C31EA
S2140261A85B00BCD5D4F80C31BFE71020FFF76EFDB4
S2140261B80006BCD40020FFF769FD0106B7D5019B8F
S2140261C8802B05D1084B1A6AD207A8D5DB69ACE73B
S2140261D8019B812BA3D1044BD3F80C21002A9EDA0B
S2140261E8D3F80C31A1E700BF0080E00F690345EC45
S2140261F850540020F55E020010B512F038FC70B359
S21402620801F0E0FA80F00104E4B20020FEF724FC74
S21402621844EA800424B212F018FC10BB022004439D
S214026228164816F016FB44EA4014154816F011FBF9
S21402623824B244EA0014134816F00BFB24B244EACC
S2140262488014114816F005FB24B244EA40240F488D
S21402625816F0FFFA24B244EAC02080B210BD012428
S214026268D3E70B4812F0A3F90028D7D0094812F052
S2140262789EF980F00100C0B24000D0E74C680020CA
S21402628830690020D4460020B0680020106900203B
S214026298685900209A59002008B501F07FF8FEF7E1
S2140262A809F8144812F083F908B904F025FF1248D1
S2140262B812F07DF908B906F0DDF902F095FF0F48ED
S2140262C812F032FA0E4B1B78043B022B09D80D4803
S2140262D816F0BFFA28B1FFF78FFF102801D107F092
S2140262E8E1FC10F077FA12F0B8FABDE80840064862
S2140262F8FFF75AB9685900209A59002050540020CE
S2140263081160002030690020D0CB0400014B1868C9
S214026318704700BF845300204FF6F77370B5984253
S21402632804460D4686B043D812F0A5FAA04207D115
S214026338082220492846F7F7A7FB002006B070BDBA
S2140263481D4EB6F86830A3420AD10022082106F18B
S2140263586A0012F01EFA18B9082206F16A01E9E77D
S21402636884B10023012219462046009308F05CFDFA
S214026378FF2811D12946204608F000FF80F00100C8
S214026388C0B2DBE70D4B1B689B07EAD4284606F02B
S214026398FBFD0028E5D0D0E702A913F03DFC002853
S2140263A8E8D1DDF80D302B60DDF811306B60C4E7FC
S2140263B80120C3E79660002088530020D0460020BC
S2140263C8014B1870704700BF3D6A002010B5054C97
S2140263D8082221460448E8F721FE204612F085FAEC
S2140263E810BD00BF9660002034B608C0004870474B
S2140263F896600020082208B50349F7F73FFEB0FA70
S21402640880F0400908BD00BF96600020014B187056
S214026418704700BF04600020F7B50D4604461646CE
S2140264281F460021284601F061FD0B4B002183F828
S21402643859402A463346204600970AF03FF9014655
S21402644830B10222204603B0BDE8F04000F006B89C
S214026458012003B0F0BD00BF8853002013B51346D1
S2140264680C461AB1022A0CBF134601230021044A1D
S214026478019100922246FEF71DFC02B010BD00BF35
S214026488598B030000B5002093B0FEF78FFB1E4B16
S214026498188813F020FD1D4B1D491A7800200AF0B3
S2140264A891F9342200216846F7F79CFA0B238DF8F7
S2140264B800306FF4803301934FF6FE73ADF8103058
S2140264C803238DF81D30134B134A0893134B106899
S2140264D80993134B51680D93124B6A460E93124B4F
S2140264E80F93124B1093124B119302AB03C3002166
S2140264F80846FEF7F9FD6A4601210020FEF7F4FD7C
S21402650813B05DF804FB00BFCE6900204C6A002079
S214026518C87704003569020096600020F5880300F3
S2140265281D960200DD6A020049A50200598B030087
S2140265384D920200014B1878704700BF9E600020FB
S214026548014B1888704700BFE66900202DE9F74F0F
S214026558814610460E46904616F0E5F8DFF840B13A
S21402656805469BF8003033B94A4B1B681BB94A4BA1
S2140265781B68002B7FD015F4406A05F040071BD134
S2140265889FBBB5F5804F61D24FF48074B9F1400FC6
S21402659873D0B9F1800F63D0B9F1100F6BD1002315
S2140265A89BF800003D4AD9B2884264D932F8021BE9
S2140265B80133A142F7D166E008F1030016F0B3F8FA
S2140265C84FF6FF73984214BF0124022487B10527A9
S2140265D805F44043B3F5004F44F0080425D0B5F55A
S2140265E8804F24D244F4807421E054460327EFE710
S2140265F8B5F5804F4FF00507F4D3BAF5406F14BFD0
S214026608022008203844404416F08DF8019012F013
S2140266184FF9019B05F4404598420CBF44F0080424
S21402662844F00404B5F5004F01D144F08004BAF5ED
S214026638006F0FD108EB070016F075F8054612F042
S2140266481AF9A842A2D144F010049FE75446032739
S2140266580220D7E7BAF5406F08BF44F0200495E752
S2140266680C4B1B683BB10022D1B233F8110033F948
S2140266781110002903DA002008E0074BF1E7A042D0
S21402668802F10102F0D106B13480012003B0BDE860
S214026698F08F00BF6054002064540020B8590020D0
S2140266A8D7600020034B1A78022A04BF09221A7000
S2140266B8704700BF9F6000200C22034B1A211A70F5
S2140266C80320002201F090BD9F6000200C2208B52E
S2140266D8054B1A211A700022104601F085FD002289
S2140266E8024B1A6008BD00BF9F6000206C54002051
S2140266F80C2270B50D4B05461E781A7030B9304616
S214026708BDE8704000221A2101F06EBD084B1C78C5
S214026718E1B21A29F3D825FA04F3DB0703D5442293
S214026728304601F061FD0134F2E700BF9F600020A9
S214026738656A00200C22024B1A7010F0D6BB00BF06
S2140267489F600020F0B50C8805460E468BB0E4B96B
S2140267584FF6FF77ADF8247010F0DCFB10B9022074
S2140267680BB0F0BDCDE90340CDE90544134A0294C7
S214026778B2F85C306032019300923B464CF6010157
S214026788FF2009AA13F0C2FB3080284612F0B9F996
S2140267980B4C70B1237863B1013BDBB228462370F9
S2140267A812F0AFF938B12078B0FA80F04009C0B2DA
S2140267B8D6E70523F2E70120F9E700BF8853002051
S2140267C8646A0020034B11461B6803B118470FF092
S2140267D84CBF00BF6C5400200C22024B1A7008F003
S2140267E839BF00BF9F6000200148FEF79BBE00BF6E
S2140267F86A5900207FB505460C46164615F00CFE6B
S21402680800286BD1062D03D85223EB40DB071AD497
S214026818B4F1006F05D3E30E1C3B032B18D94F20A7
S2140268282EE000222F4B1A602F4B1D7011F0D7FF57
S21402683803460A2D54D8DFE805F02D183E491825D8
S21402684818535341360002F0A3F8B4F1006FE2D2AF
S2140268580022244B042D1A60234B1D70E6D1022019
S21402686801F0B6F911F0BBFF0346012202921F4A55
S21402687801921F4A00921F4A314620460AF078FAC9
S21402688804B070BD314620461B4A04B0BDE87040CD
S2140268980AF056BA31462046184B194A04B0BDE8E3
S2140268A870400AF031BA00220292164A0192104A41
S2140268B80092154AE0E702220B4B1A700022104695
S2140268C8124904B0BDE87040FEF7BAB90022029237
S2140268D80F4A0192064A00920E4ACDE74D20CFE7AC
S2140268E80120CDE76C5400209F600020F966020064
S2140268F835690200458B0300E1670200D56602008F
S214026908CD6702003D6702004D670200AD660200D1
S214026918C1660200078B030008B50AF059FA0C2272
S214026928014B00201A7008BD9F600020F0B585B0A4
S214026938ADF8060018B97621644815F016FEBDF8BB
S214026948060011F017FD0446BDF8060011F012FD08
S214026958082846D00C2CBDF8060042D111F0FAFDE4
S214026968074615F0E0FE0DF10F010646BDF80600D3
S2140269780FF019FF002879D009220021384615F0B1
S21402698861FA9DF80F301033C518BDF8060015F0E9
S21402699835FBEDB2854269D22946BDF806000AF0F3
S2140269A825FB06F44C4416F44066054614D0F81C3B
S2140269B815F0B9FE4FF6FF73984208BF44F040043C
S2140269C8B6F5006F08D1781D15F0ADFE4FF6FF73C9
S2140269D8984208BF44F010049DF80F305BB3072DA9
S2140269E844D1BDF8060011F0BBFC0446BDF806000B
S2140269F811F0C0FC082817D0A30615D524F02001EC
S214026A0889B2BDF8060011F096FCBDF8060011F032
S214026A18A1FD0021092215F015FA00F1100189B22C
S214026A280DF1060013F09BFB0022BDF8061028485D
S214026A3815F0E7FE1AE0082D16D8BDB1013D072D60
S214026A4814D801A353F825F0AD6A0200B96A020009
S214026A58756A0200796A0200756A0200C56A02004F
S214026A68EB690200CB6A02007C2D24D005B0F0BD8B
S214026A7824F48844A4B2B4F5084FF7D1BDF806004A
S214026A8811F073FCBDF8061013F02AFA0028A8D0F5
S214026A98BDF8060011F0C1FC00220146022015F0DE
S214026AA80BFEE3E724F48064A4B2B4F5484F97E7F4
S214026AB8B4F54C4F94E7B4F54C4F92D04CF65003CD
S214026AC801E04CF640439C428AE700BF1068040087
S214026AD8685900202DE9F7430F4690469946064620
S214026AE815F070FA0446304615F088FAC5B2083D25
S214026AF82C44E178094BA2781970094B31461A7072
S214026B08002043463A46CDF800900DF0CAFC0038FD
S214026B1818BF012003B0BDE8F08300BFB9600020AB
S214026B28B86000202DE9F04FDFF84081DFF8409189
S214026B3898F8002099F8003006469A4285B004D3A1
S214026B4840F21911424815F010FD30460DF10F01BA
S214026B5815F00CFC20B14FF48E713D4815F005FD7A
S214026B6898F800709DF80F403D1B15F0FF0530D0D1
S214026B784FF0FF3C374B01211B78A140184699F885
S214026B8800304FF6FF790CFA03FC0023324A01F173
S214026B98FF3E0193C1F1000A9DF80430984243D89B
S214026BA8122004FB00002D4BA0F1120105EBC502D2
S214026BB85200194404F101091844F6F765FF4FEA32
S214026BC889092748A9F104010144AA004844F6F7AE
S214026BD85BFF224904EBC40201EB420321F8126070
S214026BE8204A013712784FF6FF71DA731A745A740C
S214026BF812025A801C4A0D2012781A7110225A71F3
S214026C0800229A73C3F80620C3F80A20144B43F8E6
S214026C18242088F8007015F04FFD0EB912F0BFFF59
S214026C28204605B0BDE8F08F13884B450AD0536856
S214026C380AEA030B03EA0E030B4403EB4B0343EA8D
S214026C480C035360019B083201330193A4E700BF8B
S214026C5823680400496A0020A04400200459002042
S214026C689C440020B9600020A06000200A60002032
S214026C78476A002010B5074C2046FEF743FF04F08B
S214026C886BFB02F0DDFE2046BDE810404FF47A5159
S214026C9815F084BA0C6800202DE9F0410746002555
S214026CA80A4B0B4E93F80080ECB2A04503D8FF249B
S214026CB82046BDE8F08108223846B11DF7F7DEF90E
S214026CC801350028F4D01236EEE700BF0A6000202D
S214026CD80459002007B50DF1070115F047FB30B13E
S214026CE89DF80730034803EBC30300EB430003B0E9
S214026CF85DF804FB045900202DE9F843294E0446A2
S214026D0833785D1E2D1A8342EDB204D84FF4A17172
S214026D18254815F02AFC0123A3404FF0FF305F1EDA
S214026D283B4400214FF6FF7E6FEA03081F4A92F89B
S214026D3800C01F4A127890401E4ACBB29C4523D800
S214026D48BDB127B204EBC4041B48640005EBC502B8
S214026D5804F11201014452002044F6F795FEBF00E2
S214026D681648AA00391D014402F0FC023844F6F718
S214026D788BFE33780022013B33704FF6FF71BDE875
S214026D88F8430E2015F098BC1388734507D053684D
S214026D9808EA03093B4003EB5903034353600832EE
S214026DA80131CAE70A60002023680400496A002005
S214026DB8476A0020A0440020045900209C44002072
S214026DC810B50A4C207858B9094B1B781A2B03D9E8
S214026DD89921084815F0C9FB0322074B1A7010BD03
S214026DE80138C0B2FFF788FFECE700BF0A60002050
S214026DF8476A002023680400066000202DE9F04751
S214026E08054615F071FDFF28044624D1DFF8849064
S214026E181E4B99F800201B789A422BD22846BDE8CA
S214026E28F047FFF77FBE38883B79504518D86F2B56
S214026E384FEA131214D85B0710D0123708F101086C
S214026E4899F800105FFA88F6B142ECD80023104A87
S214026E58DEB28E4214D32046BDE8F087022AECD969
S214026E6813F00EF80028E8D129463046BDE8F04768
S214026E7811F088BE4FF000084FF6F77A044FDFE7A6
S214026E88107901338F28EFD81232E1E7476A0020DB
S214026E98045900200A6000204FF6F773984210B58E
S214026EA814D8FFF7ABFFFF2810D0134C00B200EB44
S214026EB8C00004EB40040DF006FD104938B962889C
S214026EC80B7802EB0313A3EB1213638010BD227C2C
S214026ED8637C09789A42E2732374617407D98B42F9
S214026EE803D213468B4228BF0B461B02EDE78A42A3
S214026EF8F8D31346F9E700BF04590020B96000200A
S214026F082DE9F04106460F4600240E4DDFF838807C
S214026F1898F80030A34201D8BDE8F0810822294635
S214026F283046F7F7ABF840B935F8063CBB4204D012
S214026F382046FFF7E1FE013CE4B20134E4B2123522
S214026F48E6E700BF0A5900200A600020F8B50546A1
S214026F5808460E46FFF7A0FEFF2830D01D4B2946EE
S214026F6853F820703046FFF7CBFF2846FFF746FF58
S214026F78FF28044625D112F09EFFFF280AD1164C98
S214026F88207838B10FF0F2FA2378B0FBF3F202FB5E
S214026F981300C0B2294611F0F5FD044623B20F4D80
S214026FA803EBC30305EB430508223146A81DF6F793
S214026FB86BFD2B79204603F00F032B71F8BD0027D3
S214026FC8D3E7074B1B78002B18BF0027014B43F863
S214026FD82070E3E79C440020476A002004590020FA
S214026FE8666A002038B50B4B04461B780D4683426A
S214026FF804D840F25A21084815F0B7FA074804EBB5
S214027008C40400EB44002946BDE83840082206308E
S214027018F6F73ABD476A00202368040004590020A0
S21402702870B5044608460E4615F05EFCFF2805466F
S21402703810D02046FFF730FEFF2807D0084B1B78F3
S21402704823B9084B53F8202043F825202146284622
S214027058FFF7C8FF31462046BDE87040FFF750BF2D
S214027068666A00209C4400202DE9F84300248046E6
S21402707801272646114DDFF84C9099F80030A342B6
S21402708810D83E430134E4B21A2C4FEA470705F1FA
S2140270981205F2D14FF0FF30094B1B789840304367
S2140270A8BDE8F8832B884345EBD0284611F0B3FD9C
S2140270B80328E6D82B796F2BE3D8E3E70459002098
S2140270C8476A00200A60002010B5084C00EBC00092
S2140270D804EB400423795B0707D1204611F09BFD99
S2140270E8237923F007031843207110BD04590020A2
S2140270F80022084B1878084BD1B2884203F11203D3
S21402710800D8704713F80D1C013221F0100103F85D
S2140271180D1CF1E70A600020045900202DE9F0470B
S21402712802261227DFF85C90DFF85C8099F80040A8
S21402713800250CE007FB05F338F803A000215046AB
S21402714811F07EFD10B15CB1013CE4B2013599F84C
S2140271580030EAB29342EDD8A34204D14FF6FF7A42
S2140271685046BDE8F0870FF001FA99F80030012E74
S214027178A3EB040390FBF3F202FB1300C4B2EDD0B8
S2140271880126D5E70A60002004590020034B002197
S2140271981A7803489200F6F725BC00BF476A002013
S2140271A89C44002010B5134B0C461B7886B08342CD
S2140271B812D9114900EBC00001EB40010822204613
S2140271C80631F6F761FC00220821204611F0E1FAA2
S2140271D880F00100C0B206E0C01A01A9C0B212F0DF
S2140271E873FE10B1002006B010BD01AB03CB2060C1
S2140271F86160E8E7476A00200459002008B5074B93
S214027208024653F820308B4206D915204FF6FF71F6
S21402721815F052FA002008BD0120FCE79C44002025
S214027228024B013143F82010704700BF9C440020EF
S2140272382DE9F34781460C4600272A4EDFF8ACA014
S2140272489AF80030FDB2AB4210D86946204612F0D2
S21402725854FEC0B3082269464846F6F70FFF90B3B5
S2140272684946204611F092FFFE2537E006F1060849
S214027278082241464846F6F701FF90B94FF6FF73D3
S2140272889C422BD03388A34228D0204615F03DFBDB
S214027298FF2814D14946204602B0BDE8F047FFF75A
S2140272A855BE14B912360137CAE73388A342F9D154
S2140272B800220821404611F06CFA0028F2D128462E
S2140272C8FFF71AFDCCE74946002015F01CFBFF28FD
S2140272D8054603D0044B1B780344DDB2284602B0A9
S2140272E8BDE8F08704590020476A00200A6000209B
S2140272F80F4B1B7883420CD8C01A0E4AC0B232F81B
S2140273081030D90411D443F4805322F810300120E7
S2140273187047094B00EBC00003EB40035A79D106CD
S21402732803D442F010025A71F1E70020704700BFFA
S214027338476A00203859002004590020F0B5134B3C
S21402734806461B78FBB100251148DFF84CC090F8BA
S21402735800E0104807781F44E8B2864501D80020A6
S214027368F0BD7C1B94FBF3F003FB10440CEBC4004B
S2140273783CF83440B44204D1002AF1D184788C42D5
S214027388EED00135E8E71846EAE700BF496A00206A
S214027398BC46002008600020A044002070B50CF00F
S2140273A8E6FB14250F49104E0B78328830809B1A5C
S2140273B803449BB2B3FBF5F405FB14330B700B497D
S2140273C8E2B20B78934292BF00239B1ADBB2032ADF
S2140273D80B7088BF002306499EBFD2000B68D340B5
S2140273E80B6070BDA26000206C5900200760002068
S2140273F8BC460020084B1868084BC2B21B789A4253
S21402740808D2074BC0F307201B78984234BF0020E7
S2140274180120704701207047BC460020496A0020B8
S214027428A1600020F8B505461746FFF7E3FF0646B3
S21402743810B9184B1A783AB9212001224FF6FF7173
S21402744815F03AF90020F8BD1348DFF854C003785F
S2140274580133B3FBF2F402FB143303700F48DCF873
S214027468002000EBC30420F8335002F10132A17069
S2140274783846CCF80020FFF7F7FDE670606011F09A
S214027488FAF9A84201D10120DDE7E3780133E37077
S214027498F9E700BF496A002008600020A0440020DF
S2140274A8BC46002010B50B4C0B4A2378063B1370DB
S2140274B80CF05DFB0022094BFF211880084B094897
S2140274C81A602278D200F6F78DFA0422064B1A7052
S2140274D810BD00BF496A0020A16000206C59002038
S2140274E8BC460020A0440020076000202DE9F8438F
S2140274F8074615F033F805461A4815F0AAF91A4B46
S21402750848B31C683C1B2C44A4B20022174BDFF875
S21402751864901B78164D99F8006005EB03155FFA20
S21402752882F8464509D9AB8805F11000A34215D959
S214027538B21A29461201F6F7A7FA013689F8006048
S214027548AC80B8F1000F03D13946064814F026FE7F
S2140275582846BDE8F8833C461D60D6E70546013254
S214027568DDE700BF2C68002070540020A4600020CD
S2140275789C430020A56000202DE9F74F14F0EEFF8B
S2140275884FF0000E284D294F2978294C97F800A06D
S21402759804EB011303EB0A120092F3465246DFF895
S2140275A898801FFA80FC0646B8F80000ACEB000983
S2140275B8A0EB0C001FFA89F901900098984217D19F
S2140275C8BEF1000F00D02970524503D200203A704F
S2140275D8FDF7DEFA3B7823B32B78164804EB031440
S2140275E8A188C8F8006003B0BDE8F04F14F0D6BD15
S2140275F8B3F804C0CC450FD84FF0010E93F802C07A
S21402760801310CF1FF3C013AA3F804B083F802C03A
S214027618C9B2D2B21033D0E701988444A3F804C0A2
S214027628F8E703B0BDE8F08FA4600020A56000204C
S2140276389C4300202C680020705400207FB56C46BE
S2140276481E4B1F4D1E78013EF6B21E7095E80F00BF
S21402765884E80F001B4B28461A7805F110013244BD
S2140276681201F6F711FA9DF8026016F00F0511D10D
S214027678BDF8080009F02CFE360918BF29464FF057
S2140276880002BDF8000008BF039904B0BDE87040C8
S21402769802F022BDBDF80400FFF728FF03468288E1
S2140276A804ADADF80420224603CAAA4218605960FF
S2140276B8144603F10803F6D104B070BDA460002096
S2140276C89C430020A5600020F8B50024084D094F09
S2140276D8094E3B783178E2B20B449A4204F101042F
S2140276E800DBF8BD2846FDF71DFF1035F1E700BFA1
S2140276F89C430020A5600020A460002070B5134BB0
S21402770806460D46104612491A78124B09781B7817
S2140277180B44934206DB1F204FF6FF7114F0CCFF92
S214027728002070BDFFF7E2FE01350680857004462C
S21402773814F00FFFE08009F0D1FD40F602432081E5
S214027748E3600020FDF724FA0120EAE7466A0020F3
S214027758A5600020A46000202DE9F8438646002391
S214027768144FDFF85C803E7898F800501249721978
S214027778DCB294421CDA4FEA041C31F80C9001334E
S214027788F14501EB0410F3D1631CD21A0CF1100C6C
S21402779812016144F6F778F9A5428BBF05F1FF3569
S2140277A806F1FF3688F800503E700CB9034B1C7081
S2140277B8BDE8F883A56000209C430020A360002053
S2140277C8A4600020044B054A1B781278D3420CBFEB
S2140277D801200020704700BFA4600020A56000209A
S2140277E8024B1878003818BF01207047A4600020A2
S2140277F8002108B5084B09481970094B1970094B3E
S2140278081970094B1A781201F6F7ECF8BDE8084029
S2140278180648FEF777B900BFA56000209C43002003
S214027828A4600020A3600020466A00202C6800207E
S21402783810B50B4C23784BB10A4802F03BFD58B101
S214027848084B0121188811F008F908B9002010BD64
S2140278580122054B1A70FAE7FFF7F0FEEAE700BFC7
S214027868A46000209C430020A360002010B50E4BA5
S2140278781B78BBB10D4C238883424FF0000311D10D
S2140278880B4AE160137049B9A3781033A37011F05C
S214027898AEFB18B9A37823F00F03A370FFF7CEFE4A
S2140278A8012010BD1846FCE7A46000209C43002077
S2140278B8A360002070B592B00C4606460EF053FE42
S2140278C8E17A05460020FCF733FE28B394F90A004D
S2140278D810F06AFF10BB134BE27A294683F8582049
S2140278E8A27A83F85A206A46FDF748F94FF6FE73DD
S2140278F89E420CBF4FF6FF7323896A46294600202C
S214027908ADF80660ADF80430FDF7EEFB40B9228903
S214027918054B5A8012B070BD5520FBE75620F9E792
S2140279282120F7E7885300207454002010B5044637
S214027938014608220948F6F7A7F8237B022B0AD83D
S214027948002B14BF3122012205490B7017234B6105
S214027958044B1A7010BD00230122F5E77854002064
S2140279687454002010600020014610230120014AAA
S214027978FEF742B964EE0100014B5861704700BF3A
S21402798874540020014B1878704700BF74540020C6
S21402799810B5054C2378112B03D0E221034814F0C6
S2140279A8E4FD4123237010BD106000202E680400F9
S2140279B8064B01461B78042B04D1054A137E053371
S2140279C813767047034814F0E9BB00BF1160002025
S2140279D8745400204C68002008B50648FDF7A2FD3E
S2140279E80548FDF79FFD0EF0EAFEBDE8084000F0E8
S2140279F8EBBF00BF685900209A590020064B18783A
S214027A08332806D000F0EF00A0F14303584258414D
S214027A1870470120704700BF10600020002208B59A
S214027A28074B4FF6FE701A7010F031FF4FF6FF70D4
S214027A3810F04AFF034B5869BDE808400EF055BEE1
S214027A48106000207454002008B5064B187838B128
S214027A580548FEF743F84FF47A73B0FBF3F0C0B26A
S214027A6808BD00BF056000207C4600202DE9F043D3
S214027A788BB00746154698460E469DF8489049B973
S214027A88104605AC14F041FF214612F01DFA1728DD
S214027A9818BF2646B9F1000F0AD1124B1B781BB93C
S214027AA8284612F02EFAD0B92846FEF7A1FA02E0C6
S214027AB8284612F026FA80F00104E4B29DF8503007
S214027AC82A4602939DF84C303146CDE90093384653
S214027AD84346039411F005F90BB0BDE8F0834C4613
S214027AE8ECE700BF0C6000200022014B1A767047B4
S214027AF87454002008B50020FEF788FC0023024ACA
S214027B08C2E90133538008BD7454002010B5144BE3
S214027B181B78033B012B16D8124BB3F868204FF696
S214027B28FF739A420FD10320FEF7E6F801F052FFE0
S214027B38FFF7E0FF002014F03BF978B1BDE81040EB
S214027B48002010F015BDFEF7C7F80446FEF7BEF88B
S214027B580146204607F01AF80220E5E710BD00BFE6
S214027B68116000208853002008B5114A114B58614D
S214027B781378032B1BD0D3B1332B01D0432B10D150
S214027B880D4B1B78033B012B05D803231370BDE866
S214027B9808400EF0AABD0EF0A8FDBDE80840FFF7A3
S214027BA8B5BF21231370BDE8084001F07DBD08BDAE
S214027BB810600020745400201160002008B50348A5
S214027BC8FDF7A0FFFFF796FF022008BD7C460020BF
S214027BD838B5114D04462B78834218BF28700FF02B
S214027BE891F980B124B920460FF08EF902220DE0F1
S214027BF801200FF089F92B781A1F012A05D9062BBE
S214027C08F4D1032202E0002CF5D10122BDE8384067
S214027C180021084610F0A5BF1160002030B50446C2
S214027C2885B068460D46FFF79FFE94B100212846A8
S214027C38144A01F0F3FE144B20681B7861688DF82D
S214027C480430124B1B788DF8053002AB03C305F0DF
S214027C5871F90F4B93F8582093F85A308DF8032091
S214027C688DF8023010F024FEADF8000010F003FE86
S214027C781023ADF8060069460020064AFDF7BCFF49
S214027C8805B030BD00F8FF073D6A002011600020ED
S214027C988853002064EE010010B5104B04461A788B
S214027CA80F4B002083F8582014F082F810B10020F9
S214027CB810F05EFC00210846FFF7B0FF0FF014F93B
S214027CC82046FDF749FA40F617400EF00EFD00234F
S214027CD8044A1380044A138010BD00BFA660002021
S214027CE88853002042590020405900201FB50446F8
S214027CF86846FFF739FE54B100238DF80530102385
S214027D0869460020064AFDF777FF04B010BD10F05A
S214027D18B2FDADF8060010F0CBFDADF80000EEE7B8
S214027D2864EE010010B5014604460020FCF700FC8C
S214027D3890B10C4B1B78023B032B0FD80A4B1C70D6
S214027D4814F06AFB60B9094A0949FCF779FF00385A
S214027D5818BF0120800010BD5520FCE70220FAE774
S214027D684D20F8E710600020A6600020F1A502006A
S214027D78A17C0200F8B5064614F04EFB044668B924
S214027D8814F016F850B1064D204695F8587085F846
S214027D98586010F0EDFB10B185F858704D20F8BD0C
S214027DA8885300202DE9F04180461846033B012BF4
S214027DB80E46174602D918B1212438E0FFF708FF05
S214027DC8274B1D78022D08D0032D46D1B8F1000F97
S214027DD803D1244B1B689B073FD43320FDF78CFF47
S214027DE801F096FAB6F1006F34BF1F4B05223146F2
S214027DF84FF0060038BF1A78FEF7FCFC044628BB8C
S214027E081A4D2873012000F017FE10F051FD688005
S214027E182846B8F1000F0DD0022300F8043B10F0F4
S214027E28B3FF6C732F61394630460EF0A2FB20462C
S214027E38BDE8F081012300F8043B10F0A5FF6C733F
S214027E482F61394630460EF093FBF0E72846FDF7D9
S214027E5853FFB8F1000FF4D0E5E70224E7E700BFC6
S214027E6810600020D0460020676A00207454002064
S214027E78034B187818B9034B034A1B78D05C704733
S214027E880F60002011600020B4CC040038B5437B94
S214027E980446DB0703D590F909000FF024F80025FD
S214027EA80F4B83F859502079FFF764FFFFF7E0FF7E
S214027EB861882488034622462846FEF7ADFA044619
S214027EC820B11720FFF750FE204638BD1723054D70
S214027ED8C82105486B6114F061F903232B76F3E792
S214027EE888530020745400204C680020F0B51A4DC0
S214027EF806460C4693B0A5F8680005F16A0729BB42
S214027F08C5F86A1079600EF02EFB6A460146002014
S214027F18FCF734FED5F86A30ADF81060CDF81230AA
S214027F287B68CDF816300EF01EFB6A460146002026
S214027F38FDF7DAF84FF6FF73B5F86800984203D0F3
S214027F4814B106490EF018FB13B0F0BD08223846E5
S214027F58F5F79AFDD7E700BF88530020F2530020B2
S214027F682DE9F041DFF8B8801F4698F8003005463C
S214027F780C4616461BB102252846BDE8F081531E5C
S214027F88052BF8D814F048FA0028F4D13B7B032BCB
S214027F9814D14FF6FE739C4212D1012E09D0022E3E
S214027FA8E9D110F068FC4FF6FB73984203D810F03C
S214027FB862FC044604E011F0B9F8FAE7012EDAD0BA
S214027FC8EDB939462046FFF775FC05460028D3D199
S214027FD898F80030332B03D0532B1CBF0E4B186176
S214027FE83046FFF7F5FD00214FF6FF70FFF77EFFDC
S214027FF80A4B1B78002BBFD011F069FFBCE7397B10
S214028008721ECB1E594259415042504105F07CFF20
S21402801805460028D5D0AFE774540020686A0020C9
S214028028106000202DE9F04105460F46904610F0F4
S21402803822FC6B7B0446DB0703D595F909000EF094
S21402804852FF10F018FC384B384E188010F030FCEF
S214028058374B1880FDF73AFE364B1880FDF73CFE84
S214028068082201463448F5F70FFD10F0C6FB334BDD
S21402807818702879FFF77EFE00216888FFF736FF1A
S214028088FDF726FF60B14FF6F672631E9BB2934267
S21402809806D911F04BF8B6F8683004468342F8D091
S2140280A8204610F0F4FB288810F00EFC4146B6F87D
S2140280B86800B847044628B91920FFF755FD192065
S2140280C8BDE8F081B6F8681010F08EF900231C4D52
S2140280D886F859302B7803F0FB03022B02D0204691
S2140280E810F0EFFD002220461146FFF707FB044674
S2140280F8B0B117236B61134B1B78042B09D1C82127
S214028108114814F04BF803232B7684F00100C0B212
S214028118D6E74FF416710C4814F040F80023F3E73C
S2140281281720FFF721FDF0E7725900208853002038
S214028138705900206E590020A7600020AF6000200A
S21402814874540020116000204C680020F0B50C46DC
S2140281581E460B462049074689B004F1140053F818
S214028168045B834241F8045BF9D11B8802AD0B809D
S214028178D4F80E00D4F81210238803C5ADF81030D0
S21402818823798DF812208DF8133000233A468DF89D
S21402819814304FF6FE71012002ABFFF7E1FEC8B9B4
S2140281A802A8FFF7C3FB237B4BB10C4D0C4B01AA6D
S2140281B82946012001930EF074FE2A781AB9204641
S2140281C8FFF764FE03E020460199FFF72BFF08B984
S2140281D8044B1E7009B0F0BD745900207454002078
S2140281E8A78D0300B060002001232DE9F341304E2D
S2140281F805460F4600202F491446737300F0EAFB23
S2140282080EF073FEDFF8AC8038B9012D01D9042DC3
S2140282180FD1214638460EF02CFA1020002111F014
S2140282286EFE00283CD0002002B0BDE8F041FCF704
S214028238AFBC002CF1D1204B1B78212B03D0062B88
S21402824801D0532B02D101F02FFAE6E7FDF740FEE4
S2140282580028E2D000F0EAFB28B9307BC0F118000B
S214028268FFF782FCD9E7154B41462046019300F0FA
S214028278B1FB20B140F61901114814F076F901AAAB
S2140282880B4998F80C000EF00CFE32781AB9094819
S214028298FFF7FCFDC1E701990648FFF7C3FEBCE7F6
S2140282A8FFF79EFA0028BED102B0BDE8F08100BFF3
S2140282B8745400207459002010600020A78D030013
S2140282C82E6804001FB5144B04461B88DB0707D428
S2140282D84FF6FF700021FFF709FE002004B010BD1C
S2140282E80A230E4A012001A9FDF786FC4FF6FF7302
S2140282F8BDF80C209A42EBD00822FF2101A810F004
S21402830848FA0028E4D10CB90120E7E7BDF80C00CA
S21402831801A9FFF7EBFDF7E78C59002026E10100DB
S21402832838B50C46154610F0B2FA02F053FF294645
S2140283382046FFF7DBFD00F079FB48B1054BDB79F9
S2140283480E2B28BF0E230133DBB2034A137038BD47
S2140283580123FAE774590020BC60002038B51D4690
S214028368FFF7FEFD0446C8B92B7B2846032B03D12C
S214028378BDE8384010F027BDFFF7D8FA084B254667
S2140283889C8110F03AFA0121064B81401A780620A1
S214028398FEF730FA044608B1034B1D70204638BD76
S2140283A874540020676A00201060002030B501204F
S2140283B887B0FFF787FF6B460446144A1068516871
S2140283C803C384B904F0C4FD02A8FFF7CDFA4FF63A
S2140283D8FF752246BDF80E002946FFF7A1FF0EF0EC
S2140283E8CFF807B030BD6B46094AD2F86A00D2F811
S2140283F86E10B2F8685003C304F0AAFD02A8FFF78D
S214028408B3FA6A46BDF80E00E6E700BFC2F00300FC
S2140284188853002037B5324B04461B781BB102241A
S214028428204603B030BD13F0F7FF0028F7D100F05E
S2140284380DFB14B122882B4B1A8000210DF1070080
S214028448FDF7D0FC002848D110F08FFC044600281F
S214028458E6D1254D9DF80700FFF7BAFB2B78033BBC
S214028468012B27D82046FFF72DFF18B3FFF79EFFEC
S21402847800F0FCFEFFF74AFB012010F088F948B925
S214028488184B1B889A0707D5234605220120174949
S214028498FFF788FC0446C3E7154D02232946012048
S2140284A8144AFDF7A9FB2B885B07B9D5204600F0CE
S2140284B8F1FEB5E72B78053B012BB1D8FFF776FF1F
S2140284C8FFF724FB2B78052B0CBF04200520FDF7AD
S2140284D813FC012010F05BF9DCE71724A0E700BFC5
S2140284E8106000208C5900201160002000F8FF0759
S2140284F83E59002027E101007FB50024184E194D89
S2140285083278E3B29A4201D804B070BD4FF6FF73D0
S214028518B5F868209A421AD0134B1B88DB0714D585
S214028528124AB5F8683010685168ADF80C3001ABDD
S21402853803C30F4A0A23002001A9FDF75DFB0223A5
S21402854800200C4A0C49FDF757FB0134D8E70022F5
S2140285580821064810F01DF90028F6D1DCE700BF0E
S214028568486A0020885300208C590020F2530020C5
S21402857826E1010027E101003E59002010B500F06F
S214028588C7FE01F013FCD8B10E48FDF7BBFA0E4839
S2140285980E4C017A0E30FFF741FB23781BB100F030
S2140285A8F7F9002323700022094B1A73FFF7AEFA75
S2140285B807F0B8F900F012FFBDE81040FFF79CBFBD
S2140285C810BD00BF4C68002074590020B06000201F
S2140285D87454002010B52548FDF794FA01F0E6FB1E
S2140285E830B1234B1B781BB9BDE81040FFF7C6BF56
S2140285F801F0DCFB78B11F4C237E83B1C8211B48EF
S21402860813F0CCFD0021237E0846013B2376BDE805
S2140286181040FCF72BBBFDF75BFC0028EBD1FDF7FF
S21402862857FC154B1B7858B9112B03D003F0FD03E2
S214028638412B19D1BDE810400E4B5869FFF794BA82
S214028648332BF7D10D4B188810F021F90C4B1888EC
S21402865810F03AF90B4B0C491888FFF747FC0B4BFE
S2140286681878FFF787FBE5E710BD00BF4C680020C7
S2140286780C600020745400201060002072590020FC
S214028688705900206E590020A7600020AF600020B5
S2140286982DE9F04F0F4685B002AD04462946384606
S2140286A8914611F0BEFE4FF0000B82463846CDF8D2
S2140286B804B00FF04FFF4678022C804606F00206FA
S2140286C809D85CB1FDF704FC0446002848D1754B6E
S2140286D801241B7865E0043C022C3AD9FDF7F8FB26
S2140286E838460FF0B0FE00240546A046DFF8D8A1AB
S2140286F838460FF02FFF50F809300DF105000193A8
S21402870814F011F89DF807B00746B8F1000F4DD1DE
S214028718BBF1000F5BD0DFF88C9199F800300BB1F3
S214028728002E63D0002C61D05F4B1B78022B5DD1E4
S214028738BBF1000F53D1384610F0A9F858465946EF
S214028748FFF76CFA07F0EEF840F607400DF0CDFF9B
S21402875834E010F0FEFAFDF7BBFB0446F8B15C46BF
S2140287684EB1524B1B78012B02D0043B012B0BD87F
S21402877805B0BDE8F08F4B4B1B782BB14B4B1B78E3
S21402878803F0FB03022BF3D0BAF1000F404608BFF2
S214028798002511F039FE4FF001088246A8E7414B42
S2140287A81B78002BF0D0002EEED1E1E7BAF1000FCD
S2140287B8AED05046FDF71EFE0028A9D1002013F0C1
S2140287C8F7FA0028D4D000200FF0D2FED0E74FF6F2
S2140287D8F7739F429FD91720FFF7C6F9EEE7FDF712
S2140287E877FB48B13248FDF78DF9F4E7FDF770FBE1
S2140287F810B1BBF1000FF5D1FDF76AFB0028DDD0FA
S2140288082846FEF749FAFF28DFF89CA0294C03D031
S2140288189AF80030012B04D12946B4F86800FEF70E
S21402882895FBFEF751FC2A463846B4F86810FFF75F
S21402883877FD214B214A93F906301B0213809AF8DA
S2140288480030012B19D0312B14BF432311238AF889
S21402885800301B4B1648196813F0A0FC00F006FD02
S2140288680023124C99F80010237641B9104813F0E9
S21402887895FC40F61B436361A0E71123E7E7B8F1CE
S214028888000F03D016B1FFF779FEF2E70D4B1B78FF
S214028898042BEED10521064813F080FC0923237623
S2140288A8E7E700BF0C600020106000207454002028
S2140288B84C68002088530020745900208A590020EA
S2140288C86C680020116000209660002070B508468B
S2140288D88CB00D460FF03EFE09220021064613F024
S2140288E8B1FA044628460FF0AEFD052228460DF1D9
S2140288F80F0304A90DF04BFF02281BD09DF80F307A
S21402890829461C440023E4B204F11002365D012015
S2140289180093D2B20BF0C5FD60B1022E0AD1064B07
S2140289281B78012B06D1054B187818B9224629461A
S214028938FFF7AEFE0CB070BD106000207454002025
S21402894808B5084B187050B1074B1B883BB14FF45B
S2140289587A710648594313F021FC002008BD01200D
S214028968FCE700BF03600020E86900209C45002061
S214028978014B188000207047E869002008B5FDF70B
S214028988C1F80022014B1A7008BD00BF0360002020
S21402899810B50024044B05481C80054B1C70FDF7D7
S2140289A8B1F8204610BD00BF8E590020706800201E
S2140289B8B160002008B50348FDF7A4F8BDE80840F2
S2140289C8FFF7E6BF706800200148FCF7ABBD00BFA2
S2140289D88E590020F7B5134B04461B780E46EBB1AA
S2140289E883421DD90021104813F005FF00250146D1
S2140289F80D4F09B9012009E0AC4209D1002416231B
S214028A0822463046009413F08BFF204603B0F0BD92
S214028A18384613F014FF01350146EAE71820F5E751
S214028A282720F3E7B16000208E590020014B187802
S214028A38704700BFB160002025289DBF024B187002
S214028A4800202120704700BF696A0020012307B56D
S214028A581846064A0DF10701FDF7CEF89DF80720DD
S214028A68034B1A7003B05DF804FB00BF29E101004E
S214028A78EA69002084B010B502AC84E80F00082228
S214028A8824480DF11601089CF5F7F8FA38BB9DF84C
S214028A9815309B0705D4204B1B7803F0FD03312BBA
S214028AA823D11E496378097803F00F028A4203D05D
S214028AB8012928D1022A18D12278B2B91B09022B19
S214028AC813D194F90230002B21DB154BB3F868203A
S214028AD8BDF80A309A4208D1FEF790FF06E0002257
S214028AE808210C480FF055FE20B90020BDE81040BA
S214028AF804B070470B4BBDF808205B889A42C6D074
S214028B08002BC4D0F1E70229EFD1012AD3E70120CE
S214028B18ECE700BF78540020106000203D6A002071
S214028B28885300207454002084B02DE9F0478EB094
S214028B3816AC84E80F00DFF868C1564BBCF8020092
S214028B489DF85D9010F001049DF96220BDF870E072
S214028B589DF875A09DF976709DF878509DF97A1063
S214028B689DF95E809DF860601B782FD09DF87D0089
S214028B78C0F34004C0F38000002B44D0464B1B7859
S214028B88012B02D1002C00F08280C0B19CF8003084
S214028B981E335BB2BB42ACBF002701279845D4BF41
S214028BA800230123BB4209D18A4208DB0CD1A81B49
S214028BB8C0B280288CBF0020012000E038460EB0E4
S214028BC8BDE8F04704B070470020F8E710F0020F3F
S214028BD818D0C3B1490814BF01200020520814BF98
S214028BE8012300238342EAD1AB1BDBB2802B0AD9CE
S214028BF8AE42E9D1B84506DB49D1CA4594BF002042
S214028C080120DCE70BB90120D9E7AE4216D002AC48
S214028C181CAF0FCF0FC497E8030044F8040B21805B
S214028C28DDE91A0116AB0090ADF804100FCB0EF072
S214028C3831F90028E7D1AE42B9D1C0E7BDF85830BD
S214028C4873451ED008AC0DF1700CBCE80F000FC4BB
S214028C589CE8030044F8040B2180104C6388734593
S214028C680FD10822211D0DF12E00F5F707FA02464C
S214028C7838B90821201D0FF08CFD10B96388002B27
S214028C88C1D1B845BFDBC2D1CA45BCD8BFE720466A
S214028C9895E700BFB16000201060002074540020E1
S214028CA8EA69002084B02DE9F04F8FB06A4E18ACFE
S214028CB808AD84E80F00162200212846F4F792FE33
S214028CC833783BB90024654B32781B789A4239D2FE
S214028CD8002726E00021624813F08DFD002704468F
S214028CE8B846DFF87C91002C45D13FB1224639467A
S214028CF85B480FF0B2FC3378013B33703378002BB5
S214028D08E0D0002156484FF0000913F074FD4F4694
S214028D188046CA46DFF848B1B8F1000F6CD1002F7A
S214028D28D1D01621002218A80FF02FFC014648B110
S214028D38002F00F08B80224649480FF046FC337815
S214028D4801333370454B32781B789A4207D9444828
S214028D58002201880FF081FC3378013B33703378A8
S214028D68012B03D13F49404813F018FA0FB0BDE86B
S214028D78F04F04B070470022214616232846CDF845
S214028D88008013F0CDFD1622294618A8F5F776F9C5
S214028D980028EBD09DF864209DF824309A4225D10D
S214028DA8BDF86020BDF820309A421FD108220DF186
S214028DB82E010DF16E00F5F761F9B8B902AF0DF1A3
S214028DC8600CBCE80F000FC79CE8030047F8040BCA
S214028DD839800EAB13E903000090ADF8041095E84D
S214028DE80F00FFF7A1FE0028C0D0274621464846B6
S214028DF813F025FD044676E7162300224146284648
S214028E08CDF800A013F08CFD02AF0DF1600CBCE8A3
S214028E180F000FC79CE8030047F8040B39800EAB17
S214028E2813E903000090ADF8041095E80F00FFF769
S214028E387BFE074620B1B9F1000F04BF44468146BF
S214028E484146584613F0FBFC804665E73A46044816
S214028E5813F0D7FC73E700BFB1600020696A0020F0
S214028E688E59002020BF0200706800202DE9F04FBE
S214028E78002104469FB00DF14008162240460E9186
S214028E88CDE90C11CDF83B10F4F7ACFD05222046CF
S214028E980DF11F0316A90DF07AFC0228074600F00A
S214028EA8F28020460FF056FB064613F03CFC81463D
S214028EB8F01C13F038FCADF84000701D13F033FCBC
S214028EC8012FADF84200204640F0E0800FF042FB4A
S214028ED80546204613F076F80D3502232D1A009320
S214028EE8214643460820EAB20BF0DBFA002800F0D7
S214028EF8CA8020460FF033FB012F83469DF84D307B
S214028F0840F0DC8000252F4643F001038DF84D30F3
S214028F1816AE3388022B4DD1F1782046023108F07E
S214028F2865F81B2846D1F1782046033108F05EF82A
S214028F3819283FD1F1782046043108F057F84A2814
S214028F4838D14FF0050AF17820460131514408F02D
S214028F584DF8F17805905144204608F047F8059BED
S214028F6800EB032083B200F03F02932B059240F0F9
S214028F7895800023F778214602375744FFB23A46CF
S214028F8800930CA80F2313F0CBFC07F10F01204621
S214028F9811F020F907F111010546204611F01AF9D9
S214028FA8ADF84200059B023353445FFA83FA3379DD
S214028FB85345C8D806360DF17603B342A9D19DF8B3
S214028FC84D20C5F3C03363F3410220468DF84D2089
S214028FD80FF057FA8DF8440020460FF047FA8DF83E
S214028FE8450020460FF047FA9DF83230BBF1190FBC
S214028FF8C3F3C3028DF84720DDF833208DF8460008
S214029008CDF84E20DDF83720CDF8522094BF002246
S2140290189DF83E208DF8482003F003028DF84A207A
S2140290289DF84D20DB0963F38202694B8DF84D20CB
S2140290381B78022B56D1BDF840600FF039FC8642E9
S21402904850D108A80FF0A0FEBBF1190F47D9082285
S2140290580DF14E0108A8F5F711F800283CD1B9F52C
S214029068004F02D0B9F5624F0DD140F6FF7325F4D2
S21402907840459D4207D1002208210DF14E000FF00F
S21402908888FB00283ED01FB0BDE8F08F0FF062FACA
S2140290980546204612F096FF07351EE7412B81D17A
S2140290A8F17820460231514407F0A0FF494B1B785D
S2140290B8C3F1B30318448DF8490073E76FF300034E
S2140290C8F01D8DF84D3013F02EFB0CA905462046F0
S2140290D80FF0ACFE0B2772E700F058FDBFE700F072
S2140290E855FDD0E7B9F5004F02D0B9F5624FCAD19F
S2140290F840F6FF7325F440459D42C4D1BBF1190FD3
S214029108C1D9B8E7BBF11A0F06D007F11F014246CC
S2140291182046C9B20DF0C4FE2F4C304D637BDBB13E
S2140291282B78012B1DD1012323730CAB029314ACAD
S21402913894E803000090ADF8041098E80F00FFF7D3
S21402914899FC90B194E803000090ADF8041098E8F2
S2140291580F00FFF7A7FD08E0FCF7BAFE0028DFD0ED
S214029168E1E703F0FD03042BDDD02B78012B01D0B9
S214029178042B88D11A4BDDF84E001B78DDF8521006
S2140291888DF82230BDF84030ADF820309DF84D30CD
S214029198C3F340038DF823309DF8313003F00F03F4
S2140291A88DF82C309DF848308DF82D3009AB03C366
S2140291B80C4B1B681BB1414608A8984763E79DF904
S2140291C846209DF8451008A80DF051FA5BE700BF47
S2140291D810600020B8600020745400209F600020B1
S2140291E8B76000206854002010B513F0B7F9114B89
S2140291F81B78022B1CD1104A1468A04218D00F49BB
S21402920810600A68121B10440D4A086012786AB188
S214029218013A93403C2253434FF47A72534398429E
S21402922806D9BDE810400320FCF766BD0A23F3E71B
S21402923810BD00BF10600020C8460020C4460020AB
S214029248396A0020064B1B88DB0708D50022054B27
S21402925843F82020044A135C63F00F031354704744
S2140292689059002018450020D55F002008B513F055
S21402927875F90022024B1860024B1A6008BD00BF3F
S214029288C8460020C4460020014B1868704700BF35
S214029298C446002008B50C48FCF734FCFCF772FDFF
S2140292A880B10A4B0322B3F8681001200DF018FEAD
S2140292B84FF47A71064B04481B885943BDE80840A8
S2140292C812F06CBF08BD00BF9068002088530020CB
S2140292D8CC690020014B188000207047EE690020F8
S2140292E8044A054B1870138823F0030318431080AA
S2140292F800207047905900203A6A0020034B1888CD
S214029308C0F30E00003818BF012070473E590020EF
S21402931808B5FFF7F3FF30B1002004490223044AD8
S2140293280880FCF769FC002008BD00BF3E590020F3
S21402933827E10100024B1888C0F30E00704700BFF1
S2140293483E5900200023084A01201370074A08499C
S2140293581370084B084A1B7843F004031380022351
S214029368064AFCF749BC00BFB4600020B360002080
S2140293783E5900203A6A00209059002027E1010051
S21402938830B5012100240B2385B0104D01940091BD
S2140293988DF80C308DF80D000323B5F8680003AA83
S2140293A88DF80E4010F0CFFF68B1B5F868100FF0D0
S2140293B8FAFD40B10522064B64211A70054B064891
S2140293C81C7012F0EBFE05B030BD00BF88530020BB
S2140293D8B3600020B4600020B0680020064B1B78FB
S2140293E8033B012B06D8054B1B781BB9044B187890
S2140293F8FFF7C6BF704700BF11600020B2600020AA
S214029408396A002010B51548FCF77CFB144B19780E
S214029418F9B9144A13787BB1013B1370124B1B78C7
S214029428042B02D10846FBF721FCBDE810404FF496
S21402943896710A4812F0B2BE0C4A128802F003026B
S214029448022A0AD1BDE81040032201200849FEF785
S214029458A9BCBDE81040FFF7C1BF10BDB068002028
S214029468B4600020B3600020116000203E5900203E
S21402947800F8FF07084B1A785AB10223013A9340BC
S2140294884EF66022534303210448B3FBF1F112F06F
S21402949885BE42F21073F6E7396A0020B0680020EB
S2140294A870B505461748FCF72DFB0122164B2846D1
S2140294B81A7010F06CFF411C044689B2284607F061
S2140294C895FDA11C064689B2284607F08FFD0F4C6B
S2140294D802232080214600200D4AFCF78DFB86B920
S2140294E8238803F00303022B03D1FFF7BFFEFFF71F
S2140294F8C1FF23885B0704D5BDE870400548FFF71F
S214029508C9BE70BDB0680020B46000203E59002075
S21402951827E10100906800202DE9F0431F4C05461C
S214029528238889B0002B33D01D4E00214FF480705B
S21402953810F0C5FC3378DB0728D50121208812F005
S21402954879FD074620880FF005F8023013F0EBF88D
S21402955805A98046208811F001F83378384613F0BA
S214029568020F104B18BF0025B3F8009012F046FD04
S2140295780646384612F026FDF6B202904246062104
S2140295882846CDE9009605AB0DF02DF8002323807A
S214029598054809B0BDE8F043FCF7B4BA965900206E
S2140295A8B560002094590020D068002010B5044603
S2140295B840F62140FFF7B0FF01214FF4807010F00B
S2140295C87EFC78B10022084B1C80084B1A7007F004
S2140295D885FEBDE81040064B1880064B06481988DB
S2140295E812F0DCBD10BD00BF96590020B560002001
S2140295F894590020CE690020D0680020044A1378C7
S21402960818B943F001031370704743F00303FAE7EF
S214029618B5600020044B1B781BB9044A1380FEF77A
S21402962807B90020704700BFA360002092590020A7
S214029638042230B501F0400387B0002B054614BF5C
S214029648012400248DF80C208DF80D1004D004A9EE
S21402965810F053FC10B304ABCDE9004301210223FA
S214029668284603AA10F06FFE0446C8B10D4BB3F89D
S21402967868100EF0B9FE4FF6F7739D4209D93222EA
S21402968802212046FEF73AF880F00100C0B207B081
S21402969830BD294620460FF086FCF5E70120F6E79E
S2140296A81920F4E78853002010B5FFF731FE04F0BE
S2140296B831FA0FF004FB002010F017FC12F0ACFE93
S2140296C808B1FDF729F9204C2378532B12D103232E
S2140296D823700023FF2219460120FEF763FB0020B1
S2140296E812F066FB10B100200EF042FFBDE81040F3
S2140296F80DF0FABB062B01D0212BF0D10120FEF784
S214029708F5FA4FF6FE700FF0C2F84FF6FF700FF03C
S214029718DBF80020FEF752FA0020FEF759FAFEF7A9
S214029728E9F900F029FB0DF0E2FB2378212B02D1A0
S214029738FEF774F9D3E70020FCF7DEFA00214FF4AF
S214029748004010F0ACF9CAE71060002010B50A4CC9
S2140297580A48FCF7D7F92378062B02D10120FEF730
S214029768C5FA2378062B01D0532B03D1BDE8104047
S214029778FFF79ABF10BD00BF10600020F0680020F7
S2140297882DE9F047DFF8C08004460E461746FFF775
S214029798BFFD98F8005015B90220BDE8F087212DC4
S2140297A8FAD0284813F055F80028F5D114F020040A
S2140297B839463046DFF894A0DFF8949005F00F0596
S2140297C81BD00CF0D8FE012D8AF80070A9F80060AC
S2140297D829D1212388F80030FFF766FF0020DCE74E
S2140297E8212388F80030FFF75FFF00214FF6FE704E
S2140297F8FEF77CFBFEF780FEF0E70CF0BBFE012DC1
S2140298088AF80070A9F80060EAD0062321464FF6C7
S214029818FD7088F80030FFF70BFF40F22621094852
S21402982812F0BCFCE1E7532321464FF6FD7088F898
S2140298380030FFF7FDFE40F22621024812F0AEFC89
S214029848CCE700BFF068002010600020B660002059
S214029858F0690020F8B50D460646511C284607F062
S214029868C5FB044628460EF075FE0546023012F081
S2140298785AFF154B07461B78022B02D0043B012BD6
S21402988821D8124B1B68580201D5A1061BD56206C1
S21402989819D50F4BB3F86830B34214D16B781B074F
S2140298A80DD5284610F0B0FDFCF7A4FD58B1314698
S2140298B804F020000122BDE8F840FFF761BF0EF071
S2140298C8DAFFB842F3D0F8BD10600020D046002078
S2140298D88853002073B504460D4613F016F8FF2881
S2140298E8034625D0134A12784AB1134A32F8102092
S2140298F8520404D510F0EAFA002002B070BD1846E9
S21402990810F0F5FA6946064610F0F7FA40B1FCF789
S214029918E7F928B1002302226946304605F0DCF84A
S214029928204645F0400102B0BDE87040FFF780BE11
S2140299380120E2E70C6000203859002038B50546B9
S2140299480EF008FE0446284610F021FD411C89B296
S214029958284607F04BFB42060DD563781B070FD542
S214029968204610F051FD0146002012F0CCFFBDE85B
S214029978384010F0ABBA0348BDE83840FFF7E6BEF9
S21402998838BD00BFF068002038B54FF6FF75A8420C
S214029998044617D00EF08CFFA04213D04FF6FD7285
S2140299A8094B198891420DD9084A1288AA4201D051
S2140299B8A24207D11C804FF47A71BDE838400448A9
S2140299C812F0ECBB38BD00BFD6690020F269002051
S2140299D85C46002008B50448FCF794F84FF6FF7278
S2140299E8024B1A8008BD00BF5C460020D6690020DC
S2140299F837B505460C46082369460120064AFCF791
S214029A08FBF815B19DF806302B700CB1009B23604D
S214029A18BDF8040003B030BD25E1010007B50823F0
S214029A288DF80600ADF80410009269460020034A35
S214029A38FCF7E2F803B05DF804FB00BF25E101007D
S214029A48024A13780BB1013B13707047016000207D
S214029A5808B50EF039FF00214FF6FF72054B08468F
S214029A681A80FEF7DBF8BDE8084040F616400CF010
S214029A783CBE00BFD669002008B5FCF743F80A4B7F
S214029A881B78023B032B08D84FF6FE73074A10884A
S214029A9898424FF6FF7301D1138008BD9842FCD056
S214029AA8BDE80840FFF7D4BF10600020D669002042
S214029AB810B5084B1B78042B0AD00EF0DCFE0021EA
S214029AC804460846FFF794FF231A5842584110BD29
S214029AD80020FCE711600020F0B5002689B0054694
S214029AE8CDE90566ADF81C6010F051FC0A23024663
S214029AF804462946009605A812F012FF9DF815306E
S214029B089DF814701F2B27D803A80FF03DF90822DA
S214029B180DF1160103A8F4F7B1FA0646E0B9092FC3
S214029B281CD1FFF7C5FFB8B1144B1B78A3B1144B71
S214029B381A884FF6FD739A420ED9124C124A2378A7
S214029B480433DBB223701278013AB3EB820F03DDDB
S214029B5858B20AF084FE267009B0F0BD0A34E4B2A0
S214029B682146284607F042FA0FF0A1F9611C28465A
S214029B7810F030FBFFF708FFEEE700BF4D6A002043
S214029B88D669002001600020386A002038B5134BD9
S214029B981B78033B012B20D9114B4FF6FF711B781C
S214029BA8ABB1104D2B888B4217D10EF081FE4EF6C4
S214029BB8602104460C4812F0F1FA4FF6FE7322466C
S214029BC82B800021BDE8384009200FF07EB9074AED
S214029BD813888B421CBF0133138038BD11600020E6
S214029BE84D6A0020D66900205C4600203A590020BB
S214029BF808B50448FBF786FFBDE80840002108467A
S214029C08FBF734B81069002010B5044661B1FF218D
S214029C180EF041FC002120460EF043FC0EF084FBB9
S214029C28014620460EF043FC2146BDE810400022BD
S214029C38014812F0E6BD00BF9A5900202DE9F0410E
S214029C480D46174604460EF085FC06782846FCF7AD
S214029C584DF92946804620460EF0C6FB0EF00BFE4E
S214029C68A84206D120460121FFF7CEFF0120BDE813
S214029C78F0812846B8F1000F0AD0FCF7B9F950B9B6
S214029C88144B3A462046BDE8F0411978FDF736BD32
S214029C9810F037F9F3E706F00306012E08D00EF0A7
S214029CA8EAFD00232246294602F042FA0028D9D1C4
S214029CB820460EF055FB430505D52046BDE8F04183
S214029CC800210EF0CABE204610F006F9B0FA80F05F
S214029CD84009CCE7376A002010B586B0044610F073
S214029CE856FB104B0246186819790290D3F80500FD
S214029CF85B7A01328DF8143000238DF80C1004902C
S214029D082146009392B2052304A812F009FE052202
S214029D1804A902A8F4F7B2F9B0FA80F0400906B02E
S214029D2810BD00BF2CCC040008B511480EF0CFFCBD
S214029D38104B1B78012B06D8FF2010F0A0F8FDF771
S214029D48B1FB10F0BBF8FDF73BF801F091FCFFF70A
S214029D58F9FA10F094FC07F0F1FDFDF749FD07F05B
S214029D683DFB0CF00AFCBDE8084002F0D3BC00BF7D
S214029D7850540020CE5F002008B5F0F7D3FDFF2828
S214029D8803D0094B1B78012B06D9002010F077F870
S214029D98FDF788FB10F092F8FDF712F801F068FC60
S214029DA8BDE8084002F0B6BCCE5F0020064B187825
S214029DB8112806D000F0FD00A0F141035842584190
S214029DC870470120704700BF106000202DE9F84355
S214029DD80446FDF70FFB18B100263046BDE8F883A7
S214029DE84FF6FF78184BB3F868104145F4D0204672
S214029DF80EF0FAFA154B022120461A88FDF77EFC69
S214029E0806460028E8D020460EF0A4FB90F80790F5
S214029E180546043012F087FC07460EF02CFD49462C
S214029E2802463846FDF7FEFAA81C12F07CFC4045AE
S214029E3802D12046FFF7BAFB2B789B07CDD101212A
S214029E482046FFF7E1FEC8E788530020985900200D
S214029E58F8B507460EF07EFB0546043012F063FCA2
S214029E680646A81C12F05FFC0446304612F04DFD6A
S214029E783046FCF73BF82B789B0701D10EF0FBFC2B
S214029E88AB790BB90320F8BD0EF0F5FCA0420CD155
S214029E980EF0F1FC0446094B214638461A78FFF7BD
S214029EA8CDFE0028EED00020EDE7054B1B78052BEB
S214029EB81CBF044BB3F86840EDE700BF9859002072
S214029EC811600020885300202DE9F041064610460E
S214029ED80D4610F05CFAA0F11004E7B256FA84F4C4
S214029EE82146EA1B04F10E00F3F7CEFD2823DFF81D
S214029EF84480F35598F80030637301F0CDFB611C7B
S214029F08024601200DF008F808220949601DF3F7F9
S214029F18BBFD98F800000FF01EFE05F10E01304654
S214029F283B460022C9B201F069FC1220BDE8F08166
S214029F38966000200B6000202DE9F04F87B004469B
S214029F480EF008FB064620460EF067FA0746301D56
S214029F5812F0E9FB8146B01C12F0E5FB384696F88B
S214029F6807A012F0DBFC33789A075FD1214604205B
S214029F7801F04CFD002859D0204610F008FA014698
S214029F88204607F033F8830750D1204610F0FFF931
S214029F980146204607F02AF810F00303039345D13A
S214029FA82046FFF799FE002840D0204610F0C5FA52
S214029FB8451C204612F022F8EDB205F10A0B83453D
S214029FC85DDA304A04AB1068516803C3691C204640
S214029FD807F00CF829468046204607F007F800EBFB
S214029FE8082059461FFA80F8204606F0FFFF8346E7
S214029FF8039B2146AA1C009304A8082312F090FC8F
S21402A00820460EF00AFA5A4641460CF077FF01221D
S21402A018404604A90FF0D5F888BB022007F032FCA8
S21402A028013003D1404604A9F0F744FD0EF023FCA4
S21402A03848453A46514607D10EF025FEF8B907B00C
S21402A048BDE8F04F0FF071B848460EF01CFEB0B9E6
S21402A0580D4B1B781BB9394648460EF07CFF3A462C
S21402A06851464846FDF7DEF948B1317811F003014A
S21402A07805D1204607B0BDE8F04FFFF7C5BD07B0CB
S21402A088BDE8F08FC2F003000760002038B5114D16
S21402A0982B78023B012B18D80CF032FF0446B0B9D5
S21402A0A8FFF7A2F82B78032B07D12346FF22214677
S21402A0B80120FDF777FE012038BD21462046FAF733
S21402A0C8D5FD003818BF0120F6E71720F4E702206E
S21402A0D8F2E700BF106000202DE9F74305460E465A
S21402A0E814460EF047F90C2828464AD10EF032FAE2
S21402A0F80922002111F0A6FE00F11001C9B2284675
S21402A10806F074FF042813D07C282BD0012840F0D0
S21402A118AC8046B91321284610F05CF803B0BDE8B7
S21402A128F0430EF0D1BB03B0BDE8F043FDF7DCBC4C
S21402A1385B4B1B78022B40F0988046B9FFF7FAF87B
S21402A148C3070AD5FFF792F8002C08BF3F26304609
S21402A15803B0BDE8F0430CF02CBAFFF7CFF800289E
S21402A168F0D0F1E7284611F049FF0446284611F0D8
S21402A17829FF02463046E1B203B0BDE8F0430CF0D0
S21402A18816BA0EF0E7F98046043012F0CCFA074603
S21402A19808F1020012F0C7FA4FF6F773984204461F
S21402A1A80CD8404A138801339BB213800BB93E4A37
S21402A1B813801EB13C4A13880133138098F8009026
S21402A1C809F00309B9F1010F1DD1284610F0DFF88E
S21402A1D80146284606F00AFF0B2809D00D2807D0A4
S21402A1E8042842D1284603B0BDE8F043FFF7A6BBD1
S21402A1F82E4B1B78042B38D10021084603B0BDE845
S21402A208F043FAF733BDB9F1000F2ED1314628468E
S21402A21803F05EFD4EB34FF6F7739C4225D898F8C6
S21402A2280160204616F0040622D10FF038FE0546D5
S21402A23820467DB10FF065FE034600BB0C22009057
S21402A248214638460FF055F80C2200233946204698
S21402A258009308E00FF055FE0346C8B9144A00906A
S21402A2681278214638460FF044F803B0BDE8F0836A
S21402A2780FF047FE034678B90B220090F1E7062254
S21402A28833462146384600960FF033F80622DCE7B6
S21402A2982B4600950622E4E74B46CDF80090F9E7F0
S21402A2A8106000204259002040590020116000200A
S21402A2B86B6A00202DE9F04F05888BB004462846C5
S21402A2C80EF048F90746043012F02DFA8146B81CFB
S21402A2D812F029FA05A98046284610F0A2F8284660
S21402A2E810F055F801460646284606F07FFE3B78EB
S21402A2F8824603F00303012B0CBF83464FF0FF0B85
S21402A30812F027F9E388019002930EF0B4FAFB796B
S21402A31800904846039300F081FF002876D1404615
S21402A32800F07CFF002840F08880FDF72BFB804673
S21402A338FBF7CEFD10B9FFF739FD30B1A8F10408D6
S21402A3485FFA88F8B8F1020F1BD90BF0FD03042B4D
S21402A35800F0B380FFF72AFD20B10AF0030ABAF12B
S21402A368010F0ED0FBF70EFD28B9714B1B7803F0D0
S21402A3780F03062B68D16F4B2846B3F868100EF009
S21402A38833F8BBF1010F63D128460EF017F84FF6E3
S21402A398FF73984240F0918000233146284607AA68
S21402A3A80FF085FD0746002842D042799DF82530F1
S21402A3B8934209D9711D284689B206F02BFEA37866
S21402A3C823F00F030233A3700CF0D0F87E23B0FB01
S21402A3D8F3F202FB130303F58073A3809DF826307D
S21402A3E813F0180F0AD0A3781B0707D1009B4B451A
S21402A3F804D048467A7905A90CF0EDF89DF82700AE
S21402A408003818BF01200BB0BDE8F08F28460EF0C2
S21402A418A1F8023012F087F94FF6F773984207D977
S21402A428039B2BB92846FFF757FC00287FF477AF23
S21402A438A37823F00F03A37008E0404612F06EFAE2
S21402A44800287FF472AFF3E72823A3800020DAE718
S21402A458BBF1020F54D10123314607AA28460FF052
S21402A46826FD80460EF007FABDF8223098421FD124
S21402A478B8F1000FDCD00122B8F80230314628467F
S21402A4880FF013FD2C4A13780133DBB2FB711370FD
S21402A498B8F80230BDF81E209A421FBFA37823F0F0
S21402A4A80F030233A3704FF4C873A3800120AAE7F0
S21402A4B8184612F033FA0028DAD128460DF07EFF45
S21402A4C812F0CCF9012808BF1C4BA27809BF1B78EA
S21402A4D8FA2303EB830303EB830302BF9B00FA33DF
S21402A4E89BB21209A4D1DDE90121521A92B2934213
S21402A4F89ED30CF03BF800F01F001030A080D5E782
S21402A508BBF1030FD9D1009B4B45D6D1711C284607
S21402A51889B206F06BFD0C28CFD1FCF7FFFD4FF68B
S21402A528FF7398420146C8D028460DF05DFFC4E77F
S21402A53810600020885300200E600020466A002023
S21402A5482DE9F04105460C460DF014FF082802D105
S21402A5580120BDE8F081201D12F0E5F806462846DF
S21402A56894F807800DF059FF074628460DF0F8FEC6
S21402A578010612D5184B1B78042B0ED1174B1B78E5
S21402A588022B0AD1164BB3F868204FF6FF739A428D
S21402A59803D000210846FAF769FB124B1B78002BFA
S21402A5A8D6D1A01C12F0BFF84FF6F773984202D81D
S21402A5B86378DA070DD523789B070AD13A464146CF
S21402A5C830460EF060FB80F00100C0B200F00100D9
S21402A5D8BFE70120FAE700BF1160002010600020E4
S21402A5E888530020BB6000202DE9F04F9DB004463A
S21402A5F80DF0C0FE054620460DF0BCFE082869D1BF
S21402A6084FF400432046ADF85030ADF85C4011F0E8
S21402A618F5FCBDF85C20A0F11005EDB2104610233B
S21402A628002100950FF0C3FD294617A80FF097FDE5
S21402A638204611F0C7FC0AF028F9002321461A46DC
S21402A6480C20009309F02DFF98B3204611F0BAFCAF
S21402A65814A902461020FBF779FF0501204611F0DF
S21402A668B1FC14A902464020EDB2FBF76FFF10B109
S21402A67820460BF084FF204611F0A4FC14A90246DB
S21402A6888020FBF763FFB8B99DB1102517A805F01F
S21402A69867FF2046BDF8507011F0B0FC064620460B
S21402A6A811F090FC29460090F3B2384617AA0BF030
S21402A6B8FCFF1DB0BDE8F08FBDF8503017A8ADF806
S21402A6C85E40ADF85C300CF013FC0028DCD145F097
S21402A6D88005DBE720460DF08DFEB0F5006F40F0F2
S21402A6E8058120460DF099FE0646042D40F00181AC
S21402A6F820460DF035FE80F40060C0F3C02000222C
S21402A7083146400011F0D8FF944B1A78022A0DD031
S21402A718FFF74CFB50B902F0FD03312B06D0043A82
S21402A728012A03D98E4B1B78002BC2D02146022061
S21402A73801F06CF905900028BBD02046ADF84640DB
S21402A7480DF008FF0446BDF846000DF066FE064604
S21402A758201D11F0E8FFA31C83461846039311F048
S21402A768E2FF12A90746BDF846000FF05AFE6378C4
S21402A7780690BDF8460094F8008008930FF007FE8E
S21402A7886378054608F0030830460C93FBF7AEFBE1
S21402A798B8F1010F0CBF032302230E93714B08BFB7
S21402A7A84FF00B091E80237818BF4FF00A0903F0F2
S21402A7B83C03082B0D907FF47CAFBDF8460011F0E1
S21402A7C81DFCA8427FF675AFB8F1010F03D02378B7
S21402A7D89B077FF46EAF644BB3F86830B3420DD173
S21402A7E8624A634BB2F9001093F90030002900F070
S21402A7F8A58001EB0313A3EB211313804FF0010A84
S21402A808A5F11003DBB20A938DF8453010224846AC
S21402A818BDF84610CDF800A00DF1450309F041FE3B
S21402A82800283FF446AF089B13F00203099300F092
S21402A8380981504B1B78002B3FF43BAFBDF846907E
S21402A84848460FF0A4FD002307904846CDE9173383
S21402A8581993ADF868300DF0E0FD079B039003F1FD
S21402A8680E01484689B20FF065FD002870D0002315
S21402A8784946079A009317A80E2312F051F8504635
S21402A8880DF15D010CF056FB9DF869300B900493B0
S21402A8989DF85C30282B5BD10DF16100FBF7AAFD11
S21402A8A80F90002854D104980FF055F90F9B0028F2
S21402A8B866D1314B049A1B78D31A1C0648D404F086
S21402A8C859F950453CD111F049FE2C4E05463468DC
S21402A8D824B104F055F92C1B844239D30023FF22F5
S21402A8E819461846FDF75EFA356031E04FF6FD76F2
S21402A8F8FBE64FF6FF70301A18BF012000223146D9
S21402A908400011F0D9FE0C2D0DD12146012001F090
S21402A9187DF800283FF4CDAE214600201DB0BDE8E4
S21402A928F04FFDF7D3BF2DB920461DB0BDE8F04F56
S21402A938FEF79CBA042D7FF4BCAEE5E61B025CE784
S21402A94804F018F9022803D104F0F6F80028BAD061
S21402A95800221920039911F0AFFEAAE61060002023
S21402A968BB600020B6590020885300208A59002070
S21402A978B86000200C6000200B600020985400206D
S21402A98810214846079ACDF800A00EF034FF00289A
S21402A998DED0BB4B049A1B78934240F0AA800399F8
S21402A9A80DF1610214A811F0C9FC012114A8FBF7E5
S21402A9B8F5FA824648F2030114A8FBF763FBBAF1DC
S21402A9C8000F03D0082114A80CF057FA48460FF0D7
S21402A9D8FCFC03990DF16100FCF72AFCFE2882466E
S21402A9E8B6D0FF280AD1039811F07EFFFF288246C8
S21402A9F800F087800DF16101FCF7F4FAA04B049A87
S21402AA081B78934200F0A38050460B99FCF7F6FB9E
S21402AA1800283FF44EAE50460B99FCF701FC23780B
S21402AA2898070FD148460FF0B2FC0146484606F092
S21402AA38DDFA00F00300012804D103980DF1610144
S21402AA48F0F738F8BDF846000DF08AFC010440F12C
S21402AA588580204611F067FE40F4007189B22046D0
S21402AA6811F063FE00224FF40041BDF846000DF0D7
S21402AA7868FCDDF81490012310220093BDF84610F6
S21402AA880E980DF1450309F00CFD00283FF411AEAF
S21402AA98032866D1204611F046FE40F4007189B2BA
S21402AAA8204611F042FE304611F038FF002840F0EA
S21402AAB8B680DDF81490B8F1010F40F0B680032096
S21402AAC8BDF8461000F0A2FF002840F0AE802946E6
S21402AAD8BDF8460006F08AFA0F2801467FF6E9AD69
S21402AAE84FF6F7739F423FF6E4AD30460EF0A0FAF3
S21402AAF8DFE55046049903F085FA00287FF44FAF45
S21402AB0826E7237803F00303012B08D148460FF003
S21402AB183EFC0146484606F069FA082892D0594B88
S21402AB281A78594B1B789A4209D20DF1610103989B
S21402AB38FCF70CFA039811F0D7FE82465EE7A01CD3
S21402AB4811F0F1FD4FF6F7739842EED900E750463A
S21402AB58FCF7CEFB00283FF457AF5CE74FF000093E
S21402AB6889E7304611F0DAFE0028A4D0099B002BAC
S21402AB7857D1B9F1000F52D1B8F1010FBDF846000E
S21402AB889DD0294606F032FA8246DFF8089199F8EF
S21402AB980030002B54D00DF06EFE87427FF489AD4C
S21402ABA8B8F1010F7ED1BAF1070F75D8BAF1050FC1
S21402ABB87FF67FAD354B1B78022B02D0043B012B68
S21402ABC803D899F80030002B41D00C9B9A0640F126
S21402ABD8B4800D9B002B40F0AC80304611F095FEF9
S21402ABE8FF2840F0A6805E457FF463AD069B002BE7
S21402ABF800F09D8012AB46F204020124ADF85C20F8
S21402AC080193214602233046009417AA0FF09BFBB5
S21402AC1800283FF44EAD21460DF01FFF49E5DDF84A
S21402AC28149030460FF055F945E72946BDF8460018
S21402AC3806F0DCF9099B824613B9B9F1000FA4D0D5
S21402AC48124B1B78022B02D0043B012BBDD8304690
S21402AC5800F0E4FA814600287FF42BAD0DF00BFED7
S21402AC68864225D10A4BB3F868400DF004FE4B46DF
S21402AC7801460D222046CDF800900EF03AFB18E564
S21402AC880B6000200A600020476A0020106000203F
S21402AC98885300200C600020AAF10E03DBB2012BB9
S21402ACA888D906E50AF00303012B7FF402AD81E793
S21402ACB8304611F033FE58B90DF0FAFD4FF6FF7321
S21402ACC8984205D011F0A8FB10B93046FCF7E4F814
S21402ACD8304611F023FE88B10DF0EAFD4FF6FF73F9
S21402ACE898420BD011F098FB40B9B8F1010F02D187
S21402ACF8BAF1060F02D030460FF0EAF8069BA3B95F
S21402AD081946012258460EF05CFA814600287FF45E
S21402AD18D0AC20460FF078FB4A46014638460EF07D
S21402AD2850FA00283FF451AFC3E412A9E9E7069B9C
S21402AD3861E7637823F0200363704FF6FC739F4243
S21402AD483FF4B7AC4FF6FD739F4204D1B34B1B7862
S21402AD58042B3FF4AEACA3790BB1013BA371637825
S21402AD685B0727D50023584617AA14A917930FF08E
S21402AD7890F81798F0B10FF085F88146384611F02A
S21402AD88C4FD179A0146137903F03000102806D03E
S21402AD9803F00C0008281CBF23F00C031371137968
S21402ADA803F03303202B05D1FF2903D0012248469E
S21402ADB80FF077F8304611F0A8FDFF281EBF0022D4
S21402ADC8974B43F82020089B03F001094FF6F773C8
S21402ADD89F4200F2F980B9F1000F40F00181314636
S21402ADE858460EF0B8F80DF046FD874200F0C680C9
S21402ADF8384611F093FD002841D0B8F1010F27D14B
S21402AE08BAF1010F17D14A462946BDF846000FF097
S21402AE184BF8384611F082FD824B1B78002B72D114
S21402AE28584611F07BFD002866D1384611F076FDAB
S21402AE38002861D13DE4384611F070FD50B3BAF1EE
S21402AE48030F27D12946BDF846000EF08AFA30E4E9
S21402AE58384611F063FD38460FF053F8002847D0FD
S21402AE68002339465846BDF8462001F061F9002805
S21402AE783ED00021BDF84600FEF7C6FE19E4384665
S21402AE8811F04CFD18B1B8F1010FD8D0E3E7B8F1CC
S21402AE98010FE0D1634B1B78002BC1D0BAF1050F26
S21402AEA831D10DF0E8FC8DF85C000DF0E4FC000AE8
S21402AEB88DF85D000123022217A90DF14600FAF764
S21402AEC875FD00287FF4F5AB691C89B2BDF846000B
S21402AED806F07AF80378013303706378590715D4B5
S21402AEE80DF0C9FC834522D0002239461C2032E5E3
S21402AEF84C4B1B78002B93D0B8F1010FCED0637859
S21402AF085A0714D502E06378580718D5BDF84640A4
S21402AF1820460FF0FEF9411C89B2204606F054F886
S21402AF280378B8F1010F03F1FF33037004D0BDF8BC
S21402AF384600FEF78DFF09E0BAF1050FD0D0BDF83E
S21402AF484600FEF785FFBAF1030FCDD00228CBD113
S21402AF580021584617AA0EF09FFF30B103794680A3
S21402AF6803F03C0343F04003037100232E4A009388
S21402AF783946584612780EF0BCF9B5E7B8F1010F13
S21402AF887FF477AF0AF1FF330C2B00F2868001A21A
S21402AF9852F823F0FDAF0200FDAF02004DAE0200EC
S21402AFA813B0020035B00200BBA6020059B0020078
S21402AFB869B0020075B0020075B00200BBA60200B6
S21402AFC88BB0020097B00200B8F1010F71D0B9F148
S21402AFD8000F08D1BDF84600FEF7AEFFFFF769BBC3
S21402AFE8B8F1010FCED0237A03F00303012B7FF4C6
S21402AFF860ABEFE7AAF102035A422946BDF84600BB
S21402B0085A410EF051FFFFF754BB2A465846BDF880
S21402B0184610FEF71FFCFFF74CBB00BF116000206E
S21402B028184500204B6A00206B6A0020691CBDF890
S21402B038460089B205F0DAFF0235EDB20246BDF8DF
S21402B04846305846009512A906F0D4FDFFF731BBE4
S21402B05801200A9ABDF84610FDF71AFBFFF729BB2E
S21402B068BDF846000EF026FFFFF723BBBDF84600E4
S21402B078FEF732FDFFF71DBBBDF84600FEF72CFDB6
S21402B088A8E7BDF84600FEF70BFAFFF712BBBDF8B5
S21402B09846000BF027FFFFF70CBB2B46224650460E
S21402B0A8BDF846100BF0F4FE00287FF402AB5146BA
S21402B0B81BE50AF1FF330C2B3FF6FBAA01A252F856
S21402B0C823F000BFFDAF0200FDAF02004DAE020046
S21402B0D813B0020035B00200BBA6020059B0020047
S21402B0E869B0020081B0020081B00200BBA602006D
S21402B0F88BB0020097B0020010B5002111480DF07F
S21402B1088DFA0446E8B10DF0B1F90F4B18702046D7
S21402B1180DF0B1F90D4B187020460DF0B2F90C4B34
S21402B128187020460DF0B2F90A4B1860012011F08B
S21402B13819FA2046FFF758FABDE81040002011F029
S21402B14811BA10BD68590020B9600020B860002006
S21402B158B76000209054002070B5144E0446336839
S21402B1680D46BBB10DF006F90C2813D120460DF09A
S21402B178F1F909220021044610F064FE235C042B30
S21402B18808D10B4C25B10B4B22781B789A4203D375
S21402B19800232370002070BD0748316810F0FEFFB8
S21402B1A82378012001332370F5E700BF945400206A
S21402B1B8BA6000206A6A002010690020014B93F9E1
S21402B1C8010070478A590020014BB3F8680070479F
S21402B1D88853002070B500240D4D2C70EFF77CFACA
S21402B1E8E6B2B04208D800220A4B1A700A4B1988EF
S21402B1F801B11A80012070BD304611F08CFBC307DE
S21402B20848BF2B7804F1010444BF01332B70E5E7ED
S21402B21809600020026000203C59002038B50B4B1C
S21402B22805461B7873B101335C08094B188810F081
S21402B238C9FE002330F81320AA4205D00133DAB239
S21402B248A242F7D3002038BD0120FCE702600020A6
S21402B2583C59002030B5054685B008460C4611F024
S21402B26856FBFF280CD00DF061FF01220021034691
S21402B278CDE90112009221462A460720FCF7F6FB82
S21402B288284611F042FBFF2804460FD011F043FB74
S21402B298C2070DD5204611F03EFB830708D40B4A99
S21402B2A832F8143043F4806322F8143005B030BD07
S21402B2B80DF03CFF012200210346CDE9011200925F
S21402B2C807202A46FCF7D2FBF0E700BF38590020D1
S21402B2D84FF6FA72431E9BB2934270B504462AD8BA
S21402B2E8FFF79CFF38BB194B1B78042B23D020464C
S21402B2F811F0FAFAFF2801D0FBF7FEFC20460EF002
S21402B308C3FD08B10EF0BAFD2046114E03F0ACFE9E
S21402B31820460BF05EF931780E4D69B1288810F098
S21402B32851FE054601461E220230F2F7ADFB2C807E
S21402B33833781E2B07D970BD202010F0B7FE288060
S21402B3480028EBD1F7E702333370F4E711600020E8
S21402B358026000203C590020044A13782BB1013BB6
S21402B368DBB213700BB9024A1380704702600020E2
S21402B3783C5900200148FAF7D5B800BF3C590020CE
S21402B3882DE9F047804617460D468CB061B903AEE4
S21402B39800211B4811F02FFA4FF000090446DFF887
S21402B3A860A01CB920461DE00E46F1E700222146A1
S21402B3B824233046CDF8009011F0B2FA082241460E
S21402B3C83046F2F75BFEA8B9337C9BB96FB945B92C
S21402B3D82A4621460A480DF040F90A4A1388013BD4
S21402B3E8138001200CB0BDE8F0873B88B289534031
S21402B3F85B06ECD52146504611F021FA0446D0E702
S21402B4089E5900209C590020024B1888003818BF05
S21402B418012070479C5900202DE9F04330488DB032
S21402B428FAF770FB11F09AF82E4D2B68C41A4FF4EF
S21402B4387A73B4FBF3F4A4B214B111F08FF828604F
S21402B448294F4FF6FF763B88DFF8A080ADF80A3022
S21402B45800233B8000210DF10A000DF0DFF80546B7
S21402B46858B9224B1B882BB14FF47A711C4871438A
S21402B47810F094FE0DB0BDE8F0834FF000092423C7
S21402B4884A462946CDF8009003A811F049FABDF8B5
S21402B4981A30A34294BFDB1A1B1B9BB2ADF81A30B4
S21402B4A863B9BDF818301B0602D508980BF0FEFAE9
S21402B4B8B8F80030013BA8F80030CBE79E4228BF18
S21402B4C81E4601234A462946009303A8242311F060
S21402B4D827FA4A462946384611F093F9BAE700BFD2
S21402B4E8FC4500209C5400209E5900209C590020B0
S21402B4F8F0B504462E4A8DB01068516801AB03C3F6
S21402B508A378012B4FD1162200210DF11A00F2F76B
S21402B51869FAD4F82110D4F81D0003AB03C32388B4
S21402B528190644BF62680892DA050BD5221D08AED2
S21402B53804F11407354610685168083203C5BA4242
S21402B5482E46F7D1ADF8183013F0040318BFA369D6
S21402B5580593EFF7D9F80023ADF81A00082201A9D7
S21402B56803A88DF81C30F2F789FD18B106A903A8BE
S21402B5780EF077F80022242103A80DF006F80446F8
S21402B58898B10020FFF748FF00222146094811F02B
S21402B59838F9094A0020138801331380FFF73CFF65
S21402B5A800200DB0F0BD0220FBE71920F9E700BF26
S21402B5B8C2F003009E5900209C590020F7B50446A5
S21402B5C800200E46FFF728FF104B1B88A34202D81E
S21402B5D8212003B0F0BD00210D4811F00CF900251A
S21402B5E801460B4F0029F3D0A54208D10024242394
S21402B5F822463046009411F093F92046E9E7384689
S21402B60811F01DF901350146ECE700BF9C590020F0
S21402B6189E5900200148F9F785BF00BF9E590020B1
S21402B628014B1888704700BF9C59002070B50C461D
S21402B63811460E4A23781278064613F0200542EA87
S21402B6480302227018BF611D0822F2F71DFA002DA8
S21402B6580CBF05200D20D4F80130B360237833736D
S21402B66803F01803082B08BF013070BD0C600020D9
S21402B678042307B501200DEB0301054AFAF7BCFAC5
S21402B688019B044A1B03136003B05DF804FB00BF6A
S21402B69863E51100C046002010B5064C2368C3F3C4
S21402B6A80B0313B90448E3F7A9FC2068431C23607C
S21402B6B810BD00BFC046002063E51100014B1868A4
S21402B6C8704700BFC046002007B50020054B064A53
S21402B6D8186004230DEB03010190FAF78DFA03B004
S21402B6E85DF804FBC046002063E511007FB5112310
S21402B6F80A4A012001A9FAF77FFA094B9DF8142095
S21402B7081A70084B1B780BB1052B05D10AF02DFFD2
S21402B718012007B05DF804FB0020FAE779EB010088
S21402B7280B6000200C6000202DE9F04F0646CBB0D7
S21402B738884600880121174610F07CFC2E4B3A46B4
S21402B7483188ADF8160006A80EF02AF80DF1280B77
S21402B7585A464146C41930880DF0ACFFE4B208EBED
S21402B7680003A34208BF044605464FF004091CBF5F
S21402B778A4EB0804E4B223465A460121CDE900099F
S21402B7880BEB050ACDF808B02D1B06A8EFF7ECFB65
S21402B798EDB20BEB04030093019523465A46414645
S21402B7A830880DF0B5FF34883946204605F01EFC71
S21402B7B8394600F0F802204605F02CFC01213088B4
S21402B7C810F038FC01234A46514680B10DF11600A6
S21402B7D8FAF7ECF801210446BDF81620308810F076
S21402B7E83DFCB4FA84F040094BB0BDE8F08F304611
S21402B7F8FAF7DCF80446F4E7966000202DE9F04FE5
S21402B808C9B0044688469246C118224A04A81F466A
S21402B818FFF70CFF4FF00409C519EDB208AB029307
S21402B828A5EB0A0BA8EB0A035FFA8BFBA8EB050647
S21402B838DBB2F6B204EB0A02009301215B46CDF8AE
S21402B848049004A8EFF790FB06F590730DEB03023D
S21402B8585A44A2F58072136808A844F80830E35DD3
S21402B868324623F00703E3552C442146F2F74AFAF8
S21402B87808ABCDE9019308AA00230121009604A883
S21402B888EFF772FB3246204608A9F2F73BFA49B0B0
S21402B898BDE8F08F96600020F8B506460EF04DFE1D
S21402B8A8811C054689B230460EF044FDF0B1EDB172
S21402B8B82946304605F09AFB1228074616D80C4B3E
S21402B8C8691C1C5C89B2304605F090FB2C44052F97
S21402B8D8E4B205D1052809D8064B1B5C1C44E4B221
S21402B8E821463046BDE8F8400EF024BD0020F8BDDB
S21402B8F86ECC040068CC0400F8B505460EF047FD89
S21402B908044628460CF026FEA11C074689B228469D
S21402B9180EF010FD00283ED0002C3CD021462846CA
S21402B92805F064FB0646611C284689B205F05EFBF4
S21402B9380F2E30D8194B9B5DE118731E89B2092B5E
S21402B9480ED8DFE803F009050D0D120D0D181E1EA0
S21402B958C40644BF083189B2820601D5083189B2C5
S21402B9682846BDE8F8400EF0E5BC7B78DB0612D523
S21402B97801EB4001F3E700F01F0000EB4000014432
S21402B988EDE71F2805D8092E0ABF4000022080B21C
S21402B998F5E7C828E4D00020F8BD00BF81CC040033
S21402B9A8F8B506460CF0D6FD09220021054610F029
S21402B9B849FA00F11004284610F0B5FEE4B207462C
S21402B9C82146304605F012FB0546304610F016FBB7
S21402B9D8BA05A0EB0403DBB20AD47C2D0AD0082DE4
S21402B9E80AD8064A505D98428CBF00200120F8BD4E
S21402B9F81220F8E70320F6E7FF20F4E792CC0400CB
S21402BA08014B1878704700BF6C6A002038B5114B96
S21402BA1804461B7808469BB9012038BDA24205F1A8
S21402BA2801050FD103EBC1035B6898470028F3D1E1
S21402BA381E2022464FF6FF7110F03EFE0020ECE76D
S21402BA480025054BE9B213F83120002AE6D1144640
S21402BA58EEE700BF6C6A002038CC04004FF6FF738E
S21402BA6807B502220DF106010348ADF80630E3F7E2
S21402BA7801FB03B05DF804FB603202E0002307B561
S21402BA88ADF80430134B984221D10B88DA0703D558
S21402BA98232003B05DF804FB9B0748BF4FF47F439F
S21402BAA84FF002020C480DF1060148BFADF804300B
S21402BAB8E3F7B4FA4FF6FF73BDF806209A42E7D1C9
S21402BAC80222054801A9E3F7D5FA0020E1E721207A
S21402BAD8DFE700BF1FD1BACA603202E0002313B5FF
S21402BAE80222038004460DF106010F48E3F796FA90
S21402BAF82D2801D0112805D14FF6FF73ADF8063070
S21402BB08FFF7ACFF9DF80630BDF806201BB1238868
S21402BB1843F0010323800020FF2A82BF238843F0D4
S21402BB280203238002B010BD603202E0034B1B788A
S21402BB38002B14BF442056200E3070470C6000209D
S21402BB482DE9F04F8DB0179C06468946CDE90223AB
S21402BB58BDF85870D588ADF816103CB9EC0605D570
S21402BB6800970AF033FE0DB0BDE8F08FC5F38024C7
S21402BB782B054FEA043448BF44F40064A80511D5DF
S21402BB8844F080040A2E00F26981DFE816F09A0073
S21402BB982F001700370067016701370010009A0068
S21402BBA837009E00E90548BF44F04004EAE74FF034
S21402BBB801084FF0020B4FF0000A14E008A95FFADA
S21402BBC889F00EF029F8DDF82500DDF8291006AB15
S21402BBD803C3A44B33F81930ADF816304FF00008FB
S21402BBE8C3460DF1180A002F5DD125E006AA0DF10D
S21402BBF816015FFA89F003F017FAEFE74FF6F773C4
S21402BC08994540F22B8115F4026F40F02781964B36
S21402BC181B78022B03D0043B012B00F2218147BB81
S21402BC28032E4FF001080CBF4FF00C0B4FF0080B19
S21402BC38BA4624F4C074A4B28C4B18884FF6FF7325
S21402BC48984206D08A49FAF767FB10B124F4805462
S21402BC58A4B2039B38460093BDF81620534644F414
S21402BC68027105F0EBF9ADF82000002838D119204A
S21402BC7879E7384610F0C2F90246FFF757FF032E57
S21402BC8808BF0138824201DD38206CE7032E4FF0E8
S21402BC9801080CBF4FF00C0B4FF0080B4FF0000AD0
S21402BCA824F4C074A4B2029B1B889BB91A46394670
S21402BCB80620009308F018FC0028BDD140F6014083
S21402BCC851E74FF00008C34675E74FF001084FF0FA
S21402BCD8030B70E7002339461A4607200093E9E764
S21402BCE84FF6FF73614A118899421CD00CF032FC59
S21402BCF803465E4A04301188039310F016FD5D4928
S21402BD08039B097814F4805FD9715949574A1FBFB3
S21402BD18086898604868D8604FF6FF7313804FF03B
S21402BD28FF330B604B605946029A08A805F03AFAA8
S21402BD3800289CD0504C2378002B3CD1A7B138461B
S21402BD4810F05CF90746BDF8200010F057F9237882
S21402BD580744002B14BF12220022EB1003F0040340
S21402BD6817443B44842B8FDC15F400570AD0BDF8E1
S21402BD78204020460CF0F4FA40F4806189B220464E
S21402BD880CF0D9FAA6F10803012B05D801221021D6
S21402BD98BDF820000CF0D5FA179BBDF8204043B337
S21402BDA82046BDF816100CF01FFBBDF82030179A77
S21402BDB800201380D7E6AA06C0D56B0103F020033D
S21402BDC80A2E14BF43F0010363F07E03DBB2B8F118
S21402BDD8000F08D000215246009108A800F082FE03
S21402BDE80028ABD0BFE61A46514608A80DF003FE57
S21402BDF8F6E720460EF0CBFA179B024621460420A9
S21402BE08009308F071FB00283FF458AF0A2E18D8A2
S21402BE184FF4D963F340DB0713D5072E0AD00A2E50
S21402BE2808D0BDF820000DF0A6F880F00100C0B2D8
S21402BE38800098E608A80BF038F80028F1D004200D
S21402BE4891E617B125F04005ADB22B463146BDF84E
S21402BE5820005FFA89F201F07DFE84E6012082E680
S21402BE68162080E66C58002010600020F469002036
S21402BE786D6A0020C66000200C600020F7B50F46E9
S21402BE889DF828100446DDE90B061D46F1B94FF663
S21402BE98FF739C421CBF174B1C804FF000041CBF4C
S21402BEA8154B1A70BDF8240005F012FA00232A462C
S21402BEB8CDE90043394606209DF82030FFF740FEBC
S21402BEC810B90EB1AB7A337003B0F0BD78B14FF645
S21402BED8FF739C421FBF074B1C80074B1A70002239
S21402BEE80CF053FB04460028DCD11920ECE721208D
S21402BEF8EAE700BFF4690020C66000202DE9F04793
S21402BF0888469DF82810074616461D469DF820A026
S21402BF18BDF824900B9839B158B300220CF035FBC3
S21402BF28044610B9192025E00C464FF6FF739D42C9
S21402BF381FBF114B1D80114B83F800A04FF6F773F5
S21402BF489E4208D80E4B4FF6FD761A784FF6FF73C8
S21402BF58002A18BF1E46484605F0BAF900233A4694
S21402BF68CDE9084331464346BDE8F0470320FFF7CC
S21402BF78E7BD2120BDE8F087F4690020C6600020EE
S21402BF88CD5F00202DE9F04786B09DF8386005465B
S21402BF98DDE90FA80C4617469946B6BB374B1B7801
S21402BFA8022B1DD125BB4FF6F7739C4214D80026E8
S21402BFB8484605F08DF900233A46CDE90063214646
S21402BFC8FF232846FFF7BCFD38B9B8F1000F04D0A6
S21402BFD8BB7A88F8003000E0012006B0BDE8F0879A
S21402BFE8043B012BDED908460AF05CFF10B31DB3EA
S21402BFF8022D31D1EEF76AFBA042EDD9204B33F879
S21402C00814204FF6FD739A4219E0BAF1000F32D0A7
S21402C0181A4B1B78022B05D1FFF788FDB042E6D2F1
S21402C0283820DAE7043B012BF6D908460AF03AFF2D
S21402C0380028F1D11620D0E74FF6F7739C42CBD8EA
S21402C048002EB4D03146002250460CF09EFA064620
S21402C0580028ADD11920C0E7012DBDD104AA0DF1E3
S21402C0680E01E0B202F0E0FF064B1B78A342B3D9FA
S21402C078BDF80E20C5E72120AFE700BF10600020FC
S21402C0886C580020416A002030B5104B87B0054630
S21402C0980C461868596803AA03C298680C491060C7
S21402C0A89A88DB8852BA23F04003ADF81230002390
S21402C0B8CDE90043ADF81020FF23098803AA07201C
S21402C0C8ADF80E50FFF73CFD07B030BDAA59002068
S21402C0D8B659002038B50C461146124A124D108041
S21402C0E822682A6062686A60A268AA60E2885006C5
S21402C0F816D5EA88520613D561B1002218460CF006
S21402C10844FA014650B16088FFF7BEFF0522074B86
S21402C1181A7038BD08460EF07BF8F2E71920F5E7E4
S21402C1280220F6E7B6590020AA590020D660002059
S21402C1382DE9F04F074689B0104615461C468A4632
S21402C1480EF025F90146284604F050FF0646284612
S21402C1580CF000FA043010F0E6FA80460CF08BFB7E
S21402C168804550D0B2074ED1DFF8AC80284605A9E4
S21402C178B8F800B00EF0F2F99DF81930A8F8007079
S21402C18803BBBDF81430EBB928460CF0E3F90230CD
S21402C19810F0C9FA4FF6F773984294BF4FF00009A9
S21402C1A84FF0010901230134E4B22A463846CDF895
S21402C1B8009005A9039303F001FC039B40B90133E1
S21402C1C89C421ED20020A8F800B009B0BDE8F08F45
S21402C1D8022CF8D1012BF6D10C4A0D4BA3F800A07D
S21402C1E81378591C11700B4A7F3B16F00C0113701A
S21402C1F807D1BDF81A305B0603D5BDF81600FFF75F
S21402C20843FF0223D1E70020DFE700BF0E600020CD
S21402C218F4690020C6600020B65900202DE9F04FC8
S21402C228ABB00F46ADF81E000CF094F900F1020A06
S21402C2380646504610F077FABDF81E4005462046D8
S21402C2480EF0A5F80146204604F0D0FE814600F01E
S21402C2580308301D10F067FA414C20800CF00BFBE7
S21402C268A8422DD04FF6F7739D4229D87378DA077D
S21402C27826D428460DF045FE30B101232946BDF8DE
S21402C2881E202088FFF754FF0CF0F5FA344B1B8863
S21402C29883420FD1BDF81E4020460EF078F80146BC
S21402C2A8204604F0A3FE10F00C0103D1BDF81E00D0
S21402C2B801F00EFD00222B4B1A602BB0BDE8F08F62
S21402C2C82949BDF81E000EF049F92849BDF81E0096
S21402C2D80EF0A7F80028254B08BF0023214ABDF810
S21402C2E81E0013600CF0C2F8214B1870BDF81E0031
S21402C2F80CF0C1F81F4B1870BDF81E000CF0C6F8FB
S21402C3081D4B186000238DF82230002F3AD0164BAA
S21402C318DB889B0636D5194B1B689D071ED4B8F1D9
S21402C328010F14BF082318230DF1220200920022DF
S21402C3380DF11E00114600F0D5FB18B3B8F1010F37
S21402C348A2D10F4B1B78112B9ED10DF0F3FB0028C0
S21402C3589AD140F61D40FBF70FFB95E70823E3E763
S21402C368B6590020A4540020AA590020BE60002016
S21402C378B9600020B860002090540020D046002003
S21402C38810600020504610F0CEF98246BDF81E0016
S21402C3980FF034FEA0F11005EDB22A4631460AA87F
S21402C3A8F1F7B0FCFF238DF82F304FF6F7739A4556
S21402C3B840F2DF80B8F1010F00F0E780B8F1020F13
S21402C3C800F04681B8F1000F7FF45EAFA44DBDF8C9
S21402C3D81E00EB88ADF8240004930CF0BBF8BDF8F9
S21402C3E82460074630460DF0D2FF0146304604F078
S21402C3F8FDFD8DF82300B81C7E7810F094F90746E8
S21402C4080CF039FA06F00106B4F8009003906C882E
S21402C418002E7FF439AF4FF6F77A4246494657451B
S21402C4288CBF0620082010F047F9BDF824B05846FD
S21402C4380DF0ADFF5946024643460420CDF800806B
S21402C44808F02FF8574583460AD8B5F90620EB8830
S21402C458002A05DB580603D541462046FFF714FE98
S21402C468BBF1000F3FF410AF2B88002B5AD16B7923
S21402C478002B57D14FF6F7730DF126019F42BDF8F0
S21402C488240094BF4FF0000B4FF0010B0DF023FC75
S21402C498DFF8D8A100F1FF38BAF800301FFA88F1A1
S21402C4A80593EB88BDF82600069304F09FFD069BCD
S21402C4B804990190009322465B460598C1F3401101
S21402C4C80AF0FDFC00283FF4DFAE042306200093A2
S21402C4D8BDF82610624B5FFA88F207F0E2FF0028E2
S21402C4E83FF4D2AE48F202036A889A4205D1BDF8F2
S21402C4F82410BAF8000000F025FF594D09AA29466B
S21402C5080DF123000AF0D9FC034600287FF4BCAEDE
S21402C5182104BAF80000BDF8242060D5234629462F
S21402C5280DF0EEFB9DF823304D4D03F00C030C2B5B
S21402C53875D128890DF0AFFB00283FF4A5AE039B02
S21402C548002029894B4514BF0226032602F044FC24
S21402C558444B18704FF6F7739F42BDF8240075D8FF
S21402C568A4F138025342534132463D4904F036F8A4
S21402C5788AE6B8F1020F6BD0394BB3F90630002BB6
S21402C58826DAB8F1010F7FF41DAF0CF074F9238890
S21402C59883423FF479AE0520BDF81E10FFF736FA3F
S21402C5A800283FF471AE2E4AD3885B0607D50023CF
S21402C5B8CDE900330A20FF232188FFF7C1FA3A465D
S21402C5C89DF822302188BDF81E0002F01DF85BE6B1
S21402C5D829460AA800F070F80028D2D054E60221AC
S21402C5E8DFF88C8088F800102946CDF800B003F0F2
S21402C5F8E5F9132C96D0EB885D0493D41A4B1B7876
S21402C608D80703D598F80020022A8BD099077FF519
S21402C6183BAE98F80030012B7FF436AE82E7002254
S21402C6282B79124800936B791146008802F0FCFBBE
S21402C6380C4B18709DF8233003F00C03082B89D195
S21402C648039B4B4514BF0426052683E701238BE785
S21402C6584846BDF81E20024901F0AEFA14E600BFAD
S21402C668AA590020D5600020D15F0020B6590020C4
S21402C678C760002010B5002108480BF0CFFF04461B
S21402C68850B101460420FFF7C1F928B12046BDE89B
S21402C69810400121FFF7C2BD10BD00BF9A59002005
S21402C6A8034BFF211A7803489200F1F79BB900BFA3
S21402C6B8426A00208843002070B5451804464FF0A9
S21402C6C8FF31AC4212D1104B10481A7805460023A7
S21402C6D8934211DB0E4C2078431CB3FBF2F602FBA6
S21402C6E8163345F82010237000200CE014F8010BCE
S21402C6F8E1F7F4FD0146E4E750F8044BA14201D005
S21402C7080133E5E7012070BD426A00208843002015
S21402C718C8600020042307B501200DEB0301054A73
S21402C728F9F76AFA019B044A1B03136003B05DF823
S21402C73804FB00BF23E11100A0540020014B186837
S21402C748704700BFA0540020014B1868704700BF0E
S21402C758A054002010B5064C2368C3F30B0313B984
S21402C7680448E2F74BFC2068431C236010BD00BF58
S21402C778A054002023E111002DE9F04F93B0039353
S21402C7880023DDE91C79069399F8003083460DA844
S21402C79804930E4615460AF020F899F8003013F06E
S21402C7A803043ED0039B0DF1250A8DF8243000229F
S21402C7B8082138460BF0EDFF002870D028880BF0C9
S21402C7C8C9FE99F800301C074CBF043002300FF03F
S21402C7D8AAFF07A98046F9F79FFB9DF8243004466E
S21402C7E8980633D5288806F10D010DF0A3FDA8B1E9
S21402C7F800230093384608232988721D10F090F803
S21402C80899F8003003F01803182B4AD1B8F1000F34
S21402C81847D0A94BB3F86830434542D040F60A439E
S21402C82827E02888711D0DF085FD0028F6D00094B3
S21402C83805233246298809A810F072F89DF8243094
S21402C8480DF1240A03F018030393B0E714BB394624
S21402C8584046F9F761FD0028D2D099F800309907CA
S21402C868DCD040232246214640460DF0F0FA40F638
S21402C878094399F8002012F0030440F0F78028884C
S21402C88803930BF0CAFD224601461A200FF014FF46
S21402C898039BEBE007AB03CB38607960B0E74FF653
S21402C8A8FF780AF0EFFA044620B104213846F9F771
S21402C8B84FFB04461E9B002B5AD009231E990DA82F
S21402C8C88DF834300AF003F9209B0BB1209B0693AF
S21402C8D8039B002B40F08E800DA8EEF7A7FB99F875
S21402C8E800309A0700F09880FFF734FF5146024658
S21402C8F801200AF011FB99F800309B0710D559461B
S21402C90828880DF0F1FD0BF1090350FA83F35FFA5C
S21402C91883FB594628880DF0BEFD00EB0B06F6B2DF
S21402C92899F8003013F0C20F0AF104030DD09DF8EF
S21402C9382420624942F020028DF824200A68CAF8A8
S21402C94804204A685A600AF10C03012209A80092D8
S21402C9581B1A324629889BB20FF0E2FF3246594626
S21402C9682846FEF7E1FE002800F0A48000237DE0BA
S21402C9781F9B5BB19E460DF1340CBEE80F00ACE877
S21402C9880F00DEF80030CCF800309DE7049B5946CD
S21402C99803F020032888049304F028FB10F0030F02
S21402C9A80CBF012300230593049B059A003B18BF7E
S21402C9B8012342EA430300930DAA06AB38461F99A1
S21402C9C800F0FEFA049A034682B1002880D0059B3E
S21402C9D80DAA0093384606AB1F9900F0F1FA0346F3
S21402C9E899F8002022F0200289F80020002B3FF454
S21402C9F86FAF3EE7039B102B06D1BDF8363043F0E7
S21402CA080103ADF8363067E7039B182B4FD1BDF804
S21402CA18363043F00203F4E701200DF125010AF04F
S21402CA2889FA99F80030824613F0040F288821D133
S21402CA38069B1BB3002C35D00BF0EFFC00220146F8
S21402CA4816200FF039FE84B17FB14FF6FF73984572
S21402CA580BD000230DA91A4638460AF049F939467A
S21402CA6840469DF835200AF023FA0123184613B0EB
S21402CA78BDE8F08F002CDFD1104F01E0002CDBD18F
S21402CA8800233246009359463B460CF0B4FE002873
S21402CA983FF4C4AE002C3FF469AF069A0AF10103CC
S21402CAA8136063E71B685345C6D80124E8E740F6D7
S21402CAB80A43DBE71923D9E788530020966000204B
S21402CAC8002307B5054A0648136004220DEB020147
S21402CAD80193E2F7CFFA03B05DF804FBA0540020F6
S21402CAE823E111002DE9F04F0446B1B000888DF815
S21402CAF82F3016468A460DF04AFC014681462088A3
S21402CB080DF0C9FC00EB090820880DF016FD00237D
S21402CB189DF82F505FFA88F815F001070790ADF8D0
S21402CB28363008D101460DF1360220880DF0BCFBDE
S21402CB3808B1ADF8367016B9CDE90E660EAEFEF738
S21402CB4863FC18B145F020058DF82F500023CDE977
S21402CB58033302930DF12F03CDE9006322465346B1
S21402CB6841464846FFF708FE0546002800F043817E
S21402CB789DF82F3013F0010746D1B44A23F020035C
S21402CB88106851688DF82F3010AB03C3184600F0B2
S21402CB98FBF90546FEF744FDBBB2984200F2B780A1
S21402CBA83A9B13B100233A9A1370BDF83630CBB1CC
S21402CBB8012120880FF03EFA27880546002800F053
S21402CBC84F81012138460FF035FABDF83670054612
S21402CBD838460FF013FA002300903A4619462846BC
S21402CBE80DF0E5FA0023CDE9033302930DF12F0386
S21402CBF8CDE900632246534641464846FFF7BCFD48
S21402CC080546002800F0F7809DF82F3003F0110340
S21402CC18102B40F003818E4B1B78432B40F0FE808E
S21402CC288C4B1B685B0640F1F980208808F10501E9
S21402CC380DF080FB8346002800F0F08041462088ED
S21402CC4804F0D4F9844B10F0200F08BF1E4612A831
S21402CC5800F09AF90822314612A8F1F70FFA0028CE
S21402CC6800F00E81314612A80AF0EBF8012326AE30
S21402CC7800933246002314A912A800F0A1F900284E
S21402CC8840F0CC8012AB0DF12F07CDE9036002907D
S21402CC98009322465346414648460197FFF76CFDE5
S21402CCA8002800F0EF80BDF89A30102043F0080301
S21402CCB818AA14A9ADF89A300CF074FC002840F0B3
S21402CCC8AD8012ABCDE90360CDE901700093224630
S21402CCD8534641464846FFF74FFD0546002840F0B2
S21402CCE89D8018AB4FF49071002012AA00F0D4F879
S21402CCF84FF0005100200CF0D2FEBBF1000F00F0FE
S21402CD088C804FF0805100200CF0C9FE85E018ABED
S21402CD1814AA26A9F8B20AF040F8002840F094802F
S21402CD28082210A927A8F1F7A9F98346ADB19DF8FC
S21402CD38A53013F0020F08930FD0082212A927A8CD
S21402CD48F1F79CF948B9089B590706D53A9B13B1DF
S21402CD5801233A9A1370089507E03A9B002B61D193
S21402CD68BBF1000F70D1002308930DF1740C14ABBD
S21402CD780FCB8CE80F00BDF83630CBB101212088E6
S21402CD880FF058F9B4F800B000284FD001215846E1
S21402CD980FF050F9BDF836208346104609920FF078
S21402CDA82DF900231946099A009058460DF0FFF906
S21402CDB82A4B0DF1740B0493002303930DF12F03F2
S21402CDC8CDE900632246534641464846CDF808B0A8
S21402CDD8FFF7D2FC002837D1002D33D012AA5B46C3
S21402CDE84FF482714FF4005000F056F8089B13B1C6
S21402CDF826A809F0EDFD174B1B689A070DD4FEF717
S21402CE0803FB50B1114A18AB1068516803C30022DD
S21402CE1826A918A80CF0E9FB68BB0025284631B0FD
S21402CE28BDE8F08F00233A9A137099E7BDF83620CA
S21402CE380A90104609920FF0E1F8DDE909230799EE
S21402CE480090B2E72A46CAE70137A3E6C2F0030013
S21402CE5810600020D0460020F2530020CC46002066
S21402CE68BDF836B058460FF0C9F82B4600905A4619
S21402CE7838460799B4E626A918A80CF0F2FBC6E7C6
S21402CE888346F3E614AB2DE701461A230120014A2E
S21402CE98F8F7B2BE24E10100F0B5164691B007468F
S21402CEA809A80D461C46FFF7EFFF3EB1336845F06A
S21402CEB84005CDF826307368CDF82A301B4B1A6821
S21402CEC822EA070242EA050119604B040DD5BDF8AD
S21402CED824200B0A03F4E243C9B222F4E3420B43CA
S21402CEE822F07F021343ADF824301A230020104A9A
S21402CEF809A9F8F781FEB4B104A809F06EFC02236A
S21402CF086A468DF810301546234604F11006144674
S21402CF1818685968083303C4B3422246F7D129462B
S21402CF2804A809F0D4FD11B0F0BD00BFD046002019
S21402CF3824E1010047F2FF10044B196841F48042CD
S21402CF48014041F480411A600CF0A9BDD046002089
S21402CF5800B589B0FEF7CAFB01A8FFF795FF094896
S21402CF68BDF804200168130221F0FF0103F4E2036E
S21402CF780B43D2B2134343F48043036009B05DF80F
S21402CF8804FB00BFD046002010B50C4B04461868B8
S21402CF9888B0830706D54FF0FF332360012063600D
S21402CFA808B010BD10F04000FAD001A8FFF76CFFD9
S21402CFB8DDF806302360DDF80A30EFE7D0460020B9
S21402CFC82DE9F04F99B081460C461E4617469DF845
S21402CFD88880A2B11546284609F0FFFB18F0020B16
S21402CFE80FD004B911AC6B4622462946484609F0CA
S21402CFF8B2FE0EB10023336019B0BDE8F08F0CAD57
S21402D008E9E76B462946484604AA09F071FE6B789A
S21402D01808F00108FF2B25D000287AD154B104ABBA
S21402D02808AF1A4603CABA4220606160134604F182
S21402D0380804F6D126B16A78374B03EB82033360CD
S21402D048B8F1000F01D10020D6E7BDF80030D906A6
S21402D058F9D418204FF6FF716A780FF02DFB40F6C8
S21402D0680E40C9E7DFF8B8A0DAF800302EB19A0702
S21402D07856BF2A4AC6F800B0326003F03003102BB7
S21402D08801D0202B1ED111A8FFF7FEFE0822484623
S21402D0980DF14601F0F7F2FF28B1DAF8003003F096
S21402D0A84403402B0ED0B8F1000F0ED108A80CF09E
S21402D0B8FAFC02232B70C4B9002FC4D0281DFFF730
S21402D0C863FFC0E740F60A4096E7DAF80030DB036B
S21402D0D8ECD508A80CF0E7FC02232B70BCB9002F8D
S21402D0E8B7D0281DFFF750FFB3E7002608AB0CAFF2
S21402D0F81A4603CABA4220606160134604F108045D
S21402D108F6D1281DFFF740FF002E9CD0A1E7012686
S21402D118ECE72D2070E700BFE4420020CC46002052
S21402D128D046002049B9084B197849B14EF6602313
S21402D138594328B105480FF031B841F28831F8E76B
S21402D1480248F8F7DFBC00BFCF5F00201C4600206D
S21402D15870B586B00546F8F7C3FD10B9022006B0CA
S21402D16870BD01A8FFF710FF06460028F6D08DB955
S21402D1782E4B1C6814F0020406D02D4B1B78112B7C
S21402D188ECD12C4BB3F868404FF481630221ADF81A
S21402D1980C3023E02846F9F72DF90028DED1234B78
S21402D1A81C6814F0020406D0214B1B78112BD5D12B
S21402D1B8204BB3F868400822294601A8F0F75EFF1C
S21402D1C80028E1D04FF4027300260A21ADF80C308D
S21402D1D82B68CDF80E306B68CDF81230002203A803
S21402D1E80BF0D3F9024608B91920B8E70F4B1968AD
S21402D1F801F03003102B17D0202B14BF0123032372
S21402D208490001F004010B432046002100F0F4FF18
S21402D2180028E9D000210120FFF784FF16B1012279
S21402D228054B1A7000209AE70323E9E7D046002048
S21402D2381060002088530020BD60002030B500250D
S21402D2481D4C85B0CDE90055F8F75CFC23784BB346
S21402D2581A491B480A780078904223D90132012BD2
S21402D2680A700ED12A464FF4A071284602F0BEFA7A
S21402D278C0B2B8B941F2883112480EF08FFF05B035
S21402D28830BD022B09D1284602A9F9F745F800282D
S21402D298EED102A8FFF75CFFEAE7032B02D101F002
S21402D2A865F9E5E7002108462170FFF73BFF0421F0
S21402D2B8684609F000FAE2E7C9600020CA60002062
S21402D2C8756A00201C46002070B5194A194D044696
S21402D2D85168106886B02E7801AB03C31EB10224CB
S21402D2E8204606B070BDF8F745FD0228F7D103A818
S21402D2F800F0E8FD082201A90DF10E00F0F7BEFEC7
S21402D308A0B10D4B32464FF4A07130461C7002F0A5
S21402D3186DFA04460028E3D10123084A41F288310F
S21402D32807482B7013700EF039FFD9E72324D7E786
S21402D3389BCC0400C9600020756A0020CA600020E1
S21402D3481C460020F0B50C4600219BB02B4F064623
S21402D358492207A80691F0F745FB3B78012B34D102
S21402D3689EBB0DF10E0120460CF0B5FC0546BDF835
S21402D3780E000EF043FE441BE4B2BDF80E10234620
S21402D3882A46009606A80FF0CBFA304604A9F8F704
S21402D398C3FFD0B9CCB19DF81920B2B9BDF8233075
S21402D3A803F47E43B3F5285F1ED3B3F5385F0ED376
S21402D3B81349BDF80E000B6843F400030B602946B8
S21402D3C809F059FD18B104233B701BB0F0BD0122C9
S21402D3D80C4B04A81A70FFF7BBFE41F288310A48C4
S21402D3E80EF0DCFE0223EFE711463A70FFF79AFECC
S21402D3F81E2104A809F05FF9E7E700BFC96000200C
S21402D408D0460020CA6000201C460020014B187037
S21402D418704700BFCA600020014B1878704700BFEB
S21402D428C9600020014B1870704700BFC960002011
S21402D4382DE9F04F0446408891B00E298846ADF88B
S21402D4481A0074D094F80890A7790BF083F809A903
S21402D4580546BDF81A00E6790DF080F8BDF81A0000
S21402D4680AF07EFF430542BFBDF82A3043F4005354
S21402D478ADF82A30E379D80642BFBDF82A3043F41D
S21402D4888053ADF82A30BDF82A30990613D5022FF4
S21402D49852D10CA9207A0CF0BFFBDDF83500DDF876
S21402D4A8391007AB03C307AA0021042300910DF124
S21402D4B81A00FFF717FB0121BDF81A000EF0BAFD95
S21402D4C8022F824644D1454B33F81950B8F1000F63
S21402D4D879D0BDF82A305A0675D54FF6FB729542B2
S21402D4E871D83F4AB2F86820AA426CD0DB0502D54A
S21402D4F828460CF0D7FCBDF82A30D80463D5002F8E
S21402D50833D1BDF81A000AF02BFFC10663D548F2DC
S21402D5183403BDF826209A4209D1324E3078FF28C5
S21402D52805D003222946FCF72BF9FF233370002384
S21402D538236011B0BDE8F08F012F01BF237A2A4A73
S21402D54803EB430302EB830314BF00229A1CABE7E8
S21402D558012F05D10C2303FB09F3234AD55AB5E755
S21402D568A81C0FF0E0F80546B0E7284601F07CFD57
S21402D578BDF81A000AF0F4FEC206C8D463895046FB
S21402D58805930EF03BFD834650460EF01BFD059BA9
S21402D59802905FFA8BF04A4639460190009340465D
S21402D5A809AB09F020F8B8F1000F14BF0B200920C8
S21402D5B816F0030218BF02F1FF32294618BFD2B28C
S21402D5C80FF07AF8A3E7BDF81A000AF0C9FEC306F8
S21402D5D89DD4002FD2D1A946D0E700BF6C580020B0
S21402D5E888530020796A0020AC57002038B50024FA
S21402D5F80F4B104D2A78A24205D8C2B9BDE838406A
S21402D6080D48F8F77FBA598869B9013AD2B2A242E8
S21402D6182A70EFD0121B184603F110011201F0F718
S21402D62833FA0346E6E701341033E4B2E2E738BDDC
S21402D638E8420020CD6000203069002070B51A4B01
S21402D6481A4A1D780023DCB2A54200D870BD1446DB
S21402D65866880133864202F11002F4D1E379A5887E
S21402D668E16003F040028DB9CAB123F00403E37106
S21402D6780AF070FF037803F07F03037021880029FD
S21402D688E4D1BDE870400A480EF088BD00216580E6
S21402D698A180002AE9D1BDE87040FFF7A7BF20465F
S21402D6A8FFF7C6FEF7E700BFCD600020E84200207D
S21402D6B8306900202DE9F047044686B040880F46B8
S21402D6C815460AF047FFA3798046082B52D8DFE8AA
S21402D6D803F0052E185151515151050002300FF032
S21402D6E822F8002D4ED06946F8F716FE002841D1DA
S21402D6F8684601F063FDB0FA80F0400906B0BDE85E
S21402D708F08702A9207A0CF087FA6B466E46DDF897
S21402D7180D00DDF81110334A03C3237A32F813904A
S21402D728314AD05C75B131460CF09AFAE6E7237AAC
S21402D7382E4903EB430301EB830231F82390907AD8
S21402D748961CEFE74FF6FB7AD14515D930460CF012
S21402D758D1FB4FF6FF739842054615D00146304670
S21402D76801F09EFC554508D9E379DA060ED440F650
S21402D7782243E3600020C1E74D46294608F102002D
S21402D7880EF0D3FF0120B9E74D46EDE74FF6FC78D9
S21402D798454512D103F00C030C2B1CD1DFB13046E1
S21402D7A84FF6FD7101F07CFC40F61F412046E16011
S21402D7B8FFF73EFEFFF71AFFDCE74FF6FD739D42C2
S21402D7C809D10023304619461A4602F0DBF84146CC
S21402D7D8304601F065FCE37943F00C03E37140F64A
S21402D7E82343C6E76C580020D65F0020AC570020BB
S21402D7F873B5044640880E460AF0ACFE02300EF0B8
S21402D80892FF09F04FFB18B1A11C201D09F04FFB2F
S21402D818E6B1E5790135EDB2E57115F0400514D0AB
S21402D828ECF74EFF0122054600212046FFF742FF8D
S21402D83818B1394B1B882B449DB2384B1B78042BE6
S21402D84801BF354B1B885B199DB2258000223146E5
S21402D8582046FFF72FFF20B360880AF07BFEE279A6
S21402D8682F4922F00C03E3710B7805460133DBB22D
S21402D8780B70C3712B4BA61C1B780BB3E379980667
S21402D8881ED52949097871B159060CD592070AD5C9
S21402D89800220423114630460092FFF723F910B1FE
S21402D8A8E06002B070BD00220123114630460092A5
S21402D8B8FFF718F920B1E37943F00303E371EFE7C2
S21402D8C8304609F0F2FA0028EAD16088FCF7C0FA76
S21402D8D80328E6D8DFE800F0020D1D19E37943F0C5
S21402D8E80403E3711B06DCD5104B1A78104B1A702A
S21402D8F8D7E740F62443E360E37943F00803E3718D
S21402D9082B7803F07F032B70CBE740F62543E360C2
S21402D918C7E740F62643FAE7CE69002011600020E2
S21402D9280E6000200C600020766A0020D45F00207B
S21402D938CC6000202DE9F74F06460EF00AFE5F4B34
S21402D9480546B3F8009018805D4BA0EB09041B78D7
S21402D958A4B2A34298BF00234FF000084FF6FF7701
S21402D96888BF1B1B564A88BFDBB21370DFF864B148
S21402D978A9EB00030093534B5FFA88F21978914299
S21402D9880ED80EB1FFF732FE4FF6FF739F4200F035
S21402D9988E8039464C4803B0BDE8F04F0EF0FEBB09
S21402D9A8BBF80220002A3CD0484B9BF80720187880
S21402D9B8BBF800A0042818D00020BAF1000F08BF50
S21402D9C8A2462044504523D2BBF80010009B1944B7
S21402D9D8ABF80010002E4ED002F04802482A4AD170
S21402D9E800215846FFF704FF45E00192F8F704FCC9
S21402D9F830F01003019ADFD1FBF746FC344B019A4C
S21402DA08B3F800C08445D7D9ACEB000080B2D4E79F
S21402DA1802F00C00042807D10022ABF800200BF114
S21402DA28100B08F10108A6E7510602F0030C02F0F3
S21402DA3808000ED528B3BCF1030F25D1DEB1DBF8FA
S21402DA480C105846002908BF4FF44261FFF7F0FC55
S21402DA5811E040B3BCF1010F25D11206EED44FF403
S21402DA68C862ABF800209BF8072022F0030242F0B7
S21402DA7802028BF80720BBF80020974228BF1746F9
S21402DA88CDE703208445D9D213060ED50C4B1A7857
S21402DA980AEB0200844208DA4A44521B0AEB0201E5
S21402DAA8ABF80010E7E70120ECE7012199E7064802
S21402DAB803B0BDE8F04FF8F725B800BFA05900201C
S21402DAC8CC600020CD600020306900201160002064
S21402DAD8CE690020E8420020F8B500250A4E0B4F12
S21402DAE83378ECB2A34204D8BDE8F8400848F7F702
S21402DAF819BD07EB0414A01CF7F714FD201DF7F751
S21402DB0811FD0135ECE700BFCD600020E842002099
S21402DB189659002070B500240B4D0C4E2B78A34264
S21402DB2808D81B1BDBB22B706BB9BDE870400848DF
S21402DB38F7F7E8BF06EB041040F621410134FFF779
S21402DB4877FCE4B2EAE770BDCD600020E842002028
S21402DB5830690020F8B5154EDFF858E035789EF89B
S21402DB6800E0134FAE454FEA051C07EB051419D023
S21402DB78002503F4835343EA1323A1712272E37147
S21402DB88608027F80C50A58003F0A8FB40F60243F5
S21402DB98E36033786081013328463370FFF7CAFEA4
S21402DBA82846F8BD40F60340FBE700BFCD600020DC
S21402DBB8E8420020406A00202DE9F04F344B0D461B
S21402DBC81C78174685B05CB9B1F90680DFF8C890AC
S21402DBD8DFF8C8A0DFF8C8B099F80030A34202D828
S21402DBE805B0BDE8F08F0AEB0416B08800B9708855
S21402DBF801A90CF0B3FCAA7A9DF80E309A4244D1D9
S21402DC08B8F1000F0FDA297A9DF80C202B89914279
S21402DC1809D8204800780844824236DA521A1B0A83
S21402DC281341D90731D538460CF087FCBDF80A30BF
S21402DC3804469A0602D5EB889B06D1D5F37903F0FB
S21402DC480C03042B08D17088F9F786FD0023728826
S21402DC58194618460CF048F900213046FFF7E8FB4B
S21402DC68FFF7C4FC38460EF0C9F9844208D2337A64
S21402DC7801228BF8003029460023384602F0AEFC13
S21402DC88B8F1000FACDA0024A6E70134E4B2A3E741
S21402DC98CB6000203F6A0020CD600020E8420020CA
S21402DCA8D560002008B50EF054FC074B1B88C01A36
S21402DCB880B2B0F5807F05D9BDE808400021034848
S21402DCC80EF06CBA08BD00BFA059002030690020CB
S21402DCD82DE9F04788B004460D460CF058FB01467D
S21402DCE8204603F083F910F003035FD110F00C0FFF
S21402DCF806D12946204608B0BDE8F047FFF79EBC85
S21402DD0820460AF02DFBC30638D420460CF03FFB0B
S21402DD180146204603F06AF9064620460AF01AFC2F
S21402DD28804602300EF0FFFC05A9074620460CF096
S21402DD3815FC06F00C0698F801300C2E0CBF4FF0B6
S21402DD4803094FF00609012113F0010F204618BFF8
S21402DD584FF003090EF06EF9174B80461B88A34254
S21402DD680FD1B5FA85F04009FBF748FC20460AF0C1
S21402DD7825FB0022014607200EF09EFC08B0BDE8EF
S21402DD88F08703F0ABFA824640460EF037F90646AD
S21402DD9840460EF017F9F6B202903A464946284629
S21402DDA8CDE900A605AB08F01EFCDFE7012BE5D19E
S21402DDB810F00C0FE2D19CE796590020002210B50D
S21402DDC8094B1C78094BD1B28C4201D8002010BDF1
S21402DDD8197A814202D19979022902D01033013286
S21402DDE8F1E70120F3E700BFCD600020E8420020FB
S21402DDF80146002210B5084B1C78084BD0B2844264
S21402DE0801D8002010BD187A884202D198790128D4
S21402DE18F8D010330132F1E7CD600020E842002046
S21402DE28002210B40A4B1C780A4BD1B28C4203D893
S21402DE385DF8044BFFF7DABB197A814205D1997966
S21402DE48012902BF00211980598010330132ECE7FC
S21402DE58CD600020E8420020024B1878003818BF30
S21402DE6801207047CD600020044B1B6813F0300F6A
S21402DE7803D0202130200BF012BE7047D046002077
S21402DE88002310B5044608491A4601EA00414FF035
S21402DE987F60FFF701F8E30703D5002130200BF077
S21402DEA8FEFD002010BD00BF00007207044B5B8811
S21402DEB823F4784323F08D0303800020704700BFC5
S21402DEC8D046002008B500220346C3F80220C3F84D
S21402DED806200B4A02301268D1B212F0200F18BF81
S21402DEE841F010011980930701D4FFF74DF8054B4E
S21402DEF81B78023B032B8CBF1720002008BD00BFEF
S21402DF08D04600201060002038B505460C46FDF7BE
S21402DF18EDFB98B10E4B187878B10E4B1B681A04B5
S21402DF280FD58CB113F0420F00D17DB103F44073C4
S21402DF38B3F5407F0CBF0020232038BD40F60840CA
S21402DF48FBE740F60B40F8E72046F6E72320F4E71F
S21402DF580C600020D0460020F0B504468DB007A815
S21402DF680D46164608F039FC1022002103A8EFF7E2
S21402DF7839FD5CB1234603AC03F110072246186844
S21402DF885968083303C2BB421446F7D1012703A9CE
S21402DF9886EA070307A88DF81C708DF81D3008F06E
S21402DFA887FD80EA070401A8E4B2EDF79DF8B6B14A
S21402DFB801A88DF80650EDF7C3F864B1002303A94B
S21402DFC807A88DF81D3008F082FD0C4B1B78432BF2
S21402DFD801D1F9F7DBF80A4B1D700DB0F0BD01A8A8
S21402DFE88DF80750EDF7ACF8002CF6D003A907A871
S21402DFF88DF81D7008F06BFDEFE700BF106000207B
S21402E0080B600020F0B5012593B007460DA80C4614
S21402E01808F0E3FB05A90DA8ADF8345008F072FD28
S21402E02801A8EDF761F809A90DA88DF835509DF8F5
S21402E038066008F067FD0DA89DF8075008F0F8FC82
S21402E04870BB731BDBB2802B28D91FB1A64225D022
S21402E058A54223D105A90DA808F039FD03A8EDF7B6
S21402E06843F803A88DF80F60EDF76AF801222946EF
S21402E07809A8FFF771FF0AF0F8FD01214FF40070B6
S21402E0880BF01DFFFDF71AFBB0F1004F01D9FDF7A3
S21402E0981BFB044B187808F00CFB012013B0F0BDEC
S21402E0A80020FBE70B60002070B50E4614460546B6
S21402E0B80320FFF7B7F946F004022946204608F07F
S21402E0C860FD0022014B1A6070BD00BFCC460020DE
S21402E0D8F0B587B0078805461022002102A8EFF798
S21402E0E881FC3E4B1B78002B76D1BC055ED407F02C
S21402E0F88403842B63D00022394C11461046FFF75E
S21402E1082BFF17F4045F276005F102061CD0B9043A
S21402E1180AD5304602F09CFA00284ED1236823F42A
S21402E128005343F48073236030460BF034FD002816
S21402E13842D108F050FB18B9236843F480332360B1
S21402E148236843F02003236022680DF1060042F498
S21402E15800432360FFF7AAFE12F4805FBDF806307C
S21402E16831D043F02003ADF806302168334611F06B
S21402E178400218BF05F123024FF07F60FEF78CFEBF
S21402E188BDF80630DA0703D5002130200BF087FCED
S21402E19823689B0506D5012295F8221005F1120080
S21402E1A8FFF7DAFE00200F4B186006E005F11200B2
S21402E1B80BF0F1FC00289AD0292007B0F0BDB8076A
S21402E1C899D52320F9E723F02003ADF80630FDF7AA
S21402E1D87BFAFEF775FCC8E70220EEE7106000201F
S21402E1E8D0460020CC460020024B1868C0F30050E8
S21402E1F8704700BFD04600202DE9F04F06468946F4
S21402E2081046002189B01546984602F0EFFE1028FF
S21402E21807460AD86A4B0341DB0706D4C8F340040C
S21402E2289DB9002009B0BDE8F08F664B1C78002C1B
S21402E238F6D0FFF7D9FF00280CBF4FF4F0744FF45E
S21402E248D074FC4004F00104EAE74FF0000A18F024
S21402E258010F5346524629464FF00500CDF800A056
S21402E2680CBF4FF0080B4FF4027B06F03DF900286E
S21402E278D7D0C8233246009359465346284602F05A
S21402E288DDFEADF80E000028CBD018F0080A4AD1F9
S21402E2984FF6F773A7F10F02D2B29E428CBF09233C
S21402E2A80123012A01D843F04003474A8DF810306B
S21402E2B81378591C11708DF81130002C4FD09DF828
S21402E2C81030052F43F020038DF8103033D03F4B23
S21402E2D81D78002D5AD04FF6F77300259E424FF050
S21402E2E80F0248D9012304A90DF10E00F7F75EFBC9
S21402E2F8002896D1002C4DD1BAF1000133463A4691
S21402E30818BF0121BDF80E00CDF8009008F0D4FD24
S21402E318ADF80E00002884D018F0040F4DD0314610
S21402E3280AF041FE7EE749460DF10E000BF0ECFDC1
S21402E3380028ADD175E70121BDF80E000DF07AFE72
S21402E348012102F053FE0123834013F0620F1CD111
S21402E3581E4B1B78E3B14FF6F7731825BEE71B4B27
S21402E36825461B780222002BBCD04FF6F7739E4236
S21402E378B8D8052FB6D0BAF1000FB3D19DF8103031
S21402E38843F040038DF81030ACE710250F22A9E7BA
S21402E3981825FBE7BAF1000F0AD002234A46009076
S21402E3A829460DF10E00FEF79DFB0028A4D038E79B
S21402E3B841235246CDF800A0F2E70AF0DCFD31E729
S21402E3C89FFEFEFF0C6000200D600020006000200B
S21402E3D82DE9DF431E46144B80461B680F469B07F3
S21402E3E891460A9C1BD4204614B108F04FFDC0B2D1
S21402E3F80622CDE902403B460020CDE900890B49BA
S21402E4080BF045FF024650B10021002E0CBF012337
S21402E4180323084604B0BDE8D043FFF7EDBE00204C
S21402E42804B0BDE8D08300BFD04600203C68040094
S21402E4382DE9F04F8DB081468A461F4693469DF8D1
S21402E4485C803AB903A8FEF79FFDB0BB00200DB06A
S21402E458BDE8F08F15460022232110460AF095F8EB
S21402E468ADF80A000028F1D00DF0ACFD05230446ED
S21402E47818F0100F00F8023B677020D01122002116
S21402E488EFF7B0FA04F11306032F4FF0080237D15C
S21402E49859463046EFF7F8FAC8F3801306F109052D
S21402E4A8337208F0EFFC00283ED000232B706B7006
S21402E4B80123033505F8013C36E003ADCBE7012618
S21402E4C810221699EFF7E0FA06FA07F313F0620F2E
S21402E4D802D104F11206D7E707A808F07EF905A8C4
S21402E4E88DF81C60ECF700FE9DF8162018F0200F39
S21402E4F89DF8173008BF134604F11306A374C3E742
S21402E50851463046EFF7C0FA012306F10802121BFD
S21402E51828460093BDF80A10082392B20EF000FAB5
S21402E528042F06F11005BCD02D1BA9B20DF10A0066
S21402E5380BF015FE002889D118F0040F0BD04846B8
S21402E5480EF0E3F9FF281FBF074A32F8103023F40B
S21402E558804322F81030434651464846BDF80A2002
S21402E568FFF74AFE73E700BF3859002070B5032646
S21402E57890B08DF80760F7F7B3FB18B90224204667
S21402E58810B070BD02AD2846FEF7FEFC0028F5D096
S21402E5981B4B1C6814F00204F0D140F20F43194AD0
S21402E5A8ADF82430136804A8CDF826305368CDF8A1
S21402E5B82A3008F012F995E8030005AB83E8030051
S21402E5C8062304A88DF81D308DF81060ECF72EFD92
S21402E5D801210DF12E020DF10700ECF77FFC224611
S21402E5E81A2109A809F0D1FF024608B91924C6E774
S21402E5F8012329462046FFF7FFFD0028BFD1F5E78D
S21402E608D0460020966000202DE9F04F04460D46BD
S21402E618002191B01F2208A89B460791EFF7E2F95E
S21402E62820460BF0B4FE0146204602F0DFFC8DF8C9
S21402E6381100204609F08EFF9DF81130467899069B
S21402E6488146C6F34006204648BF46F002060BF04F
S21402E65874FF804620460DF0D1FC0022A0EB08038A
S21402E668DBB2232B28BF232300922146424607A863
S21402E6780EF056F900283AD1A24B9DF81C701B786A
S21402E6889DF81DA0B3B3FFF7AFFD00280CBF4FF4EB
S21402E698F0734FF4D073FB40DA072BD5B30729D4AF
S21402E6A8082F22D1BAF1040F21D1FBF77FFBF0B96C
S21402E6B8012342460093214605200DF1110305F079
S21402E6C8F0FEA0B1053F0D2F11D8DFE817F02400A1
S21402E6D81000AF01BC01C5011000100010001000A8
S21402E6E810001000CB01F901F901052F07D011B06F
S21402E6F8BDE8F08F102F05D1BBF1000FF7D0FBF75E
S21402E70855FBD5E7FBF752FB0028D1D0052FCFD013
S21402E718112FCDD0EBE7BAF1050FE8D8204609F05D
S21402E7287CFE029009F102000DF0FDFF82460DF113
S21402E7381200FFF7BBFB01239DF81D8003FA08F3BE
S21402E74813F0620303932DD0BDF812309D0722D52D
S21402E758B407CCD5FBF72AFB0DF11E000BF01BFA0B
S21402E768B8F1030F04469DF82EB02FD10DF12F05F0
S21402E7780AF081F8824540F03181032EB7D19DF820
S21402E78836100DF11E02003918BF01210DF12E00B8
S21402E79808F09DFBABE7FBF709FB0028DCD1002E4F
S21402E7A8A5D0D9E7FBF702FB68B10DF11E000BF006
S21402E7B8F2F9B8F1030F04464FF0000B40F08280DE
S21402E7C80DF12E05D4E7002E91D0EEE74E4B1B68CE
S21402E7D898072AD5FF2208210DF1370009F0D9FF3C
S21402E7E8814610BB034601460DF137020220FEF7AA
S21402E7F853FB0AF040F882450DF137070DF12F0555
S21402E80823D04FF6F7739A4540F2ED80002208218E
S21402E818284609F0BEFF002800F0E5800022594687
S21402E8280DF11E00FFF798FB61E70DF137070DF1B2
S21402E8382F0538460BF05BF9002848D00AF01BF87B
S21402E848824540F0CC804FF000092846F7F7D2FD03
S21402E858002800F0C480B8F1010F5BD0B8F1040FAD
S21402E8687FF445AF0BF066F910B1032E7FF43FAF85
S21402E878002C7FF43CAF3A4602210DF11E00FFF74A
S21402E88813FC224B1B7863B1FFF770FEFEF7C4FD3C
S21402E898022806D10120FEF7B9FD01210846FEF737
S21402E8A841FC1B4B1B78022B20D10321384607F06C
S21402E8B802FFFEF7B1FD014600287FF418AFFEF707
S21402E8C831FC14E70DF136070DF12E05B1E7104BB2
S21402E8D81B78432B7FF40BAFB8F1010F7FF407AF19
S21402E8E809F0C9FF82457AD1C146AEE7412B7FF4CB
S21402E8F8FEAE054B1B6859057FF5F9AEF9F73EFEE5
S21402E908F5E600BF0C600020D0460020BD6000205F
S21402E918106000206C4D2B78022B22D02B78412BCE
S21402E9283FF4E5AE3CB9FBF741FA594602460DF10B
S21402E9381E00FFF711FBFBF739FA00283FF4D7AEA3
S21402E9480BF0F8F8614C98B123681B0502D42B78B3
S21402E958432B0DD1B0070BD440F61A40F9F70CF842
S21402E968C5E60BF0E7F80028D8D0B207D6D4BEE63C
S21402E978206810F0020002D102990BF09AFA2B785E
S21402E988112B16D12368590513D50020FEF7E0FB94
S21402E998044600287FF4ABAE0AF0DBF940F61C40CA
S21402E9A8F8F7EAFF21462046FEF7BCFBF8F7F0FF29
S21402E9B89DE6B20701D5FFF757FAB9F1000F9DD0C9
S21402E9C807F009FF18B94FF480310BF068F80022F7
S21402E9D83F4B38461A600BF081F88FE70027039BF7
S21402E9E8002B7FF40EAF4FF6FF73284605A9ADF845
S21402E9F8143009F033FF20B1284609F010FFADF8AD
S21402EA0814004FF6FF73BDF8140098423FF46FAE39
S21402EA18002C0CBF0423152301930DF11E0300934B
S21402EA283A4643462946FFF703FD60E60DF11D0008
S21402EA38F7F7E0FC00283FF45AAE022229460020E7
S21402EA48FAF79EFE53E6F3077FF551AE324628469E
S21402EA5807A90BF058FA4AE69DF81D100120FFF7A1
S21402EA68D1FA44E6184B1B78022B20D1002D7FF4EE
S21402EA783EAE05A8FEF788FA00283FF438AE154BD6
S21402EA881D709DF81D30002B14BF64246524FEF704
S21402EA98C3FC032806D128462946FEF743FB284628
S21402EAA8FEF7C0FC214605A807F005FE1FE6043B54
S21402EAB8012BDBD9284608F0F5F90028D6D116E648
S21402EAC8204608F0F1F912E610600020D046002031
S21402EAD8CC460020BD6000202DE9F34105460E46CF
S21402EAE8174698460BF026F8044640B101233A46E4
S21402EAF831462846CDF80080FFF76AFC04460BF03C
S21402EB0819F830B1FFF770FB78B10A4B1B689B0106
S21402EB180BD400233A4631462846CDF80080FFF744
S21402EB2857FC002C0CBF0446012404F0010002B076
S21402EB38BDE8F081D046002070B58AB005A807F077
S21402EB484CFE022301AA15468DF81430084B03F131
S21402EB581006144618685968083303C4B342224696
S21402EB68F7D1294605A807F0A3FF0AB070BD00BF73
S21402EB78A3CC0400014B1878704700BF776A0020C0
S21402EB88014B1888704700BFF66900204FF6FF73DE
S21402EB982DE9F043994280460D4685B00BD00027F2
S21402EBA84FF6FD791C4EEBF791FDFCB2A0420BD84E
S21402EBB84FF6FF701DE0F7F71DFC0028EFD005B0F2
S21402EBC8BDE8F04309F057BE36F814304B4517D85F
S21402EBD8694620460AF0E4FF082241460DF1050080
S21402EBE8EFF74CFA4FF6FF7360B99D4204D136F838
S21402EBF8140005B0BDE8F08326F814500AF0AAFF00
S21402EC080137D0E79D42FBD036F81430AB4208BF36
S21402EC1826F81490F4E700BF6C5800202DE9FF4749
S21402EC2806460F4600254FF6FD79DFF83C80DFF8EA
S21402EC383CA0EBF74BFDECB2A04202D804B0BDE80C
S21402EC48F08738F814304B450CD8694620460AF047
S21402EC58A7FF082231460DF10500EFF70FFA08B9AB
S21402EC680AF804700135E4E76C580020D65F0020E5
S21402EC78014B33F8100070476C580020F0B5064672
S21402EC8800250D4F85B0EBF721FDECB2A04201D866
S21402EC9805B0F0BD37F81430B3420BD169462046AA
S21402ECA80AF0BAFF9DF80030022B1CBF4FF6FD7320
S21402ECB827F814300135E6E76C58002030B585B0E1
S21402ECC804460D46EBF702FDA0420FD9084B33F86F
S21402ECD814204FF6FD739A4208D8694620460AF071
S21402ECE89BFF29460DF10500FFF750FF05B030BD22
S21402ECF86C58002030B585B00446EBF7E7FCA04216
S21402ED0819D92046FFF75AF80546B0B9694620468B
S21402ED180AF046FF9DF800302BB1694620468DF86A
S21402ED2800500AF05BFF4FF6FF720020044B23F8F0
S21402ED38142005B030BD2820FBE740F60440F8E76B
S21402ED486C5800202DE9F0410B7805460E461BB993
S21402ED58BDE8F041FFF7CEBFEBF7B8FCA84231D9C1
S21402ED682846FFF72BF878BB374617F8058B4FF679
S21402ED78FF713846FFF70AFF0446384600F01EFAC7
S21402ED88B0FA80F04009B8F1000F15D0B8F1030FB9
S21402ED9815D04FF6FF724FF6FD73944208BF1C4615
S21402EDA80B4B314623F815400A4B585528460AF0AD
S21402EDB815FF0020BDE8F0814FF6FF74F0E74FF626
S21402EDC8FE74EDE72820F5E740F60440F2E700BFB8
S21402EDD86C580020D65F00202DE9FF410D460446F8
S21402EDE84FF6FE780F4F0E0AEBF770FCA04204D8D7
S21402EDF8FF24204604B0BDE8F08137F814304345B6
S21402EE080CD1694620460AF0CBFE9DF80520EBB2E7
S21402EE189A4203D19DF80630B342EAD00134E4B2EE
S21402EE28E2E700BF6C5800202DE9F04F0C46174663
S21402EE38984600254FF6FD7B87B09DF840A0DFF880
S21402EE485C900190EBF742FCEEB2B04201D8FF2686
S21402EE5816E039F816205A451ED8304602A90AF096
S21402EE689FFE3FB99DF80920424515D19DF80C2012
S21402EE78524511D144B939F81620019B9A420BD152
S21402EE88304607B0BDE8F08F082220460DF10D0186
S21402EE98EFF7F4F80028F3D00135D3E76C580020D2
S21402EEA810B514460AF07CFE2046BDE8104008223B
S21402EEB80149EEF7E9BD00BF966000202DE9FF473D
S21402EEC8074615460846082224491E46EFF7D6F88E
S21402EED8044600283FD14FF6FF7ADFF88490EBF716
S21402EEE8F5FB5FFA84F880450BD385B3384605F000
S21402EEF899FB01250C9B18700120357004B0BDE8FB
S21402EF08F08739F8183053451FD0694640460AF04C
S21402EF1847FE7A789DF801309A4216D17A88BDF86B
S21402EF2802309A4211D13A799DF804309A420CD1AD
S21402EF3808220DF10501781DEFF7A0F828B9002D73
S21402EF48D7D1404605F089FBD3E70134C7E7FF204F
S21402EF5805F083FBCEE70020D0E700BF96600020CE
S21402EF686C580020F0B50025154E164F85B0EBF705
S21402EF78ADFBECB2A04201D805B0F0BD694620460A
S21402EF880AF00EFE9DF80030032B06D900236946C8
S21402EF9820468DF800300AF021FE9DF8002062B166
S21402EFA84FF6FD734FF6FE71032A08BF0B4626F886
S21402EFB81430002301353B55D9E74FF6FF73F6E7C1
S21402EFC86C580020D65F0020F8B50E4604464FF669
S21402EFD8FF770C4B0C4D1B7803EB430305EB8305BD
S21402EFE8A54202D800242046F8BD2388BB4206D094
S21402EFF808223146A01CEFF741F80028F3D00C345B
S21402F008EEE700BF416A0020AC570020044BFF2100
S21402F0181A78044802EB42029200EEF7E3BC00BFFD
S21402F028416A0020AC570020F8B504460C4B0D4642
S21402F0381B781046A3420DD90C27022117FB041190
S21402F0487C43084E08223144EEF71EFD335B00204F
S21402F0582B80F8BD0023136053604FF6FF73F6E764
S21402F068416A0020AC57002038B504464FF6FD75B5
S21402F078FFF704FE0022084B1878084BD1B28842E4
S21402F08800D838BD33F80C1C0132A14208BF23F859
S21402F0980C5C0C33F2E700BF416A0020B857002028
S21402F0A870B505460E460846FFF7DEFF3146284687
S21402F0B8FFF76CFD29460648FFF786FF00B970BDC4
S21402F0C8044624F80C6B0AF045FD29462046F3E769
S21402F0D8AC57002010B5082286B023490446EEF73E
S21402F0E8CDFF20B906B0BDE8104009F0C4BB08221F
S21402F0F820461E49EEF7C2FF20B91D4BB3F868003A
S21402F10806B010BD0023012221464FF6FF70009379
S21402F118FFF78AFEFF2806D0164B33F810004FF684
S21402F128FB739842ECD903A8FEF7CCFE58B9BDF893
S21402F1380C305B0607D5082221460DF10E00EEF7C5
S21402F1489DFF0028DCD021460B48FFF73DFF40B163
S21402F1584FF6FB724FF6FF730088904288BF184638
S21402F168CEE74FF6FF70CBE796600020F2530020FA
S21402F178885300206C580020AC57002070B5002237
S21402F18804464FF6FB7608460A4B1D780A4BD1B260
S21402F1988D4201D8002009E01988B14207D8A14259
S21402F1A805D10822991CEEF76FFC012070BD0C33BE
S21402F1B80132ECE7416A0020AC57002037B5014619
S21402F1C805460E48FFF700FF044640B1807A2946F6
S21402F1D80AF046FD80F00100C0B203B030BD034617
S21402F1E80090012229464FF6FF70FFF71DFEFF2802
S21402F1F816BF034B2046185CE9E700BFAC57002051
S21402F208D65F00202DE9F341224B04461B780F46B1
S21402F2188342154638D9FEF7EBFDB8BB4FF6FD73A9
S21402F2289D421D4E0ED004EB440326F823504FF69B
S21402F238FF739D421FD12046FEF7F2FD002002B062
S21402F248BDE8F0810DF10601384609F007FB4FF6D6
S21402F258FF72BDF806303846934218BF1D460C2387
S21402F2686343F55206EB0308FFF7A8FFB0FA80F0EF
S21402F278400988F80A000C2303FB04600822394672
S21402F2880230EEF701FCD9E72820D8E740F6054019
S21402F298D5E700BF416A0020AC57002038B50446BF
S21402F2A80D46FFF7BBFC21460448FFF78DFE00B962
S21402F2B838BD857221460C30F7E700BFAC570020F0
S21402F2C80023074A1370074A1370074A118801B1C8
S21402F2D81380064B1A880AB100221A80704700BFAC
S21402F2E8CF600020CE600020A6590020A459002036
S21402F2F82DE9F04F3C4C1D46238887B007468846C2
S21402F30810469DF840605BB952B10AF041FF208072
S21402F3184FF4FA61354807B0BDE8F04F0CF03EBF2F
S21402F328DFF8D890B9F80040002C49D020460CF0F7
S21402F33865FEC0F3470620460CF044FEDFF8C0A080
S21402F3480296BAF80030DFF8BCB00193BBF800307A
S21402F3580446009300222B46012025490AF097FF0F
S21402F368ADF81600E8B1012504EB4606B4420DD105
S21402F378BDB9BDF81630A3B12A464146384600F054
S21402F3886FF9ABF80050AAF800500AE001232146AC
S21402F3981A460DF11600F6F709FB02340546002850
S21402F3A8E4D00023134AA9F800301378013BDBB2F5
S21402F3B81370002BACD107B0BDE8F04FFFF780BF43
S21402F3C80D4C237823B90DF027F808B901232370CA
S21402F3D8324629460520F7F70DFA0028EBD12070A9
S21402F3E807B0BDE8F08F00BFA6590020506900207C
S21402F3F842680400CF600020CE600020A459002096
S21402F408405900204259002030B5154D87B02C8847
S21402F4189CB923464FF4A07248F2380103A80AF0B2
S21402F428FBFC21462046FAF7E3FA22460D4B0094E7
S21402F43803A9FFF75DFF07B030BD204609F08AF83A
S21402F44804300DF070F903A9044628880BF086F8F4
S21402F4580023009320462A8803A900F0AFFAEAE7B9
S21402F468A659002000F8FF0737B5002001A9FAF7C9
S21402F478BFFA0D4C014623780C4D7BB10C4B019A12
S21402F4881878FAF7CBFA2078F8F74CFC00232370A2
S21402F4982B700848F6F736FB03B030BD2B78002BE6
S21402F4A8F7D0FFF7B1FFF4E7D1600020CF60002065
S21402F4B8D06000205069002008B50548F6F732F8F3
S21402F4C80448F6F72FF8BDE808400348F6F72AB8C6
S21402F4D8A6590020A4590020A25900202DE9F04F71
S21402F4E889B089460446CDE905239DF84870139EDF
S21402F4F830B316F801ABBAF1000F23D00AF1FF3485
S21402F508A400E4B23146012007F014FDC00E1BD158
S21402F518DFF838B13146012007F00CFD9BF80050A1
S21402F52834442279BDB1002F47D180234846CDE91D
S21402F5380277CDE900773E4A059900F091F83CE05B
S21402F5488246DFE75446DDE71B28ECD93146012020
S21402F55807F0F0FCE7E7DFF8F880FF2A00EA080879
S21402F5680BD14246E379A179607901EB032189B28E
S21402F57809B0BDE8F04FFAF751BA2E4909688B0769
S21402F5880AD5FE2A35D101230135EDB2202D4FEAE0
S21402F59843030AD1FF250AE0294628460792FAF7C6
S21402F5A827FA4845BFD1079AEBE79845ECD1224B94
S21402F5B81B78FF2B04D0AB4204D009B0BDE8F08F0D
S21402F5C8FF2DFAD029460020F4F7B2FF0028F4D01F
S21402F5D89BF800306479002BEFD1FFF771FE1748CD
S21402F5E84FF410510CF0DAFD154B8BF800501C70D6
S21402F5F8E3E7052A97D8BAF1010F94D8B8F1000FB5
S21402F60891D0002FD9D17379002BD6D00D4909880D
S21402F61821B9082B28BF08230B490B7043464846D6
S21402F6281292DDE9051209B0BDE8F04FFFF760BE99
S21402F63842680400D0460020786A002050690020FC
S21402F648D0600020A6590020CF600020D16000209C
S21402F65800F8FF07014B1880FFF7D6BEA459002012
S21402F6680CB42DE9F04F8BB014AA0E4652F8041BC0
S21402F67807460992002940F08F80BDF85400ADF87D
S21402F6882200002800F0A18033794FF6F778002B85
S21402F69840F0868047458CBF4FF009084FF00808AF
S21402F6A84C4B1C78FF2C40F08380B6F90230002BB6
S21402F6B8A9BF494B347A1C780134A2BFE4B21C7045
S21402F6C844F08004DFF81CB12246002101F0A2FCB7
S21402F6D89BF80030BDF82200002B6CD0DFF808A19A
S21402F6E84FF00009BAF8003007930CF087FC05467D
S21402F6F8BDF822000CF066FCEBB2CDE90193FF23BD
S21402F708CDE9030900932246334639460798FCF7A3
S21402F718B5FB4FF6FF7305468BF80090AAF8003043
S21402F728382D33D13246394640460DF1220307F0CA
S21402F738C1FB00284BD04FF6F7739F4226D8B6F97E
S21402F74802307088002B21DA48F204022349244B3F
S21402F7584FF00008904214BF8946994609F08BF884
S21402F768494603468A220120CDF800800AF08FFD1A
S21402F778814658B12246414601F04CFCFF233246E8
S21402F78839464046CDE90098FCF7DAF928460BB028
S21402F798BDE8F04F02B0704701200AF055FD6EE74B
S21402F7A8002347458CBF4FF006089846337177E723
S21402F7B8FF221A7086E7CDE900033246FF23394650
S21402F7C84046FCF7BDF90546AAE71925DEE70546D1
S21402F7D8DCE700BF7A6A0020D36000205368040082
S21402F7E848680400D2600020A859002070B54FF47B
S21402F7F8003300240546164688B0ADF81A100DF1F7
S21402F8080F0204A90593ADF81840ADF81C400494FD
S21402F8188DF80F4007F02DFB9DF80F302846019310
S21402F828049B044A009305A93346FFF719FF08B05C
S21402F83870BD00BF4C68040030B54FF48035002414
S21402F84887B00395BDF82850CDE900128DF8103020
S21402F858074A034603A9BDF82C008DF81140ADF8F7
S21402F8681250ADF81440FFF7FBFE07B030BD00BFDC
S21402F87858680400B1F1006F2DE9F04314462CBF16
S21402F888392238228BB01D464FF00003ADF81E20F1
S21402F8984FF480022CBF4FF001099946FF2C06460A
S21402F8A8ADF81C300892ADF824304FEA11471FFA1B
S21402F8B881F80FD109F0F0FAB9F1000F19D1154AFB
S21402F8C8CDE9020543463046CDE9007407A9FFF79D
S21402F8D8C7FE1AE0FE2C0AD109F0DEFA0130C0B2E1
S21402F8E809F0E5FAB9F1000F12D00B4A02E0E8B2C5
S21402F8F8F8E70A4ACDE9030501233046CDE9017443
S21402F908CDF8008007A9FFF7ABFE0BB0BDE8F08381
S21402F918034AD5E750680400566804004F68040096
S21402F928576804004FF498124FF0806310B586B0FB
S21402F938CDE903230023ADF8143008F09CFF0446F3
S21402F948F8F796FA054B01900093054A234603A951
S21402F9584FF6FD70FFF784FE06B010BD96600020D5
S21402F9685C68040008B5064B1B78022B02D0043BE1
S21402F978012B03D8FFF7D6FF002008BD0220FCE7BC
S21402F9881060002030B500244FF4806587B0CDE9BA
S21402F99800128DF81030084A034603A94FF6FD7088
S21402F9A88DF811400394ADF81250ADF81440FFF7E5
S21402F9B857FE07B030BD00BF606804002DE9F04F5F
S21402F9C899B00E4605460CA91046CDE90A329DF8AE
S21402F9D888700AF080F9BDF83090804648460CF0E8
S21402F9E80DFBB6F902300446002BB6F806A0B6F8A8
S21402F9F802B004DA00228D4B1A70002049E048460D
S21402FA080CF0FCFA4045F5D3A4EB0804E3B2002F49
S21402FA1818BF4FF4A07A152B099328BF1523002484
S21402FA28013308F1FF324946DBB292B2009412A8BB
S21402FA380CF076FF6FEA4B436FEA53437C499DF816
S21402FA48482008684968ADF83E300DAB03C3ADF8E8
S21402FA584040ADF83C40ADF842A0ADF84420BBF1BA
S21402FA68000F24D10DF14900F6F7C4FCA0B108F046
S21402FA7802FF5C4680460DF151060DF149030A9ACB
S21402FA8896F80090012A2CD14FB384F0010404F0B2
S21402FA98010019B0BDE8F08F0DF149000AF02AFA04
S21402FAA84FF6FF74011B4C4280464C41E3E7BBF11C
S21402FAB8010F57D1BDF8498008F0DDFE80450AD00F
S21402FAC840460DA90AF019FA80F00104E4B20DF1D5
S21402FAD84B060DABD3E7574B0DF14B06CFE70A9C07
S21402FAE8D5E75FB344BBB9F1010F25D830D108F08A
S21402FAF8C2FE08F0C0FE2246804671784D4B02913F
S21402FB0800210120CDE900814B490AF0C0FBADF87F
S21402FB18320088B124BBB9F1010F0CBF0D210C21AC
S21402FB280DF132000AF01BFB024628B92846BDF83A
S21402FB3832300FA9FFF794FD0120AAE7B9F1010FA9
S21402FB4804D1002CD3D081227178D8E7002CFAD1C0
S21402FB58B9F1010F94BF002201227178D201CEE7D3
S21402FB680C21DDE70A9B002B7FF447AF7388342B02
S21402FB784BD1099B092B7FF440AF002F7FF43DAF92
S21402FB889DF951603A46B41008210DF1490004F077
S21402FB98200408F0FEFDA0B1284B1B78012B3FF489
S21402FBA82CAF274A274BB2F868201B68AA421DD0FA
S21402FBB8DA001BD5C8232846234A0FA9FFF750FDAB
S21402FBC81BE70DF14900F6F715FC0028E4D10DF104
S21402FBD849000AF08FF94FF6FF739842EAD0214699
S21402FBE8F9F778FE03460028E4D1E4E75B0201D57C
S21402FBF8002E08DA00232846134A0FA9FFF730FD1D
S21402FC08124B1C70F9E68D23D5E7099BCDE905A2B0
S21402FC1804930DF14903CDE9028331462846CDE91E
S21402FC2800790B9B0FAA00F03DF8E6E6C7600020B5
S21402FC38C2F0030096600020646804001160002089
S21402FC4888530020D0460020AC1D0400796A0020A4
S21402FC58024B187840F08000704700BFD36000203F
S21402FC68014B188000207047FE6900204FF6FF718E
S21402FC78034602881B798A4217BF074901200A8071
S21402FC8841881EBF054A00201180FF2B1EBF044A6A
S21402FC9800201370704700BFFA690020F869002038
S21402FCA8D46000202DE9F04FA1B09946BDF8AC30DB
S21402FCB82D9F0D939DF8B03004460E93BDF8BC30C8
S21402FCC838460F939DF8C0304E88884615469DF8EC
S21402FCD8A8B010930CF027FD112E824671D808F0B2
S21402FCE8CAFD504576D0062E10D14FF6FD729245C3
S21402FCF826D0BBF1000F10D100228023CDE900A246
S21402FD0829462046BC4AFFF7ABFC06E0BBF1000FCB
S21402FD1803D1032E07D8012E09D80022B74B1A7032
S21402FD2821B0BDE8F08F043E022EF6D8E4E7802321
S21402FD3829462046B24ACDF800A0FFF791FCECE728
S21402FD48B04B1B785E074CD408F095FD0026034698
S21402FD5832460120A84900960AF099FA3B79ADF88E
S21402FD6866000F930028DBD0DDE90E320D9803EB10
S21402FD7842090CF043F95FFA89F909F105085FFAB6
S21402FD8888F88045CCD241460D9801F02FF910909C
S21402FD9808EB40080D980CF031F98045C0DADDE929
S21402FDA80F321343DBB2002B40F03482BBF1000F54
S21402FDB8B6D1D84642460421BDF8660001F02AF9B3
S21402FDC874E1904A3A2E127812D948F23B039E42C0
S21402FDD807D013E08B4A127850070BD5321F022A37
S21402FDE808D8B8F8063043F48043A8F8063097E7F0
S21402FDF81B2E1DD8B21E91B213295FD9109B4946F5
S21402FE0802930F9B3046CDE900B30E9A234607F0BD
S21402FE1837F80F2884D10122784B1A70794B1B7851
S21402FE289B0740F12783BBF1000F7FF479AFD8E731
S21402FE38A6F11C011E29E1D801A050F821F000BF46
S21402FE489304030005FE020005FE020029FD0200D7
S21402FE5805FE0200810203008102030005FE02007D
S21402FE6805FE020005FE020005FE020005FE02006F
S21402FE7805FE020005FE020005FE020005FE02005F
S21402FE8805FE020005FE020005FE020005FE02004F
S21402FE9805FE0200B3020300B30203006504030072
S21402FEA805FE020005FE02008704030005FE0200A6
S21402FEB8E3040300F904030007050300132A9DD888
S21402FEC801A151F822F000BF21FF0200B1FF020093
S21402FED8CFFF0200E700030051FD020005FE020004
S21402FEE805FE020005FE020005FE020005FE0200EF
S21402FEF805FE020005FE020005FE020005FE0200DF
S21402FF0805FE020005FE020005FE02002B020300A3
S21402FF1805FE0200BF04030000231A938DF866301C
S21402FF280DF1660322460E99484600931AAB06F070
S21402FF38A1FF08F0A0FC0646EAF7D4FB162894BFF1
S21402FF484FF002094FF02209F7F792FF2E4B0746A9
S21402FF58B3F800A0FBF7EAFD2C4B80464FF6FF707D
S21402FF68B3F800B009F07EFF294B9DF86620198881
S21402FF78244B1B7813F002031CBF264B1B780B92EC
S21402FF881A9ACDE90701CDE9093240232946CDE977
S21402FF98019320460023CDE9058BCDE9037A1E4A54
S21402FFA80096FFF75DFBBBE608F065FC1B4B1C4A98
S21402FFB81B88CDE92A0300232946204621B0BDE83E
S21402FFC8F04FFFF74DBBBE781AA9731EDBB2EF2BB4
S21402FFD8304627D9F22E25D005F07EFA822608F07A
S21402FFE84AFC00232946CDE90003034A3346204645
S21402FFF8FFF736FB94E600BF48680400C760002097
S21403000853680400D15F0020FE690020FA690020C7
S214030018F8690020D46000206A680400FC690020A0
S2140300287768040005F058FA002856D008F023FC31
S2140300389DF86C209DF86E100492BDF86A2049005E
S2140300480392BDF86820C9B2CDE901629DF86D2018
S21403005803465200D2B208320A4400920120002214
S214030068C6490AF014F99DF86D30ADF866008DF8A8
S214030078633000283FF454AE4FF0000801230DF117
S21403008863011A460DF16600F5F790FC074600284B
S2140300987FF446AE9DF86330FAB293420CD89DF8C7
S2140300A86E308DF86330B8F1000F02D0BDF86630B5
S2140300B836E04FF00108E1E74146304605F00EFA10
S2140300C80123ADF86400022219A90DF16600F5F7BD
S2140300D86DFC01370028DDD022E683267FE708F08B
S2140300E8CAFB064605F019FA33460090002201209B
S2140300F8A3490AF0CCF800283FF412AE00273E4680
S214030108ADF8680005F009FA5FFA87F840450DD898
S21403011832460421BDF8680000F07CFFBDF868305D
S214030128002229462046FFF79BFAF9E5404605F0E4
S214030138D1F9FF288DF866000BD0012301361A463D
S2140301480DF166011AA8F6B2F5F730FC00287FF41D
S214030158E7AD0137D6E75046B7F8029005F0BAF987
S214030168FF288DF8640000F0E2811AA905F0B4F9B7
S214030178BDF868304B4507D04FF6FF72914540F0FF
S214030188D681190400F1D3819DF86D3012930E9B26
S2140301980533DBB213930F9B149300234FF0000928
S2140301A811934B4613E017934900139BC9B219449E
S2140301B80D9889B20AF00EF84FF0000A179B1590AF
S2140301C812995FFA8AF28A4216D309F10109149A38
S2140301D85FFA89F19142E6D39DF86E201292169A39
S2140301E81392002B40F09581119B002B40F09F81C2
S2140301F8109B14930123D1E711999DF86400179374
S21403020805F06CF9159A179B0AF1010A824208BF92
S2140302180123D5E709F106095FFA89F3B046169371
S21403022886E1BD1C29465046BC7A06F0ACF9012285
S2140302382946504608F0C5FF504609F027FE2846CB
S21403024809F058FE3A88824207D04FF6FF7290426A
S21403025803D00CF05AFB09F039FE84F00804C4F303
S214030268C00421462846FFF719F82146284621B038
S214030278BDE8F04F06F02DBEBBF1000F7FF450AD7E
S21403028812073FF5AEAD33463A462946204601F0F7
S2140302988FF900287FF444AD842329462046394A3B
S2140302A821B0BDE8F04FFFF7DBB90F9897F8008049
S2140302B809F094FB00210746204601F0E3FC312EA3
S2140302C8A7EB0007FFB240F0D5804FF0000A0120E5
S2140302D853465246CDE9008A2B4909F0D8FFADF8B4
S2140302E8660000283FF41CAD162251461AA8EDF7FF
S2140302F879FB1AA808F048FD4FF0FF33DFF894B0EF
S214030308CDE91C339BF80090B9F1000F02D14FF0EA
S214030318010A55E01D4E33796F2B02D90026324663
S21403032825E050461CA9F6F73DFF0028F6D0184BE3
S214030338B6F80090B3F86830B9F1000F2CD1003B3B
S21403034818BF01235B0143F004038DF87A300223B8
S2140303588DF87B3073881B0A49461EA88DF87D30B6
S2140303680CF0E3F9B8F1000F65D00026012202214C
S214030378BDF8660000F04EFE32461CE57B680400B6
S21403038848680400AC1D0400836804000459002070
S214030398885300200A600020B3EB090318BF012323
S2140303A85B0143F005038DF87A3002238DF87B3022
S2140303B80F238DF87C30CDE70AF1010A5FFA8AFA33
S2140303C80AF1FF36F6B230460CF0A5FAC307F3D5A2
S2140303D89BF8003019EB030F04D009F101095FFA03
S2140303E889F9E9E7584B1CA918783044C0B2F6F7E0
S2140303F8D9FE002892D0304609F079FD814630466A
S2140304080CF089FAC0070FD416238DF87A304F4BB1
S2140304181B780133DBB20F2B28BF0F238DF87C30F4
S2140304284B4B33F8163096E730460CF074FA8107D0
S214030438EAD41223E9E7BDF866000BF0DFFD1630B1
S214030448B84292DC012316221AA90DF16600F5F7C5
S214030458ADFA00287FF464AC012660E712073FF57F
S214030468C0AC3B46224629460F9801F0F9F8002807
S2140304787FF456ACBBF1000F7FF452AC0CE7BBF12C
S214030488000F7FF44DAC802307E708F0F4F95045D6
S2140304987FF446ACB81CF5F7ADFF00283FF440AC34
S2140304A808F0E9F9064608F0E6F92A4B2A4ACDE9A0
S2140304B82A03334680E538460CF035F909F0D2FCB2
S2140304C800283FF42DAC2A90002329462046234AC9
S2140304D821B0BDE8F04FFFF7C3B84B462A4621467E
S2140304E80020CDE92AB721B0BDE8F04FFEF7F6BFE6
S2140304F84B462A4621460120CDE92AB7F3E75B4651
S2140305084A46294620462A9721B0BDE8F04F06F00A
S214030518E5BC012319A91A460DF16600F5F746FA54
S21403052800287FF4FDAB08F101085FFA88F8013666
S21403053804F0F3FF5FFA86FA50453FF60CAEB8F1BF
S214030548000F3FF433AC35E4476A0020BC60002054
S2140305583659002096600020886804005368040013
S214030568F8B5164B04461D88154B20F8025B196828
S21403057879B10822EDF788FA124B0C201B78124E35
S214030588A372124B19780023DAB2914205D8FF22D8
S21403059809E0C4F802104160EEE7013300FB03F7F5
S2140305A8F75BAF42F0D10A4BE2721B782373094B11
S2140305B81B786373084B1B682361F8BDB659002084
S2140305C8A4540020D5600020A0570020416A0020CC
S2140305D8B9600020B860002090540020F0B589B0B8
S2140305E806460C46154609F0A8FF0DF10A02014611
S2140305F8304609F059FE144F0346F0B901223A7003
S2140306082288BDF80A102AB102460090072003F094
S21403061848FF90B103A8FFF7A3FFBDF80A000BF045
S214030628EDFC0646BDF80A000BF0CCFC214600900C
S214030638F3B2284603AA05F0D0FF0023034A3B700B
S214030648136009B0F0BD00BFD6600020A454002094
S214030658142230B58BB005460DEB02011548DEF7BC
S214030668DDFC10BBBDF81430DA0720D413F0060FF0
S214030678C3F3410208BFC3F341220F4B0DF1160122
S2140306889C5C68462246EDF73DFBBDF8263004F130
S21403069828026A4402F8283C02341B0A02F8273C5C
S2140306A869462A46E0B208F07DFF0BB030BD23202A
S2140306B8FBE700BF703214E0BBCC040010B58AB069
S2140306C8ADF826200022CDE9052204920CAA029250
S2140306D84FF6FF720446AC2101200192064A0390A6
S2140306E804FB0122603200924CF620010DF126022B
S2140306F809F00CFC0AB010BD8853002010B54FF65D
S214030708FF741E4A8AB0B2F86800B2F85E10A042B8
S214030718ADF82600B2F85C304FF6FD70ADF824103D
S21403072818D081424FF0000094BF48F660014CF69B
S2140307386001CDE90500CDE90300CDE9010094BFCA
S21403074809AA603200920DF12602042009F0DEFBA6
S2140307580AB010BD81424FF000008CBF603209AA70
S21403076800928CBF4CF6604148F66041CDE905001F
S214030778CDE90300CDE90100014AE6E788530020E6
S214030788F253002000B50E4B0022B3F85E308BB050
S214030798ADF824304FF6FF73CDE90522CDE90322E1
S2140307A8CDE9012209AA00924FF400610DF1260251
S2140307B80720ADF8263009F0A9FB0BB05DF804FB5B
S2140307C888530020202A10B5144614D8012A04D1C9
S2140307D80C88B4F5004418BF0124620030B10748FA
S2140307E8EDF752F9064B00201C7010BD0548EDF7CF
S2140307F84BF9054BF7E72120F7E700BFB859002068
S214030808D7600020F8590020D86000202DE9F0476B
S214030818104617460BF087FFDFF814A1DFF814918C
S2140308289AF8003099F800200546134302D10020B1
S214030838BDE8F08710F4406800F0400619D186BB7F
S214030848B0F5804F5CD24FF4807400239AF800000A
S214030858344AD9B288425DD8002399F80000324A50
S214030868D9B28842E3D932F8021B0133A142F7D141
S21403087855E0F81C0BF057FF4FF6FF73984214BF6A
S2140308880124022486B1052605F44043B3F5004F38
S21403089844F0080424D0B5F5804F23D244F480747A
S2140308A820E044460326EFE7B5F5804F4FF00506EC
S2140308B8F4D3B8F5406F14BF0220082030443844F8
S2140308C80BF031FF194B05F44045B3F85C3083420F
S2140308D80CBF44F0080444F00404B5F5004F01D1F6
S2140308E844F08004B8F5006F0ED1B8190BF01BFF5F
S2140308F80E4BB3F85E308342A7D144F01004A4E746
S214030908444603260220D9E7B8F5406F08BF44F0EB
S21403091820049AE732F8021B0133A14299D1012039
S21403092886E700BFF8590020B859002088530020EE
S214030938D8600020D76000202DE9F04F104685B018
S214030948164698460BF0EFFE5D4F00F00803B7F81F
S2140309585C10044600F00709F01C02930391B7F8ED
S2140309685EB00BF0E0FE06F1050A054650460BF0AE
S214030978DAFE03464FF6FF70854218D00399A1EBBB
S214030988050CDCF1000545EB0C056D004FF6FF7111
S2140309988B420ED145F004050BF03EFD029B6BB16E
S2140309A8B9F1000F11D0422005B0BDE8F08F01253C
S2140309B8ECE79B4508BF45F00805EDE7B9F1030FDB
S2140309C8F1D8DFE809F0021B795D0BF025FD08B9BD
S2140309D8A807E8D524F00804A4B2B4F5004F05D058
S2140309E8B4F5624F02D0B4F5404FDCD10025294652
S2140309F897F8A820002007F08BFD3CE0D7F8803056
S214030A08E3B9002132460846FFF700FFD8B948F68F
S214030A18410224F038039BB29342C4D10A2D49D02D
S214030A28062DC0D197F87730023B012BBBD8F3F7D6
S214030A3845FD0028B7D140F6040505E04146304693
S214030A4898470028DDD00825E20648BF45F080050C
S214030A58A30648BF45F4805505F00C03042BC6D1FE
S214030A68F01D0BF060FE97F8A83032460093414617
S214030A782B4607F022FD08B30E9B1880002093E749
S214030A88A90705D14FF6FF73B7F85C209A428AD1B7
S214030A9804F44063B3F5006F0AD0B3F5406F82D110
S214030AA8082250460749EDF7E9FA00287FF47BAF9A
S214030AB80C25C9E70425C7E7432075E7192073E71C
S214030AC888530020E8530020034B1A781AB1FF2AEC
S214030AD804BF00221A707047DA60002070B5084C0D
S214030AE8084E2378F55C1DB13E2107480BF03DFD03
S214030AF8FF2223782846F2540023237070BD00BFD4
S214030B08D9600020DA6000208C680400034B044A8E
S214030B181B78D05CFF3818BF01207047D9600020C7
S214030B28DA6000200023074A07491360074A136060
S214030B38074A1360074A11600121074A1170074ADA
S214030B4813607047B45400209FA00300B0540020DD
S214030B58AC540020706900207B6A0020BC54002037
S214030B680E2A70B50C4606461546194603D9FFF7EE
S214030B78D9FF502070BD012807D10020F3F7B8FC31
S214030B88B0B1FFF7CFFF2120F4E780220021224BE4
S214030B981A70224B1960224B1B684BB134200BF09A
S214030BA885FA204B188018B9FFF7BCFF0120E1E748
S214030BB824F0FF6323F4FF231BB1FFF7B3FF4F2093
S214030BC8D8E774B92046F3F7ADFC0124032510F0E3
S214030BD8800F43B21BBF00F01F039C409C4044F0A9
S214030BE878440020104B24F078441E700F4B1049AD
S214030BF81D70104B1C60104B1870104B1A68F4F7D6
S214030C081FF818B1FFF78EFF0420B3E79DF81020EE
S214030C180B4B1A70AEE700BFDB600020B854002009
S214030C28AC540020385A0020E0600020DE60002024
S214030C382D0F0300BC540020DF600020B4540020AE
S214030C48DC6000207FB5244B00251A78012323484F
S214030C58234903FA02F200781A440A60ADF80E50E4
S214030C6820B3984236D11F4C1F4B20781B680DF1D2
S214030C780E0198471D4EBDF80E20307092B11C4BDE
S214030C8829460093284602230195F4F713F8327889
S214030C98237822B1012A12BF1B230133DBB2237048
S214030CA804B070BD013818BF0120F0E778235A4313
S214030CB8013A0A6008220F490BF03EF90B49094A24
S214030CC80978137821B1012912BF1B230133DBB23C
S214030CD81370E5E71846E3E7DE600020E0600020CF
S214030CE8C0540020DF600020706900207B6A002063
S214030CF8690F0300ADC30300024B1868003818BF1A
S214030D0801207047AC54002037B505461C460BF047
S214030D1883FB68B974B1084B1A60084B0A461C6013
S214030D280123294600930323FFF71AFF03B030BDB8
S214030D384D20FBE72520F9E7A8540020B0540020EF
S214030D4813B504460BF068FB58B962B1074B1A6033
S214030D5801230A46009321460323FFF701FF02B047
S214030D6810BD4D20FBE72520F9E700BFAC54002053
S214030D782DE9F0410446DDE906861D469DF82070F8
S214030D880BF04AFB88B99EB1A2B10B4B01201A603F
S214030D980A4B0A46C3F80080094B21461E602B46B9
S214030DA80697BDE8F041FFF7DBBE4D20BDE8F081AE
S214030DB82520FBE72120F9E770690020B4540020BA
S214030DC8B05400200148F4F7ADBB00BF385A0020E2
S214030DD82DE9F0410020F3F7A1FE114B114C1E68D4
S214030DE8114B20881D68114B114FD3F8008010B1A2
S214030DF83978F4F771FD00203870FFF793FEF4F79F
S214030E08ABF90EB14046B0473DB12088A84700234A
S214030E182380BDE8F0410BF023BCBDE8F08100BF9A
S214030E28B0540020385A0020AC540020BC5400208C
S214030E38E1600020F8B52F48F4F764FE2E4B1878C7
S214030E4830BBF3F76FFB2D4F06463B6803B32C4BBB
S214030E582C4D1C6824B195F900301A461946A0474C
S214030E68294B1B6883B1294C2378312B0CD8284B84
S214030E7818880BF0A7F823785A1C22702A78C254CD
S214030E8823785A1C2270C65480232B7000233B6099
S214030E98204C23781A2B22D81F4A1278012A09D104
S214030EA800211E4A156825FA03F0C007DAB20ED5E4
S214030EB801B122700020F3F735FB2178884212D15E
S214030EC80022174B1A70FFF7BDFE40B9F8BD013371
S214030ED8D8B21A284FF00101E5D90A442270BDE8B2
S214030EE8F840FFF775BF0020F3F72EFB0028E7D07E
S214030EF8F5E700BF74690020E0600020B8540020BE
S214030F08A8540020DB600020AC540020E1600020D9
S214030F18385A0020DF6000207B6A0020BC5400207B
S214030F28DD60002008B50B4B187880B90221F3F76B
S214030F38CDFA094B1B782BB100214FF6FF720846F2
S214030F48F3F7A6FABDE808400448FFF773BF002185
S214030F580846ECE7E0600020DC60002074690020A7
S214030F6838B5144B0C461D78012D21D181B9084696
S214030F78F3F7D8FA104A05FA00F013680F4923EA7C
S214030F880003136020462A46BDE838400AF0D4BF5B
S214030F980B4A13780133DBB2022B137004D9BDE86E
S214030FA838400848FFF746BFFFF74CFE0028F6D13F
S214030FB838BD00BFE0600020BC540020ADC303006A
S214030FC8DD6000207469002038B50C4605460BF032
S214030FD815F8A04203D82D2103480BF0C6FA284675
S214030FE80AF0F0FF204438BDA068040070B5064632
S214030FF80D460AF0E7FF044648B130460AF0FEFFFE
S214031008A84203D8352102480BF0AFFA605D70BDDD
S214031018A068040070B50C46064615460AF0EEFFAF
S214031028A04203D83E2104480BF09FFA30460AF044
S214031038C9FF00B1055570BDA06804002DE9F0434B
S2140310488FB007460C4615461E469DF85880F8F797
S21403105855F920B1F4F796FE08B144F400544D4B05
S2140310681B7813B924F40074A4B2200509D546B92D
S214031078284604A9F5F750F9002846D024F4006456
S214031088A4B2ADF81840ADF81A5007F0F4FB424B7B
S214031098ADF81C00B8F1000F02D01A78424501D209
S2140310A893F800803D4AE105137848BF0DF1210106
S2140310B803F10103DBB2137058BF08A922058DF8A4
S2140310C81E808DF81F3006D53368083141F8083C72
S2140310D8736841F8043CE30407D5314A08311368BA
S2140310E841F8083C536841F8043C0DF11808A1EB95
S2140310F808005FFA80F9002148460AF0D7FF06463B
S21403110828B900200FB0BDE8F08304AEB9E70AF0AB
S21403111859FF41464A46ECF7F5FD30460AF06EFF9E
S214031128804630460AF04EFF0023024600934FF6E9
S214031138FF7004235FFA88F107F0BFF9ADF80E00D5
S2140311480028DED040F201131C421AD14FF6F7737B
S2140311589D4216D80AF052FF0DF10E0104462846A2
S21403116800F090FDBDF80E000AF048FFE4B2A04276
S21403117807D9BDF80E0007F0EDF9437843F00403EA
S2140311884370BDF80E003A4601210AF067FFBDF822
S2140311980E00B7E70C6000203B6A00200E600020B4
S2140311A896600020F0B50829D58889B028D00C2980
S2140311B826D0AE0424D405F040030B43424C2678CD
S2140311C816B105F0200423432FB2002FB8BF43F00F
S2140311D88003032920D11223AC068DF80430937AB2
S2140311E810D48DF805300DF1060401A9621A0123FF
S2140311F892B2F4F7DBFBB0FA80F0400909B0F0BD11
S2140312080B46DBE732228DF805308DF80420002ED6
S214031218E9D00DF11304E8E70C298DF804300ABF6A
S214031228138953798DF80530548805BF1B0A8DF842
S21403123806308DF805300DF1070318BF0DF10603C8
S2140312481C70240A5C70148802399C70240ADC70AB
S214031258147901291C7111D8917A002F597131DA42
S214031268022112899971DA71120A03F109041A72B2
S214031278002EBAD0AB06B8D50534B6E7A9071AD4F4
S214031288002F0CDA117A51B1917A59711189127AB1
S21403129803F1080492B102229A71D971E8E70B4C5C
S2140312A8217801F1010C84F800C091729C1D002F6F
S2140312B85971DDDAEAE7917A9C1DF8E70122090AF3
S2140312C89A71EAE79C1DD3E70C6000200D600020A6
S2140312D8014B1880704700BF3A5A0020014B188804
S2140312E8704700BF3A5A00202DE9F84307460BF02B
S2140312F835F905461B480BF0ACFA1B4B60B31C6864
S2140313083C1B2C44A4B20022184BDFF868901B78C9
S214031318174D03EB830399F8006005EB43055FFA63
S21403132882F846450AD9AB8805F10A00A34216D9BE
S2140313380A23B21A29465A43ECF7A6FB013689F85C
S2140313480060AC80B8F1000F03D1394605480AF0AF
S21403135825FF2846BDE8F8833C461D60D3E70546C7
S2140313680132DCE794690020C4540020E2600020C0
S214031378D2580020E36000201FB5154A154C137891
S214031388013BDBB213706168206801AA03C2218996
S2140313981180114A1278D21805D00A2320465A43D8
S2140313A8E118ECF771FB9DF806301B070DD0BDF866
S2140313B80C00FFF799FF03468288ADF8082001AAB8
S2140313C803CA1288186059601A8104B010BD00BF9A
S2140313D8E2600020D2580020E3600020002108B510
S2140313E8084B09481970094B1970094B1A7802EB10
S2140313F882025200ECF7F6FABDE808400548F4F70F
S21403140881BB00BFE3600020D2580020E2600020C2
S214031418456A002094690020F8B50024084D094F52
S214031428094E3B783178E2B20B449A4204F1010440
S21403143800DBF8BD2846F4F775F80A35F1E700BF70
S214031448D2580020E3600020E260002010B5064C66
S214031458207828B1054807F0A9FD10B1034B188872
S21403146810BDFFF789FFF3E7E2600020D25800209B
S21403147808B50A4A0346107860B1094A10889842A4
S21403148809D121B99378103323F00F039370FFF72C
S21403149873FF012008BD0020FCE700BFE2600020C0
S2140314A8D25800202DE9F74F00260BF057F8DFF83F
S2140314B8F890B24699F80070B3463A46DFF8EC80DF
S2140314C81FFA80FEB8F800C0344CAEEB0C039BB290
S2140314D801932378324D009303EB830305EB430311
S2140314E8ACEB0E0C5FFA86FEBE4515D3BAF1000FB9
S2140314F801D0009B2370BA422AD3002F37D00A2282
S2140315082378C8F8000002FB03532648998803B0DB
S214031518BDE8F04F0AF042BEB3F804E001998E45E1
S21403152812D84FF0010A009993F802E001310EF140
S214031538FF3EC9B2013AA3F804B083F802E000916B
S214031548D2B20A330136CDE7E644A3F804E0F8E757
S21403155889F800204AB10A222378C8F8000002FB5B
S2140315680353104899880AF019FE237813B903B071
S214031578BDE8F08FFFF76AFF06460028F5D006F0A9
S2140315881DFF0146304607F00EFD20B100212888CE
S214031598FFF76EFFE9E740F60241F8E7E26000204E
S2140315A8D258002094690020E3600020C454002029
S2140315B82DE9F04192F808801F4608F1FF33DBB2A5
S2140315C8EF2B05460E46144688B00BD982238DF8B2
S2140315D80E30314628469DF80E30204AFEF740F86E
S2140315E8012037E00E22002104A8ECF7FBF9B4F833
S2140315F809308DF81180ADF81230E37A03F07F02D4
S214031608032A08D0012B24D103238DF81030A3898D
S214031618ADF815300EE0032B14BF022301238DF813
S2140316281030E368CDF815302369CDF81930237DDB
S2140316388DF81430A7F121014A420DF10E034A41F1
S214031648009321460DF10F0304A8FDF737FC002885
S214031658BFD1002008B0BDE8F08100BFAC1D040070
S2140316682DE9F04F00241D7895B0CDE902010492C8
S214031678234622460120CDE90054404908F007FED8
S214031688ADF81E00F8B1A346264627460DF12009F5
S2140316980DF1380AE9F71AF85FFA84F8404516D8C0
S2140316A83A460221BDF81E00FFF7B4FC3246042171
S2140316B8BDF81E00FFF7AEFCDDE903100022BDF8F7
S2140316C81E30FDF7CDFF012015B0BDE8F08F4A4662
S2140316D840460AA9FDF7E4FB9DF8282022B12DB160
S2140316E8013DEDB20137FFB20134D3E7BBF1000F7A
S2140316F8F8D199E803009DF829308AE803008DF8A5
S2140317084030BDF82A30032A8DF841304FEA1323B8
S2140317188DF8423017BF032301238DF843309DF815
S2140317282C30DDF83110DDF82D0014BF8DF84C3061
S2140317388DF8433011AB03C302980CBF4FF00E0865
S2140317484FF0150808F04AF90590BDF81E000AF090
S21403175855FC059900EB080399420BDB0123424627
S21403176851460DF11E00F4F721F90028ABD10136D6
S214031778F6B2B7E74FF0010BB4E700BF836804007F
S21403178838B505460D4B0E481C88F4F7A7F9012D06
S2140317980CD10C4B1C88FA21614358B1884209D2F4
S2140317A88408012C204638BF012038BD022D08BF07
S2140317B80224F0E702480AF0F1FCF2E7CE580020CC
S2140317C8BC450020CC580020012208B5054B064826
S2140317D81A7000210AF0E2FCBDE808400020FFF773
S2140317E8CFBF00BFF75F0020BC4500201E4B73B574
S2140317F81A8802F108039BB2012B02D81B4B1B78ED
S21403180823B902B0BDE87040F4F77CB90024184B3E
S214031818184D1C70184B1C702B787BB14FF6FC7355
S214031828164E0093224623462146308808F0FCFAD3
S2140318384FF6FD732C70338001200FE0104B1046D3
S214031848197807F0AEFB0028F6D10C4B1A884FF62A
S214031858FD739A42F0D0012302202B7002B0BDE834
S2140318687040FFF78DBF00BFD0580020F75F0020F9
S214031878FA5F0020F85F0020F95F0020CA580020AE
S214031888FB5F0020012808B50AD002280CD020B92F
S214031898084B18700848F4F735F94FF0FF3008BDC1
S2140318A8BDE80840FFF790BF0020BDE80840FFF7F3
S2140318B867BF00BFF75F0020BC45002002280CD88E
S2140318C859B1064A13780133DBB21370044A127807
S2140318D89A4202D80220FFF7D5BF7047F95F002067
S2140318E8FC5F002038B5A0F61343012B04460D46CB
S2140318F815D80E4A13780133DBB213700C4A1278E4
S2140319089A420CD84FF6FD720A4B0020198891426A
S21403191801BF00221D80084B1A70FFF731FF2946C6
S2140319282046BDE8384004F05CBE00BFFA5F0020DE
S214031938FD5F0020CA580020F85F002000234FF6FA
S214031948FD71054A1370054A1370054A1180054A46
S2140319581370054A13707047FA5F0020F95F00207A
S214031968CA580020F85F0020F75F002030B5094BFF
S21403197802461B7833B1084B084C19780023D8B2B3
S214031988884201D3FF2004E0013334F823509542FC
S214031998F5D130BD446A0020FF5F0020AA58002016
S2140319A80022FF21044B05481A70054B1970054B96
S2140319B81A789200ECF716B8FF5F0020AE5800209E
S2140319C8FE5F0020446A0020F7B58DF807100DF176
S2140319D80701044602F0D1FD234B1D78002D41D0A4
S2140319E82046FFF7C3FF214EFF283178204B05D149
S2140319F8204A107885422DD9451C1570884219D07F
S214031A081C4A1B4D92F800C00022D7B2BC450CD91D
S214031A182F4697F803E00132864505F10405F4D10D
S214031A2802B203EB8202D278FA7002B203EB8202A6
S214031A38D170307002B203EB820123F82240FF22F2
S214031A488A709DF80720FF2A02D003EB820398705A
S214031A5803B0F0BD0A46104603EB8202D278FF2A8B
S214031A68F9D1CBE7FF20F3E7446A0020FE5F0020A6
S214031A78AE580020FF5F00202DE9F843FFF776FFF6
S214031A88FF28044669D04FF6FF72354F03B2DFF8D6
S214031A98DC80344E27F8232098F80050A54202D15C
S214031AA80020BDE8F883337820B28100A34207EB11
S214031AB8800090F803E010D00023294A5FFA83F9E0
S214031AC84D45944606D99CF803900133A14502F187
S214031AD80402F3D18CF803E001E086F800E0013D48
S214031AE8EDB22A1BD2B2043192003944EBF7CCFF8D
S214031AF888F800503378FF2B04D0A34224BF03F1A1
S214031B08FF33337000214FF6FF70154BCAB2AA4253
S214031B180CD300234FF6FF71134ADCB2AC42BBD298
S214031B28013332F823008842F7D1B5E79A78A24200
S214031B380BD11880DA78FF2A04D0A24224BF02F118
S214031B48FF32DA7001310433E0E7FF2AF2D0A2420B
S214031B5824BF02F1FF329A70ECE72D20A1E700BFFD
S214031B68AE580020FE5F0020AA580020FF5F002022
S214031B78F8B51C4B05461B78084673B3FFF7F6FE05
S214031B88FF28044629D02846FFF7F0FEFF2806D08C
S214031B98154B164E1A780023D9B2914218D3FF2153
S214031BA82846FFF711FFFF28014616D00546104FB3
S214031BB823B207EB830237F823009678FFF704FF70
S214031BC8A84208BFFF25FF2E214608D12846F8BDA0
S214031BD8013316F823108142DED1FF25F6E7344693
S214031BE8E6E700BF446A0020FF5F0020AC580020E9
S214031BF8AE5800202DE9F04180460E461F460023C6
S214031C0886B001A814469DF830508DF80330FEF7C9
S214031C18A7FCADF804802EB13368CDF80630736898
S214031C28CDF80A3038460AF0CDF90DF10303421908
S214031C38214601A804F0E1FC9DF8033093B9314628
S214031C484046E8F737FF0E4B1B785BB10B2C09D8D9
S214031C58FF214046FFF7B8FE064605EB4404E4B208
S214031C68A54202D106B0BDE8F0812946384608F0F9
S214031C78B1FA3146FFF7A8FE02350646EDB2EFE79E
S214031C88446A002000232DE9F3470DF107028DF877
S214031C98073004460E4602F05BFC9DF807300546FF
S214031CA863B92046FFF762FE04465EB130880AF041
S214031CB8A5F95FFA80F8FF2C45D10025284602B01F
S214031CC8BDE8F087B046F6E701320C2AF5D02DB208
S214031CD807EB8505AD78FF2DF6D112F0FF0AECD099
S214031CE84FEA4A050235EDB2002EE7D0304605EB3B
S214031CF8080108F034FA0028DFD1524641463088F6
S214031D08FFF788F90AF1FF3208F1010108F1020921
S214031D183088D2B2C9B25FFA89F9FFF77BF924B2E1
S214031D2807EB8404A478FF2CC8D023B2494637F8B7
S214031D382320308808F05EFA0028BED109F102098C
S214031D485FFA89F9EBE725460022014FBFE700BF94
S214031D58AE58002008B5D5F777FED5F761FA00F038
S214031D684AFAD6F779FEBDE80840D5F70FB810B596
S214031D78044601880120D5F727FFE3880BB9C82353
S214031D88E38010BD37B50446D5F72CFF6588854232
S214031D980ED8A188E288814205D3431B5343491BC7
S214031DA8B3FBF1F39AB280B240EA024003B030BD07
S214031DB80022F8E770B50C46088800F04BF994F84B
S214031DC84430054683420FD004F11C06304600F023
S214031DD87CF984F8445000F07CF9618BA0643046A3
S214031DE8BDE8704000F06CB970BD38B5044690F88D
S214031DF844108378826CCB1A59425941D5F730F888
S214031E08E37893B1257985B900F063F90346A268A8
S214031E18218A04F11C009C1A8C4236BF52182946A4
S214031E28D11ABDE8384000F04BB938BD09B100F007
S214031E38FDB800F005B938B58388044603B3E378DC
S214031E480088A17804F10C05A3B10023B1FA81F147
S214031E58E3704909FFF7EAFF4FF6FF72A388218963
S214031E6893421CBF03F1FF33A3802846BDE83840DE
S214031E7800F026B90123E370FFF7D8FFE188F4E7FB
S214031E8838BD10B5044681780088FFF7CFFF0123D5
S214031E98E3700023A38010BD10B581780446B1FA19
S214031EA881F100884909FFF7C1FF0023E370A38087
S214031EB810BDFFF7F1BF70B50446054600262B464E
S214031EC855F8040B10B11B1B0C2B00DD70BD237CCF
S214031ED88680002BF3D0637C13B1FFF7D2FFEEE7BF
S214031EE8FFF7DAFFEBE7FFF7E6BF70B504460546EC
S214031EF84FF6FF762B4655F8040B10B11B1B0C2B1D
S214031F0800DD70BD8388B342F4D04FF4FA724FF6FF
S214031F18FF731146D4F7F8FFECE709B100F086B86B
S214031F2800F08EB810B50446C0600830D5F7BEFF7B
S214031F3821792088B1FA81F14909FFF7EEFFA379E1
S214031F4843B121796088B1FA81F1BDE810404909A7
S214031F58FFF7E3BF10BD00F0A9B80346184613F809
S214031F68012B8A4201D0002AF8D1704710B53B21CD
S214031F7804460068FFF7F1FF0022034603F8012B27
S214031F882068236010BD10B540B1421E0A24002005
S214031F9812F8013F303BD9B2092900D910BD04FB1A
S214031FA80030F5E708B500F07EF808B540F2BA4207
S214031FB800211020D5F784FD41F2E823584340F664
S214031FC8FF7300F2FF70B0FBF3F080B208BD50F861
S214031FD80C3C23B150F8041C30F80E0C1847704715
S214031FE8084619B1FF21103002F0D9B9704773B506
S214031FF805460E466DBA1446D5F78EFEADF8045060
S2140320087EB1012C04D0032C09D00022012101E063
S2140320182246022101A8D7F79BFF02B070BD002213
S214032028F7E7042132460DEB0100F4E707B540BA9B
S214032038ADF8040001A8D7F7BFFF03B05DF804FBAB
S21403204807B540BAADF8040001A8D7F7E1FF03B017
S2140320585DF804FB002307B540BAADF804000DF19C
S214032068030101A88DF80330D7F7FEFF9DF8030098
S21403207803B05DF804FB007800F0DF03552B07D0A8
S214032088642807D0663818BF4FF0FF30C0B27047D1
S214032098012070470320704718B12D280CBF012074
S2140320A802207047704708B501F06BFD08B500F0CD
S2140320B883F8BDE8084004F06EBA50E902301847C2
S2140320C80A460830FF2102F061B9FF21083002F002
S2140320D86EB908B50AF0A1FABDE8084009F026B8B3
S2140320E813B500240DF107008DF8074003F005FA31
S2140320F840B99DF80700033803288CBF0020012049
S21403210802B010BD2046FBE72DE9F0410446002740
S2140321184FF00C0E8F4202DB0020BDE8F0812078DA
S214032128904204D1002594F80780454502DB013721
S2140321380C34EFE70EFB05F6D4F808C00CEB0600E4
S2140321483CF806609E42E8D00135EEE7F0B585B068
S21403215805460E461746D5F7FFFE0446A0B1314698
S2140321682846D5F7B1FE83783A46002BA36831464E
S2140321780293A378284601934FF0000300930CBFFD
S21403218880234023E4F732FF05B0F0BD08B5128874
S214032198D5F7E2FE50B10279BDF80C309A4207D85B
S2140321A881680298EBF770FC002008BD8620FCE7E0
S2140321B88920FAE7D5F7D4BF002004F068BA08B533
S2140321C804F0CDFA002814BF0320002008BD10B57C
S2140321D80446FFF785FF20B12046BDE81040DFF729
S2140321E84BBE10BD08B5FFF77BFF18B1BDE8084026
S2140321F8DFF734BE08BD704708B501F0ACFFFFF73C
S214032208A9FDD6F719F86420DFF746FE6420DFF742
S21403221833FE01F0A2FFD4F7E7FD08F0B1FBF8E7B9
S214032228F8B5D0E90176437B04460D4613B1334629
S2140322383E461F46FFF74DFF012D206438460ED154
S214032248D4F7C8FE3046D4F7E9FE257360784FF412
S2140322587F42BDE8F8404FF48171FFF777BF022D40
S21403226805D1D4F7DBFE3046D4F7B4FEEDE7D4F752
S214032278D5FE3046D4F7D2FE0025E6E738B5037B0D
S21403228804468B420D4607D190F844305BB3BDE84D
S21403229838404830FFF719BFFFF71BFF216C431A76
S2140322A8C72B0CD80123C83184F8455084F844302A
S2140322B8091A04F14800BDE83840FFF701BF0DB11D
S2140322C8237B2BB929462046BDE83840FFF7A8BF2D
S2140322D800212046FFF7A4FF0123C82184F84550B0
S2140322E884F84430E5E738BD90F84510FFF7C6BFD5
S2140322F80121FFF7C3BF0221FFF7C0BF0021FFF785
S214032308BDBF4FF60173994210B5044602D10021AA
S214032318FFF7B4FF2046BDE81040D6F72FB90329C8
S21403232810B504462BD0007B30B9012903D0022907
S2140323380CBF0120FF2010BD032A07D8DFE802F0F0
S2140323480208101401291CD002291FD0FF20F2E727
S2140323580029FBD1B4F85C20012A12D0022AF4E73C
S21403236804290ED00529F0E7042914D0052914D02A
S2140323780029EBD1B4F85C20111F0129ECD8022000
S214032388D9E75A1E534253415800D4E7022B0CBFD1
S21403239802200120CFE70020CDE70120CBE730B5A8
S2140323A887B005460C46D5F7C9FE012820D11CB1CF
S2140323B8611E4B424B4158006B784FF480728DF880
S2140323C804304FF48273ADF806304FF48173ADF8DA
S2140323D8083001238DF80B30002385F8900001A8F8
S2140323E8CDE903238DF80A408DF81430D5F7DEFEC1
S2140323F807B030BD41680346C978027B99B981683E
S214032408C97899B9002A08BF0321D6F77BB99B7BFD
S214032418002B0CBF01210221F7E79B7B002B0CBF87
S21403242802210121F1E7012AF1D17047012AF4D1EB
S2140324387047042910B5044604D831B1BDE81040E6
S214032448D6F7E4B905290DD010BD037B5522002B1A
S21403245808BF0321A0F85C1040781221FFF776FE28
S2140324682046EBE743681A8A83681A82E6E701235D
S21403247803730378013343734FF44073C381032311
S21403248803740023A0F85C3080F89030704738B5A2
S21403249804460D4601B945890123E373FFF719FE80
S2140324A8FA2202FB050020612089BDE83840504324
S2140324B8FFF78DBE10B50446806BD8B1E278022AC2
S2140324C804D0636B5B7972B984F83C3094F83C307B
S2140324D86BB1FFF7D6FC60784FF60272BDE8104082
S2140324E80621FFF733BEB3FA83F35B09ECE7FFF77E
S2140324F8D3FCF0E710BD10B50446406BD4F76AFD6D
S2140325082046BDE81040FFF7D5BF10B50446406B1C
S214032518D4F784FD2046BDE81040FFF7CBBF10B5BF
S2140325280446406BD4F7A0FD2046BDE81040FFF7ED
S214032538C1BF10B50446002206214078FFF706FE01
S214032548A378022B01D0FF2B04D12046BDE8104008
S214032558D6F7BEBC10BD4FF60273994210B50446B3
S21403256801D1FFF7A7FFE378022B02D02046FFF737
S214032578A1FF2046BDE81040D6F7AABC10B5D0F890
S214032588A4407CB103791BB14079D6F761FD48B9FD
S214032598A3883BB932222046BDE8104001231146E2
S2140325A8D4F7B2BC10BD10B50446FFF7E7FFA27810
S2140325B8237982B913B12046D6F770FD2046D6F79D
S2140325C8ADFD03236078A4F86C305522BDE81040AF
S2140325D81221FFF7BBBD012B02D12046D6F75EFDBD
S2140325E8A379012B02D12046D6F798FD0123E9E704
S2140325F810B583780446ABB9FFF7C0FFA3788BB949
S214032608237913B12046D6F769FD2046D6F7CAFDC7
S21403261804236078A4F86C305522BDE810401221D4
S214032628FFF794BDB4F86C30022B0DD02379032B37
S21403263802D12046D6F732FDA379032B02D12046D2
S214032648D6F76CFD0023E4E72046D6F7EDFDF9E759
S214032658827883685AB9DB78002B14BF03230423D4
S214032668A0F86C30552212214078FFF76FBD1A790F
S21403267822B9DB78003B18BF0123F1E70223EFE713
S2140326887FB500239E6A0446B6F5C04F0D460CD2A6
S21403269801A8D6F775FF039B5B0506D52946204692
S2140326A8336C04B0BDE87040184704B070BD00230F
S2140326B89B6AB3F5C04F05D21B6BB3F5C04F01D267
S2140326C89B6818474FF4817070471FB500239A6AB2
S2140326D8B2F5C04F04D340F2011005B05DF804FB11
S2140326E8126BB2F5C04FF6D2012201A8CDE9023328
S2140326F88DF80420D6F744FF039BDB03EBD5029B38
S2140327081A0EE8D0012A03D1C3F307430A2BE2D9EA
S21403271800239B6A1B6B1B6C9847DEE7002303604A
S214032728704703680B600160704710B538B132B163
S21403273829B100230139D45C14B90023037010BDF2
S2140327488B42FAD200F8014B0133F4E7034638B15B
S2140327580020814204D01A5C02B970470130F8E7BA
S21403276870474FF0FF31FFF7F1BF70B50C461646BA
S214032778054660B15AB151B1FFF7F3FF844206D953
S214032788211A32462844BDE87040FFF7CEBF70BD15
S214032798FEE7FEE700239A4200D1704710B550F8CB
S2140327A8234041F8234001339A42F8D110BDD7F7A6
S2140327B8B3BB4369426CD91C143AB1FBF2F103EB81
S2140327C8C1000330B0FBF2F00230704738B5054657
S2140327D80C46FFF7EEFF6A6CE31D143AB3FBF2F3FD
S2140327E8013304EBC30402FB004038BD38B5054685
S2140327F844692146FFF7EAFF6A6CE31D143AB3FB04
S214032808F2F3013304EBC304204438BDF7B5074697
S2140328180E4600257C6CA819644280EA06031C4011
S21403282803D02C46204603B0F0BDFB6B01225B6940
S21403283801A99847019B0133F4D10435EAE770B53B
S21403284805460C46D9F742F9EB6B2046BDE87040BF
S214032858DB68184770B50025044686B00562E36949
S214032868AB4202D8206A06B070BD666C2068E36B7C
S21403287805225B6901A906FB0500984701A800F035
S21403288823FC00F046FC10B1236A013323620135AA
S214032898E5E738B50446456C006804F1400305FBD4
S2140328A80101E06B00F042FC05462046FFF7D2FF25
S2140328B8284638BDF0B50546002687B0EC69013CC6
S2140328C8B44203D80C46204607B0F0BD01B14C1EEF
S2140328D86F6C2868EB6B05225B6901A907FB04008C
S2140328E8984701A800F0F0FB00F013FC0028EAD193
S2140328F821460136E2E7F0B504460D46466CE36B1F
S214032908006887B005225B6901A906FB050098479E
S21403291801A800F0D9FB00F0FCFB20B101A800F0E9
S214032928AAFB07B0F0BD29462046FFF7C3FF0646B5
S214032938676C2068E36B05225B6901A907FB060041
S214032948984701A800F097FB431CEAD0B54238BF66
S2140329580130E6E72DE9F0434FF6FF79D0F82480F7
S21403296804460E46C84514BF45460025002787B0CB
S214032978E369BB4202D807B0BDE8F083E26B23687D
S214032988606CD2F814C000FB0530052201A9E047A5
S21403299801A800F099FB022806D0C8450CD1721C82
S2140329A829462046FFF775FFE3690135B5FBF3F2C1
S2140329B8013703FB1255DBE729462046FFF79BFF43
S2140329C8B0F1FF3F14BF024632460132E8E7036818
S2140329D8F0B5CC1A436C0646B4FBF3F4002587B06F
S2140329E8F36937685A1E9542706C08D3706C33685F
S2140329F800FB043007B0BDE8F04000F095BB013497
S214032A08B4FBF3F203FB1244F36B05225B6901A9DB
S214032A1800FB0470984701A800F056FB00F079FB0A
S214032A280028E3D10135DBE710B423F0030422447E
S214032A389B070A44436C18BF04325B4281EA0204CC
S214032A48234203D05DF8044BFFF7C1BF10465DF879
S214032A58044B70472DE9F041D0E90A369E420446F6
S214032A6886B028D11422C369456802FB1355284645
S214032A7806B0BDE8F0812068676C331AB3FBF7F33A
S214032A88E26B07FB0300D2F8148001A90522C047AE
S214032A9801A800F019FB012804D0636C1D44013B10
S214032AA83340ED1A31462046FFF791FF0646A36AE0
S214032AB8B342E0D1DBE70025F9E708B5083013464B
S214032AC8D1E90012D8F788FF012008BD13B50C46D4
S214032AD8002121760093616813462246D7F776FBD2
S214032AE818B1E37D03B1A07EA075A07D02B010BD2A
S214032AF873B5164600F108050C46284609680DF115
S214032B08070200F098F9032E06D16368834203D1BF
S214032B182846216800F076F9012002B070BDD01E61
S214032B28009B42424241187E824211D11A688A4269
S214032B380ED85A688A420BD35A6901325A61D3E9C6
S214032B48030282423FBF986840F8221001321A6196
S214032B580120704710B5032A029C07D1A26A534086
S214032B68626C5242134201D100F04CF9012010BDA9
S214032B7808B5C36800209847BDE80840D8F7AEBF35
S214032B88012814BF0420022070B5002442431C7099
S214032B98CC7D101D02F002024CB91AB1012220F0B6
S214032BA803001A7000F108034868184470BD1AB188
S214032BB8012220F003001A7000230C7E01F1200581
S214032BC8DAB2A24201D30020F0E735F833205E1CC0
S214032BD8824206D901EBC30300F10802D869104400
S214032BE8E4E73346801AEBE773B5054690F8426088
S214032BF81C4630460DF10303FFF7C2FFEB6B012EAD
S214032C085B690DD1324601A998479DF8033013B185
S214032C18BDF806300193BDF80430236002B070BDDA
S214032C280122214602B0BDE870401847F0B50546B4
S214032C3800244868EB6B87B00E4601225B69029452
S214032C4802A908309847274695F84230012B40F0EA
S214032C58AC80632C00F2AB80612C08D805AB224607
S214032C6831462846FFF7C0FF9DF814305BB305AB23
S214032C782246314628468DF81070FFF7B5FF95F8BB
S214032C884230012B059B7FD14FF6FF72934256D0F5
S214032C98082205A904A800F063FA059B9DF81010FE
S214032CA8C3F3072291424AD1DBB2029A1A4402922C
S214032CB845E0DCD005AB224631462846FFF794FFAD
S214032CC8BDF81430D2E795F84230012B39D1612C80
S214032CD82ED822463146284603ABFFF785FF3146F2
S214032CE8284604AB621CFFF77FFF3146284605AB30
S214032CF8A21CFFF779FF102208230DEB02010DF142
S214032D0807008DF8073000F02BFA102205A90DF1FD
S214032D18070000F025FA039BDAB24AB99DF80720A4
S214032D28B2EB132F04D1DDE9043203EB024302931B
S214032D3895F84230012B14BF012302231C440134A7
S214032D4882E7302CF4D822463146284603ABFFF7F1
S214032D584BFF3146284604AB621CFFF745FF10239A
S214032D6820220DEB03010DF107008DF8073000F064
S214032D78F7F9039B9AB2002ADAD19DF80720B2EB3B
S214032D88134FD5D1049BD2E70133D8D0102205A917
S214032D980DEB020000F0E4F9059B9DF81010C3F351
S214032DA807429142CBD19BB27FE7312C81D9029857
S214032DB807B0F0BD13B500240194049C0094D7F71C
S214032DC8E1FE02B010BD13B501240194049C0094DF
S214032DD8D7F7D8FE02B010BD00234FF0FF3230B548
S214032DE844689C4202D10023037230BD016801EB9C
S214032DF8C30541F833206A600133F2E7C0E90012DD
S214032E08FFF7EABF0023F0B545689D4210D0046873
S214032E18DF0054F8332004EBC306B2F1FF3F08D0B3
S214032E28C2F31302914204D14FF0FF33E3517360A8
S214032E38F0BD0133E9E70023F0B545689D4202D1AA
S214032E484FF0FF300EE00468DE0054F83340671C8A
S214032E5809D0C4F31307B94205D1240D14700368C7
S214032E6833445868F0BD0133E8E7704770B59400FB
S214032E78224605460E4609F08FFD431C0AD058B96C
S214032E88224631462846EBF7F9F8002814BF3D20BA
S214032E98002070BD6E20FCE77120FAE713B50446E0
S214032EA801A8DAF7ABF89DF8063023804FF4807351
S214032EB86380DAF7BDF86060002002B010BDDAF769
S214032EC81DB808B5DAF70AF8002008BD10B5044699
S214032ED844EA010313F00303084609D1934201D1D8
S214032EE8002010BD54F8231040F823100133F5E7EB
S214032EF821469200EAF706FFF2E710B5044609F002
S214032F084FFD431C10D088B9DAF792F8234620F011
S214032F1803002044984201D1002010BD53F8042B27
S214032F280132F7D03E20F8E76E20F6E77120F4E783
S214032F38704713B50023044601461B220DF107000C
S214032F488DF8073000F00CF922689DF80730B3EBCC
S214032F58D26F0CBF0120002002B010BD13B50023AA
S214032F680446014620220DF107008DF8073000F0CD
S214032F78F7F80DF107001A22211D00F0F1F8626830
S214032F889DF80730B3EB926F0CBF0120002002B008
S214032F9810BD0068431C584258417047006810F03B
S214032FA87E0F0CBFC0F3C160002070470068C0F3F3
S214032FB8D3107047006800F07F0001288CBF0020FC
S214032FC801207047036813F07E0F14BF04200820FF
S214032FD87047036813F07E0F03D1406820F07C40E7
S214032FE8704713F078001CBF03F07F03D81F7047A1
S214032FF8006800F07F007047032809D0022803D131
S214033008C1F10201C8B2704700290CBF072000208F
S214033018704737B5054601F10C0443696946012232
S21403302820469847BDF80030012201932046AB6935
S21403303801A9984703B030BD37B501F10C044369BD
S214033048012269460546204698474FF6FF72009BBD
S21403305899B291420DD16FF30F0343F4254343F01E
S214033068A503019301222046AB6901A9984703B03B
S21403307830BD0020FBE737B5044600251B22011D9B
S2140330880DF107008DF8075000F06AF860689DF8A0
S2140330980720B2EBD06F03D120F0784003B030BDE1
S2140330A80DF107001B2204F108018DF8075000F004
S2140330B857F8A0689DF80730B3EBD06F01D1C0432B
S2140330C8EAE74FF0FF30E9E74BF29A22036810B5B8
S2140330D8B2EB134F044613D19BB2012B13D1FFF760
S2140330E8CAFF01300CD04FF6FF72E068B2EB104F00
S2140330F84FEA104309D180B2C01A18BF012010BD89
S2140331082368013303D00420F9E70220F7E70320F6
S214033118F5E701288CBF00200120704703380128F3
S2140331288CBF002001207047143070472DE9F0410A
S21403313805469846036908460E46174698470446C2
S21403314838B943463A4631462846D8F737FD044643
S21403315818B131462846FFF75CFF2046BDE8F081E4
S2140331681F2A0B689EBF4FF0FF3191408B435908C7
S21403317801F055315B1A03F033319B0803F0333300
S2140331880B44017803EB13130A444FF0013103F0A1
S2140331980F334B43A2EB13620270704708B507F070
S2140331A8BBFABDE808400021D8F706BF0029CCBF04
S2140331B801210021D8F700BF02214FF42070D9F768
S2140331C8D1B9704770470020D9F76CBA0120D9F7F0
S2140331D869BA704770B5054614460E4609F031F9C4
S2140331E82B685C4034405C402C60BDE8704009F0B6
S2140331F823B94369DB01FCD4012300F5005043607F
S2140332087047022A10B54FF0000405D9033A022A7C
S2140332180CD90360047110BD11F4000218BF4FF0F7
S2140332287F4221F07F4313430C0EF2E721F0FF039E
S214033238CCB2EEE730B4012500F5805344685D60F0
S214033248CB784D785B0443EA05230D7889782B43BE
S214033258090401F480310B43C0F89830E30702D41D
S21403326830BCFFF7C6BF30BC704738B50C460546BA
S214033278FFF7BFFF23781146627803F0070343EA94
S214033288C203E278284643EA0223A278120102F030
S214033298300213432B67EB6AA27923F48B3323F4A8
S2140332A8807343EA02432279120202F4E06213436C
S2140332B86279120302F480521343EB62FFF7BAFFF4
S2140332C8012305F580525360E27902B1EB6038BDFD
S2140332D808B50A6FC96F02F00702FFF792FF08BD29
S2140332E84FF050234FF400321A6770474FF0B0433D
S2140332F85A6812B19A6A002AFAD1704770B5054619
S21403330814460E4609F09DF82B685C4034405C4032
S2140333182C60BDE8704009F08FB801224178037825
S2140333288A4030214B4342F2100103F1A04303F5D0
S21403333870335A50704721FA00F2D20730B5034665
S21403334800F0FC040FD500220132D2B2042A02D1BF
S2140333584FF0FF3008E0831803F00303234421FAF1
S21403336803F5ED07F0D4184630BD0020704700205B
S21403337870470020704700207047012070470120DF
S21403338870470F207047EBF79BB900207047FFF78D
S214033398FCBF002070477047002070470020704726
S2140333A8C3681944836853F8210030F8023B136056
S2140333B87047012310B580F888300378044653B164
S2140333C800F061FA21462046DAF796F92046BDE86A
S2140333D8104000F04DBA10BD38B50D460446DAF76E
S2140333E873F96B682046C4F8B032A96800F096F9FA
S2140333F84FF0FF332046C4F8B432FFF7CDFF38BD8D
S214033408D0F8B43210B50133044601D0002010BDFD
S21403341800F0BCFAC4F8B4020130F7D194F8B80245
S21403342880F00100F3E708B5DAF78AF908BD0A78E9
S21403343801382D2A0ABF012200228918DAF7DCB9D7
S21403344807281BD8DFE800F0060A0D101315041723
S2140334580120704700220820DAF7CEB90022102090
S214033468FAE700222020F7E70820FFF7E0BF10203E
S214033478FBE72020F9E70846DAF720BA002070476A
S2140334882DE9F74307280C46DDE90A7690461D46DC
S21403349808D8013806280AD8DFE800F01D27303A8E
S2140334A844574A00212850D003B0BDE8F0830022D1
S2140334B820461146EAF762FA3368C0B205EB830181
S2140334C83A6845F82300013348F8221033603B680E
S2140334D801333B60E8E7002220461146EAF74EFA36
S2140334E8336880B205EB8301EAE7002220461146DB
S2140334F8EAF744FA336805EB8301E1E7002220463E
S2140335081146EAF7E9FB336840B205EB8301D7E7D0
S214033518002220461146EAF7DFFB336800B205EBC4
S2140335288301CDE7002220461146EAF7D5FBE1E7FB
S214033538002389461E461D468DF8063019F8013FB6
S2140335487D2B06D125702D0A65703B6848F8234005
S214033558BDE7202BF2D006F00102013612B98DF82A
S2140335680430EBE71022002101A88DF80530EAF7AE
S214033578B3FB631901359870ADB2DFE72DE9F04F59
S2140335889B46002385B08B45814688469246CDE9FF
S21403359802336BDC1A461E4619F80340212C09D859
S2140335A81F2C04D8103C072C98BF012200E00126E4
S2140335B80133F1E7FF2CFBD15B4436B1013B4345AE
S2140335C80ADD2B2005B0BDE8F08F62B1013B434509
S2140335D8F7DC3546374602E000252F462E46454596
S2140335E804DB0020EEE79845F3D0EAE75D453BDBCE
S2140335F819F80730202B18D109EB07035B78FF2B44
S214033608DFD1CEB920465AF82510FFF719FF78B34D
S21403361803AB019302AB00932046DDE90E235AF869
S2140336282510FFF72DFF0135D9E7212B0ED109EB1E
S21403363807035B78FF2BC4D1029B5AF825200E9903
S214033648012641F8232001330293ECE7A3F1100483
S214033658072C02D91C460137D3E709EB07035B7827
S214033668FF2BAED1E4B2CCE70624CAE72120A9E7AC
S2140336782620A7E72DE9F04F07460E461546984637
S214033688044685B0DDF84490DDE90FAB206808B33F
S214033698DAF80020D8F800108A421BDA0E9B53F893
S2140336A82210D6F76DFB48BBDAF800200132CAF8B9
S2140336B800206268117BFE291BD10E9B106801212E
S2140336C800932A464346CDE902B9CDF804A0FFF78E
S2140336D8D1FF04462B7843B999F800302BB97EB14D
S2140336E801233C4689F800302B70204605B0BDE818
S2140336F8F08F01238BF800302B70EBE70C34C5E70B
S2140337083446F2E710B50446236803B910BD237A96
S21403371813B92046DAF708F90C34F5E710B541B1C2
S2140337280A7932B901249C300C71FEF7FAFF204659
S21403373810BD0020FCE72DE9F041BAB005460AAAF9
S214033748084603A900F05FF90446B0B90DF10A0369
S21403375801930DF10B038DF80A0000930AAA284675
S21403376804AB03A9DAF790FA9DF80A20B2B19DF8DC
S2140337780B2048B12AB1DAF7D7F820463AB0BDE8A5
S214033788F081FFF7BFFFF8E7D5F89C50002DF4D07B
S214033798A86808B1FFF7B6FF2D68F7E700B34668D1
S2140337A81AAB06F10C082AAF01934046049B03990B
S2140337B800970AAAFFF7E2FE04460028DDD1039B1A
S2140337C805A8CDE90637049B0595CDE90838DBF748
S2140337D84BFD05A83368984705A800F03FFDCCE7DE
S2140337E82D24CAE710B50446AC30E9F7F7FF04F111
S2140337F8AB031A180020934200D110BD13F8011F1B
S2140338080029FAD00A2908BF0130F4E70023F0B5E7
S2140338180B6013600646D0F8AC0278B196F8AC0095
S21403382860B1012406F1AC07D6F8AC02844210D383
S21403383806F1AC00B3F5007F10D30120F0BD0D6888
S21403384801350D60156801351560F85C01330A28E3
S21403385802D0B3F5007FF2D30134E5E7C15C0A2949
S214033868EBD00029E9D01168013301311160E1E793
S21403387810B50021D0F88C200446EAF7B3F80023E5
S214033888C4E9243310BD73B5044600F1AC058021A2
S2140338982046FEF75BFF4FF4007106462846FEF700
S2140338A855FF0136C0F50070864220461FD8E9F753
S2140338B895FF06462846E9F791FF01362946421C36
S2140338C8A819EAF7E1F82046E9F788FF21460246F1
S2140338D82846EAF717FA2046E9F780FF0A23204422
S2140338E880F8AC300023C4F8AC3202B070BDFFF7E2
S2140338F879FF01AAC4F8AC0269462046FFF786FF9B
S2140339080022009B234483F8AC20C0E773B50D461A
S2140339180446FFF767FF6B1C19D1D4F8AC3213B112
S214033928013BC4F8AC3200252046E9F757FFA84206
S21403393815D82046FFF79CFFD4F8AC322BB169465E
S214033948204601AAFFF762FFA0B902B070BD012D99
S214033958FBD1D4F8AC328342F7D20133E1E708202F
S21403396800F023F8202000F020F8082000F01DF8C7
S2140339780135D9E7009D04F1AC06019BAB42E4D9B7
S214033988715D2046DAF7AEFA0135F6E707B500208B
S2140339980DF1070100F0E7F820B99DF8070003B01A
S2140339A85DF804FB4FF0FF30F9E710B5C1B20446E3
S2140339B8002000F0C8F800280CBF20464FF0FF3060
S2140339C810BD0FB407B504AA52F8041B00200192D1
S2140339D8DAF72CFC002003B05DF804EB04B070475C
S2140339E810B54C1C0B460119045D222C03D07B2C06
S2140339F801D05C2C05D1D21A1844EAF745F8012001
S214033A0810BD0020FCE72DE9F04705469146884699
S214033A18E9F7E4FE2A4606461346197801322029B2
S214033A28FAD0C9F800305C1B01236FF0404AC8F887
S214033A380030A64201D8002014E02F5D29197B2FF9
S214033A4812D0222F2ED1D8F80030621C53442A44B1
S214033A5849F82320012C09D911F8013C13F0DF0F8C
S214033A6804D02120BDE8F0877D27F3E701342B5DDA
S214033A78BB4209D12B195B7813F0DF03F1D1222F50
S214033A8800D12B550134D4E75C2B07D132462146A7
S214033A982846FFF7A5FF0028E3D0013E0134A642D7
S214033AA8E5D8DEE75C2F08D1324621462846FFF7DD
S214033AB897FF0028D5D0013EE4E7202FE2D1002265
S214033AC8631CB3420A70DDD2EA18EB5C202BD9D00C
S214033AD8D8F800300F2B05DC49F823200133C8F843
S214033AE80030CFE71E20BDE700F000B8002070477F
S214033AF8D6F734B970B50C46154610B9DAF78AFB0B
S214033B0838B143682BB12A462146BDE870400068A1
S214033B181847232070BDF7B50D4616461C4638B918
S214033B28DAF778FB04B901AC20B9232003B0F0BD5B
S214033B3803B901ACC768002FF7D023463246294697
S214033B480068B847F2E707B501228DF807100DF1AC
S214033B580701FFF7CFFF03B05DF804FB0B460146EA
S214033B681846FFF7F0BF00230122FFF7D4BF08B5B6
S214033B7808F0F4FCFA23B0FBF3F080B208BD042087
S214033B88704740F20160DAF73BBC70470120704784
S214033B980020704749BA89B280EA0103C3F30312C7
S214033BA85340180380B258405B0103F4FF53584050
S214033BB8704708B5DBF726F858B1A0F15903042B6C
S214033BC806D8042B04D8DFE803F00404040304002F
S214033BD85C2008BDDBF758B97047F8B50C468D1856
S214033BE8073552421540A5F108070646384600F041
S214033BF8DFF9A188381B628801EBE00189B2A2EBE2
S214033C08E00225F8041C25F8062CA288C310AAB1DE
S214033C18A4EBC202B2F802C0D18003EB0C015180B8
S214033C28E28892B1D31A9BB204EBC20425F8023C8D
S214033C38A380B3680344B3603846F8BD15F8082C68
S214033C4842F0020205F8082CEAE725F8022CF0E70A
S214033C582DE9F04F4FF0000887B09946531C109B88
S214033C680546174614BF14460824CDF81480002BBF
S214033C7800F0C580C3F80080002900F0C2804268BF
S214033C888A4240F2BE80073121F0070608F0E6FBB9
S214033C9805AACDE9008282463A464B46314628466F
S214033CA800F08AF9059F834607B130B9504608F0F5
S214033CB8D0FB192007B0BDE8F08FB7F80280296952
S214033CC84FEAC802C0EBC8080139B8F1270F2961C3
S214033CD87AD9B9F1000F51D1864206F1080848D0BF
S214033CE8224639462846FFF778FF04460590059B83
S214033CF89844404600F05CF9059906F10F004A8897
S214033D08C308A2EBD002A8F80220CA88A8F8043091
S214033D18002A30D0D31A9BB201EBC202A8F80630A9
S214033D2893808B88F608A380B8F804303A46E38075
S214033D38414600232846668000F0A6F9AB68083398
S214033D48AB60237843F0010323702B6901332B619F
S214033D586288AB68504603EBC203EA68AB609342DB
S214033D6888BFEB6008F075FB109B083400201C60C6
S214033D78A0E73C46BBE7A8F80620D2E707EB08040B
S214033D882046039200F014F90BF10703DB080599A4
S214033D98638008F10703DB08A380CB8893B1DB00B5
S214033DA8039AD81D821A5A44C2F3CF020B44E28000
S214033DB89A80A38808F1FF384FEAD808A1F802804A
S214033DC8CB80BBE7E380F4E7B9F1010F1BD107F11A
S214033DD80803B3FBF4F204FB1233B3B122463946A5
S214033DE82846FFF7FAFE044623783A4643F00103CB
S214033DF8237021460123284600F046F9A8E7222027
S214033E0858E7212056E78642E8D13C46ECE707B553
S214033E1800224FF0FF3101AB0192DAF775FC0198E7
S214033E2803B05DF804FB2DE9F74F04460D46002959
S214033E3800F0AB80D0E9056808F010FB15F8087C9D
S214033E4835F8061CFB07009000D531B9009808F032
S214033E5800FB012003B0BDE8F08FA368D4F81090E8
S214033E6835F804ECA3EBC10B09F10103A5F1080C23
S214033E784A1CC4F808B02361BEF1000F7BD0ACEB34
S214033E88CE03D888B3F802A00190187807F0020783
S214033E98C00765D4002F64D10198A0EB0A07012F49
S214033EA869D18A1CABF108075244C4F81090A7607E
S214033EB835F802ECBEF1000F61D0D4E900700CEBC4
S214033EC8CE0A07EB0009CA4559D21CF83EC0574626
S214033ED81CF0010C15D1AEEB0101012911D1BAF87A
S214033EE80210AAF802C001310A44BAF806100029DB
S214033EF843D00AEBC107216901392161A168083952
S214033F08A16015F8081C013A21F0010105F8081C00
S214033F18002125F8061C5A801A7861F300021A70E5
S214033F287FB3C3F107023A44C2F3CF02DA80BA80FA
S214033F384EB3B34227D37288002A08BF1E46B8F189
S214033F48000F06D0434504D8B8F80220002A18BF45
S214033F5843460098C4E9056308F07BFA002079E72E
S214033F684FB115F8087C724427F0020705F8087C59
S214033F7800279F809CE763469AE70F46BBE7002720
S214033F88BFE7DF80D4E71E46D9E7222062E710B5ED
S214033F980446DAF7D1FB2146BDE81040FFF743BFD6
S214033FA8FFF7F5BF0846FFF732BF0846FFF7F8BF27
S214033FB80023036043607047F0B5D0E90554561CE8
S214033FC808BF0822002B4FF0000008BF2C46DDF878
S214033FD818C0CCF80000002C37D09DF814706588FC
S214033FE8FF0007EBC505C2F1000E2078C00708D509
S214033FF81BBBE088A0B104EBC004658807EBC505C6
S214034008F3E78D42F4D363B904F10806B6FBF2F07E
S21403401802FB106670180EB1A842EAD8CCF8004026
S214034028F0BD082A0FD06088013004EBC000461A9A
S21403403806EA0E06801B8542F0D2A0880028EFD039
S214034048A4EBC004D9E70846E8E72046E8E70346B2
S2140340580069C0B10AB951B91A6810460378DB0774
S21403406811D531B9C3885BB100EBC300F6E79A698B
S214034078F3E7012904D1838823B1A0EBC300EDE756
S21403408800207047184670472DE9F041D0E90554DB
S214034098074688461646ABB1954200D00ABB424649
S2140340A800213846FFF7D3FFB442054600D02EB9A1
S2140340B8424601213846FFF7CAFF0446C7E90554B6
S2140340C8BDE8F081954208D08D4228BF0D46B4421C
S2140340D805D0444538BF4446F0E70D46F7E744465F
S2140340E8ECE79442EAD1E3E770B500261C46C3E939
S2140340F80001C3E90266C3E905001E611A775E621A
S214034108FFF756FF23690139C90801334180236144
S214034118A36830460833A360E3680833E36070BDDA
S214034128002307B5684600938DF80430D8F74CFB90
S21403413803B05DF804FB10B508F083F9044606F0EF
S21403414859FB2046BDE8104008F076B970474FF48F
S214034158C870DAF779BBDAF761BC00F01CB87047A9
S214034168704708B503F015FA03F01DFA03F024FAAE
S21403417803F033FABDE8084003F040BA704708B5C1
S21403418803F002FA03F001FA03F000FA03F000FA68
S214034198FFF7F4FF08BD08B503F031FA03F030FA69
S2140341A803F030FABDE8084003F033BA704701203D
S2140341B870472DE9F34112F001050446884622D1DB
S2140341C810F0030525D12F465208BA4209D1D8F76D
S2140341D885FE0026B74204EB860008D1D8F78EFE84
S2140341E811E054F8273001330CD10137EDE70422E8
S2140341F858F826300DEB0201019308F0CDFB30B1D9
S214034208D8F77CFE3D25284602B0BDE8F081013686
S214034218E0E70125F7E77047B0F1006F0FD300F02A
S2140342287843B3F1006F0CD000F06040B0F1404F14
S21403423809D0B0F1604F14BF042003207047002054
S21403424870470120704702207047002070471AB154
S21403425811B180B2DAF718BE2120704701F056BEB6
S214034268E3F742BFFFF78DBCD0E9023253F822309A
S21403427800211878E3F78ABB704702F08CB901F07F
S214034288DABDC3688268013BDBB252F823305B7839
S214034298652B02D10020E5F7C9BE6E2B01D101209C
S2140342A8F9E7662B01D10220F5E7704710B5D0E988
S2140342B80232044653F82230187802F046FAE368C6
S2140342C8A268013352F82330BDE81040187802F08C
S2140342D83ABA10B50446C0B2DBF7A4FF200ABDE815
S2140342E81040DBF79FBFD0E9023253F82230187824
S2140342F8DCF7A0B802F0E1B9E4F796BB08B501F01D
S214034308B8FEBDE80840E5F77FBDD0E9023253F8AA
S2140343182230186801F0ABBE0020E5F77BBE01200B
S214034328E5F778BE0221DCF71BB80321DCF718B8DB
S2140343380521DCF715B808B501460C20DBF7ECFFBA
S214034348BDE80840DBF77ABF08B501460020DBF76F
S214034358E3FFBDE80840DBF771BF07B5C2688368AB
S214034368043253F8223001211B880DF10602ADF8FA
S21403437806300023DCF778FD03B05DF804FB08B5C8
S21403438808F000F9BDE80840F1F786BF10B51446F3
S214034398DDF786F82146BDE8104007F0FFBE08B5EE
S2140343A8DDF77EF8BDE80840002107F0F7BE08B53C
S2140343B8DDF776F8BDE80840F1F7A4BB08B5DDF7E6
S2140343C86FF8BDE8084008F044BA08B5DDF768F8A2
S2140343D8BDE80840F1F782BB7047704708B508F098
S2140343E8D1F8FFF7FAFF03F077F9BDE80840DDF7E1
S2140343F8A3B87047012070470120704708B5DDF75A
S21403440837F900280CBF0420012008BD70472DE9A2
S214034418F34104460D4616461F46DDF8208008F08D
S21403442849F93B46324629462046CDF8008003F034
S21403443855F93B46324629462046CDF80080FFF715
S214034448E5FF02B0BDE8F04101F060BD2DE9FF4786
S21403445804460D4616461F46BDF830809DF8349030
S214034468DDF838A008F026F93B46324629462046AA
S214034478CDE9019ACDF8008000F0FDFF04B0BDE851
S214034488F04701F043BD704708B508F013F903F089
S21403449828F9FFF7F8FFBDE8084001F037BD01200B
S2140344A870472DE9F74304460D4616461F469DF802
S2140344B8289008F0FFF83B46324629462046CDF8B2
S2140344C80090FFF7ECFF80463B46324629462046D7
S2140344D8CDF8009003F006F901F018FD404603B046
S2140344E8BDE8F083012070472DE9F74304460D46DF
S2140344F816461F469DF8289008F0DCF83B463246D9
S21403450829462046CDF80090FFF7ECFF80463B4649
S214034518324629462046CDF8009003F0E4F801F029
S214034528F5FC404603B0BDE8F083F8B504460D46EF
S21403453816461F4608F0BEF83B463246294620462E
S21403454803F0D2F8BDE8F84001F0E0BC002070475D
S214034558F8B504460D46164608F0ACF83246294622
S2140345682046FFF7F3FF074632462946204603F060
S214034578BCF801F0CBFC3846F8BD38B504460D4602
S21403458808F098F82946204603F0B0F8BDE8384006
S21403459801F0BCBC10B5044608F08CF8204603F0BE
S2140345A8A6F82046FDF706FEBDE8104001F0AEBCAF
S2140345B8704738B504460D4608F07CF82946204669
S2140345C803F0A7F829462046FFF7F2FFBDE8384070
S2140345D801F09CBC704770B504460D46164608F0B5
S2140345E869F832462946204603F095F832462946A6
S2140345F82046FFF7EFFFBDE8704001F087BC704721
S21403460838B504460D4608F055F82946204603F003
S21403461884F829462046FFF7F2FFBDE8384001F044
S21403462875BC704738B5054608F044F8284600F0C8
S214034638EFFE04460146284601F0ABFF01F066FC90
S214034648204638BD38B504460D4603F068F82946B3
S2140346582046FFF7E6FF38BD704738B5054608F02D
S21403466829F82846E3F7ECFC04460146284601F0F9
S2140346788EFF01F04BFC204638BD38B504460D4680
S21403468803F04EF829462046FFF7E6FF38BD704785
S21403469810B5044608F00EF8204603F042F8204604
S2140346A8FFF7F5FFBDE8104001F030BC704738B59A
S2140346B804460D4607F0FEFF2946204603F033F866
S2140346C829462046FFF7F2FFBDE8384001F01EBC36
S2140346D8704770B504460D46164607F0EBFF32469C
S2140346E82946204603F020F8324629462046FFF797
S2140346F8EFFFBDE8704001F009BC704738B50446C3
S2140347080D4607F0D7FF2946204603F00EF829463C
S2140347182046FFF7F2FFBDE8384001F0F7BB7047C5
S21403472838B504460D4607F0C5FF2946204602F06D
S214034738FDFF29462046FFF7F2FFBDE8384001F0A3
S214034748E5BB704710B5044607F0B4FF204602F0F1
S214034758EEFF2046FFF7F5FFBDE8104001F0D6BB95
S214034768704710B5044607F0A5FF204602F0E0FFA1
S2140347782046FFF7F5FFBDE8104001F0C7BB7047BA
S214034788704770B504460D46164607F093FF324643
S2140347982946204602F0CFFF324629462046FFF731
S2140347A8EFFFBDE8704001F0B1BB704710B5044693
S2140347B807F080FF204602F0BFFF2046FFF7F5FF0D
S2140347C8BDE8104001F0A2BB704738B504460D4655
S2140347D807F070FF2946204602F0AFFF2946204619
S2140347E8FFF7F2FFBDE8384001F090BB704770B59D
S2140347F804460D46164607F05DFF32462946204610
S21403480802F09DFF324629462046FFF7EFFFBDE834
S214034818704001F07BBB70472DE9F34104460D4613
S21403482816461F46DDF8208007F044FF3B4632460F
S21403483829462046CDF8008002F082FF3B463246E2
S21403484829462046CDF80080FFF7E5FF02B0BDE80D
S214034858F04101F05BBB0E2070470E20704738B559
S214034868044607F027FF2046FFF7F7FF05462046CE
S21403487802F067FF2046FFF7EEFF01F047FB2846E6
S21403488838BD002070470020704738B5044607F047
S21403489811FF2046FFF7F7FF0546204602F052FFB2
S2140348A82046FFF7EEFF01F031FB284638BD704778
S2140348B808B507F0FFFE02F046FFFFF7F8FFBDE86E
S2140348C8084001F023BB002070477047704708B5BF
S2140348D8DCF7A0FF00280CBF0420012008BD7047A2
S2140348E80B68DA7B1AB9DB7C0BB9DCF7B7BF812018
S2140348F8704708B5DCF7CAFFBDE80840DCF7D4BF45
S2140349087047DCF7C3BFDCF7CFBF082808D84FF4D7
S2140349188B73C34013F0010F0CBF21200020704790
S214034928212070470121DDF7B1B80221DDF7AEB8C3
S2140349380421DDF7ABB80821DDF7A8B81021DDF7A9
S214034948A5B808B500F026F808B1002008BDDDF7BD
S214034958EDF80028F9D1DDF7FBF80120F6E715286E
S21403496808B503D1BDE80840DDF7E6B801F089FECF
S21403497860B9E2F7B9FE032806D100F009F828B9AA
S214034988BDE80840FFF7DDBF0028EBD008BD704739
S214034998002070470020704708B5DDF7BFFAFA23F2
S2140349A8B0FBF3F008BD0321DDF7E8BA0120704732
S2140349B8D0E9023253F822301878DDF7E7BC0868E6
S2140349C8C37B1BB9C37C0BB9DDF710BD81207047C9
S2140349D8D0E9023253F822301878DDF749BD70471C
S2140349E830B50546044615F8100B85B0029565697B
S2140349F81D44CDE900250B46A21D618801F023FE60
S214034A0805B030BD704710B492F80A4192F80531E4
S214034A1803EB04230B8100235DF8044B1A4601F0CD
S214034A2810BE1FB50446084671B12178FF290BD07E
S214034A38238B029363690193237C00936288A31DE7
S214034A48E3F71AFBFF23237004B010BD0868C37B83
S214034A5873B9C37C032B0BD8DFE803F002080406FC
S214034A68DEF706B8DEF736B8DEF766B8DEF714B84C
S214034A78812070477047704700207047137810B539
S214034A88032B0CD15479CBB29C4208D19379B3EB60
S214034A98112F04D153781B1A5842584110BD0020D1
S214034AA8FCE77FB505460E4600246946E0B201F0EA
S214034AB876FD28B96A4631462846FFF7DFFF18B958
S214034AC80134202CF1D1002004B070BDFFF7E9BFF4
S214034AD80868C37B9BB9C37C052B10D8DFE803F0B3
S214034AE8030D070B0905DEF7CBB8DEF707BBDEF7C2
S214034AF861B9DEF7B3BADEF731BADEF703B9812058
S214034B0870470020704730B5102587B001AA0021EA
S214034B180195FEF745FC04462A46002102A8E8F755
S214034B2861FF2A46214602A8E8F7AEFF012102A83C
S214034B38DEF7C2FC07B030BDDEF750BC7047FFF7A0
S214034B48FDBF0B68DA7B5AB9DB7C012B04D0022B3A
S214034B5804D02BB9DFF7D4B8DFF7DEB8DFF7E8B849
S214034B6881207047002307B5012101A80193D4F7D4
S214034B7829FF08B9D4F71AFD012003B05DF804FB32
S214034B8808B502F030FA052803D0003818BF01200C
S214034B9808BD0220FCE77047D0E9023253F82230FA
S214034BA81878003818BF0120E0F742BCE0F746BC87
S214034BB800207047002070477047FF207047FF208B
S214034BC870470020704700207047002070477047E2
S214034BD806207047DFF7EABE0868E0F7C3BB70B580
S214034BE80D46044600212846164601F074F9324657
S214034BF820800221284601F06EF93246608004219F
S214034C08284601F065F90023A360E3606060082086
S214034C1870BD034641B181424FF0640005D9434352
S214034C28B3FBF1F0C0B2704708467047E0F714BC10
S214034C38E1F70ABAE1F712BBB0F5807F05D0A0F515
S214034C48007358425841400170470820704730B5F2
S214034C5899B00D4669461446E1F764FA30B915B1BA
S214034C68BDF802302B600CB10D9B236019B030BD24
S214034C782DE9F04788B00E46904604A905AA0746CC
S214034C881D46FFF7E4FF044638BB28800DF10C09E0
S214034C98DDE904A39A4520D2062251463846CDF8C4
S214034CA8009006ABE1F75AFAD8B9039B062B18D13E
S214034CB82A88DDF81A3042450ED2BDF8181026F8B1
S214034CC832102A8806EBC20253602A8853440132FC
S214034CD806332A800493DBE7F7D9204608B0BDE8F5
S214034CE8F0870124F9E72DE9F0438FB00F46904685
S214034CF801A9002204469946FFF7A9FF18B1012027
S214034D080FB0BDE8F083062220460DF1020302A980
S214034D18FFF7AEFF0028F2D105460246BDF802109B
S214034D28019CEEB28E42EAD20EAB03EBC60656F8E9
S214034D382C3C36F8306C0634BE4217BFE418012202
S214034D4813460022013522B1C8F80040C9F80030DE
S214034D58D6E71A46E5E770B50024012602F01DF9E2
S214034D68E5B2C26806FA05F59542234604F101043E
S214034D78F4D3D8B270BD70B586B0E1F721F800F168
S214034D881006E6F78DFB00240546142201A9301900
S214034D9802F00AF91CB99DF80430FF2B16D000233D
S214034DA803F118026A4412F8142CFF2A06D11C448D
S214034DB8601E90FBF5F080B206B070BD2B44DBB2E4
S214034DC8132BEDD91434B4F5826FDED14FF0FF30D0
S214034DD8F2E7E0F72BBE07B504220DEB020102F05B
S214034DE8E3F8019803B05DF804FB37B505460846B3
S214034DF80C46FFF7F0FFA84206D0042220460DEB28
S214034E0802010195E6F79EFB03B030BD07B50B46D6
S214034E180092002102460120E0F79AFE03B05DF8EF
S214034E2804FB08B50121E0F7CBFDBDE80840E6F72B
S214034E3835BDE1F709B908B5FFF7F3FF002008BD4C
S214034E4808B513460A4601461846E0F715FF80F0EC
S214034E580100C0B208BD00207047704708B1E1F7EB
S214034E6813BA704730B4DDE902451DB1029430BC6D
S214034E7800F0C6B930BC70471F2804D8142200F5C2
S214034E88A030DAF7CBB870471F2804D8142200F5E9
S214034E98A030DAF7EFB87047152808B505D1FFF73D
S214034EA8DCFFBDE80840E1F735BB08BD10B51424A0
S214034EB886B02246002101A8E8F794FD202322465F
S214034EC801A94FF4A03001F078FC06B010BD00200D
S214034ED8704713B500230C461A460146CDE900333E
S214034EE8E0B2E2F7DBF802B010BD13B500231446B0
S214034EF8019001220093E0B2E2F7D0F802B010BDA9
S214034F08D0E9023253F822301868E2F73FBA194458
S214034F1891420ADC4218002003B9704712F8011DB3
S214034F28013B01EB0020DBB2F6E7002070472DE9D2
S214034F38F04F4FF0000A85B0019381460F46154699
S214034F485346019A11785FFA8AF2914203D80020F1
S214034F5805B0BDE8F08F019909EB050801EB42029D
S214034F68517892F802B011F04004009101F03F0620
S214034F781BD0AC19BC42D4BF0024012433466400BA
S214034F88A20740F18880009B1B0640F192800E9B87
S214034F98324603EB0B000021E8F724FD3D460023C9
S214034FA81D44ADB20AF1010ACBE7042E07D866B151
S214034FB8B31E022B0BD8DFE803F0122130003E2E77
S214034FC837D03F2E5BD03D2E4BD00320C0E7BD42E3
S214034FD834BF00240124012664003346D0E7AB1C03
S214034FE8BB4250DC02233A4629464846FFF78FFF62
S214034FF8ADF80A0002230DF10A08C1E7EB1CBB4211
S21403500843DC03233A4629464846FFF780FF0390C6
S214035018042603230DF10C08B2E72B1DBB4236DC2E
S21403502804233A4629464846FFF771FF03900423AC
S214035038F0E77A1E95422CDA02233A462946484672
S214035048FFF765FF4FF6FF7380B298420EBF022341
S214035058023083B25C19A742B4BF03240124042692
S2140350688EE7BD4215D298F80030FF2B0CBF0123FC
S2140350780133EC18BC42CCBF03240124EFE7012418
S214035088042600237CE73446B4E70224C0E7022458
S214035098CDE70324E3E70E9A02EB0B0014B142F8BC
S2140350A80B807DE7324641460093E8F72BFE009BCC
S2140350B876E702204CE710B5144686B018811A46E0
S2140350C80A9B0291CDE9034301230193099B0146F9
S2140350D800930320BDF82030E2F71CFA06B010BD93
S2140350E81FB500240294079C0194BDF81840009449
S2140350F8FFF7E1FF04B010BD2DE9F0410E46174651
S214035108054686B098B391B38AB34FF0000802A950
S2140351185FFA88F001F043FA044640B99DF8083070
S214035128032B08D008F10108B8F1200FEFD1204669
S21403513806B0BDE8F0819DF809202B799A42F1D193
S214035148BDF80A206B889A42ECD19DF80C30BDF85E
S2140351580D006B7128812B4622464FF6FF71CDE969
S2140351680067FFF7BDFF0028DCD00446DFE72124ED
S214035178DDE710B586B00A9C04949DF82440039492
S214035188BDF8204002940124CDE9003413460A46AC
S21403519801460620E2F7BEF906B010BD1FB5044661
S2140351A80846194600230094CDE90123079BBDF85A
S2140351B81820FFF7DEFF04B010BDF0B50228054639
S2140351C80E4614461F468BB00AD106A9F0B201F064
S2140351D8E6F998B99DF8193023719DF81C30637168
S2140351E8119B224604930023CDE902330193109BB7
S2140351F83146009328463B46E2F78CF90BB0F0BDE0
S21403520813B500240194049C0094FFF7D6FF02B05C
S21403521810BD2DE9F0450646884614469A460027EB
S21403522801258BB006A9F8B201F0B9F920BB9DF8A1
S2140352381830012B19D19DF8192033799A4214D1C5
S214035248BDF81A2073889A420FD19DF81C3032464F
S2140352587371B9B2CDE9030ACDE9010043460220CA
S2140352680094E2F757F9054610B90137202FD9D12C
S21403527828460BB0BDE8F0850546F9E70023FFF797
S214035288C8BF10B50446E2F723FF0021631E04F1E6
S2140352980F0213F8010FFF2808BF19709342F8D1BD
S2140352A80023237410BD0020704770B506461D46BC
S2140352B8E2F782FD044608B9212070BD3046E3F7BD
S2140352C849F80028F8D0A0682A46FF21FFF75EF8B9
S2140352D89DF81030002063719DF81430A371ECE735
S2140352E813B59DF81040CDE9003413460122FFF7A5
S2140352F8DCFF02B010BD08B5E2F75EFD28B1806892
S214035308FF21FFF754F8002008BD2120FCE70122FF
S214035318FFF7F1BF1FB50B466A460146184601F06C
S21403532834F96A460823002032F8021B013B13F0BF
S214035338FF0380EA0100F7D1012838BF012080B2B5
S21403534805B05DF804FB2DE9F04F87B0DDE9109B47
S21403535805468846484619461F461446BDF848601B
S2140353689DF84CA0FFF7D6FF042D0346ABF80000C4
S2140353781AD8022D1DD9042D07D04FF2F222A18880
S214035388914222D1E28891071FD5E17A0022CDE91E
S214035398013720463346CDE90392CDF800A001F045
S2140353A843F907B0BDE8F08F6A1F012A11D92120F7
S2140353B8F7E700224146CDE9119228462246109780
S2140353C807B0BDE8F04F01F03EB94FF6FF760C2163
S2140353D8DCE7052D0ED10023E17A0022CDE901375B
S2140353E8CDE903920091234652464146304601F0E2
S2140353F80EF9D6E74FF2F222A188914204D1E28849
S214035408920701D5E17AE8E74FF6FF760C21E4E741
S214035418F0B585B00546E2F78FF948B16B88B3F562
S214035428006F05D1681D05B0BDE8F04000F0EEBC7E
S214035438284600F004FD0446C8B9E7B2694638466C
S21403544801F0ADF878B99DF8006066B92946384684
S21403545801F0A9F820B140F60443984207D08C26F9
S214035468304605B0F0BD0134202CE6D1F7E78D268B
S214035478F6E7E2F747BB2DE9FF4704460D46014624
S214035488184617461E46BDF830809DF83490DDF85A
S21403549838A0DDF72DF9D0B92146284601F021F9C1
S2140354A833463A4629462046CDE9019ACDF8008088
S2140354B8E2F7CCFB33463A4629462046CDE90D9A11
S2140354C8CDF8308004B0BDE8F04702F009B904B05F
S2140354D8BDE8F087E2F764BDE2F71CBDE2F740BD1E
S2140354E810B5044601F009F9082201462046BDE82E
S2140354F81040E8F7C9BA01F002B9002101F0FFB875
S21403550801F011B90020704720207047EFF7A4BFB9
S214035518EFF7EEBFF2F798BA7047E2F78DBE70B5AD
S21403552806460C46154600F04CF850B13CB135B16A
S214035538204600F0D6FC013080B2A84200D90020ED
S21403554870BD304600F043F840B1002CF7D0012D6B
S214035558F5D9204600F0CAFC0230EDE73046E2F7FC
S214035568CBFDEAE7F8B5BDF8185010B3967855B9E9
S214035578D478A6F14107012F07D8621ED2B200F0ED
S214035588CFFD0020F8BD2C46F3E7433E012E04D892
S214035598A21E92B200F0DCFDF3E7D27813B90DB180
S2140355A8AA4206D811B9E8F71DFAEAE7E8F76CFA4B
S2140355B8E7E78920E6E7413803288CBF0020012067
S2140355C87047413801288CBF0020012070474338B4
S2140355D801288CBF00200120704700207047002058
S2140355E870470388B3F57C4F01D3FFF7F8BF084627
S2140355F8FFF7F3BF10B54A880488A2420DD1037B90
S2140356080C79234009D0B2F57C4F08D3FFF7E7FFA0
S2140356180B891B1A5842584110BD0020FCE701208D
S214035628FAE738B50D88D488A5420AD10388B3F5B6
S2140356387C4F08D2FFF7D5FF13891B1A58425841E7
S21403564838BD0020FCE70120FAE72DE9F0471546A8
S2140356580446B8B149B1EAB100264FF0140AB04679
S21403566890F80490F3B2994501D800240AE0276815
S2140356780AFB06773846FFF7BDFF013628B13C46D6
S214035688A5F800802046BDE8F0877B8943441FFAC7
S21403569883F8E7E71446F5E72DE9F0470E4615467F
S2140356A80446B8B149B112B300274FF00C0AB846FE
S2140356B8B0F80890BBB2994501D800240AE063689D
S2140356C8324620460AFB0731FFF7ABFF28B10C46E4
S2140356D8A5F800802046BDE8F0870B79013713F05C
S2140356E8300F02BFCB7843441FFA83F8E2E7144629
S2140356F8F0E72DE9F04186B00D461446984604AA0D
S21403570805AB03A90646E2F7CDFD40B30DB1049BEE
S2140357182B6034B3049D03982946FFF762FF2B8852
S214035728074602467188307800F04FFBD8B12979CE
S21403573811F010030BD0EB782A46CDE900433B461D
S21403574871883078FCF722FD06B0BDE8F0812A465A
S21403575820460599CDF80080FFF704FFF4E7862076
S214035768F2E72046F0E77E20EEE71FB51C46002347
S214035778ADF80A20BDF818208DF80400ADF8061019
S214035788ADF80C2069461A4601A800938DF8084020
S214035798FFF7AFFF009804B010BDF0B587B00E460C
S2140357A805AB04AA03A90446E2F77CFD08B3049DE7
S2140357B803982946FFF715FF2B8807460246618894
S2140357C8207800F004FBB0B1297911F0100108D055
S2140357D800963B462A4661882078D2F793FC07B0A2
S2140357E8F0BD009101232A4631460598FFF7BAFE15
S2140357F8F5E78620F3E77E20F1E72DE9F041064634
S21403580800254FF014080779E8B2874201D8002428
S2140358181AE008FB05F0D6F800C00CEB00043CF8C9
S214035828000081421AD132B1802A10D194F90CC0F3
S214035838BCF1000F12DAB0F57C4F05D32046FFF70C
S214035848CEFE834200D04BB92046BDE8F081402AFD
S21403585804D194F80CC01CF0400FECD10135D3E703
S2140358680121E2F75BBC08B513460022E2F784FD84
S214035878003818BF012008BD08B513464022E2F7D2
S2140358887BFD003818BF012008BD08B513468022E3
S214035898E2F772FD003818BF012008BD08B540229C
S2140358A80023E2F769FD003818BF012008BD08B5D4
S2140358B880220023E2F760FD003818BF012008BDE8
S2140358C80023E2F759BD0021E2F7C6BD10B504462A
S2140358D80121E2F7C1FD2046BDE8104001F034BFC0
S2140358E87047F8B516461F469DF81820BDF81C30B5
S2140358F80546E2F741FD78B10421E2F72BFE04469C
S21403590850B1284600F00EFB3A4631462846A047D3
S214035918BDE8F84000F0FABAF8BD2DE9F74F1E4681
S214035928DDE90C9B074688461446BDF838302AB38B
S214035938B9F1000F22D00EB392F804A099F800200C
S214035948504612F0080F0CBF802240226188E2F707
S21403595813FD98B10821E2F7FDFD054670B15046E0
S21403596800F0E0FA3346224641463846CDE9009B26
S214035978A84703B0BDE8F04F00F0C8BA03B0BDE8C7
S214035988F08FF8B5BDF8187016461A463B46044617
S214035998E2F7F2FCE0B177B90221E2F7DBFD054650
S2140359A8B0B1204600F0BEFA31462046A847BDE807
S2140359B8F84000F0ABBA1021E2F7CCFD054638B143
S2140359C8204600F0AFFA3A4631462046A847EEE7A7
S2140359D8F8BD73B5BDF8184016461A46234605465D
S2140359E8E2F7CAFCB8B1C4B92021E2F7B3FD04460E
S2140359F870B1284600F096FA099B3146009328466C
S214035A089DF820309DF81C20A047044600F07EFA37
S214035A18204602B070BD8624FAE70024F8E72DE98D
S214035A28F04186680446007800F07CFA00251427BF
S214035A383279EBB29A4203D8BDE8F04100F066BA71
S214035A487B4332682078D15A02EB030800F0C1F989
S214035A5801214046E2F77EFD034608B120789847C1
S214035A680135E5E72DE9F04F1C4689B09DF84C3023
S214035A78BDF8488001939DF850309246029322461B
S214035A88434607460D46E2F777FC8DF8147006463C
S214035A98ADF816508DF81840ADF81AA0ADF81C806E
S214035AA818B9012009B0BDE8F08F05A9FFF7A2FDD4
S214035AB80028F6D000252F46A8462C4634E00C23AB
S214035AC81FFA85F903FB09F931887368B1F57C4F2A
S214035AD833F8092003EB090B1AD333F809005045AA
S214035AE82CD3019BA3422DD900F0B8F99BF80200EA
S214035AF8E3F7DCF9029B43B19BF8043013F0010F7C
S214035B080CBF05200720E3F7D1F90134A4B219E046
S214035B18ADF81A205946304605AA0393FFF781FDC8
S214035B28039B0028D9D101353289ABB29A42C6D82D
S214035B3804EB0800C31B58425841B3E708F10108B1
S214035B481FFA88F80137BFB2EDE710B5012488B00D
S214035B5806949DF83C4005949DF8384004949DF8B7
S214035B68344003949DF8304002940B9C0194BDF88E
S214035B7828400094E2F732FE08B010BD2DE9F0473E
S214035B8886B0BDF83880DDF83C909DF840A0CDF887
S214035B980080CDE9019A04460D4616461F4600F0D6
S214035BA812F9B8B1431EDBB2012B10D80023012229
S214035BB8811E48424841CDE90432CDE902A03B465E
S214035BC8324629462046CDE90089FFF7BEFF06B0D0
S214035BD8BDE8F0870120FAE730B50024012587B031
S214035BE8CDE9044503959DF82C5002950A9DCDE909
S214035BF80045FFF7AAFF07B030BD30B500240125DE
S214035C0887B0CDE9044503959DF828500094CDE95F
S214035C1801354023FFF799FF07B030BD10B50124BF
S214035C2886B0CDE90444002403949DF828400294E2
S214035C38099C0194BDF820400094FFF786FF06B040
S214035C4810BD1FB5089C03949DF81C400294069C3F
S214035C58019400240094E2F7BDFE04B010BD70471B
S214035C682DE9F84F0229074688460C9D04D84FF0BD
S214035C78000A5046BDE8F88F1BB10429F7D942F04D
S214035C8804023A702BB303247B701B0ABB70E4F739
S214035C98B7F94FF000099DF82830385504F1020A81
S214035CA801343B550B9A5FFA89F3D45C002CE0D099
S214035CB8732C10D82E464C2C56F804BB3DD0532CC8
S214035CC815D0622C45D1AC8805F1080600231A4680
S214035CD816E00124DBE7A4F17503032BC7D8763C4B
S214035CE82E1D022C52D8DFE804F0565A58006A686C
S214035CF805F1080694B2D2B2B2F1FF0318BF012326
S214035D080AEB040119448845B1DB504619460029B5
S214035D1847D153441FFA83FA5CB1BBF1000FA6D0F0
S214035D28224607EB0A005946E7F7ECFF54441FFAE6
S214035D3884FA354609F10109B4E74FF6FF736A6832
S214035D4805F1080694B222469C4214BF0223002398
S214035D58D6E76C2C05D1584600F0C8F8841CA4B2C4
S214035D68B4E7732C04D1584600F0BBF8441CF6E796
S214035D78A4F13003DAB2092A01D89CB2A6E7A4F143
S214035D884103062B3FF673AF373CE8E701230024AD
S214035D982A68A346B4E70223F9E70323F7E70423AD
S214035DA8F5E700F1010C01393A54C9B2120A1FFA91
S214035DB88CF0ACE70020E3F701B80022E3F71EB83F
S214035DC80023E3F731B8012070470120704701200C
S214035DD870477047002070470020704700207047C0
S214035DE800207047002070470020704770470E2039
S214035DF87047002070470020704700207047002037
S214035E0870477047FF2070470E20704784207047FE
S214035E18704700207047704700207047002070477F
S214035E280020704700207047002070470020704706
S214035E380020704770470E207047002070470020E8
S214035E48704700207047704770470E2070477047AA
S214035E5800207047812070477047704738B505465D
S214035E68C0B2E3F723F80446280AE3F71FF814B189
S214035E78002808BF0024204638BDF8B50546C0B23A
S214035E88E3F714F80446C5F30720E3F70FF80746C5
S214035E98C5F30740E3F70AF80646280EE3F706F8BD
S214035EA824B12FB136B1002808BF00242046F8BD18
S214035EB83C46FBE73446F9E710B4CC18944203DCB7
S214035EC85DF8044BFFF723B800205DF8044B7047D2
S214035ED80423FFF7F1BF08B50223FFF7EDFF80B2EF
S214035EE808BD0078FF2808BF0020704708B50222BF
S214035EF80021FFF7F0FF4FF6FF73984208BF002014
S214035F0808BD003818BF01204000704700207047BE
S214035F1808B5FFF7A5FCFF284FF0FF3018BF002091
S214035F28C0B208BD08B5FFF7F3FFFF280CBF212052
S214035F38002008BDF8B506460C4615461F4600F071
S214035F4811F810B12544AC4200D1F8BD39463046A5
S214035F5814F8012BE3F79CF8F5E701460022022024
S214035F68E3F726B80120704737B50546E1F7B0FAD8
S214035F78044601950CB981201CE0237823B12046FA
S214035F88E1F7AEFA0446F5E72B6862685B889A423F
S214035F98F5D1A368EA7B99B272B12A8A9142EED107
S214035FA86A7DB2EB134FEAD10020E36801A998474C
S214035FB88128E4D003B030BD4FF6FF72EEE72DE933
S214035FC8F84304460F46904699460BB3012A1FD852
S214035FD80C20E7F70DFF064610B91920BDE8F8832D
S214035FE81020E7F705FF18B93046E7F709FFF4E787
S214035FF80123002547EA084770600570C0F80C902F
S2140360084460876033803046E1F75AFA2846E5E766
S2140360182120E3E738B50446436808460D46984703
S214036028B4F90830002B02DB2B78042B06D10023A7
S21403603820466360BDE83840E3F7BCBB38BD30B5DF
S2140360484FF48A5587B0ADF816200DF116041A4694
S214036058029543B100230122CDE90033234600F01D
S2140360681EFA07B030BD019401240094F7E7FFF742
S214036078EBBEFFF7BEBE0020704708B500F001FB75
S21403608820B900F048FB08B9E0F712FCFFF7D2FE88
S214036098BDE80840FFF7DBBE0020E3F7F3BF0021A7
S2140360A8E4F790B80022E4F74FB81FB5D2880B463A
S2140360B812F0200F4FF6FD7114BF49245224ADF891
S2140360C80610510544BF083CE4B2110544BF083C1A
S2140360D8E4B2120444BF023CE4B2032805D8DFE85E
S2140360E800F0020F161CADF80630BDF80600FFF7E1
S2140360F889FEFF281CBF241AE4B2204604B010BD4C
S21403610802AA0DF10601D8B200F079FAEDE7D8B283
S21403611800F047FAADF80600E7E7013CE4B2E4E727
S214036128F8B5064617460D4681B10C78FF2C0BD0FA
S2140361380846FFF7D6FEB84228BF3846C4B22246FA
S214036148691C701CE7F7A0FC3470F8BD0C46FBE727
S21403615870B5044615460E4611B94170017070BDF8
S2140361680B78FF2B05D14B78FF2B02D103704370B6
S214036178F5E73046FFF7BAFEA84228BF284685B299
S2140361882A46B11CA01CE7F77FFC25702D0A65700C
S214036198E5E7F0B523B9013A531C2FD1002020E0D8
S2140361A8042AFBD800231C46551E6E1C1AD1042A43
S2140361B810D00121D200501E01FA00F020421EBF63
S2140361C8914049420C4318421EBF4FF0FF3101FA73
S2140361D802F213439C421EDCB4BF4FF0FF3000208C
S2140361E840B2F0BD40B1465DEF00BE4034434E5D5D
S2140361F8013DBE403343D8E70646F5E78C5C38B91D
S2140362080346A34202F1FF32C6D24FF0FF30E8E757
S214036218835CA342F5D90120E3E7283807288CBF17
S2140362280020012070471D2810D004D840B11C2830
S21403623804D0552070471E380128FAD81A2901E0D9
S2140362480B390F298CBF5520002070470829F9E71A
S214036258002000217047F7B59DF820400546082C16
S214036268104619469DF8246036D8002213462C4457
S214036278AC4208D106F0FD04382C0ED10096FFF781
S214036288E7FF03B0F0BD14F8017D1B0243EA12636F
S2140362981202BA1843F10003EAE7392E10D107EEC3
S2140362A8100A07EE902AB4EEE77AF1EE10FACCBF9E
S2140362B877EE677A77EEC77A002117EE900AE0E75B
S2140362C8824273EB010403D2801A61EB0301D8E719
S2140362D8101A63EB0101D4E700200146D1E738B56D
S2140362E8C36814461944836853F821501AB12846DC
S2140362F8E7F774FA2070284638BD2DE9F3411C46A3
S21403630816460DF107029DF82050FFF7E8FF9DF8A3
S21403631807308046A34288BF8DF807409DF807706C
S2140363280DB1E41BE5B22A4600213046E7F75AFBCF
S2140363383A4641467019E7F7A7FB384602B0BDE868
S214036348F0812DE9F3411D46164601AA9DF8204023
S214036358FDF726F8019B80469D4238BF0195019FAD
S21403636804B1EC1B224600213046E7F73BFB3A46CE
S21403637841463019E7F788FBF8B202B0BDE8F0816A
S21403638873B50024154601AA1E460194FDF708F8BE
S214036398019B072B0AD92146CCB216B1C4F10704D0
S2140363A8E4B2425C013108292A55F5D1D8B202B0C5
S2140363B870BD1FB5030A8DF80E300323009303AB95
S2140363C88DF80D0000F0BBF805B05DF804FB1FB5AB
S2140363D88DF80F100421030A8DF80E30009103ABD5
S2140363E88DF80D0000F0ABF805B05DF804FBF0B5CA
S2140363F889B016689DF83C50CDF809608DF81130C1
S2140364085668BDF83830012D109FBDF84440CDF8C6
S2140364180D60ADF812308DF8145014D0032D19D131
S2140364283B68CDF815307B68CDF819309DF84830B1
S2140364388DF81D3016230093BDF84C2002AB00F0F0
S2140364487EF809B0F0BD8DF81540240A0F238DF8A1
S2140364581640F0E70120F4E71FB504460846114640
S2140364681A4602238DF80D100093214603AB00F05D
S21403647866F804B010BD10B514461A460B6886B005
S214036488CDF80D304B683421CDF811300A2300932C
S21403649803AB8DF8154000F052F806B010BD2DE991
S2140364A8F041B6B014461D4606460F469DF8F080E2
S2140364B8E4F7ACF803AA8DF80C001046330A8DF8F7
S2140364C80F703F0A8DF80E308DF80D602B468DF849
S2140364D810708DF8114005EB4405AB4202F1020239
S2140364E81FD16200D2B2931DDBB23D99D8336B44F9
S2140364F8073203F8CC8C01EB4805D3B250FA82F284
S214036508A94202F1020212D103EB480300900621C6
S2140365183046BDF8F820DBB2E4F782F836B0BDE8BB
S214036528F08133F8021B1171090A5171D5E731F866
S214036538024B02F8024C240A02F8014CE0E72DE964
S214036548F0411C4605460E4617469DF81880E4F7A4
S2140365585DF8207043463A46314628460694BDE819
S214036568F041E4F75DB8002070477047D8F7A0B845
S21403657870477047704770477047002070477047EA
S2140365887047002070477047704703F00BB8FEF754
S21403659874B8FEF757B803F04EBBF8F7ABBB03F077
S2140365A83BBBF8F765BBF8F7CDBBF8F787BBFEF739
S2140365B81EB9FEF76DB8FEF77AB8F4F7FFBDF4F721
S2140365C803BEF3F763BDF2F785BEF2F789BEEFF7AE
S2140365D85DBBFEF7B7B8FEF77CB8FDF718BFFEF746
S2140365E89FB8FEF78BB830B4BDF808409DF80C503A
S2140365F8CDE9024530BCFDF729BFFDF796BFF8F78E
S21403660813BDE4F75DB8F8F7D9BDF7F725BC70B442
S2140366189DF80C40BDF810509DF814600394CDE91E
S214036628045670BCF5F72ABC70B49DF80C40BDF848
S21403663810509DF814600394CDE9045670BCF5F722
S2140366485DBCF5F747BD10B49DF8044001945DF8AA
S214036658044BF5F797BC10B49DF8044001945DF815
S214036668044B02F090B802F090B8FDF7A2BFFDF70E
S214036678B2BFFDF7C5BFF1F795BBF2F7D7B9F2F787
S214036688A9B9F1F7BBB902F0BCBBF1F75FBD02F0DD
S214036698FEBBF1F7BFBEF1F791BAF2F7CDB9F2F741
S2140366A84FB9F2F765B9F0F7A5B8FEF7B5B8FEF730
S2140366B868B8FEF77BB8FEF788B800F00BBC00F0A6
S2140366C804BCF7F7FFBBF5F709BAF7F7D9BBF7F733
S2140366D8FFBCF5F7D3B9EFF7C5BAF6F7F5BDFFF77D
S2140366E845BFFBF7EBB8FEF7E3B8FDF753BFFEF776
S2140366F838B801F01EBEE3F741BFEFF777BEEFF7F2
S21403670871BB02F0B8B802F088B8EFF7BFBBEFF773
S214036718FDBDEFF701BEEFF72DBBE3F74BBFE3F77E
S2140367285DBFE3F735BFEFF7DBBAE3F73BBFF9F730
S2140367389DBA02F070B802F037B8EFF7D7BAEFF79A
S2140367483FBEEFF71FBBE3F7D9BFE3F7D1BFF9F7B0
S21403675891B8F9F77DBA03F07ABB03F080BBF9F773
S21403676801B9F9F77DBA00F063B900F0A1B900F0F2
S214036778C9B900F0A0BA00F010BB00F079BAE4F784
S214036788B3BC00F0E6B900F013BA00F026B810B5AB
S2140367981C4601F0DFFE05F0C6FF0023C0F34020C9
S2140367A82370400010BD002208B50B461146FFF7BC
S2140367B8EEFF023818BF012008BD00207047704757
S2140367C80020704770470020704770470E207047B8
S2140367D80120704770470120704714220021E7F70D
S2140367E801B9704770B505460C468AB025220021C4
S2140367F80DF10300E7F7F6F86B68CDF81D30AB68C4
S214036808CDF82130234601AC03F11006224618685A
S2140368185968083303C2B3421446F7D101236A7B87
S2140368288DF8023012F0040F0CBF4FF480734FF448
S214036838A073110748BF43F48063ADF8003093078D
S21403684848BFBDF80030684644BF43F00803ADF8B8
S2140368580030F4F74DFE0AB070BD30B5427B0D46E6
S214036868D10704468BB007D5407801A9F4F7A6FEEE
S214036878D8B12D200BB030BD9307FAD5C2F38003E9
S21403688810074FEA8313ADF8023044BF43F480631E
S214036898ADF80230BDF80220201D0AB10DF1020240
S2140368A801A902F09CFE0028E3D001AB03CB9DF8B8
S2140368B81430A1602373BDF810306060590642BFD8
S2140368C8627B42F0040262735A0542BF627B42F05F
S2140368D8080262731B0742BF637B43F002036373BA
S2140368E82B4606AC0AAD224603CAAA42186059606C
S2140368F8144603F10803F6D10020BBE7F0B50446B7
S2140369080D4693B0252200210DF12300E7F76AF818
S214036918636804F1040CCDF83D30A36809AECDF8DE
S21403692841302B4605F11007324618685968083374
S21403693803C2BB421646F7D105238DF82230637B84
S2140369485B0103F40073ADF820306378FF2B1AD18C
S214036958002360461A4601A900F0CAF99DF80530D7
S214036968FF2B0DD1002301A91A46184600F0C0F9DB
S2140369789DF80530FF2B03D11C26304613B0F0BD17
S2140369889DF8053063700020617808AA00F09BFA2A
S21403699806460028F1D1607801A900F02FFA2B46A5
S2140369A803AD2A4618685968083303C2BB4215461E
S2140369B8F7D1637B6078DB0648BF9DF81C3001A9D6
S2140369C844BF63F07F038DF81C3000F02EFAD4E73B
S2140369D810B504468AB02422002101A8E7F702F876
S2140369E8637B590744BF4022ADF810201A0742BFFD
S2140369F8BDF8102042F48062ADF81020DB070FD5EF
S214036A08607801A9F4F7DAFD10B12D200AB010BD9D
S214036A1801AB03CB637B606043F00203A16063733F
S214036A2804A9201D02F0DDFD0028EED00020EDE7C6
S214036A381FB5694600F066F8002818BF2D2005B074
S214036A485DF804FB73B50D4614460646E3F77AFF6E
S214036A586B881A071AD522463146102002F0A2FD83
S214036A682046E3F76FFF6B88D90717D5002322461E
S214036A7801210DF107008DF80730E4F72FFA6B882C
S214036A88002B0CBF2120002002B070BDDE06EAD51D
S214036A9822460821281DE4F721FAE1E79A0701D5DB
S214036AA80223E4E75B07EAD50323E0E70F207047F2
S214036AB81FB50C46694600F025F81022214668469D
S214036AC8E7F7DCFAB0FA80F0400904B010BDB8B1B5
S214036AD8B1B14388A3B90378013B082B10D8DFE884
S214036AE803F00507090B0F0F0F0F0D00E4F7F8B8AF
S214036AF8E4F752B9FFF776BEFFF700BFE4F7E0BA4C
S214036B082120704738B50D4609B300B30378013B17
S214036B18082B1AD8DFE803F0050D101319191919ED
S214036B281600E4F715F90446284602F03BFF20460C
S214036B3838BDE4F751F9F6E7FFF78FFEF3E7E4F716
S214036B4881F9F0E7E4F7C6FAEDE72124ECE7212418
S214036B58EDE770B586B0064601A80C461546FFF75E
S214036B683CFE04238DF804301CB12068616802AB30
S214036B7803C3294601A88DF80560FFF7A8FF06B0EA
S214036B8870BD70B586B0044601A80D461646FFF7D5
S214036B9824FE0323206861688DF8043002AB8DF861
S214036BA8116003C3294601A8FFF791FF06B070BD1D
S214036BB80022FFF7E6BF30B5437B044613F0010215
S214036BC80D468BB007D0407801A9F4F7F7FC70B1EF
S214036BD82D200BB030BD9B07FAD5ADF8022001A9CE
S214036BE80DF10202043002F0FAFC0028F0D000216E
S214036BF80E22A81CE6F7F6FEBDF810302B80039B82
S214036C08AB60BDF81230AB819DF81430237301AB2B
S214036C1803CB6060A1600020DBE770B5437B0446C6
S214036C28DB070E468AB003D42D2528460AB070BD66
S214036C386946407800F045F905460028F4D1DDF8A2
S214036C481D300E226360DDF821300146A360637BA6
S214036C58B01C43F002036373E6F7C4FEBDF80030C6
S214036C68069A43F004033380059BB2607360DCE73F
S214036C780B4610B50446102200211846E6F7B2FE66
S214036C882278032A09D0042A0DD0022A11D10146F4
S214036C982046BDE81040E4F783BA01462046BDE81F
S214036CA81040FFF788BF01462046BDE81040FFF7AF
S214036CB8B4BF262010BDF8B5074608460C46164648
S214036CC81D46FFF78AFD04232370637B314643F092
S214036CD80103204667706373FFF714FF08B12D207E
S214036CE8F8BD29462046FFF7C3FF0028F8D0F6E785
S214036CF8F8B5054608460C461F461646FFF76DFDCB
S214036D080423237025B108222946E018E6F7BCFEBB
S214036D18637B43F0020363734EB932460121284668
S214036D2800F0DAF8FF28607007D12D20F8BD314649
S214036D382046FFF7E7FE0028F7D1637B43F00103FD
S214036D4863730DB90020F1E7002FFBD039462046C0
S214036D58FFF78EFFF6E7F8B50C46074608461646CD
S214036D681D46FFF73AFD03232046394600F8043B41
S214036D780822E6F789FE637B314643F00203204682
S214036D886373FFF7BFFE08B12D20F8BD29462046DA
S214036D98FFF76EFF0028F8D0F6E7F8B5074608466B
S214036DA80C4616461D46FFF718FD03232370637B20
S214036DB8314643F00103204667706373FFF7A2FE6C
S214036DC808B12D20F8BD29462046FFF751FF0028B5
S214036DD8F8D0F6E718B18022012100F07DB8FF202D
S214036DE87047002307B51A4619460093F6F7E8F8DE
S214036DF8B0FA80F0400903B05DF804FB0B4610B503
S214036E0819220446FF211846E6F7ECFD7E2C0146B8
S214036E188CBF04F5C43004F583304FF01902BDE87F
S214036E28104088BFAD30D8F7F9B87E2888BF00F57C
S214036E38C4304FF0190294BF00F58330AD30D8F74D
S214036E4819B930B589B00D46FFF7C4FFFF280446C5
S214036E580DD001A9FFF7D2FF2868696801AB03C301
S214036E68204601A9FFF7E1FF002009B030BD2D2019
S214036E78FBE7704770470020704770470F2070473E
S214036E880F207047002070470F2070470020704778
S214036E980020704784B08DE80F00002004B07047C8
S214036EA87047704700207047704700207047704748
S214036EB80020704701207047704700207047012064
S214036EC870470E2070470E2070470E20704700202C
S214036ED8704770470E207047FF207047704770470B
S214036EE80020704770477047704700207047704708
S214036EF8002070470020704700207047704770478F
S214036F080020704700207047704700207047002015
S214036F18704770470020704710B50024E3B210B9D5
S214036F28C3F10303DBB20134042CCA544FEA12221A
S214036F38F4D110BD10B50B784C788A78C97828B97F
S214036F4810462246044608461946034642EA0120E6
S214036F5843EA042343EA004010BD7047E4F7D4B974
S214036F6808B5D2F76DFC002814BF8620002008BD9C
S214036F7808B5D2F735FE003818BF012008BD08B596
S214036F88D2F7EEFD003818BF012008BD08B5D2F7C2
S214036F9873FE003818BF012008BD08B5E4F794FA55
S214036FA8BDE80840E4F742BA70B504460D461646EF
S214036FB8E4F78AFA0420E4F72BFA324629462046F1
S214036FC8FFF7DDFF04460220E4F722FA204670BDE9
S214036FD808B5E4F779FABDE80840D2F7A5BDE4F7A3
S214036FE8ABBDE4F78BBD08B5E4F788FD20B1BDE873
S214036FF808400020E4F7C0BE112008BD08B5E4F732
S2140370089DFFE4F7A3FFE4F7ABFFBDE80840E4F70A
S214037018BBBF10B5044622F0704210306060216092
S214037028A26039B1A26803F070431343A360029BBE
S214037038E36010BDA36843F08043F7E7012343608A
S214037048C36843F02003C360836843F00053836038
S214037058704737B515464A6804463AB18C680093B4
S214037068096845EA0403FFF7D4FF0446204603B03D
S21403707830BD2DE9F04FD3B0CDE90123DDE96085B6
S21403708800230390042003ACCDE9050307C907AB27
S21403709883E80700214618465D9E0494E4F78CFFB0
S2140370A80746002840F0BA805C9A0AAB07CA83E80A
S2140370B80700494201F00F0900215E9B5F9A5B684F
S2140370C852680D9113445B4203F00F0AD8F8043054
S2140370D812915B420093B368DA0048BF73684FF0B7
S2140370E8100242BF033323F003037360AB68DB006D
S2140370F841BF6B68033323F003036B605E9BD3F8CF
S21403710804B05F9B5C680BEB04035344CDE90E3174
S21403711873685B4203F00F03CDE910136B685B4299
S21403712803F00F03CDE9131316AB18461591E6F7CC
S21403713859FC5C9A516851B9D8F804100C4354EAC0
S2140371480B0401BF10229146CDE90B240A901123A4
S2140371584FF0005204A932A8FFF77BFF40F611034D
S2140371684FF0005207A9FFF774FF42F611034FF0DA
S21403717800520299FFF76DFF44F611034FF00052D1
S2140371880199FFF766FF412300225E99FFF761FF27
S2140371984FEA0A234FF000525F9943F04103FFF783
S2140371A858FF4FEA09234FF0005243F001030AA998
S2140371B8FFF74FFF009B4FF000521B0203F4706368
S2140371C8414643F00103FFF744FF1038FFF736FF45
S2140371D800230DA91A461AA8FFF73BFF00233146DA
S2140371E81A46FFF736FF002310A91A46FFF731FFA2
S2140371F8002329461A46FFF72CFF002313A91A462D
S214037208FFF727FF002362991A46FFF722FF103875
S214037218FFF714FF1AA932A8FFF7F0FE384653B053
S214037228BDE8F08F10B5044608B1E4F7A7FF20467B
S214037238BDE81040FCF7B4BE10B50446006A10B1AA
S214037248616AFFF7EFFF0020C4E9080010BD38B5F0
S2140372580546FFF7F1FF2B7E0446012B0ED0023BB3
S214037268012B0ED8EB69012B18BF6FF09604282262
S21403727800212846E6F7B6FB204638BDEB69002B07
S214037288F2E76FF09604F2E718220021E6F7AABBA6
S21403729870472DE9F84F9846DDE90B490D9B1546CF
S2140372A89A0706460F4623D02A460A9B03EB040A88
S2140372B81444A24220D10D9B9B0705D5A2EB050AD1
S2140372C8D14505EB0A0420D82046BDE8F88F434687
S2140372D839462020B0470AF1010ACA450AEB0B02D1
S2140372E8F5D3A9EB04024C4588BF00222A44DCE701
S2140372F8A246A5EB040BF0E702F1010B4346394619
S2140373081AF8010DB0475A46D3E74346224639468C
S2140373182020B0470AF1010AD2E72DE9F047DDE954
S2140373280D7616F0020F9DF82880DDE90854DDE98E
S2140373380BCE1FD106F001094FB1B9F1000F06D0E5
S214037348B8F1000F02D116F00C0F00D0013F4FF032
S214037358300A04E0202C04D005F804A00134744550
S214037368F8D3B9F1000F05D04FF03009A74201D979
S214037378202C2DD116F0100F1FD016F4806F2CD1A9
S2140373885CB3744501D0BC4227D1B4F1010E23D0B7
S214037398BCF1100F46D1023C16F0200F28D1202C42
S2140373A828D04FF0780C05F804C00134202C21D0DF
S2140373B84FF0300C05F804C00134202C1AD0B8F16D
S2140373C8000F23D04FF02D0C05F804C0013412E04B
S2140373D805F804900134C9E77446BCF1100FDBD0F6
S2140373E8BCF1020FE2D1202C04D04FF0620CDAE78E
S2140373F8202C08D12024CDE90A76CDE90854BDE827
S214037408F047FFF746BF4FF0580CCCE716F0040FCB
S21403741802D04FF02B0CD7E716F0080FEBD04FF03F
S214037428200CD1E7BCF1020F7446C1D1DDE72DE984
S214037438F04391B0189D1A9E1D9F0DB927F01007AB
S2140374487C0500D515B317F0200F14BF4FF0410E77
S2140374584FF0610EAC4600250DF12008AEF10A0E7A
S214037468BCFBF6F906FB19C95FFA89F4B9F1090FEB
S21403747894BF30347444E4B2B44508F8014B05F1BC
S2140374880105BCFBF6F401D3202D10D11C9C0697EE
S21403749805941B9CCDE903649DF86440CDE901542B
S2140374A808AC0094FFF739FF11B0BDE8F083A44693
S2140374B8D6E72DE9F04F95B0269ECDE90A23DDE9F8
S2140374C81E74DDE9229B57EA040308BF26F010065C
S2140374D87205CDE9080102D557EA040337D016F03A
S2140374E8200F14BF4123612300250DF1300AA3F1B1
S2140374F80A0821464A465B463846E5F707FFD2B2EE
S214037508092A94BF303242444F45D2B274EB0B0477
S21403751805F101050AF8012B01D3202D14D1259B6B
S21403752806960593249BDDE90801CDE903939DF8A8
S2140375388030CDE901530CAB0093DDE90A23FFF74E
S214037548ECFE15B0BDE8F08F07460C46D1E70025DC
S214037558E5E708B100F014B8704710B1D1E9003177
S2140375681847704738B5441E14F8015F25B90A2032
S21403757800F006F8284638BD284600F001F8F3E779
S21403758801460020FCF7DFBA70477047EDF77EBF69
S214037598704708B5FCF7A8FAD2F752F9BDE80840D1
S2140375A8D4F78ABA704708B5D2F7B6FCFBF7FFF8E4
S2140375B8BDE80840E3F788BF08B5FBF7E8FEE4F73D
S2140375C811FEFBF7E2FEE5F7BBF9E5F7A7F9E5F7E2
S2140375D81DF9BDE80840D7F7FBBC08B5D5F7D6FEB6
S2140375E8FBF7D1FED5F7DEFED9F704FFD9F7AAFFD6
S2140375F8DAF7B2F8BDE80840D9F7D0BF7047704746
S214037608E5F72AB908B5FCF7BAFEBDE80840FCF763
S214037618E5BE704707B500220346114601200092CF
S214037628D9F762F803B05DF804FB07B500920B467A
S214037638027D81898068FDF77AFC003818BF01202F
S214037648C00103B05DF804FB08B50020E0F7D4FBDF
S2140376580020E2F765F90020DAF75EFA0020DAF789
S214037668F5FC0020DAF7F4FE0020DBF7E1F900204A
S214037678DBF70AFF0020DEF739FA0020DEF7A4FF5F
S2140376880020DFF799FDBDE808400020DFF784BE39
S21403769808B50120FDF72DF90120DAF79DFBBDE8B3
S2140376A808400120DBF7C4B908B50220E0F798FCC8
S2140376B80220DFF78BFE0220E2F740FC0220FFF7EA
S2140376C890FC0220FDF7B5FB0220DEF77DFFBDE840
S2140376D808400220E0F724B9DAF7C2BCFDF7C9BEB2
S2140376E8704770477047704770477047704710B5C4
S2140376F80446E0F72FF82046FDF731F92046DCF775
S214037708D5F92046DDF728F92046BDE81040FDF7F1
S214037718C3BBFDF7DEBBFDF7E8BBDFF757BD704716
S2140377287047FDF740B97047704770477047704712
S214037738704704F0BEBF70477047DFF7E1BD704778
S21403774870477047704770477047D0F727BCFEF7F7
S2140377586BBB704700207047FEF768BBFEF771BB2C
S214037768E7F758BA38B504460D4600F097F850B10F
S21403777829462046ECF700FC30B929462046BDE8E2
S2140377883840E7F70FBA0E2038BD08B5ECF73AFAD3
S21403779818B1BDE80840EAF7B1BD08BD70B516468E
S2140377A80C4604F04EFE314605462046EAF782F9B3
S2140377B80446284604F040FE204670BD00F032B961
S2140377C870B5044600200E4600F039FBD4F8F05096
S2140377D83DB1002331462046AC46BDE870401A4604
S2140377E860472B46012231462046E7F75BFC2846CE
S2140377F870BD38B5044648880D4600F020FBD4F81B
S214037808F0302BB929462046BDE83840E7F75CBB7D
S214037818022038BD00F015BB00F03CB9E7F790B876
S21403782800F01BBB70B5BDF81060054606B16BB11A
S214037838334428469BB200F073F9044620B91EB1B8
S2140378483146284600F0ADF9204670BD2124FBE7F3
S214037858E8F704BFC0F8EC1000207047E7F742BD0E
S214037868E7F732BE10B4BDF8044001945DF8044B44
S21403787800F09FB80B4610B514461846A1689288C0
S214037888E6F740FAE168034631B1A0886288121A1F
S21403789892B21844E6F736FA002010BD0346408A2B
S2140378A818B1188A003818BF012070470846E9F748
S2140378B851BA00F0D6BA00F0D4BAE9F763BC084761
S2140378C808B5E7F785F8C0B208BD022A01D800F064
S2140378D80CBA21207047022A01D800F017BA2120D3
S2140378E87047022A01D800F023BA21207047E8F728
S2140378F86BBB0846E8F786BB00F033BA0020704730
S214037908002070477047D0F8903003F06003402B90
S2140379180DD0602B03D0203B58425841704749B1DD
S2140379280B68012B06D9486940F00100704740F2FE
S2140379380110704700207047F7B504461046D4E98F
S21403794852C7DDE908268CEA020587EA06010540E0
S214037958194085EA0C057940C4E95251002523F4F9
S214037968004106EA010320F0010043F400730240D5
S21403797843F00203CDE90055EAF792FF94F8243062
S2140379889A0713D5D4F84C319B050FD54FF48811B5
S214037998204600F034FC94F82430024665F341038D
S2140379A884F8243020460B46E6F7E6FF002003B0AB
S2140379B8F0BDF0B587B01C461746BDF830601AB957
S2140379C80024204607B0F0BD002BF9D00029F7D0D5
S2140379D801AAE8F743FE0028F2D0BDF80630A2193C
S2140379E89A42BDF80850C4BF9B1B9CB2B54212D935
S2140379F80399AD1BADB23144A5420391ADF80850C7
S214037A080DD22A463846E6F77DF90499621B78199B
S214037A18E6F778F9D5E70499761B314404912246AC
S214037A283846F5E70846E9F7EDBF0220E9F7A0BBB5
S214037A3808B5D0F8E4304BB11A68022A06D993F889
S214037A4825204AB1186AB0FBF2F008BD4FF4466227
S214037A584C210020ECF7BEFA0020F6E7D0F8E42025
S214037A6808B57AB11368022B0CD9536A13F47F4FFF
S214037A78C3F3072106D0126ADBB253438B42B3FB28
S214037A88F1F006D2002040F67F424C21ECF7A2FA2A
S214037A98002008BD0346D0F824010860B3F828314F
S214037AA800208B80704790F824310C2B14BF90F875
S214037AB82900FF20704738B50C464FF40061054689
S214037AC8EBF7D0FF70B17CB195F81E3173B94FF45C
S214037AD880724FF480712846EBF7B0FF003818BF62
S214037AE8012038BD2202F4E72246F2E70020F8E731
S214037AF84FF48071EBF7B6BF08B54A024FF400712E
S214037B08EBF79CFF002008BD08B58A024FF4806196
S214037B18EBF794FF002008BD4FF40071EBF7A2BF04
S214037B282DE9F041884618F0030706461546194618
S214037B3833D1B2F5805F30D89A422ED33F2A28D95C
S214037B48B2FA82F401220120C4F11F03DBB29A4081
S214037B5892B2AA422CBFC4F11904C4F11A04E2B2C1
S214037B68931DDBB2984080B2A84214D096F8F5303D
S214037B78ABB9012096F8243060F3C71386F824308F
S214037B884046E8F71DFBC6F82080B5823846BDE8B0
S214037B98F0813A46EAE70020ECE72127F6E70E27C6
S214037BA8F4E7084600F02EB9F8B511F003060746C1
S214037BB80D46144621D102B313883F2B1DD9B3FAB9
S214037BC883F3C3F11901C9B2062901D8192B12D0B8
S214037BD8062928BF062101238A1DD2B293402846C8
S214037BE8238000F015F923883846FD617B82E8F781
S214037BF8F7FB3046F8BD3146EDE72126F9E738B5F9
S214037C08148811F003054FEAC4041ED13F2C1CD96F
S214037C18B4FA84F4C4F11903DBB2052B01D8192C82
S214037C2811D0052B28BF052301240633DBB204FA3B
S214037C3803F3C3F3CF041480816104820387E8F750
S214037C48CFFB284638BD2B46EEE72125F9E710B5C6
S214037C58144608460121E9F7A7FD2046BDE810406B
S214037C680121E9F7A1BDF8B504460E46174604F008
S214037C78E8FB3A46054631462046EAF753F80446F3
S214037C88284604F0D9FB2046F8BD02207047032097
S214037C987047E9F765BA10B50023E7F7B1FE04465F
S214037CA808B9EBF735F8204610BD70B505460E46FD
S214037CB8144600F0C9F83146284600F04CFA00F09E
S214037CC8C3F8230744BF24F00804A4B22146284671
S214037CD8E6F784FE00224FF400312846EBF7AEFEA3
S214037CE8002070BD8021EBF7BDBE7FB5531C05AAE7
S214037CF8ADF81410029202210022DBB2CDE900216E
S214037D081146EBF7B9FE07B05DF804FB7FB5531CC5
S214037D1805AAADF81410029204210222DBB2CDE9BB
S214037D28002100220121EBF7A7FE07B05DF804FB4C
S214037D381FB5531C029100220821CDE90021012218
S214037D48DBB21146EBF798FE05B05DF804FB10B5F9
S214037D580446E6F73DFE01462046BDE81040E6F732
S214037D683DBE002914BF21200020704738B50546BC
S214037D7810460C46E8F772F965B1D5F8E0304BB112
S214037D885B693BB12268013204BF6FF001022260CF
S214037D9822681A60002038BD002070472DE9F74F87
S214037DA801251C469DF8303006460193036817469E
S214037DB803F0070306339D4005F1FF380B46A1B1D0
S214037DC8416804EA080BA5EB0B0A41F00059524533
S214037DD809EB0B0114D952461846E5F793FF4946B3
S214037DE87A1B5A445044E5F78DFF019B2BB13C445C
S214037DF848EA050804EA0804F46003B0BDE8F08F0F
S214037E081846F0E74FF03A43022298615A637047E0
S214037E184FF03A4301225A6740F6FF72D964186551
S214037E281A67704737B5002514460095FFF7B6FF5F
S214037E38204603B030BDE7F783BF00207047002015
S214037E487047002070477047704710F0FD0F14BF47
S214037E584FF0FF300020C0B2704770470020002163
S214037E68704708B5E9F7CEFABDE80840E9F7F2BA6D
S214037E7838B50446FFF7F5FF0546FFF7F2FF431B41
S214037E88A342FAD338BD38B50D460446E9F7BAFA1D
S214037E9835B1844200D90139204601F0030138BDC3
S214037EA8844238BF0131F7E708B50121FFF7EBFF36
S214037EB8BDE80840E9F7CEBA08B521B19200E5F760
S214037EC821FF002008BD2120FCE700F06F43B3F133
S214037ED8804F02D0B3F1204F02D120F07040704794
S214037EE800F06043B3F1204F08BF20F0805070477E
S214037EF80B0C23F48053B3F5284FF7B50D468FB212
S214037F08064699B216D04AF60103994214D04AF6A1
S214037F180203994212D0B1F5204F14BF0424032458
S214037F28D6F8E0300BB1196851B9D6F8DC3093B9F6
S214037F3828680EE00024F3E70124F1E70224EFE7BC
S214037F48234668463A46E9F7F9FADDE90003002BC3
S214037F58EBD103B0F0BD19680029E9D0234668467B
S214037F683A46E9F7EBFADDE90003002BE0D1F0E740
S214037F780204C0F3891307D56FEA83536FEA935352
S214037F8813F5007F18B206D0A3F1C8006FF4FF7389
S214037F989842B8BF184670474FF0384359699A69EC
S214037FA803F500530A405A6170470E207047EBF7F3
S214037FB8BFB8EBF7BDB8EBF7BBB8EBF7B9B808B57E
S214037FC80846EBF7A7FC08BDEBF7B2B802207047E4
S214037FD80220704700207047012070470020704732
S214037FE80E20704700207047E7F712BF0846114671
S214037FF8012200F086B870B505460C4611461A46A7
S214038008EBF7BEFD06682B462046B446BDE870402F
S214038018604710B5EBF7B4FDBDE810408368184712
S214038028FFF739BEE7F7FEBDFFF79CBBE7F7FCBAD9
S21403803870B504460D4616464FF4881100F0F4F85A
S214038048324629462046BDE87040E8F717B8704719
S214038058431E012B03D9031F58425841704701207A
S2140380687047FFF7EABE4FF4D4720021E5F7BABCAF
S21403807870B50446E7F770FB0546A8B9A169F1B1E0
S214038088238AD3B1204604F11002FFF7B8FD38BBA4
S214038098E16919B3638AA3B1204604F11202FFF714
S2140380A883FD78B1054603E00023A3612361E361FA
S2140380B8002328466361236270BDA061E8E7208237
S2140380C8E6E7E361216A0029F2D0A28A002AEFD004
S2140380D82046E38ABDE87040FFF722BD6182F1E7D8
S2140380E86582E561DEE711B9D0F8DC1021B1CB680B
S2140380F813B18B68D88970474FF6FF707047E6F759
S2140381084DBC10B50C461146E6F76EFCE7F780FE45
S214038118012801D1002010BD002CF7D10520FAE76D
S214038128FFF786BCFFF79ABC70B500232425D0F862
S214038138DC00C4689C4201D1212070BD826805FB1F
S2140381480322D6898E4202D8128A8A4201D2013382
S214038158F0E70020F1E7F8B506460D46EBF772FDA3
S214038168D8B94FF6FF734FF0240CEF68C1B28F42AD
S21403817808D81C4621463046EBF7FEFEFFF763FE9B
S2140381882046F8BDAA680CFB0122D4899C4202D279
S214038198002CEFD023460130E8E70024F0E7808D73
S2140381A870470A7838B505461046FFF751FF60B1A1
S2140381B84C782046FFF74CFF38B12243530704D4C4
S2140381C82846BDE83840E6F747BE212038BD10B537
S2140381D804460878FFF73CFF58B14A781046FFF77D
S2140381E837FF30B1042A04D02046BDE81040E6F72E
S2140381F851BE212010BDFFF79FBBE7F777B938B507
S21403820805460C4604F01DF9D5F88C301C40D5F805
S21403821888302343C5F8883004F00EF9211E18BFAA
S21403822801210020490238BD38B504460D4604F03E
S21403823808F9D4F88C301D40D4F8883023EA0505AD
S214038248C4F8885004F0F8F8284638BD38B504460C
S2140382580D464FF48811FFF7E7FF29462046BDE889
S2140382683840E7F72BBF73B50D7806460C4635B38B
S21403827804238DF804302379304601A98DF8053098
S214038288FFF7A5FF0546B8B92278A37952BB8DF840
S2140382980430E379304601A98DF80530FFF781FFEE
S2140382A8054648B923783BB161883046E6F7E0FFD0
S2140382B801213046FFF7FFFB284602B070BD29466A
S2140382C8FFF7F9FB29463046FFF716FC29463046E2
S2140382D8FFF71AFC2378002BCAD123798DF80430CC
S2140382E86379C9E702228DF80420D3E7FFF704BCB5
S2140382F8FFF712BC00207047704710B50446EBF72B
S214038308CBFE21460020ECF71BFDBDE810400020FD
S21403831800F02BB970470120704708B5EDF73EFB10
S21403832880F00100C0B208BD4FF0FF30FFF7C1BAB6
S21403833870470020704710B50C4603F043FE0480D0
S21403834810BD38B50C46154603F03CFE03881DB130
S2140383581C43A1B2018038BD23EA040189B2F9E7B8
S21403836808B503F02FFE008808BD08B503F02AFEFB
S214038378C07808BD08B503F025FE008800F00C0099
S21403838808BD08B503F01EFE008800F00C00031FA6
S2140383985842584108BD38B5054603F013FE04464F
S2140383A82846FFF7EEFF30B904F1100004F0BBF9D6
S2140383B800F4406038BD4FF40060FBE738B5054667
S2140383C803F000FE04462846FFF7DBFF014648B9DC
S2140383D810342046042203F035FD2044BDE8384017
S2140383E804F0A1B9A08838BD10B50C4603F0EAFD21
S2140383F8848010BD38B5054603F0E4FD04462846D8
S214038408FFF7BFFF30B904F1100004F08CF900F44D
S214038418404038BD4FF40060FBE738B5054603F027
S214038428D1FD04462846FFF7ACFF014648B9103489
S2140384382046062203F006FD2044BDE8384004F033
S21403844872B9A08838BD38B5054603F0BBFD0446A7
S2140384582846FFF796FF014608B1201D38BD10349D
S2140384680622204603F0EEFC2044F7E708B503F09F
S214038478A9FD007A08BD08B503F0A4FD90F9090024
S21403848808BD08B503F09EFD807A08BD08B503F05D
S21403849899FDC06808BD10B50C4603F093FD047239
S2140384A810BD10B50C4603F08DFD447210BD10B513
S2140384B80C4603F087FDC46010BD2DE9F8430F464C
S2140384C88046002107F110001646994603F0EEFD94
S2140384D80446D0B103F076FD0546204603F08EFD2C
S2140384E8002102462846E5F77DFA00232046AB70AE
S2140384F849F00401FFF71FFFA5F804802EB13A469A
S214038508314605F11000E5F7FDFB2046BDE8F88384
S214038518F8B505460F461020002103F0C7FD0446AC
S214038528B0B103F04FFD0646204603F067FD002171
S21403853802463046E5F756FA002339462046B37016
S214038548FFF7F9FE25B12A460121204603F086FDEA
S2140385582046F8BD08B503F035FD103008BD08B54C
S21403856803F04CFD1038C0B208BD0020ECF710BB72
S21403857808B5ECF76BFD002008BD4088C0F30C0077
S2140385880330800840000430704770B50E46054631
S2140385981146304603F08AFD044635B128B103F088
S2140385A811FD32462946E5F76FFA204670BD008866
S2140385B8B0FA80F04009704738B5058800220446AB
S2140385C804F01FF905B1258038BDF8B507460D46F2
S2140385D800880021164603F02DFDB042044605D157
S2140385E829463846BDE8F840FFF7E6BF002120468F
S2140385F803F020FDB04205D02046002103F01AFD03
S2140386080446F3E72A462046002103F027FD3246B0
S2140386182846BDE8F840002103F020BDF8B50588D4
S21403862807467DB1CCB22146284603F003FD8542B2
S214038638064609D100233B8000222146304603F034
S2140386480DFD35462846F8BD214603F0F3FC2146C2
S2140386580246284603F002FDEEE72DE9F0470788B1
S2140386688246884614465FB3384603F0C7FC3D4641
S2140386780646E4B22146284603F0DCFC404581461C
S21403868816D1214603F0D6FC21460246284603F0B7
S214038698E5FC474504D1454508BF0025AAF8005020
S2140386A800222146404603F0D9FC3046BDE8F08751
S2140386B88742FAD003F0A2FC30444D4686B2D9E787
S2140386C83E46F2E700220123C0E900237047F8B5C7
S2140386D804460127002603F0C1FE23683BB903F0CE
S2140386E8B8FE00226368012B0ED16360F8BD1D69CE
S2140386F81F61266003F0ADFE012DF2D02B462D69CF
S2140387081E61012DFAD1E6E719691A610B46EAE7F5
S214038718036823B94068012803D0EDF7DFB90020C2
S21403872870474FF0FF307047F8B5054603F016FF5D
S214038738012306460027A8602B7303F08FFE2B68D9
S21403874802467BB11C692169A1420CBF2F601961DF
S2140387582761104603F07DFE012C08D02046636887
S2140387689847EAE76C68012C04D103F072FE0023ED
S2140387782B73F8BD6169711AB1F1004FF5D82169F9
S21403878869602361E5E702207047022070470020EE
S21403879870470144884201D10120704710F8013B15
S2140387A89342F7D00020704770B50146064692B04C
S2140387B80020EBF79DFE044670B9FDF7D4FE054688
S2140387C801466A462046ECF7D9F96A462946204602
S2140387D88DF80260ECF788FC204612B070BD00B531
S2140387E893B0FDF7C0FE6A4601460020ECF7C6F9CB
S2140387F89DF9020013B05DF804FB00B593B0FDF7CE
S214038808B2FE6A4601460020ECF7B8F99DF8000068
S21403881813B05DF804FBECF775B9012070477FB514
S2140388284FF6FF7101AAEDF7CBFB20B1BDF80C009C
S21403883807B05DF804FB4FF6FF70F9E708B5104676
S214038848EEF784FBBDE80840EEF73EBC704770477A
S21403885870477047704770477047704738B54FF68C
S214038868FF750D800C46F6F735FC2080A8420CBF32
S2140388782D20002038BD002100B593B06A4608466F
S214038888ECF77CF9BDF8060013B05DF804FB00218D
S21403889810B592B004466A460846ECF76FF900210D
S2140388A86A460846ADF80640ECF71EFC12B010BD43
S2140388B8002100B593B06A460846ECF75FF9BDF8A1
S2140388C8040013B05DF804FB002110B592B004460B
S2140388D86A460846ECF752F900216A460846ADF898
S2140388E80440ECF701FC12B010BD70472DE9F04FB9
S2140388F887B00C4691460746FFF73CFD0546661CBF
S214038908304603F010FF042D40F090803846FFF7FA
S21403891821FE0378092203F00303012B14BF022365
S214038928032301212046039303F08CFA092200212E
S2140389380546204603F086FA21788DF81700013994
S2140389480022204689B2FFF720FE04EB0908834677
S214038958F0B14FF0010A2A460146CDF800A0039865
S2140389680DF11703FBF7C0FD0228054626D1584626
S21403897803F044FB00222070C0B2431E00929BB251
S21403898852465946304603F0CBFF237853442370A8
S2140389983846FFF7E5FC020424D498F8013021781A
S2140389A89B071FD50139A1EB09013A464046C9B2D0
S2140389B8F1F78AFA23781844207013E020B9207058
S2140389C8284607B0BDE8F08F032809D1404603F0D0
S2140389D8AAFE20F4007189B2404603F0A6FED7E744
S2140389E80428D5D10125002220462178FFF7CDFD9E
S2140389F807460028E4D04FF0000801464346012204
S214038A084046CDF80080FBF76FFD022819D138469B
S214038A1803F0F4FAC2B2013A207093B2394601223F
S214038A283046CDF8008003F07BFFC9E780F0800569
S214038A3820F0800081B23046C5F3C01503F075FEFA
S214038A48D1E70028BCD12070BAE708B50020FFF7A5
S214038A5864FC80F00100C0B208BD0A4608B50146AA
S214038A680020EDF7FBFCB0FA80F0400908BD0020B3
S214038A78ECF76EBC00210846ECF712B90020FFF7A6
S214038A884ABC70B5044603F04EFE0422002106468F
S214038A98204603F0D7F9204403F045FE0322054693
S214038AA80021204603F0CEF9204403F03CFE4FF69F
S214038AB8FF730540ADB29D4214D1F30712D50622C3
S214038AC80021204603F0BEF9204403F02CFE04469A
S214038AD8EDF736FD844214BF02240624EDF72AFD7B
S214038AE8204070BD2046FBF7D0FEC400E4B2F5E78D
S214038AF808B5FFF7C6FF003818BF012008BD0120D8
S214038B08704710B50446FEF700FA08B9FEF7FFF9F2
S214038B1803050FD40C231B2B01D1002009E020FAF0
S214038B2803F1C90703F1010206D5DBB2E31A58427B
S214038B38584110BD0B23F9E71346ECE710B50C466E
S214038B48098819B90846F7F71DFE2080012010BDCD
S214038B5808B510461A4600F08CFABDE8084003F03C
S214038B6880BD70B504460D46164692B06A46ECF7C5
S214038B7805F86A46294620468DF81F60ECF7B4FACE
S214038B8812B070BD10B50C46EEF7B6F82046BDE831
S214038B981040EDF7C7BF0129F8B505460C461DD0AA
S214038BA803291ED0052920D0072922D00026002411
S214038BB800270120EBF734FF304485421DDA0320F3
S214038BC8EBF72EFF2044854219DA0520EBF728FF3A
S214038BD838448542B4BF07200520F8BD6FF0040665
S214038BE8E5E76FF004040526E2E700266FF00407BE
S214038BF8DFE7002405272646DBE70120EDE7032009
S214038C08EBE738B14379490023F00C0301F00C0174
S214038C180B434371704710B5044678B141794088D1
S214038C28490801F006010131000AFFF7B4FF0246BE
S214038C3801462046FFF7E5FF104610BD0722FBE76F
S214038C4838B50D46EEF746F8044608B9002038BD91
S214038C58FFF7E1FF002DFAD1237913F00703F5D0C8
S214038C68984238BF1846C0B2F1E7EEF741BA002279
S214038C78EEF764BB0021012208B5EEF75FFB401A46
S214038C8818BF012008BD38B51546FFF7F0FF0446A0
S214038C98284603F029FE84B1FF2804D0626822FA26
S214038CA800F3DB0701D5012038BD012383401343B6
S214038CB86360E3780133E370F5E72046F4E7EEF7FD
S214038CC897BD10B503F07EF900F11004204603F0B3
S214038CD82AFD20F4007189B22046BDE8104003F04F
S214038CE824BD2DE9FF411546019101218DF80D306C
S214038CF81B0A8DF80E309DF82C308DF80C008DF875
S214038D080F3028460423009103AA9DF828809DF86F
S214038D1830709DF8346001F016FB044670B129469E
S214038D28FFF762FBB8F1000F02D12046FFF7C9FF31
S214038D382FB146B93146204601F0D0F80024204624
S214038D4804B0BDE8F081002220461146EEF7D6FCB3
S214038D58F4E74FF47A70EEF72BBE08B5ECF7D2FEBD
S214038D68BDE808400020EEF729BF00B58BB068467B
S214038D78EEF7FAFD009BBDF8060004A90693EEF786
S214038D8899FD0BB05DF804FB1FB504466846EEF77D
S214038D98EBFD02AB03CB2060616004B010BD1FB5CA
S214038DA8062304468DF80C30EFF762F800238DF897
S214038DB80D00CDE9003301210223204603AA01F062
S214038DC8C2FA04B010BD38B5002208210546FFF7DD
S214038DD8E0FC044698B9FFF74EFD22464FF6FF71AE
S214038DE8EFF79EFA2846297CEEF718FF287C6A696F
S214038DF8E989F0F713FEEEF789FE204638BD012011
S214038E08FCE770B50C4605460120EFF715FE237BF5
S214038E184BB1FFF730FD014623462A46BDE87040AE
S214038E280120EFF79BBA4FF6FE71F5E7F8B50E4645
S214038E380746FFF78FFB054603F075FC00F4404032
S214038E48B0F5404F14BF0022062202F10A03EB5C7A
S214038E580B325C0004F00E045B08144403F038037A
S214038E6838461C44FFF77BFB844208D2001BC2B279
S214038E780F2A28BF0F2230462919E4F743FF204656
S214038E88F8BDECF73FBE40F62740F0F745BBFF2298
S214038E984FF6FF71F0F774BC07B500210DF1070014
S214038EA8F0F7A6FD9DF8070003B05DF804FB13B5BD
S214038EB8044601A90020F0F79BFD019A01462046C7
S214038EC8F0F7ACFD204602B010BDF0B50F46002102
S214038ED887B0044608461646F0F78AFD012305467A
S214038EE80DF10A008DF808408DF80930FFF74CFF9E
S214038EF8092C1DD131460DF1120003F016FC05AB03
S214038F08002102AA9B1A2846CDE90011DBB2642188
S214038F1801F019FA0546E0B1092C15D1F0F7C8FD9A
S214038F28044688B12846F0F7D7FD204607B0F0BDBB
S214038F3831460DF113008DF812704FF6FF7503F0E6
S214038F48F4FB0DF11503DBE7284600F014F8044696
S214038F58EBE70446E9E738B504460D4603F0DEFCBE
S214038F6840B1AC4206D0204603F0CFFCBDE83840FB
S214038F7800F0ACBF38BD10B50446FFF7EBFA023075
S214038F8803F0D1FB4FF6F7739842204603D9BDE8A2
S214038F981040F0F71BBFF0F75BFFB0FA80F040090C
S214038FA810BD012070470022F0F748BE70B504468E
S214038FB80088FFF7CFFA0546043003F0B4FB0646ED
S214038FC8A81C03F0B0FB054603F0C3FA3046F2F7D5
S214038FD825F930B92846F2F721F910B1284603F0E7
S214038FE89DFCA378002023F00F03A37070BD70B513
S214038FF80546FFF7AFFA0646284601F0C8F90146C4
S2140390082846F7F7F3FF04462846FFF7D7F94FF63F
S214039018F773984208D8337803F00303012B05D176
S214039028A31E5842584170BD0120FCE70020FAE70A
S21403903841F2033330B585B00D46ADF80830044623
S214039048FFF719FC8DF80A00FFF715FC0021000A44
S2140390588DF80B0005232046CDE9001102AA8DF8EA
S2140390680C5001F070F910B12146FFF79CFF05B0CC
S21403907830BD2DE9F041044617460D46E1B13F29B8
S2140390884FF0000600D135462046FFF773F9082847
S21403909814D10121204602F0CDFF064602F0AEFFAA
S2140390A80446304602F08EFF3B4601462A46E0B2A7
S2140390B8BDE8F041FDF7FBBA0126E5E72046FFF7D2
S2140390C859F9024630B9BDE8F0414FF6FF71012061
S2140390D803F0F2BA2046FFF75EF9B0F5006F0ED13B
S2140390E82046FFF76BF94FF6FF739842014617D0F1
S2140390F8002D0CBF03200520002203F0DDFA2946C5
S2140391082046EEF7B3FB68B929462046F2F724F85B
S21403911840B9324629462046BDE8F041F0F7DCBFA1
S2140391280120E9E7BDE8F0817047704737B54FF689
S214039138F675FDF71BFA431E9BB2AB420446F8D8F6
S214039148EDF7C8FD0028F4D169462046EDF7E4F8A4
S2140391580028EED0204600F09AFE0028E9D12046E3
S214039168FFF788FD0028E4D12046F2F757F80028D1
S214039178DFD1204603F0D2FB0028DAD12046FDF7DC
S21403918800FA0028D5D1204603B030BD73B504468F
S2140391980E46F2F743F8054688B92046F2F798F8DC
S2140391A821462B460D224FF6FD70009500F0A1F8D8
S2140391B83146204602B0BDE87040F2F74BB802B01D
S2140391C870BDF7B504460D461746FFF754FB06462B
S2140391D8002D3FD04FF6FB739C423BD82046F2F750
S2140391E81DF808B1A64235D02046F2F717F810B195
S2140391F8012003B0F0BD2046FDF7C3F9C0B1A6426F
S214039208F6D0F4B169462046EDF786F80246C0B9AB
S21403921808216846FFF7BDFA98B908226946284622
S214039228E4F72CFF68B129462046FFF7AFFFDFE7D0
S214039238A642E6D12846EDF7DDF810B900F03DFE64
S214039248D6E73FB121462846EDF7EAFE21462846EB
S214039258F5F726FF0020CCE737B5054614460C2954
S21403926814D8DFE801F02C132C1313130713131366
S214039278132424006946EDF74FF818B90121684608
S214039288F6F70CF841202946F8F72CFBD4B120460C
S214039298FFF760F9023003F046FA4FF6F773984281
S2140392A810D9204603B0BDE83040F0F745BE40F677
S2140392B8144040F613430B2908BF1846E3E700F0AB
S2140392C8EDFDE3E703B030BD1FB5034608460321AB
S2140392D88DF80D308DF80C1001230021ADF80E2003
S2140392E8CDE9003103AA042301F02DF805B05DF893
S2140392F804FB2DE9F34106460F4614461D469DF822
S2140393082080FFF7B8FAB04207D100222146384634
S21403931802B0BDE8F041FFF79FBF3A463146204604
S214039328FFF7D2FFADF8060060B10D2C05D1002279
S2140393384FF6FF71282003F0BFF935B9BDF80600CC
S214039348FFF719FE02B0BDE8F0810123424629461D
S2140393580DF10600ECF72AFBBDF80630002BEDD11D
S214039368F0E7F7B50C460546FFF7F4F8611C064622
S2140393782846F7F73BFEA11C0746284600F02AFFB7
S214039388014604463846FDF72AF90D2F34D1204600
S214039398F1F744FF78B1301D03F0C5F904462846B3
S2140393A8F679FFF73AF831460246204603B0BDE899
S2140393B8F040FFF768BCB01C03F0B5F94FF6F77337
S2140393C8984202D92846F0F7B7FD2046F1F780FF02
S2140393D8FFF751FAA04205D1002003B0BDE8F040DC
S2140393E8FFF7A2BE6B46B068F16803C3694620461A
S2140393F8F1F730FF03B0F0BD2A463946204603B0DE
S214039408BDE8F040FFF728BF14220021E4F7EABAC4
S2140394182DE9F04F11F00F0704460E4615468FB098
S2140394285CD10120E1F730FE09A8FDF7D6F9092338
S21403943809A88DF82430FDF7D4F909A8E1F7F6FD55
S21403944801A909A8FDF75EFB26F00F08A84404F156
S214039458100904F10F0A454511D1236901A93344BC
S214039468236109A8FDF733FB0020E1F70DFEB6F1EB
S214039478005F28BF272738460FB0BDE8F08F05AA38
S214039488234696469446186859680833ACE803009A
S2140394984B456246F6D12B46224605F1100B53F888
S2140394A8041B5B4542F8041BF9D1714609A8FDF76E
S2140394B80EFB09A8E1F7BAFD224621460120E1F78B
S2140394C89FFD013D631E13F8012F15F8011F534531
S2140394D882EA01021A70F6D15D46BCE70227CAE79C
S2140394E8F0B5174685B005460C4610220021684697
S2140394F8E4F778FABFB3C4B30F2C04F00F0608D901
S21403950824F00F043A4621462846FFF781FF40BB5E
S2140395182744324639466846E4F7F4FB80222F6927
S21403952806F1100337446B44B7F5005F03F8102CB5
S2140395382F61C6F110061AD3062E1FDDFB001A0E7E
S2140395488DF80A201A0C5BBA8DF80B20ADF80C3090
S2140395586A4610212846FFF75BFF00202B69103B5D
S2140395682B6105B0F0BD3E46D8E72646D6E7022E61
S21403957804DDFB005BBAADF80E30E9E76A46102156
S2140395882846FFF745FF2B691022A3F11004002194
S21403959868462C61E4F726FAB7F5005F4FEAC4037A
S2140395A8CDD2E7E770B50E46054686B001A8144641
S2140395B8FFF72AFF3246294601A8FFF791FF2246FE
S2140395C8054601AB05AE1C4603CCB4421060516099
S2140395D8234602F10802F6D1284606B070BDF1F715
S2140395E8CFBE0A460021F1F7CBBEF0B58BB00C46CA
S2140395F801A9F1F7C5FE054680B325220021E01C24
S214039608E4F7F0F90123A3700E23BDF81070238046
S214039618FA0510D523464FF4877206AE23F8042BB3
S2140396280DF1280C324603CA62451860596016467F
S21403963803F10803F6D13B0605D5238843F08003D8
S2140396482380069B636001AB03CB039BC4F81D0012
S214039658C4F82110A361F3F777F8606128460BB0C6
S214039668F0BD30B505460C4687B001A8FDF7B5F83A
S2140396782868696802AB03C39DF8113043F00202F9
S2140396888DF8112074B12288510644BF43F00603AF
S2140396988DF81130530542BF9DF8113043F0080387
S2140396A88DF8113001A8FDF793F9B0FA80F0400958
S2140396B807B030BD2DE9F3410F460546164602F0BE
S2140396C89DFC4FF00008C41BE4B2294623463A46DD
S2140396D83046CDF8008003F023F90121284602F02E
S2140396E8A9FC88B10121284602F0A4FC074602F02B
S2140396F885FC0546C3B2424630193946CDF8008084
S21403970803F00EF92544ECB2204602B0BDE8F0811A
S2140397182DE9F04F85B00C46054691461F464FF097
S214039728010ADDF838809DF83CB002F067FC224653
S2140397383B4629460646CDF800A0484603F0F0F80F
S2140397485146284602F076FC3C4418B35146284650
S21403975802F070FCF6B2B442814610DAE7B2F31BA5
S214039768DBB2404622462946CDF800A003935F4461
S21403977803F0D6F8039BBF1B984407F0FF0B01239F
S21403978800220E9349465B46404605B0BDE8F04FB7
S21403979803F0C6B85B4622462946CDF838A0F3E759
S2140397A82DE9F041002686B0074608460C461546BE
S2140397B89846CDE9026604968DF8146002F01EFCFE
S2140397C8411BCBB20D2B28BF0D232A4621460096F4
S2140397D802A803F0A5F8424602A93846F1F726FF81
S2140397E80646294620469DF80820F7F713FC304618
S2140397F806B0BDE8F0812DE9F04F0E46CBB0012147
S214039808054617461C4602F015FC23463A462946E3
S214039818814606A8FFF7C4FF0DF1280A00EB070BDD
S2140398285246314628465FFA8BFBFFF743FFB3459C
S21403983803D200204BB0BDE8F08FABEB06085FFA07
S21403984888F808F104039842F3DB331F184404230B
S214039858C4B20193A31BDBB20093524643460021CE
S214039868CDF808A006A8E1F77FFB0028E1D1A4EB12
S2140398780B040AEB0803E4B2524628463146009323
S21403988801944346FFF744FF39462846F7F7AEFBED
S214039898394600F0F8022846F7F7BCFB01212846AC
S2140398A802F0C8FB002818BF4D462846ADF81650E8
S2140398B802F0A4FB011FC9B20DF1160000F04FFC1D
S2140398C80120B7E72DE9D841064600F060FD411CA4
S2140398D8044689B2304600F02DFD98B394B321466A
S2140398E83046F7F783FB00F00C03042B074629D012
S2140398F800F00308B8F1020F00D11BBB384600F08E
S214039908B0FD3B060444A4B216D5611C304689B2A2
S21403991800F010FDB0B121463046F7F767FBB8F103
S214039928010F014600F003030CD0032B0AD0384678
S21403993800F0A6FD03199CB221463046BDE8D8417F
S21403994800F0F8BC0020BDE8D881F8B5064600F05C
S214039958E0FC054604463046FEF7FCFD43785B0705
S21403996818D5AC1CA4B22146304600F0E3FCB8B1C7
S21403997829463046F7F73AFB0746691C304689B24C
S214039988F7F734FB1FB1874201D8FF2808D104EB49
S2140399984704A4B221463046BDE8F84000F0CABCE6
S2140399A80020F8BD13B5044601A8F2F797F8BDF8EA
S2140399B80430DA0710D49B0707D410220021204668
S2140399C802B0BDE81040E4F70DB822462146102041
S2140399D8FFF7E8FD0028F0D102B010BD024608B52F
S2140399E8F2F7A4F8510544BF0838C0B2130544BFBC
S2140399F80838C0B208BDF0B5D30705460C468BB089
S214039A084AD5008800F0C3FC00230646029314B91F
S214039A18CDE9034403AC002208212046FEF7B9FE2D
S214039A28A8B12888FEF796FD023002F07CFE214690
S214039A380746ECF771FC50B100224023114638461E
S214039A4800F005FA40F6094528460BB0F0BD314646
S214039A582888F7F7CBFA10F0030F0CBF0126002669
S214039A68F1F7D2FC46EA4000C0B200900021204637
S214039A7802AB05AAF3F7A4FA0546F1F7C5FC0028D6
S214039A88E2D0002DE0D000212046009602AB05AABE
S214039A98F3F796FA0546D7E740F60A45D4E70023D0
S214039AA81A46F3F7F9B930B58BB005AD0446284620
S214039AB8FCF793FE0223284601A98DF81430FDF718
S214039AC821F8234601AA144603CCAC421860596011
S214039AD8224603F10803F6D10BB030BD08B50023C0
S214039AE8024619461846F3F7D7F9012008BD37B5D5
S214039AF804466846F3F748FA054648B1082221465D
S214039B086846E4F7BBFAB0FA80F0400903B030BD04
S214039B18FF2208212046FEF73CFE034628B106210D
S214039B282846FFF7BCFF0120F0E722460146F3F775
S214039B38B3F9F8E707B56846F3F726FA10B16846A7
S214039B48FDF74FF900F0010003B05DF804FB0120B0
S214039B58F3F7F0BE704730B50124054689B003A86D
S214039B68FCF73BFE01A88DF80C40E1F7BDFA9DF81B
S214039B7806209DF80730AA4209D0AB4209D103A8AC
S214039B888DF80D40E1F752FA012009B030BD0024E4
S214039B98F5E70020F9E700221021FEF7FABD704723
S214039BA87FB50D4600F582300D22694600F58070B4
S214039BB8D5F734FA6B462A4602AE1C4603CCB442A3
S214039BC810605160234602F10802F6D1206810603F
S214039BD82379137100236B7304B070BDF0B585B099
S214039BE86A4605460B46164601F1080714461868E2
S214039BF85968083303C4BB422246F7D118680D22B6
S214039C0820601B7905F582303146237100F5807094
S214039C18D5F730FA05B0F0BD38B504460D46E0F77B
S214039C2855FDA04205D920462946FFF7B9FF00206F
S214039C3838BD2820FCE730B5002485B08DF80040F1
S214039C48E0F744FDE5B2A84204D8F5F78BF90020FF
S214039C5805B030BD69462846FFF7C0FF0134EFE775
S214039C6838B50446002002F04EFEFF2805460FD0FE
S214039C7802F051FE10F0010009D0284602F04BFE10
S214039C88400840EAC17080F0010000F0010038BDCA
S214039C9804F00100FBE70146F8B506460020F5F791
S214039CA89BF8FF2801D00120F8BDE0F7FFFC00244D
S214039CB80546871CE0F7FEFCE3B2984201D800206D
S214039CC8F2E735F82430B34203D117F82430002BD3
S214039CD8E9D10134EEE738B50D460121044602F012
S214039CE8A9F930B10121204602F0A4F92880012001
S214039CF838BD20462C8000F020FC0130C0B2F7E7C0
S214039D082DE9F04788B00746894610460DF10A0143
S214039D181D469046FFF7DFFF4FF0000ABDF80A60BE
S214039D2804463046CDE905AACDF81BA002F066F92D
S214039D38031BDBB20B2B28BF0B2322463146CDF879
S214039D4800A005A802F0ECFD48F21F039D4243D08D
S214039D580BD885F40043012B15D9234642464946BA
S214039D6828460097FDF78AF833E048F23A039D42FF
S214039D78F3D1FEF780FDB8422BD02246414605A80C
S214039D88FDF7ADF825E09DF8143013BBBDF81D406C
S214039D98DDF81500DDF8191003AB03C3204603A945
S214039DA8E0F788FE0122204603A9FFF70AFAA7422E
S214039DB806460ED0012103A8F5F770FA48F2010308
S214039DC89D4206D12EB9334632463946204600F020
S214039DD858FC08B0BDE8F0879DF81450002DF8D15C
S214039DE82F469DF815800234EAB24245F1D2D200D6
S214039DF8D2B222440823314692B2009703A8CDE98B
S214039E08037702F08DFD03A800F074F802F07DFDD9
S214039E1800F05CF80135E7E710B50024418084803C
S214039E280480C280038110BD13B5BDF81040CDE988
S214039E3800340023F5F700FD02B010BD13B5BDF8D6
S214039E48104001900094F5F7F7FC02B010BD07B573
S214039E5800930123FFF7F2FF03B05DF804FB012329
S214039E68F5F790BD38B50546EFF722FE0446E0F74A
S214039E7839FCA40144EA4020284038BD704770479F
S214039E8800207047FF207047002070477047002067
S214039E9870474FF6FF7070470020704770470020E2
S214039EA870477047002070477047002070470020AF
S214039EB87047704770470020704770477047002008
S214039EC870474FF6FF707047172070477047704704
S214039ED870477047704770470120704701207047E6
S214039EE800207047002070477047704770474FF64A
S214039EF8FF7070474FF6FF707047002070470020CA
S214039F087047002070477047002070472DE9F04FD0
S214039F18002785B081460C467E2039469846BDF80C
S214039F283CB09DF844A0BDF84C500192ADF80E70B5
S214039F3802F0BCF80646002800F0AA8002F042F8B1
S214039F4839467E22E3F74EFD304602F03BF8009092
S214039F58304602F037F8B9F1FF0F0CBF274644F036
S214039F6803073B0A14F44062077043705FD14FF04F
S214039F780808C31C184642460199E3F785FD0346BD
S214039F8804F44044434484B1790606D419464FEA98
S214039F981B2201F802BB5A700B46B4F5004F56D085
S214039FA8A4F5404254425441E400224618460E990A
S214039FB8E3F76AFD009A03462044A0EB02085FFA1B
S214039FC888F89DB14FF47C521A53841C284601F036
S214039FD8F9FF8346284602F011F8C5B22A465946C1
S214039FE82046E3F78FFE60190235EDB2B9F1FF0F8D
S214039FF82FD05246109900F8019BE3F783FE08F129
S21403A00801015AFA81F129443046EBF765FC0C2125
S21403A0180022FF0007F0800710463943FEF778FA58
S21403A028ADF80E00E8B9002005B0BDE8F08FB2F52C
S21403A038006F80F803804FEA182880F8048000F140
S21403A048050314BF4FF008084FF0020892E70224EE
S21403A058ABE708EB0A0129443046EBF73DFC082139
S21403A068D6E7304601F0AEFF0446304601F0C6FF99
S21403A0780123024621460DF10E00EBF797FC002854
S21403A088D1D10121BDF84820BDF80E0001F0E6FF46
S21403A098BDF80E00C8E710B50C46098821B908466E
S21403A0A8F6F770FB208008B1012010BD0220FCE7FC
S21403A0B82DE9F04780460F460646002402F1FF398D
S21403A0C8BC4202D219F8015F25B9A6EB080080B294
S21403A0D8BDE8F0879A46A5F13102012A5AF8041B0F
S21403A0E810D83246322D02F8011B06D10134A4B229
S21403A0F8A74232D30912B21C71700134534616466E
S21403A108A4B2DDE7342D0CD10334BC42DDDA0B0AE6
S21403A118317073700B0C090EB370321DF170A4B254
S21403A128EBE7A5F13302062A0DD8303DADB22B195D
S21403A138BB42CADA2A463046013CE3F7A5FC15FAC1
S21403A14884F47219EBE7A5F14102062A01D8373DD4
S21403A158ECE79D8803F1080AE9E71646B5E770B504
S21403A168054600880C4601F049FFA04228880AD213
S21403A17801F044FF0023221A19462846BDE870401A
S21403A18892B2EBF713BC2146EBF7A6FB002070BD93
S21403A19838B5054601F016FF0446284601F02EFF9B
S21403A1A8002201462046BDE83840FEF7EEB9F8B56A
S21403A1B816460C461D46BDF8187001F003FF044406
S21403A1C8304601F0FFFE3A4641192046BDE8F840FE
S21403A1D8E3F75ABC70B50C46013189B20646F6F762
S21403A1E805FF214605463046F6F700FF00EB052037
S21403A1F880B270BD1FB50123ADF80C2000930A4644
S21403A2080223014603A802F08BFB05B05DF804FBA6
S21403A2180FB437B5069D0021A8B201F047FF0446E0
S21403A22801F0D0FE2CB1002207AB0193D1B28D42C8
S21403A23805D8204603B0BDE8304004B0704753F84D
S21403A248041B81540132F1E773B504460D464020DA
S21403A2580021164601F02AFFADF8060001F0B2FE0B
S21403A268BDF8063013B9002002B070BD402133464E
S21403A2782A462044FFF71CFF211889B20DF1060071
S21403A288FFF76DFF0028EED1BDF80600ECE70EB425
S21403A29803B503AA52F8041B0192FFF7D5FF02B0D1
S21403A2A85DF804EB03B070472DE9F7430F46012129
S21403A2B88146164601F0BEFE054658B1FFF768FF0D
S21403A2C8308088B9284601F099FE68B1192003B092
S21403A2D8BDE8F083484601F091FEFF2FA0EB070484
S21403A2E8E4B214D014B934800020F0E72A46214695
S21403A2F82846FEF74AF980460028E7D03B464A46F2
S21403A30829460094FFF753FFA6F80080ECE70120E0
S21403A318DDE708B5FEF71EF9437803F001001A07D0
S21403A3284CBF10300830DB0644BF0830C0B21030CC
S21403A338C0B208BD10B50C4601F060FEA04234BF9B
S21403A3480020012010BD7FB514460091024641F255
S21403A358092141F609209DF820601D46002E18BFE6
S21403A3680146099B0020F6F769FEADF80E0010B902
S21403A378002004B070BD01232A4621460DF10E00C5
S21403A388EBF714FB0028F3D1BDF80E00F1E738B558
S21403A3980546FFF7BEFF0446284601F02FFE631C5A
S21403A3A89BB283420FD82846FEF7D4F843785B0758
S21403A3B807D521462846F6F719FE013004EB400474
S21403A3C8E4B2204638BD0024FBE71FB5ADF80E00FF
S21403A3D801F014FE0446BDF80E00FFF7D8FF00F19F
S21403A3E80E03DBB2BDF80E200146E01A80B20090D9
S21403A3F81046FFF7DCFEA4F10E0189B20DF10E003C
S21403A408FFF7ADFE04B010BD4278034612F008000D
S21403A41806D0D20702D403F10800704703F10900F7
S21403A428704737B505460C46FEF794F8437813F09D
S21403A438100212D09CB103F001021B074FF0000371
S21403A4482946009320464FF0080354BF183220329B
S21403A45802F066FA012003B030BD1046FBE720463B
S21403A468F9E700F00303012B08D0C30606D400F06F
S21403A4780C000C2814BF08200920704702207047D8
S21403A488034611F0030005D003F00303022B14BFA1
S21403A498022003207047F8B50C46064601F0AEFDC9
S21403A4A8631C834202D900252846F8BD2146304658
S21403A4B8F6F79CFD0746FFF7D4FF3B060546F3D59C
S21403A4C80444304601F09AFDA4B2631C9BB283424F
S21403A4D8E9D821463046F6F789FD01463846FFF7A0
S21403A4E8CFFF2844C5B2DFE770B506460D46FFF72B
S21403A4F8D2FF044610B90024204670BD29463046CC
S21403A508F6F774FD8206F7D5304601F077FD254445
S21403A518ADB26B1C9BB28342EDD829463046F6F79C
S21403A52865FD00F01803082B14BF05340634E4B29F
S21403A538830644BF0834E4B2DEE738B50546FFF7BA
S21403A54826FF044608B9002038BD01462846FFF70B
S21403A558CBFF0028F7D02044C0B2F5E72DE9F04337
S21403A56887B005460C46FDF7F5FF804602F0DBF894
S21403A57807462846FFF70BFF064601462846FFF719
S21403A5888AFF0022034600922946324602A802F0B2
S21403A598C7F99DF8086006F00C030C2B06F00309B0
S21403A5A80BD0B9F1010F59D0F10657D49DF80930ED
S21403A5B80DF10A050020637107E0FF230DF109007A
S21403A5C8637102F0B0F80DF10B05208198F801309D
S21403A5D8DA0704D508F1020002F0A5F82081B9F1DC
S21403A5E8010F5FFA89F83DD0F3063BD4284602F0FC
S21403A5F89AF86080A81C02F096F8053515F8013C11
S21403A608208023712B78B006A37206F0400348BF58
S21403A61843F02003390627D543F40073F80448BFEC
S21403A62843F48063390548BF43F400633206E38086
S21403A63811D56A7812F003020DD06FEA43436FEA26
S21403A6485343A978B8F1020FE3800B4611D1EB7890
S21403A65841EA0321218107B0BDE8F083FF230DF10A
S21403A6680905A7E7FF23CCE77A0648BF43F48073B8
S21403A678D4E7012A04BF0B029BB22381EBE7F7F763
S21403A6888FB90BB1F7F7F8B90AB9F7F771BAFF211B
S21403A698F7F79AB9431C08BF0020E4F779BA000015
S21403A6A8034B5868C0F30800003818BF01207047EA
S21403A6B800ED00E0014B1868704700BF9064002067
S21403A6C8084B1B6F03F00703022B04D0032B05D09C
S21403A6D8012B05D0FEE7044B18687047034BFBE7CE
S21403A6E80348704700800050906400209864002058
S21403A6F8002D310108B5FFF7E3FF054B1B6FC3F3C6
S21403A70803330133B0FBF3F0024B186008BD00BFF8
S21403A718008000508C6400200048704700B4C404CE
S21403A72800487047002D3101014B1868704700BF79
S21403A73898640020014B1868704700BF9464002093
S21403A748B8B1036813F4E07F03F03F00C3F3821243
S21403A7580AD0012A0DD1084B41B103F580530122D3
S21403A76882401A6000207047044BF5E703F5005350
S21403A778F5E70E20704700BF6880005064800050DD
S21403A78807B500F095FC6A4600F0F2FC18B14721BD
S21403A798034801F0EAFEDDE9000103B05DF804FBB7
S21403A7A89DD203000229F8B596BF104B00245C5CC3
S21403A7B8012805460E4608D0022809D008B944F0F1
S21403A7C802040B4B1F6837B9F8BD44F00804F8E7D2
S21403A7D844F02004F5E77B681A68144203D0314630
S21403A7E828465B6898473F68EDE700BFC26C0400DD
S21403A7F8743C002038B5104D2B78ABB10F4C23783A
S21403A8081BB100F04FFA00232370002001F0C0FEAE
S21403A8180B4C50B100F098FA0023012120782B70D6
S21403A828FFF7C0FF0123237038BD0122054B1A70BA
S21403A8382278054B1A70F7E76E5A00206C5A0020E8
S21403A848745A00206F5A0020705A00200E490B785D
S21403A858FF2B01D198B170470BB990B97047002800
S21403A86814BF0122FF2213440B7060B1074B1B78F9
S21403A878012B08D9064B1B782BB9FFF7BBBF1A4623
S21403A888F1E70122EFE77047735A0020745A002055
S21403A8986F5A002010B501F0D4FD064B04461B780A
S21403A8A81BB1BDE8104001F0C7BDFFF7A3FF204664
S21403A8B8F7E700BF6B5A002002282DE9F04147D07E
S21403A8C829480378FF2B41D1002941D11A4613445E
S21403A8D8DBB2037000293BD0244E3278012A37D9DD
S21403A8E8002B3ED001F0ADFD214F04463B780BB359
S21403A8F8204D2B781BB901222A701F4A1370DFF8E4
S21403A9087C8098F8003023B100F0CCF9002388F84F
S21403A9180030204601F090FD012001F039FE01F0D9
S21403A92890FD2B7804461BB100F00EFA00232B701B
S21403A93800233B70204601F07FFD01243078A042B7
S21403A94806D02146FFF72EFF347001E013B931B95C
S21403A958BDE8F081002914BF0122FF22B7E70122D0
S21403A968B5E70224EAE700BF735A0020745A0020AA
S21403A9786E5A00206B5A00206F5A00206C5A00202B
S21403A9882DE9FF47EFF3108572B6AFF3008001F0A9
S21403A998D4FE002800F0A4806B4E6C4F337823B1A6
S21403A9A80020FFF753FF00233370387878B903A9DC
S21403A9B800F04EFB044650B9654B039A1B689A424F
S21403A9C800F296800120FFF741FF012333703B789E
S21403A9D8002B40F0AB805F4B1B78002B00F0A38066
S21403A9E84FF002085C4CDFF890912078DFF88CA1D2
S21403A9F840450AD0002389F800309AF8003013B986
S21403AA084146FFF7CFFE84F8008099F800303BB143
S21403AA182378022B04D1002389F8003001F0D7FEEF
S21403AA28B8F1020F0FD1DFF82C8198F8003053B92C
S21403AA384A4B1B7823B900F02FF90122484B1A70AA
S21403AA48012388F80030207800F0FEF89AF80030E2
S21403AA5813B1444B1B782370AFF30080284601F0EC
S21403AA6892FDEFF3108572B63F4B1A7852B1002267
S21403AA781A703C4B20781B78984203D10121217029
S21403AA88FFF790FE394800F0A3FA01F06AFE804605
S21403AA98002883D12F4F89F800003B789BB1DFF855
S21403AAA8C0908AF8000099F800301BB100F0FAF855
S21403AAB889F80080002001F06BFD002839D000F0EB
S21403AAC843F900233B70337823B10020FFF7BEFE1B
S21403AAD80023337000212078FFF764FE00232370D9
S21403AAE8AFF30080284604B0BDE8F04701F04BBD3D
S21403AAF81F4BD3F8008000F061F9039B8044984508
S21403AB08BFF460AF00F054F98200039942F00202E2
S21403AB1892B2CDE900422346164AA1EB0801134830
S21403AB2801F038FD53E700F0A1F859E74FF00108A4
S21403AB3858E7012000F088F8284601F024FDEFF3D3
S21403AB48108572B6B6E700BF6D5A0020735A002008
S21403AB587C3C00206E5A0020745A0020725A00204B
S21403AB686C5A0020705A0020695A0020803C002046
S21403AB78783C00209DA80300715A00206F5A0020D5
S21403AB8810B501F05EFC0022054B1C781A7001F024
S21403AB9853FC00F021FBE4B22043C0B210BD00BF53
S21403ABA86A5A002038B501F04CFC094B05461B7859
S21403ABB8012B04D801F040FC0024204638BD054B81
S21403ABC81C6800F0FBF80444284601F035FCF4E75B
S21403ABD8745A0020783C00201649174A0B6F10B5A4
S21403ABE803F007031360154A154C9269032B02F00A
S21403ABF80200C2F3400222701AD0D1F8203103F0C3
S21403AC080303022B14D0D1F8243103F007039C1E48
S21403AC18634263410B4A137048B143B9054BD3F8F3
S21403AC28003103F00303591E4B424B41137010BD0A
S21403AC380123EFE700800050DC3C002000C00150F1
S21403AC48795A00207A5A0020012805D002380128AC
S21403AC5808D80020D1F784BD034A136923F00403F8
S21403AC68136130BF704700BF00ED00E0074A08498C
S21403AC78D2F8203103F003030B60D2F82431054AD7
S21403AC8803F007031360F8F79EBA00BF008000506E
S21403AC98E83C0020E43C00200122014B1A70704770
S21403ACA8785A0020F8B51F4B1B78002B39D01E4C5A
S21403ACB82378B3B91D4B9A6DD10302D5DA6D920783
S21403ACC82FD49B6DDB072CD401F0A7FC184B194A2D
S21403ACD81860136F23F0070343F003031367FFF7A4
S21403ACE809FD01F09AFC124B134D1B68134EC01A4C
S21403ACF82B78134F56F8232046F82300111A3A6880
S21403AD081048521A0A213A600932B2FBF1F20133AB
S21403AD18DBB20260B3FBF1F201FB12332B700023A4
S21403AD282370F8BD7A5A0020775A002000C00050D6
S21403AD38D43C002000800050765A0020AC3C00200B
S21403AD48A83C0020A43C002008B5F8F73FFA124BAD
S21403AD5812491A6F096822F007020A431A6710494C
S21403AD68D3F82021096822F003020A43C3F82021F6
S21403AD780C49D3F82421096822F007020A43C3F8CA
S21403AD882421094B1B7813B10122084B9A62BDE8AC
S21403AD980840FFF7AFBC00BF00800050DC3C002033
S21403ADA8E83C0020E43C00207A5A002000E00050EB
S21403ADB8014B1878704700BF7A5A0020054B18785D
S21403ADC818B1054B186800EBD000044B1B681844F1
S21403ADD8704700BF7A5A0020A43C0020D83C0020C5
S21403ADE808B5104B1A78C2B100221A700E4B1A6FA8
S21403ADF822F0070242F001021A67D3F8202142F034
S21403AE080302C3F82021D3F8242122F0070242F0D4
S21403AE180302C3F82421FFF76DFC0122034B5A678C
S21403AE2808BD00BF785A00200080005000E000509C
S21403AE380D490B68A0B10022A3B1834203D18368EE
S21403AE4822B90B6003E01A469B68F5E793608368AC
S21403AE580BB9002070475A6941690A445A61F8E7F2
S21403AE682220704702207047F43C002010B501F0FA
S21403AE78F0FB0A4C0A4B19682368C31A09B9206001
S21403AE8810BD002BFBD04A699A423ABF9B1A002290
S21403AE98D21A4A6128BF00238968EFE7F03C0020EE
S21403AEA8F43C002038B5154D2B682BB35B69B3B15A
S21403AEB8134A022014681C4400F088FA204600F05F
S21403AEC847FA00220F492B680A70012A05D823B1CE
S21403AED8D88880070AD501230B70002038BD0220C6
S21403AEE800F074FA022000F093FAEAE79B68002B56
S21403AEF8F3D058690244E8E72220EFE7F43C002041
S21403AF08F03C00207C5A0020C38870B504460D46E2
S21403AF183BB9FFF747FE8542064602D2F9F70BF917
S21403AF2835460E4A656113689BB91460A3600FE043
S21403AF382D1A986819466561034618B15869A842D8
S21403AF48F6D941B18C60A36013B15A69521B5A6192
S21403AF5870BD0021F2E71460F5E700BFF43C00205B
S21403AF6870B516469DF81420C0E903360271049A94
S21403AF78BDF818300260002204460D468260C3807E
S21403AF8806BB01F066FB2844A0613DB9E36865612A
S21403AF9813B120462168984796B1354601F051FA11
S21403AFA80646FFF763FF29462046FFF7ADFF074B24
S21403AFB81B68A34201D1FFF775FF304601F03CFA40
S21403AFC8002070BD01F045FB3044DDE7F43C00206B
S21403AFD8F8B50546D0B101F034FA0646FFF746FF42
S21403AFE80B4B28461F68FFF723FF044620B130465D
S21403AFF801F022FA2046F8BDAF42F8D1FFF752FF18
S21403B0082228F4D1022000F0EDF9F0E72224F1E734
S21403B018F43C002038B50C460546A8B1A1B1002378
S21403B0280B7001F01BFA0121084B1B6833B901F0BA
S21403B03810FA002038BD9D4204D121702278002AD8
S21403B048F9D0F4E79B68F1E72220F3E7F43C002005
S21403B058F8B506460F4601F001FA00250446124BDA
S21403B0681B6823B9204601F0F4F91B2011E05A693E
S21403B0781544DA88B2420DD101F0EBFA0B4E336869
S21403B088C01AA8420AD3002320463B6001F0E1F920
S21403B0980020F8BDFF2EEFD09B68E2E701F0D9FA4F
S21403B0A833682B441B1AEFE7F43C0020F03C0020DF
S21403B0B870B501F0D3F9064601F0CBFA084B0446FF
S21403B0C801201D6801F0B5FA18B101F0C2FA04466A
S21403B0D80135304601F0BDF92046294670BD00BF4C
S21403B0E8FC3C0020014B1868704700BFF83C002062
S21403B0F8F8B50C4B05461B680E4683420FD300244F
S21403B10840F2E7302146084B4FF47A721F68002353
S21403B118E5FB0701E2F7FAF830602046F8BD212080
S21403B128FCE700BFEC3C0020F83C00200F4B10B5B2
S21403B1381A689AB14FF47A71531E1342A0FB0101A1
S21403B1480ED1B2FA82F2C2F11F04531CD243E04076
S21403B15801FA03F3184321FA02F20243104610BD1C
S21403B1680023E2F7D3F80246F8E700BFF83C0020CE
S21403B17838B5164B14468342154B8B4123D3154BD0
S21403B1881A6802B34FF47A75A0FB050305FB013171
S21403B198531E134211D1B2FA82F3C3F11F055A1C88
S21403B1A8DB4301FA02F2E84021FA03F3104318439B
S21403B1B8E940C4E90001002038BD0023E2F7A6F8F9
S21403B1C8C4E90001F7E72120F6E700BFEFA7C64B5F
S21403B1D837894100F83C002010B501F03FF9034BCE
S21403B1E81C7801F036F9E4B2204610BD7B5A0020DD
S21403B1F808B5084B1B7803F0FF004BB101F00DFAB6
S21403B208054B1B689B69C01A02288CBF00200120C7
S21403B21808BD00BF7C5A0020F43C0020C2072DE975
S21403B228F843044607D5474A136801331360FFF704
S21403B2381DFEFFF737FEA30740F1818001F00EF9E4
S21403B2484FF0000805464646FFF710FE3E4F3C689B
S21403B2580CB16369A3B100223C4B012E1A7003D1CB
S21403B26818F0020F18BF1E70FFF71CFE222802D123
S21403B278022000F0B7F82846BDE8F84301F0E9B81D
S21403B28823465A693AB91A792179914288BF1C46E6
S21403B2989B68002BF5D1284601F0DBF8D4F810801C
S21403B2A8B8F1000F3FD001F0D4F9A269851AEB175D
S21403B2B8454573F1000337DB23691344A361012370
S21403B2C82269CAB1C3B9A38BB8EB050833B1E28BBD
S21403B2D813449BB2B3F57A7F1CD2E38301F0BEF81E
S21403B2E8054641462046FFF70FFEA369226928460E
S21403B2F81344A36101F0ADF8E36813B1204621684F
S21403B3089847B4F8068001F0A9F801360546FFF712
S21403B318ADFD9CE7A3F57A73E383A36918F1FF38B9
S21403B328013BA361DAE7454601F098F881462046D3
S21403B338FFF77EFD484601F08CF80023C0E7BDE81A
S21403B348F88300BFFC3C0020F43C00207B5A002016
S21403B35810B5044601F075F84FF0B042936A190722
S21403B368FCD4136A116C5269520604D4CA1A032A07
S21403B37801D899420ED1E21A022A98BFDC1CB4F10E
S21403B388FF3F38BF013C4FF0B04340221C6403F52F
S21403B39880539A6101F050F8054A13783BB14FF091
S21403B3A8B041CB6B43F00203CB630023137010BD8D
S21403B3B8046A002007B5044B01A9187901F06AF856
S21403B3C8019803B05DF804FB0C6B040000F001035E
S21403B3D88207034A48BF43F040039361704700BFA0
S21403B3E800100058820700F001030AD50121064A17
S21403B3F843F0400311704FF0B041CA6B22F00302CA
S21403B408CA63024A93617047046A00200020005802
S21403B418830742BF4022014B5A6170470010005809
S21403B42873B502AB164603E90600044600F052FF5E
S21403B4380546204600F05EFF9DF800208DB1202CBF
S21403B44833780ED8012B2ED84FF6FF752D4803EB0D
S21403B4584313234430F81310A94202D0013120F8CD
S21403B4681310294B294E33F8141036F8140081426A
S21403B47832D34FF6FF75A9424FF0010502D00131CA
S21403B48823F8141004F0FD01092927D1998AB68AEE
S21403B4980A44B242B4BF9A829E8233F81430834277
S21403B4A827D202B070BD022BDBD14FF6FF704FF6E2
S21403B4B8FF75144B33F81410814218BF013104F199
S21403B4C8210018BF23F8141033F81010A9421CBF24
S21403B4D8013123F81010C4E70025D0E71D2CDCD172
S21403B4E8598F8E18864203DA01390A445A87D4E7F5
S21403B4F85887002DD5D1204602B0BDE8704001F02C
S21403B508C3B800BF805600205857002004570020B1
S21403B51838B50D46044600F0A1FF064A13889BB2C9
S21403B5282DB123431380BDE8384000F092BF23EAC9
S21403B5380403F7E75E5900200022034B01214FF46A
S21403B54880701A70FFF7E4BF9060002008B5054BBB
S21403B5581868FCF749FD00F00300C31E584258411B
S21403B56808BD00BF8453002038B5044601F02AF905
S21403B5780C4B05461978187981420FD0631E082BA1
S21403B5880CD8DFE803F0050D0B0D0B0D0D0D0D00A4
S21403B59800220146044B1868FCF724FD284638BDEC
S21403B5A80022F7E7326A00208453002038B54FF0AC
S21403B5B8FF300C46FFF76EF80A4B05461868FFF788
S21403B5C869F8641B241A20B210F1630F06DB10F126
S21403B5D8240F05DA64308000C0B238BD0020FCE7CB
S21403B5E8FF20FAE78453002008B5134B1B78062B75
S21403B5F804D040F62101114800F0B7FF104B1B8812
S21403B6081B0704D440F622010C4800F0AEFF0D4B8E
S21403B6182A201978FFF7A8FF00210820FFF778FFEC
S21403B6280222094B1A70094B1868E8F7F3FABDE8C3
S21403B638084001F016B800BF90600020C0670400F9
S21403B6485E5900208D6000205E6A00208453002027
S21403B65810B50E4C236823B940F6A3410C4800F0F6
S21403B66884FF2068013001F05EF800F00700032825
S21403B6780AD1246809220121204600F0E3FB205C56
S21403B688031F5842584110BD0020FCE7745300209E
S21403B698C067040038B50C4640B100210420FFF704
S21403B6A837FF00F0DEFF012C1DD038BD244B1B8866
S21403B6B89B07F6D50129234A2FD1117869B3013997
S21403B6C8C9B2117011B92020FFF722FF002102200A
S21403B6D8FFF71EFF04221C4B00211C481A7000F0BB
S21403B6E85DFD00F0BEFF1A4C2068013001F01BF820
S21403B6F800F44060B0F5006F1FD1246801210422CE
S21403B708204600F09FFB204401F00DF80146BDE8F3
S21403B71838400022202000F0CFBF00210D4D022024
S21403B7281170FFF7F5FE2B78FF2B04D040F29961D2
S21403B738094800F01AFF2C70B3E74FF6FF71E6E7E7
S21403B7485E5900208F60002090600020A8670020C4
S21403B758745300205F6A0020C067040038B5134C92
S21403B76805462388580709D5FFF7F0FE0146072044
S21403B778FFF7FAFEFF210120FFF78CFF23889907BE
S21403B7880BD50B4B284619788A1F51425141FFF7B0
S21403B798EBFE01210020FFF77DFF23881B0703D557
S21403B7A8BDE83840FFF720BF38BD00BF5E5900200C
S21403B7B890600020F7B5124CD4E9006586EA020CBF
S21403B7C885EA03070CEA000C0F405CEA070E15D05F
S21403B7D886EA0C067D40C4E90065CDE900230B46DE
S21403B7E8084902460868FCF706FD38B14FF4FD71B0
S21403B7F8054803B0BDE8F04000F0B7BE03B0F0BD9F
S21403B808B015002084530020C067040008B50A4B0F
S21403B8181B88DB0604D440F64701084800F0A5FE5B
S21403B82800211020FFF774FE002000F06BFBBDE834
S21403B838084000F016BF00BF5E590020C06704002A
S21403B8482DE9F04F5706804614461D4691B005D598
S21403B858FFF77CFE01460120FFF786FEEE0403D5BC
S21403B86800212D20FFF780FEA00224D54046FCF7D2
S21403B8783FFD0146F8B94020FFF74AFE40460AA9AD
S21403B888FCF737F8B8B99DF83030022B40F0D9806A
S21403B898BDF8280001F039F8FF2808D14046FCF720
S21403B8A826F840B901214020FFF732FE03E001F0F5
S21403B8B830F80028F2D1A10305D5FFF747FE014665
S21403B8C80320FFF751FEE20104F0807640F1C080C2
S21403B8D8854B1B889B072DD5844E3068FBF79EFF48
S21403B8E840BB834B834F18703B78FF2B04D040F242
S21403B8F85761814800F039FE4FF000090021022005
S21403B908FFF706FE87F800907C4F3B78062B07D197
S21403B91801210820FFF7FCFD49462820FFF724FEEF
S21403B9283B78052B06D100212B20FFF71DFE306838
S21403B938E8F770F900F095FE220717D56B4F032139
S21403B948386805AAFBF784FF064620B940F2C961A2
S21403B958694800F00AFE9DF81430072B00F0D080E3
S21403B968FFF7F4FD01460420FFF7FEFDE10505D5C4
S21403B978FFF7ECFD01460420FFF7F6FD14F4863FB7
S21403B98805D0FFF7E3FD01460220FFF7EDFDA20110
S21403B99813D5FFF7DBFD01460820FFF7E5FD002179
S21403B9A80420FFF7B5FD554B1B78012B03D14F4BEE
S21403B9B81868E8F72FF900F054FE14F0084F09D07A
S21403B9C8FFF7C4FD01460720FFF7CEFDFF21012040
S21403B9D8FFF760FEA30009D5FFF7B8FD014606206A
S21403B9E8FFF7C2FDFF210120FFF754FEA70705D581
S21403B9F83D4B1B881E0701D5FFF7F6FD6C0603D5DE
S21403BA0800210A20FFF7B0FD280602D50120FCF71F
S21403BA1881FCE90540F1858140460AAA05A9FCF799
S21403BA28DFFA9DF81430222B00F06D8100F2828134
S21403BA38152B40F26A8140F60A112F4800F095FD4F
S21403BA486FE1032B7FF437AF0AA800F05AFF30E7FD
S21403BA5805F0020756EA07030DD0284B2620197867
S21403BA68A1F1060EDEF1000141EB0E01FFF77CFDA6
S21403BA780121304611E004F0805656EA07030FD03A
S21403BA881E4B26201978A1F1060CDCF1000141EBC8
S21403BA980C01FFF769FD02213846FFF7FBFD4BE76C
S21403BAA804F0884151EA060309D0144B2720197875
S21403BAB88F1F79427941FFF757FD0221D9E705F031
S21403BAC808030B4302D02320FFF74EFD680703D570
S21403BAD800212420FFF748FDE9077FF52DAF002155
S21403BAE82520FFF741FD27E75E59002084530020F1
S21403BAF88F6000205F6A0020C06704009060002003
S21403BB08314638680AAAFBF7A9FE20B14FF4DA6172
S21403BB189E4800F02AFDBDF81630386802330AA995
S21403BB28ADF82C30FBF79CFE20B140F2DF61974856
S21403BB3800F01BFD0023009331460423386804AA4B
S21403BB48FBF790FE042804D040F2E4618F4800F027
S21403BB580CFDDFF8589299F80030C3BB0DF11100BD
S21403BB6800F0E1FD00F00700022830D1FFF7EEFCF5
S21403BB7801460920FFF7F8FC854B1B78062B23D1D3
S21403BB88844B9DF813201B789A421DD19DF83530B7
S21403BB9823B940F2FA617D4800F0E7FC0DF1110085
S21403BBA800F0C1FDC0F3001631462920FFF7DCFC80
S21403BBB800210820FFF7ACFC774B1E70FFF748FD03
S21403BBC810B93868E8F726F800F04BFDCEE6BDF85E
S21403BBD816000121083080B200F068FA039030B9E5
S21403BBE8FFF7B4FC01460420FFF7BEFCECE700F0C1
S21403BBF8E9F905AA014606463868FBF73BFE99F8B5
S21403BC0800A0BAF1000F22D106F1010B584600F046
S21403BC188AFD83065AD53868FCF76AFB0746FFF79A
S21403BC2895FC05370146F8B2FFF79EFC584600F028
S21403BC387AFD00F007000328584F2DD00121042071
S21403BC48FFF766FC4FF0FF30FBF733FE3860002241
S21403BC585349BDF816300978F718F1549DF836306D
S21403BC68BB709DF83730FB700A9B190E3971190C97
S21403BC787971FB71190A99F80030B97123B9737889
S21403BC8892B343F020037370002000F069F97870CC
S21403BC98039800F071FA97E701210922304600F06D
S21403BCA8D1F8305C01210428C9D1FFF731FC4FF0E5
S21403BCB8FF30FBF7FEFD3B4B38601B885806C6D59E
S21403BCC851464020FFF724FC0122C1E7FFF73EFC5C
S21403BCD801460920FFF748FC2D4B1B78012BB6D1EC
S21403BCE83868E7F797FFB2E723F02003CBE701228C
S21403BCF87E33DBB202FA03F313F00A1F31D113F0D3
S21403BD08011F3FF498AE27202CE0012202FA03F322
S21403BD18254A1A402ABB13F0041FF4D1DA077FF525
S21403BD288AAEAB052FD50121802011B0BDE8F04FB0
S21403BD38FFF7EEBB652B1AD8622B12D8452B0CD807
S21403BD48422B0ED8352B06D8322B0AD8252B08D9E2
S21403BD58322BD8D06FE6422BFBE7552B05D8522B50
S21403BD68F7D92620FFF7FAFCDBE7622BF1E7952BDA
S21403BD783FF661AE812BBAD8722BC4D0733B022B25
S21403BD883FF659AEEDE711B0BDE8F08FC067040083
S21403BD98906000208C6000205E6A002070530020AC
S21403BDA8606A00205E5900203A003800936000203D
S21403BDB8024B1878B0FA80F040097047906000206C
S21403BDC808B5064B4FF0FF311868FCF72FF9002823
S21403BDD8B8BF033040F3870008BD00BF8453002074
S21403BDE808B5074B1868FCF79BF930B1054BB3FB4E
S21403BDF8F0F083B20BB1184608BD0120FCE700BF7C
S21403BE088453002040420F0038B510200C46012109
S21403BE18FFF77EFB064B1D68FFF7E2FF012200FBD8
S21403BE2804F1044B2846FCF7E6F8002038BD00BFAB
S21403BE388453002015B80300014800F096BB00BFE2
S21403BE48DA670400032A70B5144602D82C4B985CAC
S21403BE5870BD81F0010519B90D2A07D1FF20F7E750
S21403BE680D2A03D100780538C0B2F1E7084400F07C
S21403BE785AFCC5F1040110F440660246C9B209D15A
S21403BE88042C0846E4D0052C16D112F0400F18BF30
S21403BE980846DDE7C5F10603042CD8B2D8D0B6F5B4
S21403BEA8006F03D1C5F10805E8B2ECE7B6F5406FB5
S21403BEB8E9D1C5F10E05F7E712F4404107D1062C80
S21403BEC8C6D0072CC4D0082C13D10130CCE75506AE
S21403BED85CBF831CD8B2062CBAD0B1F5004F02D18A
S21403BEE8831CD8B2EDE7B1F5404FEAD100F1080359
S21403BEF8F7E7130744BF0530C0B20C2CA8D9ADE743
S21403BF0804CB0400AC2370B5094C054603FB004379
S21403BF185E6D26B940F2FD31064800F026FBAC23D9
S21403BF2803FB0544002363653346BDE870401847A2
S21403BF38885300201768040010B40C461146AC2238
S21403BF48064B02FB0033586D20B95C655DF8044B5D
S21403BF58FFF75ABF02205DF8044B7047885300204A
S21403BF68AC22034B02FB003393F8A800704700BFCC
S21403BF788853002028B1034B1B68C01A40100130B1
S21403BF8880B270474854002030B1044B00F100409B
S21403BF981B68013803EB4000704700BF4854002075
S21403BFA8064B1B68834206D8054B1B68834294BF1F
S21403BFB80020012070470020704700BF4854002027
S21403BFC84454002010B5044608B9002010BD00F0FC
S21403BFD80BFC20B940F2CD41074800F0C6FA2046CC
S21403BFE8FFF7D2FF0028F0D00388DB0B14BFD0F886
S21403BFF80A000830EAE700BFEE67040010B508B980
S21403C008002010BDFFF7C0FF044600F0E4FB20B98C
S21403C0184FF49D61064800F0A8FA002CF0D0238858
S21403C028DB0B0ABF60882089C0F30C00E9E700BF72
S21403C038EE67040038B5FFF7A7FF0D46044650B170
S21403C04800F0C9FB20B940F24151034800F08DFACD
S21403C058023534F8150038BDEE67040070B5FFF7EF
S21403C06893FF0C4616460546B0B100F0B4FB20B95C
S21403C07840F24D510C4800F078FA3046FFF784FF3B
S21403C08800F0A9FB20B940F24E51074800F06DFABC
S21403C098023425F8146070BD40F25251BDE8704072
S21403C0A8014800F062BA00BFEE6704002DE9F843C2
S21403C0B80746884600F0FBFA20B940F28E512A4814
S21403C0C800F053FAFC1CA408284B64000434B7F5A4
S21403C0D8005F1E68A4B204D340F29551224800F0CC
S21403C0E844FA00F0BBF9224981460B687BB9214B19
S21403C0F81D68761BC6F34F06B44227D90025484663
S21403C10800F0A7F92846BDE8F843FFF733BFB8F1B0
S21403C118000F11D0174A15685A1BC2F34F029442F0
S21403C128ECD81448620005EB44040460B8F1000F29
S21403C1380FD113440B600CE0F61AC6F34F0676B914
S21403C14840F2A651084800F010FAD7E705EB440476
S21403C1581C6000236F80AB80EB802B80CFE7B44254
S21403C168CCD8044A1568DCE7EE6704004C54002074
S21403C178345400204454002038B5054600F06EF9C0
S21403C188044629460448002200F03BFB2046BDE847
S21403C198384000F05EB900BF6459002082684B4BF4
S21403C1A82DE9F0419A4204460E46056815D121B199
S21403C1B840F21311464800F0D8F900F04FF9236906
S21403C1C81BB92B682BB924612C60BDE8F04100F03D
S21403C1D840B91A6922611C61F6E700F0BFF9804688
S21403C1E8FEF75EFA20B14FF49571394800F0BDF9B1
S21403C1F86FF000439E4221694BD22B7B08EB060265
S21403C208002B4DD0AB6893424AD1531C002949D022
S21403C2186169994242D01EB9521AB2F1004F3DD90C
S21403C228636123696E689C4203D19D21284800F008
S21403C2389CF92F460023B4420BD0002B41D17269D8
S21403C2486169891AB1F1004F32D832693746944288
S21403C2582CD12269BD420CBF6A603A617BB9266954
S21403C268B44203D1B8211A4800F07FF93B46012EA1
S21403C27805D062697169521AB2F1004F23D99D42FB
S21403C2880BBF6B681A69236122610CBF6C601C6163
S21403C29804E0434431B162699342C1D1BDE8F081F9
S21403C2A81346B3E76A6822616C60B9E71646C6E7C1
S21403C2B8A8EB0202B2F1004FC7D93B4637463669A8
S21403C2C8B9E71F46F9E733463669D0E7D95A020075
S21403C2D8026804000823064A12F8011B814205D0A7
S21403C2E8013B13F0FF03F7D1184670470120704748
S21403C2F8B5CB04000823064A12F8011B814205D071
S21403C308013B13F0FF03F7D1184670470120704727
S21403C318ADCB040010B5082207490446E1F7AEFE84
S21403C328B0FA80F04FF6FF732289400940009A421C
S21403C33808BF40F0010010BDC6CB040030B5044664
S21403C3480D4685B002B9084A1068516801AB03C3A5
S21403C35801AB03CB20602046ADF80C501B88616008
S21403C368238105B030BD00BFC2F00300002270B5BC
S21403C3780A4B1C780A4BD5B2AC4202D800200C7084
S21403C38808E01E880132864205D30D701B881B1AE7
S21403C3985842584170BD1233EDE700BF0A600020CB
S21403C3A80459002010B5164B187860B1154C23684D
S21403C3B8CBB14FF4707200201349FFF7BDFD236815
S21403C3C8013B236010BDFFF7FBFC1049104A91F9A7
S21403C3D80040136884420B4C03F10103136023687F
S21403C3E8B8BF087053B90B4800F033FA0028E9D1F0
S21403C3F8BDE8104001460748FFF7D0BE0822DAE733
S21403C408E0600020C0540020ADC30300DB600020BA
S21403C418B854002074690020054B1B682BB9054BDC
S21403C4281868003818BF012070470120704700BFFE
S21403C438B0540020AC54002010B962B6BFF36F8F17
S21403C4487047EFF3108072B67047302383F3118872
S21403C458704780F31188BFF36F8F7047EFF311802F
S21403C468302383F311887047002070474FF4004049
S21403C47870474FF47A7070470122417803788A40F0
S21403C48830214B4341F2100103F1A04303F5703307
S21403C4985A50704709B100F008B8222070470121A6
S21403C4A8FEF74EB90021FEF74BB970B506460D46A2
S21403C4B8FFF7D4FF04461D2E48D8DFE806F00F180A
S21403C4C8471D20234726292C47472F324735384709
S21403C4D83B473E474744474747474741FEF7F0F839
S21403C4E8002628602046FFF7B4FF304670BD4FF499
S21403C4F8C070CFF7A1FDF3E74FF42070F9E74FF4C8
S21403C5084070F6E74FF46070F3E74FF40070F0E717
S21403C5184FF48060EDE74FF49060EAE74FF4C060AD
S21403C528E7E74FF4F060E4E74FF4B060E1E74FF471
S21403C538D060DEE74FF4E060DBE74FF4A060D8E7AF
S21403C5484FF48070D5E74FF40860D2E70020212621
S21403C558C7E708B5FEF714F980B208BD08B5FEF7B5
S21403C5680FF908BD704742DE704738B504460D46D6
S21403C57800F008F8FFF769FF29462046BDE838406B
S21403C588FFF7F1BF704710B962B6BFF36F8F7047F6
S21403C598012070472DE9FF410D4616461F460446FF
S21403C5A8A8B14FF00008C0F81C80FEF711FDBDF8CF
S21403C5B82C30424602939DF828302946CDE900736D
S21403C5C820463346FEF7CCFC04B0BDE8F0812220B3
S21403C5D8FAE7F0B51F46002387B00D46164604460D
S21403C5E88DF81730A8B1C3610DF11701FEF712FDD8
S21403C5F89DF817207AB9BDF83430294602939DF87A
S21403C60830302046CDE900733346FEF7A9FC07B061
S21403C618F0BD2220FBE70320F9E738B5FFF71EFF36
S21403C628054600F016F804462846FFF712FF20468C
S21403C63838BD4FF0B04301285B6904D0022805D102
S21403C648C3F38010704703F001007047002070475B
S21403C65870474FF0B0439A6A1207FCD4186A7047BB
S21403C668704708B5FFF7FCFF00F01DF808BD10B5C6
S21403C678FFF7E7FE012104460846FEF71DF92046A4
S21403C688BDE81040FFF7D8BE10B5044600F012F810
S21403C6982046FBF74EF82046F8F771F8BDE8104039
S21403C6A8F9F734BC704708B5FFF7FCFF08BD01204F
S21403C6B8704770470020704730B589B00446ADF818
S21403C6C806108DF81020FFF705FE05462046FFF7EF
S21403C6D811FE03469DB1BDF80600ABB900F0BEF8DF
S21403C6E8FF2808BF00200DF10F038DF80F001A4628
S21403C6F8204604990593FEF793FE09B030BD00283B
S21403C708F5D00DF10603F2E700F0A8F8FF2808BFF6
S21403C7180020BDF806308DF80F00ADF81A308DF8F6
S21403C728180006ABE3E7008870470170090A4170F2
S21403C7387047012070470120704738B5E0F786F840
S21403C7480446D4F795FF051E18BF2546D5F762F8A5
S21403C758041E18BF2C46FFF7ECFF002818BF204618
S21403C76838BD38B5FEF70CFA0446F7F708FA042876
S21403C7781ED002284FF0000508BF0124F8F7A7F8D3
S21403C788042817D0022808BF0124F7F737FE042821
S21403C79812D0022808BF0124FFF7CDFF04280DD0C6
S21403C7A8022808BF0124002D18BF0024204638BDE0
S21403C7B80125E3E70125E8E70125EDE70024F5E78A
S21403C7C8FF20704708B5FFF7FBFF002008BD0221CE
S21403C7D80120E1F77DBE08B520B1FFF7E1FB00F0C5
S21403C7E8010008BD0120FAE708B5FFF7CDFBBDE851
S21403C7F80840FFF7F0BF008810B1C9B2FFF71ABCAC
S21403C80870472DE9F041B0F8008006460C46D5B2CD
S21403C818B8F1000F11D029464046FFF70BFC224615
S21403C828074629464046FFF719FC3A462946204656
S21403C838FFF714FC3480BDE8F0810F46F5E703469E
S21403C8481B8808468B4202D00021FFF7F3BB002063
S21403C85870470069003818BF0120704700207047EA
S21403C868F8B506460D46FFF755FD0328044621D0BE
S21403C8782846FFF74FFD032807461BD010F0020390
S21403C88818D1A0070DD5F90716D401233C43E207B0
S21403C89804D431892A89914218BF002303F0010082
S21403C8A8F8BD082229463046E1F7E8FBB0FA80F3DC
S21403C8B85B09EBE70020F3E71846F1E770B50D468A
S21403C8C800210646FFF797FF044630B1FFF77AFBC9
S21403C8D801462846FFF7C4FF08B1204670BD214627
S21403C8E83046FFF7ACFFEFE707B50DF10701FFF793
S21403C8F83DFD20B19DF8070003B05DF804FBFF205B
S21403C908FAE700207047FF207047FF207047FF2094
S21403C91870470020704700200021704700207047AA
S21403C9282DE9F84307460846154688461C469DF8EB
S21403C9382090FFF747FB4619A4B19EB14046FFF780
S21403C9485DFB254485420FDC2246B9F1000F06D16C
S21403C95831463846E1F798F80020BDE8F8833946AB
S21403C9683046F7E72120F8E71D20F6E70000000029
S21403C9780000000000000000F8B500BFF8BC08BCC3
S21403C9889E467047F8B500BFF8BC08BC9E4670477D
S21403C9985FF800F0816100205FF800F0E162002094
S21403C9A85FF800F039620020446576696365207491
S21403C9B8797065206368616E67652064657465636E
S21403C9C87465643A202564202D3E2025640D0A00EC
S21403C9D850726573732064657465637465640D0AC1
S21403C9E8004D756C74692070726573732064657482
S21403C9F865637465643A2025640D0A0052656C65A0
S21403CA086173652064657465637465640D0A004C18
S21403CA186F6E6720707265737320646574656374DC
S21403CA2865640D0A0072656C61795F73746172746C
S21403CA385F6C61746368696E675F70756C73653A7B
S21403CA4820616E6F746865722070756C73652069F3
S21403CA5873206163746976650D0A0072656C617983
S21403CA685F6F6E0D0A0072656C61795F6F66660D9F
S21403CA780A0072656C61795F746F67676C650D0A87
S21403CA880057726974696E6720636F6E66696720FC
S21403CA98746F206E763A2025730D0A0053697A65FB
S21403CAA83A2025640D0A004661696C656420746F34
S21403CAB8207772697465204445564943455F434F5A
S21403CAC84E4649475F4441544120746F204E562CC6
S21403CAD8207374617475733A2025642E202862794E
S21403CAE87465733A202564290D0A007375636365B4
S21403CAF87373210D0A004661696C656420746F20A0
S21403CB0872656164204E565F4954454D5F444556E9
S21403CB184943455F434F4E4649472C207573696E14
S21403CB28672064656661756C7420636F6E666967F3
S21403CB3820696E73746561642C20737461747573ED
S21403CB483A2025642E202862797465733A20256472
S21403CB58290D0A005573696E6720636F6E666967E9
S21403CB683A2025642063686172732066726F6D0DC0
S21403CB780A25730D0A00534F4E4F46463B5A424DFD
S21403CB88352D33432D38302F38363B4C44303B5302
S21403CB984130663B52413841353B4944313B534269
S21403CBA832663B52413741343B4944323B53423366
S21403CBB8663B52413641333B4944333B4D3B004E7B
S21403CBC86574776F726B207374617475732063680A
S21403CBD8616E67656420746F2025640D0A004D61D5
S21403CBE86E75666163747572657220746F6F206202
S21403CBF869670D0A004D6F64656C20746F6F206259
S21403CC0869670D0A00496E697469616C697A696EA9
S21403CC1867205A69676265652077697468202564A2
S21403CC282073776974636865732C2025642072659E
S21403CC386C6179732C20256420636F766572207384
S21403CC48776974636865732C20256420636F76653B
S21403CC5872730D0A00436F6E66696720706172739C
S21403CC686564207375636365737366756C6C790D99
S21403CC780A00726561642076657273696F6E206652
S21403CC886F726D206E6577206C6F636174696F6E63
S21403CC980D0A004661696C656420746F20777269B3
S21403CCA87465206C6173745365656E566572736933
S21403CCB86F6E20746F204E562C2073743A202564AA
S21403CCC80D0A004F6C642076657273696F6E3A209E
S21403CCD825640D0A0043757272656E742076657254
S21403CCE873696F6E3A2025640D0A005245534554FE
S21403CCF820414C4C210D0A0068616C5F6770696FB0
S21403CD085F63616C6C6261636B3A20657874692053
S21403CD186C696E6520256C64207374617475732062
S21403CD28256C750D0A0068616C5F6770696F5F63D1
S21403CD38616C6C6261636B3A206E6F206672656520
S21403CD482045585449206C696E65730D0A002F6890
S21403CD586F6D652F72756E6E65722F776F726B2F98
S21403CD68747579612D7A69676265652D7377697459
S21403CD7863682F747579612D7A69676265652D73A3
S21403CD8877697463682F73696C6162735F746F6F16
S21403CD986C732F73696D706C69636974795F7364F8
S21403CDA86B2F2E2E2F2E2E2F7372632F73696C61A3
S21403CDB862732F68616C2F7A69676265652E6300F4
S21403CDC844726F7070696E67206F6C64204F5441AD
S21403CDD820696D6167652C2063757272656E7420B1
S21403CDE86F66667365743A20256C750A00556E6B14
S21403CDF86E6F776E20636F76657220636F6D6D61F5
S21403CE086E643A2025640D0A00556E6B6E6F776E56
S21403CE1820636D642025640D0A00427574746F6E72
S21403CE282070726573732064657465637465642C17
S21403CE3820627574206E6F20627574746F6E206935
S21403CE487320707265737365640D0A004275747493
S21403CE586F6E206C6F6E67207072657373206465DF
S21403CE687465637465642C20627574206E6F206223
S21403CE787574746F6E206973206C6F6E672070729A
S21403CE8865737365640D0A004E6F20636F7665726B
S21403CE982073776974636820636F6E6669672069B1
S21403CEA86E204E562C207573696E6720646566611E
S21403CEB8756C74730D0A00417474726962757465CF
S21403CEC8206368616E6765642C2065703A20256464
S21403CED82C20636C75737465723A2025642C206164
S21403CEE87474723A2025640D0A00506F6C6C2063C4
S21403CEF86F6E74726F6C3A2073656E64696E672022
S21403CF08636865636B2D696E0D0A005A434C20618E
S21403CF18637469766974792C20656E746572696EB4
S21403CF2867206661737420706F6C6C0D0A00506F0F
S21403CF386C6C20636F6E74726F6C3A2063686563FB
S21403CF486B2D696E20726573706F6E73652C206621
S21403CF586173743D25642C2074696D656F75743D23
S21403CF6825640D0A00506F6C6C20636F6E74726FC5
S21403CF786C3A206661737420706F6C6C2073746FE0
S21403CF88700D0A00506F6C6C20636F6E74726F6C52
S21403CF983A20736574206C6F6E6720706F6C6C2014
S21403CFA8696E74657276616C3D256C750D0A005062
S21403CFB86F6C6C20636F6E74726F6C3A2073657453
S21403CFC82073686F727420706F6C6C20696E74655A
S21403CFD87276616C3D25640D0A00506F6C6C206395
S21403CFE86F6E74726F6C3A20636865636B2D696E37
S21403CFF820696E74657276616C20777269747465DD
S21403D0086E3D256C750D0A00506F6C6C20636F6E51
S21403D01874726F6C3A20696E76616C696420636813
S21403D02865636B2D696E20696E74657276616C2C08
S21403D03820726576657274696E670D0A00506F6CA8
S21403D0486C20636F6E74726F6C3A2066617374201B
S21403D058706F6C6C2074696D656F75742077726970
S21403D0687474656E3D25640D0A00506F6C6C2063FE
S21403D0786F6E74726F6C3A206661737420706F6C8F
S21403D0886C2074696D656F75742C20737769746387
S21403D09868696E6720746F206C6F6E6720706F6C9C
S21403D0A86C0D0A00556E6B6E6F776E204C65766551
S21403D0B86C4374726C20636F6D6D616E643A2025E1
S21403D0C8640D0A00556E6B6E6F776E204F6E4F6653
S21403D0D86620636F6D6D616E643A2025640D0A00E1
S21403D0E8496E646578206174207772697465206177
S21403D0F87474723A2025640D0A004E6F207377699C
S21403D10874636820636F6E66696720696E204E567F
S21403D1182C207573696E672064656661756C747315
S21403D1280D0A00496E76616C69642072656C6179D4
S21403D1385F696E64657820256420696E204E562CD8
S21403D14820726573657474696E6720746F206465EE
S21403D1586661756C740D0A003E2000556E6B6E6F23
S21403D168776E206572726F7200496E7075742062EE
S21403D17875666665722069732046554C4C004D618A
S21403D18878696D756D206E756D626572206F6620A1
S21403D198617267756D656E7473206578636565641B
S21403D1A865640054686520617267756D656E7420E2
S21403D1B86973206E6F7420666F726D61747465642C
S21403D1C820636F72726563746C7900496E636F725D
S21403D1D87265637420617267756D656E7420747901
S21403D1E8706500496E636F7272656374206E756D41
S21403D1F8626572206F6620617267756D656E7473FB
S21403D208004E6F20636F6D6D616E6420666F756E7A
S21403D218640075696E7438006164646974696F6E56
S21403D228616C002A00756E6B6E6F776E0077696C9B
S21403D2386463617264006865786F707400737472EF
S21403D248696E676F70740075696E7433326F7074C5
S21403D2580075696E7431366F70740075696E74384C
S21403D2686F70740068657800737472696E6700750A
S21403D278696E7431360075696E743332002E2E2E3D
S21403D288200068656C70000A25730A2573257300E9
S21403D29825732008002F686F6D652F72756E6E658F
S21403D2A8722F776F726B2F747579612D7A6967623F
S21403D2B865652D7377697463682F747579612D7A3C
S21403D2C869676265652D7377697463682F73696C1C
S21403D2D86162735F746F6F6C732F73696D706C69BB
S21403D2E8636974795F73646B2F706C6174666F72AD
S21403D2F86D2F736572766963652F6C6567616379ED
S21403D3085F68616C2F7372632F626173652D726534
S21403D318706C6163656D656E742E63002F686F6D40
S21403D328652F72756E6E65722F776F726B2F7475B5
S21403D33879612D7A69676265652D737769746368A1
S21403D3482F747579612D7A69676265652D737769B8
S21403D3587463682F73696C6162735F746F6F6C7341
S21403D3682F73696D706C69636974795F73646B2F67
S21403D378706C6174666F726D2F7365727669636518
S21403D3882F746F6B656E5F6D616E616765722F6C68
S21403D39865676163792F7372632F736C5F746F6B42
S21403D3A8656E5F6D616E616765722E63002F686FC9
S21403D3B86D652F72756E6E65722F776F726B2F742D
S21403D3C87579612D7A69676265652D737769746304
S21403D3D8682F747579612D7A69676265652D737729
S21403D3E8697463682F73696C6162735F746F6F6CBB
S21403D3F8732F73696D706C69636974795F73646B93
S21403D4082F706C6174666F726D2F736572766963BD
S21403D418652F746F6B656E5F6D616E616765722FDE
S21403D4286C65676163792F7372632F736C5F746FB0
S21403D4386B656E5F6D616E75666163747572696E32
S21403D448672E630043757272656E7420436F6E664B
S21403D45869673A2025307800536574204343412092
S21403D4686D6F646520746F2025643A202530780034
S21403D478656E61626C65640064697361626C656499
S21403D488006F757428636C69656E742900696E206D
S21403D4982873657276657229004D46472053747261
S21403D4A8696E673A202573004170704275696C642B
S21403D4B86572204D464720436F64653A20307825C9
S21403D4C8303458006E6F6465205B00416464697489
S21403D4D8696F6E616C20696E7465726661636573E5
S21403D4E800202025643A200070616765205B256468
S21403D4F85D206368616E205B25645D20707772200B
S21403D5085B25645D006E6F742061637469766500DD
S21403D5186572726F72203078253038580070616EE5
S21403D5284944205B3078253034585D206E6F646537
S21403D5384944205B3078253034585D200078706184
S21403D5486E205B307800706172656E744944205BA8
S21403D5583078253034585D20706172656E74527366
S21403D5687369205B25645D006E6F64655479706526
S21403D578205B005365637572697479206C657665FC
S21403D5886C205B253032585D006E6574776F726B5E
S21403D598207374617465205B253032585D20004221
S21403D5A875666665722062797465733A2025642009
S21403D5B82F20256400457020636E743A2025640086
S21403D5C86570202564205B656E64706F696E7420D1
S21403D5D825732C206465766963652025735D2000B2
S21403D5E86E776B205B25645D2070726F66696C6569
S21403D5F8205B3078253034585D206465764964208E
S21403D6085B3078253034585D20766572205B307839
S21403D618253032585D0020202020257320636C7542
S21403D628737465723A2030782530345820004E7764
S21403D6386B20636E743A202564006E776B2025642E
S21403D648205B25735D005072696D617279202870BE
S21403D658726F290020206E6F646554797065205BAD
S21403D6683078253032585D002020736563757269FB
S21403D678747950726F66696C65205B307825303232
S21403D688585D0045502025643A20257320004572CE
S21403D698726F723A2020556E6B6E6F776E20656ECA
S21403D6A864706F696E742E00456E61626C652065E2
S21403D6B876656E7420646562756720696E666F208A
S21403D6C8696E20436F726520434C4920636F6D7003
S21403D6D86F6E656E74006F6E6C7920636F6F72641D
S21403D6E8696E61746F72732063616E20666F726D04
S21403D6F80A006A6F696E203078253038580A006C3D
S21403D70865617665002573203078253032580A001F
S21403D71872656A6F696E0072656A6F696E446966D8
S21403D7286644657669636554797065006578742E12
S21403D7382050414E2049443A20004E574B206F70E4
S21403D748656E3A20257520736563004E574B206334
S21403D7586C6F7365640066696E64206A6F696E61D0
S21403D768626C653A203078253032580066696E64F4
S21403D77820756E757365643A203078253032580004
S21403D7884368616E67696E6720746F206368616EAD
S21403D7986E656C2025643A20307825303258006947
S21403D7A86E76616C6964206E6574776F726B206938
S21403D7B86E6465780053686F72742049443A203063
S21403D7C878253034582C2045554936343A20002CD1
S21403D7D82050616E2049443A20307825303458006A
S21403D7E853746172746564206D756C74692D706802
S21403D7F87920696E74657266616365004661696C53
S21403D808656420746F2025732025732030782530AF
S21403D8183258005465726D696E61746564202573A9
S21403D82820307825303258004B65657020616C6966
S21403D838766520737570706F727420656E61626C9E
S21403D84865642E006661696C656420746F20736571
S21403D85874206B65657020616C697665206D6F64EE
S21403D868652E007375636365737366756C6C7920D0
S21403D87873657420746865206368696C64207469CA
S21403D8886D656F7574206F7074696F6E206D617344
S21403D8986B2E006661696C656420746F207365740B
S21403D8A820746865206368696C642074696D656FA5
S21403D8B87574206F7074696F6E206D61736B2E00BC
S21403D8C8646973636F766572004D617463682025B7
S21403D8D873792066726F6D203078253034582C2083
S21403D8E86570202564004E574B2041646472657347
S21403D8F87320726573706F6E73653A2030782530BF
S21403D908345800494545452041646472657373205D
S21403D918726573706F6E73653A2000536572766925
S21403D92863652025737920646F6E652E0023202097
S21403D938747970652020206E776B20206C6F6320C7
S21403D948202072656D202020636C75732020206E5E
S21403D9586F646520202065756900202025642020D3
S21403D9682020307825303458202030782530345815
S21403D9782020307825303458203078253034582005
S21403D98800736C5F7A69676265655F6765745F6273
S21403D998696E64696E67204572726F723A203078D2
S21403D9A8253038580A002564206F662025642062CF
S21403D9B8696E64696E6773207573656400656E6166
S21403D9C8626C6564207072696E7400646973616260
S21403D9D86C6564207072696E7400616464206C6997
S21403D9E86E6B206B6579004552523A2043616C632F
S21403D9F8756C617465642043524320646F657320B5
S21403DA086E6F74206D61746368004552523A2049FC
S21403DA186E7374616C6C20436F6465206D757374E4
S21403DA2820626520382C2031302C2031342C206F8E
S21403DA387220313820627974657320696E206C65AC
S21403DA486E677468004552523A204145532D4D4D32
S21403DA584F2068617368206661696C65643A203094
S21403DA68782530325800536574206A6F696E696E7C
S21403DA7867206C696E6B206B65790073657420622A
S21403DA88696E642025643A2030782530327800455C
S21403DA984D50545900554E494341004D324F4E455B
S21403DAA8004D554C5449003F2020202000496E6401
S21403DAB8657820494545452041646472657373203B
S21403DAC820202020202020204E574B496E6465785E
S21403DAD82020496E204643202020202054544C28DA
S21403DAE8732920466C6167202020204B6579202007
S21403DAF820200025642020202020002020256420C4
S21403DB0820202020202000202025303858202000E0
S21403DB1820307825303458202000496E64657820F4
S21403DB284945454520416464726573732020202067
S21403DB382020202020496E204643202020202054E1
S21403DB4879706520204175746820204B6579002D0F
S21403DB582020202020002563202020202025632045
S21403DB682020202000696573005741524E494E47CE
S21403DB783A202052454144494E47204F46204B45BC
S21403DB88592056414C5545532044495341424C4528
S21403DB9844204259204D464720544F4B454E004E8D
S21403DBA8574B204B6579002573206F7574204643C1
S21403DBB83A202530385800257320736571206E7512
S21403DBC86D3A20307825303258002573206F7574E7
S21403DBD82046433A202530387800544320257320BE
S21403DBE8002573205461626C650025642F25642024
S21403DBF8656E747269657320757365642E00547256
S21403DC08616E7369656E74204B65790025642065BB
S21403DC186E7472257320636F6E73756D696E6720F5
S21403DC282564207061636B65742062756666657229
S21403DC3825732E0057494C4C0057494C4C204E4FE1
S21403DC48540054727573742043656E746572202588
S21403DC587320616C6C6F77207472757374206365B8
S21403DC686E7465722072656A6F696E732075736960
S21403DC786E672077656C6C2D6B6E6F776E206B65A1
S21403DC88792E005365742074696D656F7574206604
S21403DC986F722054727573742043656E74657220B0
S21403DCA872656A6F696E73207573696E6720776528
S21403DCB86C6C2D6B6E6F776E206C696E6B206B6564
S21403DCC87920746F202564207365636F6E64732EE2
S21403DCD8004552524F523A20002573737461636BA2
S21403DCE8206D75737420626520646F776E2E0052FC
S21403DCF8656164696E6720416C6C6F77656400487C
S21403DD08617368696E67206F6E6C7900736C5F7AEF
S21403DD1869676265655F6B65795F73657474696E59
S21403DD2867735F743A2030782530345800202050C3
S21403DD3865726D697373696F6E733A202573004550
S21403DD4872726F723A204661696C656420746F203C
S21403DD5867657420636F6E6669672C2073746174D5
S21403DD6875733A20307825303858004661696C65F3
S21403DD78643A20307825303858004D73673A206364
S21403DD886C7573203078253034582C20636D6420E6
S21403DD983078253032582C206C656E202564006256
S21403DDA875666665723A2000454D4245525F002502
S21403DDB87353454355524954595F4C4556454C3A57
S21403DDC820253032580025736572617365206B65AC
S21403DDD8792025643A2030782530385800636D64F6
S21403DDE8206E6F74206275696C74007372632065A5
S21403DDF87020253032782C20636C757320253034D8
S21403DE08780073656E64696E6720746F206D756C31
S21403DE187469636173742062696E640025733A20BB
S21403DE2865703A2025642C20636C3A2030782530B8
S21403DE3834582C20617474723A203078253034585C
S21403DE48002C207376723A2025630025733A2072D5
S21403DE586561643A20307825303278002C20737652
S21403DE68723A2025632C2064747970653A203078DA
S21403DE782530325800417267756D656E742061747B
S21403DE8820696E6465783A202564206973206F7567
S21403DE9874206F662072616E676500436F6D6D61EF
S21403DEA86E6420616C7265616479206275696C744E
S21403DEB82E202043616E6E6F7420736574204D4662
S21403DEC84720737065636966696320636F646520BA
S21403DED8666F7220636F6D6D616E642E004D4647E4
S21403DEE820436F64652053657420666F72206E65E1
S21403DEF8787420636F6D6D616E643A2030782530D0
S21403DF08345800557365204E6578742053657175CB
S21403DF18656E63652053657420666F72206E657838
S21403DF287420636F6D6D616E643A203078253032E5
S21403DF38580044697361626C652044656661756C54
S21403DF487420526573706F6E73652053657420660C
S21403DF586F72206E65787420636F6D6D616E643AB8
S21403DF6820307825303258004552523A207265617F
S21403DF7864696E67206174747269627574652025B6
S21403DF88303278004552523A206174747269627569
S21403DF9874652073697A6520256420746F6F206C16
S21403DFA86172676520666F722062756666657200C1
S21403DFB84572726F723A2061747472696275746519
S21403DFC820494420307825303458207265706F72A3
S21403DFD87461626C65206368616E67652069732087
S21403DFE873697A65202564422C206275742025643B
S21403DFF84220656E74657265640A006E6F20636DF1
S21403E00864004572726F723A20434C492053656E1A
S21403E01864206661696C65642C2073746174757317
S21403E0283A20307825303858004572726F723A2095
S21403E03820455549363420617267756D656E7420C0
S21403E048697320656D70747920616E64206C6F6FD8
S21403E0586B7570206279206E6F646520494420666C
S21403E06861696C65642E0047726F757000556E693A
S21403E0786361737400556E62696E64202573202588
S21403E0887330782530325800526571756573743A63
S21403E09820005A444F2073696D706C65206465735D
S21403E0A863207265712025303278005A444F206EFB
S21403E0B86F6465206465736320726571202530324A
S21403E0C878005A444F206D617463682064657363EF
S21403E0D8207265712025303258005573696E6720A3
S21403E0E86D79206C6F63616C20455549363420661C
S21403E0F86F72206465737420455549363420696EFB
S21403E1082062696E64696E67005A444F2062696EBE
S21403E1186420726571202530327800636C757374D9
S21403E1286572206C696D69742072656163686564DD
S21403E13800696E76616C696420706167653A2025AC
S21403E14864206F72206368616E6E656C3A2025647E
S21403E158004368616E6765206368616E6E656C2050
S21403E1687374617475733A20307825303278006496
S21403E17875726174696F6E206D757374206265209D
S21403E188696E2072616E67652030202D2035006326
S21403E1986F756E74206D75737420626520696E20C2
S21403E1A872616E67652031202D2038007363616EB7
S21403E1B82073746174757320307825303258006E76
S21403E1C86574776F726B2075706461746520736508
S21403E1D87420737461747573203078253032580050
S21403E1E84163746976652045502072657175657359
S21403E1F874207374617475733A20307825303258F6
S21403E208004C5149205461626C65207265717565CE
S21403E21873743A203078253032580042696E646940
S21403E2286E67205461626C652072657175657374D8
S21403E2383A20307825303258004C656176652025BB
S21403E2487330782530325800506F776572204465EE
S21403E2587363726970746F72202573307825303251
S21403E26858005573696E67206D79206C6F63616C0F
S21403E27820455549363420666F72206465737420CA
S21403E288455549363420696E20756E62696E646931
S21403E2986E6700526F757465205461626C6520253D
S21403E2A873307825303258002F686F6D652F727576
S21403E2B86E6E65722F776F726B2F747579612D7A10
S21403E2C869676265652D7377697463682F747579F2
S21403E2D8612D7A69676265652D7377697463682F3C
S21403E2E873696C6162735F746F6F6C732F73696D98
S21403E2F8706C69636974795F73646B2F70726F747B
S21403E3086F636F6C2F7A69676265652F6170702F0C
S21403E3186672616D65776F726B2F636F6D6D6F6E67
S21403E3282F736C5F7A69676265655F737973746563
S21403E3386D5F636F6D6D6F6E2E6300457874656EE3
S21403E34864656420526573657420696E666F3A2047
S21403E3583078253034582028257329002F686F6DA8
S21403E368652F72756E6E65722F776F726B2F747565
S21403E37879612D7A69676265652D73776974636851
S21403E3882F747579612D7A69676265652D73776968
S21403E3987463682F73696C6162735F746F6F6C73F1
S21403E3A82F73696D706C69636974795F73646B2F17
S21403E3B870726F746F636F6C2F7A69676265652F07
S21403E3C86170702F6672616D65776F726B2F636FFE
S21403E3D86D6D6F6E2F7A69676265655F6170705FD2
S21403E3E86672616D65776F726B5F736C6565702EA9
S21403E3F8630053746179206177616B65207768657C
S21403E4086E206E6F74206A6F696E65643A20257392
S21403E41800466F726365642073746179206177615F
S21403E4286B653A20202020202020202020257300FA
S21403E438466F7263696E67206465766963652074E0
S21403E4486F2073746179206177616B6500416C6C2A
S21403E4586F77696E672064657669636520746F20D5
S21403E468676F20746F20736C656570002F686F6D17
S21403E478652F72756E6E65722F776F726B2F747554
S21403E48879612D7A69676265652D73776974636840
S21403E4982F747579612D7A69676265652D73776957
S21403E4A87463682F73696C6162735F746F6F6C73E0
S21403E4B82F73696D706C69636974795F73646B2F06
S21403E4C870726F746F636F6C2F7A69676265652FF6
S21403E4D86170702F6672616D65776F726B2F636FED
S21403E4E86D6D6F6E2F7A69676265655F73746163B6
S21403E4F86B5F736C6565702E630052583A205265DD
S21403E508736574546F466163746F727944656661A4
S21403E518756C747343616C6C6261636B00657A73C4
S21403E5287020636F756E74657273206661696C65B7
S21403E5386420257500657A737020526573657420A8
S21403E5485468726573686F6C64206572726F7220A4
S21403E558257500657A737020536574205468726550
S21403E56873686F6C64206572726F72202575002558
S21403E57875292025733A2025750053657474696ECA
S21403E58867205468726573686F6C6420636F6D6D7B
S21403E598616E64003F3F3F004D616320527820421E
S21403E5A863617374004D616320547820426361731A
S21403E5B874004D6163205278205563617374004D6F
S21403E5C86163205478205563617374004D6163203A
S21403E5D85478205563617374205265747279004DBC
S21403E5E86163205478205563617374204661696CAF
S21403E5F8004150532052782042636173740041509F
S21403E6085320547820426361737400415053205258
S21403E618782055636173740041505320547820550D
S21403E6286361737420537563636573730041505352
S21403E6382054782055636173742052657472790088
S21403E648415053205478205563617374204661699A
S21403E6586C00526F757465204469736320496E694C
S21403E668746961746564004E65696768626F7220D1
S21403E6784164646564004E65696768626F72205218
S21403E688656D6F766564004E65696768626F7220AC
S21403E6985374616C65004A6F696E20496E646963DA
S21403E6A86174696F6E004368696C64204D6F7665A4
S21403E6B86400415348204F766572666C6F77004155
S21403E6C85348204672616D65204572726F72004129
S21403E6D85348204F76657272756E204572726F7254
S21403E6E8004E574B204643204661696C7572650099
S21403E6F8415053204643204661696C757265004154
S21403E708534820584F66660041505320556E61752E
S21403E71874686F72697A6564204B6579004E574B47
S21403E7282044656372797074204661696C757265F6
S21403E73873004150532044656372797074204661B0
S21403E748696C75726573005061636B6574204275F6
S21403E7586666657220416C6C6F63617465204661FA
S21403E768696C757265730052656C617965642055CA
S21403E778636173740050687920746F204D41432099
S21403E7887175657565206C696D697420726561635A
S21403E798686564005061636B65742056616C6964D0
S21403E7A86174652064726F7020636F756E74004EB3
S21403E7B8574B207265747279206F766572666C6F34
S21403E7C87700434341204661696C7572657300425E
S21403E7D8726F616463617374207461626C6520662A
S21403E7E8756C6C00505441204C6F2050726920524F
S21403E7F8657100505441204869205072692052655B
S21403E8087100505441204C6F205072692044656E45
S21403E8186965640050544120486920507269204451
S21403E828656E69656400505441204C6F20507269C8
S21403E838205478204162727400505441204869205D
S21403E848507269205478204162727400416464727D
S21403E85865737320436F6E666C6963742053656EC5
S21403E868740043534C205278207363686564756C50
S21403E87865206661696C6564000D004465627567AA
S21403E888207072696E742067726F75702025730A1C
S21403E8980057726F6E6720706172616D657465727A
S21403E8A80A005363686564756C65206D6F7665202A
S21403E8B86E776B0025732025643A202564004D6126
S21403E8C878206D6F7665206C696D69742072656152
S21403E8D863686564206E776B2025643A2025640098
S21403E8E8456E642044657669636520506F6C6C20BA
S21403E8F8496E666F726D6174696F6E00454D424569
S21403E908525F454E445F4445564943455F54494D17
S21403E918454F55543A2020202020202025640050B7
S21403E9286F6C6C20636F6D706C65746564206361CF
S21403E9386C6C6261636B3A20257300202043757202
S21403E94872656E7420506F6C6C20496E74657276AF
S21403E958616C20287173293A202020256C640020D6
S21403E968204C6F6E6720506F6C6C20496E7465720E
S21403E97876616C20287173293A20202020202025D0
S21403E9886C6400202053686F727420506F6C6C2080
S21403E998496E74657276616C20287173293A202053
S21403E9A8202020256C6400202057616B652054695D
S21403E9B86D656F757420287173293A2020202020EE
S21403E9C820202020202020256C6400202057616BFF
S21403E9D8652054696D656F7574204269746D61733B
S21403E9E86B3A20202020202020202030782530381D
S21403E9F85800202043757272656E7420417070202B
S21403EA085461736B733A2020202020202020202076
S21403EA1820203078253038580020204375727265D8
S21403EA286E7420506F6C6C20436F6E74726F6C201C
S21403EA382020202020202020202573002020446525
S21403EA486661756C7420506F6C6C20436F6E7472BD
S21403EA586F6C2020202020202020202025730046AD
S21403EA686F7263696E672064657669636520746F81
S21403EA782073686F727420706F6C6C00416C6C6FD7
S21403EA8877696E672064657669636520746F206CA2
S21403EA986F6E6720706F6C6C00534C5F5A49474221
S21403EAA845455F41465F4C4F4E475F504F4C4C00C1
S21403EAB8534C5F5A49474245455F41465F53484F63
S21403EAC852545F504F4C4C00706F6C6C206E776BD3
S21403EAD82025643A203078253032580046696E641B
S21403EAE820616E642042696E6420496E69746961A8
S21403EAF8746F723A20436F6D706C6574653A203094
S21403EB0878253032580053746172742074617267C2
S21403EB1865740046696E6420616E642042696E649B
S21403EB28205461726765740025733A2025733A206A
S21403EB3830782530325800467261676D656E7461A9
S21403EB4874696F6E2052582077696E646F772073E6
S21403EB58697A652073657420746F202564002F68AE
S21403EB686F6D652F72756E6E65722F776F726B2F6A
S21403EB78747579612D7A69676265652D737769742B
S21403EB8863682F747579612D7A69676265652D7375
S21403EB9877697463682F73696C6162735F746F6FE8
S21403EBA86C732F73696D706C69636974795F7364CA
S21403EBB86B2F70726F746F636F6C2F7A69676265F9
S21403EBC8652F6170702F6672616D65776F726B2F34
S21403EBD8706C7567696E2F667261676D656E7461B2
S21403EBE874696F6E2F667261676D656E746174699A
S21403EBF86F6E2E630052583A2041646447726F75ED
S21403EC0870526573706F6E7365203078253032588E
S21403EC182C203078253034580052583A20566965E7
S21403EC287747726F7570526573706F6E73652030B1
S21403EC3878253032582C203078253034582C20222A
S21403EC480052583A2047657447726F75704D656D64
S21403EC5862657273686970526573706F6E73652048
S21403EC683078253032582C203078253032582C000E
S21403EC78205B3078253034585D0052583A20526568
S21403EC886D6F766547726F7570526573706F6E73C6
S21403EC9865203078253032582C2030782530345883
S21403ECA80065705B253032585D2069645B25303417
S21403ECB8585D00436C656172696E6720616C6C20F1
S21403ECC867726F7570732E004552523A2046616913
S21403ECD86C656420746F206372656174652062696D
S21403ECE86E64696E672028307825303258290045C7
S21403ECF852523A2042696E64696E67207461626C88
S21403ED08652069732066756C6C004552523A207705
S21403ED18726974696E67206E616D652073757070AD
S21403ED286F727420253032580052583A2041646472
S21403ED3847726F7570203078253034582C2022009F
S21403ED4875760052583A205669657747726F75701C
S21403ED5820307825303458007576730076696577E1
S21403ED685F67726F75700047726F7570733A2066C7
S21403ED7861696C656420746F2073656E64202573FF
S21403ED8820726573706F6E73653A2030782530325B
S21403ED9858006765745F67726F75705F6D656D623F
S21403EDA865727368697020726573706F6E73650039
S21403EDB864656661756C745F726573706F6E736590
S21403EDC80052583A2047657447726F75704D656DE3
S21403EDD862657273686970203078253032582C0063
S21403EDE87575620047726F7570733A206661696C51
S21403EDF8656420746F2073656E642025733A20302B
S21403EE0878253032580052583A2052656D6F766529
S21403EE1847726F7570203078253034580045525243
S21403EE283A204661696C656420746F2064656C6576
S21403EE3874652062696E64696E67202830782530A9
S21403EE483258290072656D6F76655F67726F7570E5
S21403EE580052583A2052656D6F7665416C6C47725E
S21403EE686F7570730052583A2041646447726F7521
S21403EE787049664964656E74696679696E67203099
S21403EE8878253034582C2022006164640043686176
S21403EE986E6E656C206E6F742076616C69643A20BA
S21403EEA82564005072696D617279002573206D615F
S21403EEB8736B206E6F77203078253038580053658B
S21403EEC8636F6E64617279004D61736B206E6F7445
S21403EED82076616C69643A202564007072696D61F6
S21403EEE87279007365636F6E646172790025733A8D
S21403EEF820536574202573206D61736B20746F200F
S21403EF083078253038580053746174757300257348
S21403EF183A2025733A004368616E6E656C206D610E
S21403EF28736B3A002020202028312920307825309A
S21403EF383858205B002020202028322920307825C6
S21403EF48303858205B0053746174653A203078254E
S21403EF5830325820282573290043757272656E74FB
S21403EF68206368616E6E656C3A20256400546F747E
S21403EF78616C20626561636F6E733A202564004A8C
S21403EF886F696E20617474656D7074733A202564B6
S21403EF98004E6574776F726B2073746174653A20DC
S21403EFA83078253032580053746F70002573205319
S21403EFB8746F702E2020436C65616E696E672075CA
S21403EFC8702E0042726F616463617374696E6720A2
S21403EFD87065726D6974206A6F696E005472757312
S21403EFE8742063656E746572206C696E6B206B653E
S21403EFF87920757064617465207374617475730021
S21403F00825733A205741524E494E473A20736C5F50
S21403F0187A69676265655F7365745F696E69746943
S21403F028616C5F73656375726974795F7374617411
S21403F03865206661696C65642E20436F6E74696E1D
S21403F04875696E6720776974686F757420696E735F
S21403F05874616C6C20636F64652E004572726F7200
S21403F0683A20696E7374616C6C20636F64652073F1
S21403F07865747570206661696C65642E2049732013
S21403F088616E20696E7374616C6C20636F646520AF
S21403F098666C6173686564206F6E746F2074686548
S21403F0A8206465766963653F00D0D1D2D3D4D5D6BC
S21403F0B8D7D8D9DADBDCDDDEDF00FFFFFFFFFFFF93
S21403F0C8FFFF005A6967426565416C6C69616E6348
S21403F0D86530390025733A2069737375696E67203E
S21403F0E87363616E206F6E202573206368616E6E8E
S21403F0F8656C7320286D61736B203078253038581B
S21403F1082900257320697320616C72656164792010
S21403F118696E2070726F67726573730053746172D9
S21403F12874004578616D696E696E67206265616310
S21403F1386F6E206F6E206368616E6E656C20256443
S21403F14820776974682070616E49642030782530AA
S21403F1583458005468697320626561636F6E20696A
S21403F16873206E6F742070617274206F66207468E3
S21403F178652063757272656E74206368616E6E656A
S21403F1886C206D61736B2028307825303858292E0B
S21403F1982047657474696E67206E657874206265A7
S21403F1A861636F6E2077686F7365206368616E6E40
S21403F1B8656C206269746D61736B2069732073656F
S21403F1C8742E004572726F723A20257320636F752A
S21403F1D86C64206E6F7420617474656D7074206A35
S21403F1E86F696E3A20307825303258004E6F2062A9
S21403F1F86561636F6E73206C656674206F6E20633B
S21403F208757272656E74206D61736B2E204D6F7602
S21403F218696E6720746F206E6578742073746174E2
S21403F22865002573206A6F696E696E6720307825D6
S21403F238303458206F6E206368616E6E656C2025C7
S21403F248640025732053746174653A20257300455A
S21403F25872726F723A20257320636F756C64206E22
S21403F2686F7420736574757020736563757269743B
S21403F278793A20307825303258004572726F723AE0
S21403F288205363616E20636F6D706C6574652068C8
S21403F298616E646C65722072657475726E6564203F
S21403F2A8307825303258002573207363616E2063E7
S21403F2B86F6D706C6574652E20426561636F6E733F
S21403F2C82068656172643A20256400257320737488
S21403F2D861636B20737461747573203078253032DC
S21403F2E858002573206E6574776F726B206A6F6992
S21403F2F86E65642E00257320747279696E67206EB6
S21403F308657874206E6574776F726B2E004E6F6E19
S21403F31865005363616E205072696D61727920438C
S21403F32868616E6E656C7320616E64207573652004
S21403F338436F6E66696775726564204B657900531B
S21403F34863616E205072696D617279204368616EDD
S21403F3586E656C7320616E642075736520496E73E1
S21403F36874616C6C20436F6465005363616E205050
S21403F37872696D617279204368616E6E656C73207D
S21403F388616E64205573652043656E7472616C699B
S21403F3987A6564204B6579005363616E2050726901
S21403F3A86D617279204368616E6E656C7320616E59
S21403F3B8642055736520446973747269627574654D
S21403F3C864204B6579005363616E205365636F6EE3
S21403F3D864617279204368616E6E656C7320616E32
S21403F3E8642075736520436F6E6669677572656416
S21403F3F8204B6579005363616E205365636F6E64B3
S21403F408617279204368616E6E656C7320616E6401
S21403F4182075736520496E7374616C6C20436F6442
S21403F42865005363616E205365636F6E646172791A
S21403F438204368616E6E656C7320616E6420557335
S21403F448652043656E7472616C697A6564204B65E2
S21403F45879005363616E205365636F6E64617279D6
S21403F468204368616E6E656C7320616E6420557305
S21403F47865204469737472696275746564204B65A4
S21403F48879005363616E205072696D617279204307
S21403F49868616E6E656C7320616E642055736520B3
S21403F4A8416C6C204B6579732028696E7374616CA4
S21403F4B86C20636F64652C2063656E7472616C6977
S21403F4C87A65642C206469737472696275746564FA
S21403F4D829005363616E205365636F6E64617279A6
S21403F4E8204368616E6E656C7320616E6420557385
S21403F4F86520416C6C204B6579732028696E73749C
S21403F508616C6C20636F64652C2063656E7472612E
S21403F5186C697A65642C206469737472696275749D
S21403F528656429004F6E2F4F6666207365742076D0
S21403F538616C75653A2025303258202530325800DC
S21403F5484552523A2072656164696E67206F6E2F62
S21403F5586F66662025303258004F6E2F6F6666201A
S21403F568616C72656164792073657420746F206EAC
S21403F57865772076616C756500546F67676C6520E0
S21403F5886F6E2F6F66662066726F6D202530325851
S21403F59820746F2025303258004552523A2077722D
S21403F5A86974696E67206F6E2F6F66662025303222
S21403F5B85800496E7374616C6C6564205479706581
S21403F5C8202842617365293A20203078253032583E
S21403F5D8004361706162696C69746965733A2020D7
S21403F5E82020202020202020203078253034580062
S21403F5F8426F6F746C6F61646572205665727369C7
S21403F6086F6E3A2020202020307825303458005357
S21403F618656375726520426F6F746C6F616465729B
S21403F628204B65793A20202020202000426F6F74F3
S21403F6386C6F6164696E67206661696C6564210036
S21403F648446F776E6C6F6164206661696C65642EBF
S21403F6580044656C6574696E67206661696C6564E9
S21403F66820646F776E6C6F61642C20737461747595
S21403F678733A2030782530325800496D6167652023
S21403F688646F6573206E6F7420636F6E7461696E42
S21403F69820616E205570677261646520496D6167E5
S21403F6A865205461672028307825303458292E2061
S21403F6B8536B697070696E672075706772616465ED
S21403F6C82E00457865637574696E6720626F6F747C
S21403F6D86C6F61642063616C6C6261636B2E0053AC
S21403F6E874617274696E672045424C207665726948
S21403F6F86669636174696F6E0045424C206661698A
S21403F7086C656420766572696669636174696F6E91
S21403F7182E0045424C2070617373656420766572CB
S21403F728696669636174696F6E2E002573696E670F
S21403F738204F544120636C69656E7420737461743A
S21403F74865206D616368696E650073746F70700019
S21403F7584572726F723A204E6F20696D6167652035
S21403F768617420696E646578202564004E6F742082
S21403F778737570706F727465642E00436C69656E7A
S21403F7887420696D61676520717565727920696E85
S21403F798666F004D616E75662049443A2020202026
S21403F7A8202020202030782530345800496D6167A2
S21403F7B86520547970652049443A20202020307803
S21403F7C8253034580043757272656E742056657218
S21403F7D873696F6E3A2020307825303858004861B0
S21403F7E87264776172652056657273696F6E3A2024
S21403F7F8004E410051756572792044656C61792025
S21403F8086D733A2020202020202020202020202529
S21403F8186C640053657276657220446973636F7609
S21403F8286572792044656C6179206D733A20256C7E
S21403F8386400446F776E6C6F61642044656C61790D
S21403F848206D733A202020202020202020256C6459
S21403F8580052756E20557067726164652044656C46
S21403F8686179206D733A202020202020256C6400BF
S21403F8785665726966792044656C6179206D733ABA
S21403F8882020202020202020202020256C640044CF
S21403F8986F776E6C6F6164204572726F722054685E
S21403F8A8726573686F6C643A202025640055706728
S21403F8B87261646520576169742054687265736859
S21403F8C86F6C643A202020202564004F544120445E
S21403F8D86F776E6772616465733A20446973616211
S21403F8E86C6564004F544120446F776E6772616499
S21403F8F865733A20456E61626C656400426F6F7487
S21403F9086C6F61642073746174653A2025730049CB
S21403F9186E76616C69642045502025642077686597
S21403F9286E20747279696E6720746F2073656E64CF
S21403F938204F5441206D6573736167652E005365C8
S21403F9486E64696E67205570677261646520456EDC
S21403F9586420726571756573742E0025733A206981
S21403F9686E76616C696420636D644964203078251B
S21403F978303258004572726F723A20204661696CBD
S21403F988656420746F2073656E64204F544120634A
S21403F9986F6D6D616E64203078253032582C207375
S21403F9A874617475733A203078253032580053657D
S21403F9B87276657220756E6B6E6F776E2C20666135
S21403F9C86C6C696E67206261636B20746F20646970
S21403F9D873636F766572792E004D6178696D756D00
S21403F9E8207175657279206572726F727320686903
S21403F9F87420282564292C207374617274696E67D1
S21403FA082073656172636820666F72206E6577205F
S21403FA184F5441207365727665722E0A00417070E2
S21403FA286C79696E67207570677261646500257303
S21403FA383A20696E76616C6964206F6666736574CE
S21403FA482063757272656E7454696D6528307825FF
S21403FA5830385829203E207570677261646554698A
S21403FA686D652830782530385829004F544120438F
S21403FA786C75737465723A207761697420666F7261
S21403FA88202564207300525865642074696D654F99
S21403FA9875742030782530385820732C204D4158FB
S21403FAA82074696D654F7574203078253038582072
S21403FAB873004D6178696D756D2075706772616442
S21403FAC865207265717565737473206D616465204E
S21403FAD82825642920776974686F7574207265739E
S21403FAE8706F6E73652066726F6D207365727665C8
S21403FAF8722E00557067726164696E6720616E794D
S21403FB08776179004F54412053657276696365209F
S21403FB18646973636F766572792070726576656E4D
S21403FB28746564202D20616E6F746865722069732E
S21403FB3820616C726561647920696E2070726F67E4
S21403FB4872657373004661696C656420746F206917
S21403FB586E69746961746520736572766963652076
S21403FB68646973636F766572792E004F5441205328
S21403FB7865727669636520446973636F766572791F
S21403FB8820696E2070726F677265737300436C69C1
S21403FB98656E7420766572696669636174696F6EEB
S21403FBA8206661696C65642E005369676E617475B7
S21403FBB8726500437573746F6D0070617373656463
S21403FBC8004641494C4544004E6F207369676E6191
S21403FBD87475726520766572696669636174696FA0
S21403FBE86E20737570706F72742C20617373756DE5
S21403FBF8696E6720696D616765206973206F6B613D
S21403FC08792E00257320766572696669636174695F
S21403FC186F6E2025733A20307825303258004D61B0
S21403FC2878696D756D206E756D626572206F6620D6
S21403FC38646F776E6C6F6164206572726F7273207F
S21403FC48726561636820282564292C2061626F72B7
S21403FC5874696E672E004F544120436C7573746540
S21403FC68723A2073657474696E6720494545452062
S21403FC7861646472657373206F66204F5441206312
S21403FC886C7573746572005061727469616C206672
S21403FC98696C6520646F776E6C6F616420666F7538
S21403FCA86E642C20636F6E74696E75696E67206662
S21403FCB8726F6D206F6666736574203078253038EA
S21403FCC85800466F756E642066756C6C7920646F91
S21403FCD8776E6C6F616465642066696C6520696E0F
S21403FCE82073746F72616765202876657273696F0F
S21403FCF86E20307825303858292E00466F756E6486
S21403FD082066696C6520696E2073746F7261676517
S21403FD18207769746820646966666572656E742000
S21403FD2876657273696F6E202830782530385829BF
S21403FD38207468616E2063757272656E74207665CA
S21403FD487273696F6E202830782530385829004634
S21403FD58696C6520696E2073746F726167652069C4
S21403FD68732073616D652061732063757272656EA7
S21403FD78742072756E6E696E672076657273696F26
S21403FD886E202830782530385829004E6F20696D44
S21403FD9861676520666F756E6420696E2073746F7D
S21403FDA8726167652E004F54412053657276696306
S21403FDB86520446973636F7665727920756E626C25
S21403FDC86F636B65640049676E6F72696E6720734D
S21403FDD865727665722066726F6D206C6F6F7062DF
S21403FDE861636B20616464726573730049676E6F41
S21403FDF872696E6720307825303458204F54412076
S21403FE0873657276657220696E20736561726368BE
S21403FE18206F662054430053657474696E67204FD9
S21403FE2854412053657276657220746F20307825A6
S21403FE383034580044656C6179696E672025642000
S21403FE487365636F6E6473206265666F726520738D
S21403FE5874617274696E67204F544120636C6965D8
S21403FE686E740054696D656F75742077616974697B
S21403FE786E6720666F72206D6573736167652E0003
S21403FE88426164204F544120636F6D6D616E643A1E
S21403FE9820307825303258004F544120636F6D6DFB
S21403FEA8616E642030782530325820746F6F207363
S21403FEB8686F727420286C656E202564203C206D5C
S21403FEC8696E20256429004F544120636F6D6D6168
S21403FED86E642066726F6D20756E7265636F676EEB
S21403FEE8697A656420736572766572203078253082
S21403FEF834582E20204D79204F544120736572764E
S21403FF0865723A2030782530345800496D61676544
S21403FF18204E6F7469667900476F7420756E65782E
S21403FF287065637465642025732E2020537461728C
S21403FF387420646973636F766572792E00646566E8
S21403FF4861756C74004F54413A206661696C656448
S21403FF5820746F2073656E64202573207265737032
S21403FF686F6E73653A2030782530325800496D61D4
S21403FF786765206E6F7469667900476F7420756EBF
S21403FF8865787065637465642025732E2020496739
S21403FF986E6F7265642E004F54413A20446566615D
S21403FFA8756C7420726573706F6E736520666F72F6
S21403FFB820496D616765206E6F746966792C2073B6
S21403FFC874617475732030782530325800496D6132
S21403FFD86765206E6F7469667920636F6D6D616EF1
S21403FFE86400257320756E69636173742C207175BC
S21403FFF8657279696E6700496E76616C6964002577
S21404000873202573207061796C6F6164207479702D
S21404001865203078253032580025732025733A2019
S2140400286F7574206F662072616E6765206A6974DE
S2140400387465722025640025732025733A20706140
S214040048796C6F6164206C656E67746820646F658C
S214040058736E2774206D61746368207479706520E4
S21404006830782530325820282564203C20256429F9
S2140400780025732025732064756520746F206E6FC1
S2140400886E2D6D61746368696E67206D616E756642
S214040098616374757265722049440025732025735C
S2140400A82064756520746F206E6F6E2D6D617463A1
S2140400B868696E6720696D61676520747970652064
S2140400C849440025732025732064756520746F20C1
S2140400D86D61746368696E67206669726D776172AC
S2140400E8652076657273696F6E0025732025732CF8
S2140400F82052782764204A697474657220283078F8
S21404010825303258292C205069636B6564204A6967
S2140401187474657220283078253032582900517551
S214040128657279206E65787420696D6167652072DA
S2140401386573706F6E7365002573207265747572C7
S2140401486E6564203078253032582E20204E6F2075
S2140401586E657720696D61676520746F20646F77B4
S2140401686E6C6F61642E00257320746F6F2073683D
S2140401786F727420282564203C2025642900257382
S2140401883A204E657720696D61676520697320613A
S2140401987661696C61626C6520666F7220646F773D
S2140401A86E6C6F61642E002573206973206E6F74FD
S2140401B8207573696E67206D7920696D616765209F
S2140401C8696E666F2E004552524F523A204E657835
S2140401D87420496D61676520697320746F6F2062A7
S2140401E8696720746F2073746F72652028307825C9
S2140401F8303858203E203078253038582900257362
S2140402082072657475726E65642073616D65204628
S214040218696C6556657273696F6E206173206375C1
S2140402287272656E746C7920696E7374616C6C6531
S214040238642E004F544120446F776E67726164657C
S214040248732044697361626C65643A2046696C6518
S21404025856657273696F6E20626568696E6420639A
S214040268757272656E7420696E7374616C6C6174F1
S214040278696F6E005374617274696E6720646F7771
S2140402886E6C6F61642C2056657273696F6E2030CD
S2140402987825303858004572726F723A204661697C
S2140402A86C656420746F2064656C65746520696D7C
S2140402B86167652E004572726F723A204661696CF2
S2140402C8656420746F206572617365206F6C6420A2
S2140402D874656D7020646174612E00496D6167658C
S2140402E820626C6F636B20726573706F6E73650043
S2140402F84F54413A20496D616765426C6F636B528F
S21404030865706F6E736520636F6E7461696E7320B3
S214040318696E76616C6964206F7220696E636F6DAE
S214040328706C6574652064617461005570646174EA
S214040338696E67204D696E20426C6F636B20526548
S214040348717565737420506572696F6420746F20C4
S2140403582564206D7300446F776E6C6F6164206447
S214040368656C6179206279207365727665722025DA
S21404037864206D7300446F776E6C6F6164206162ED
S2140403886F72746564206279207365727665722E5E
S2140403980053657276657220646F65736E277420E1
S2140403A8737570706F7274207061676520726571FA
S2140403B8756573742C206F6E6C79207573696E6717
S2140403C820626C6F636B20726571756573742E009A
S2140403D85365727665722072657475726E656420EC
S2140403E827756E737570706F7274656420636C75A8
S2140403F87374657220636F6D6D616E64272E005585
S2140404086E6B6E6F776E20257320737461747573C4
S21404041820636F64652030782530325800257320B1
S21404042868617320646174612073697A652028257D
S214040438642920736D616C6C6572207468616E2023
S21404044861637475616C207061636B65742073698D
S2140404587A6520282564292E002573206572726F14
S214040468723A204578706563746564206F666673AF
S2140404786574203078253038582C206275742067C7
S2140404886F74203078253038582E202049676E6FD0
S21404049872696E6700257320696E666F20646964E6
S2140404A8206E6F74206D61746368206D792065789A
S2140404B870656374656420696E666F2E20204472C6
S2140404C86F7070696E672E004661696C6564207487
S2140404D86F20777269746520746F2073746F726105
S2140404E86765206465766963652100446F776E6C7A
S2140404F86F6164005570677261646520656E642078
S214040508726573706F6E73650053657276657220D4
S21404051861626F7274656420757067726164652CB5
S214040528207374617475733A203078253032580015
S2140405384572726F723A2025732068616420696E6A
S21404054876616C69642025733A200066696C6520B8
S21404055876657273696F6E00416464696E672025F8
S21404056864206D732E2064656C617920666F722032
S214040578696D6D6564696174652075706772616418
S214040588652E00436F756E74646F776E20746F20E3
S214040598757067726164653A202564206D7300205F
S2140405A853746174653A20202025730020576169C6
S2140405B874696E6720666F7220726573706F6E73E7
S2140405C8653A20257300204E657874204576656E56
S2140405D8742054696D65723A202564206D73002072
S2140405E843757272656E7420446F776E6C6F6164BF
S2140405F8204F66667365743A20307825303858205C
S2140406082825642525290025733A206661696C65C2
S214040618642070617273696E67204F544120636D5D
S2140406286420307825303258004F5441204465669B
S21404063861756C7420726573706F6E736520746F61
S21404064820636F6D6D616E642049442030782530D0
S21404065832582C20737461747573203078253032C0
S2140406685800496D61676520626C6F636B2072651C
S21404067871756573742074657374206F6E6C792055
S214040688776F726B73207768656E20737461746510
S21404069820697320424F4F544C4F41445F53544192
S2140406A854455F4E4F4E450052616E646F6D20444C
S2140406B8656C6179206265666F7265207374617211
S2140406C87400446973636F766572696E67204F5465
S2140406D8412053657276657200476574204F54410D
S2140406E82053657276657220455549004F627461D9
S2140406F8696E206C696E6B206B657900517565723E
S21404070879696E67204E65787420496D616765005F
S214040718446F776E6C6F6164696E6720496D6167B4
S2140407286500566572696679696E6720496D616702
S214040738650057616974696E6720666F7220557024
S2140407486772616465206D65737361676500436FDE
S214040758756E74646F776E20746F20557067726157
S21404076864650057616974696E6720746F207570D4
S214040778677261646520766961206F75742D6F668B
S2140407882D62616E64206D656368616E69736D00C1
S21404079825733A202564252520636F6D706C65746F
S2140407A86500496D6167652025640020204552521E
S2140407B84F523A20436F756C64206E6F74206765D9
S2140407C8742066756C6C2068656164657221002007
S2140407D8204865616465722056657273696F6E3A5F
S2140407E820307825303458002020486561646572C6
S2140407F8204C656E6774683A2020256420627974F4
S21404080865730020204669656C6420436F6E7472B5
S2140408186F6C3A20203078253034580020204D61FB
S2140408286E75662049443A202020202020203078FF
S21404083825303458002020496D6167652054797046
S214040848653A20202020203078253034580020208F
S21404085856657273696F6E3A202020202020202067
S2140408683078253038580020205A69676265652034
S21404087856657273696F6E3A20307825303458009E
S214040888202048656164657220537472696E673AFD
S21404089820202573002020496D6167652053697AF6
S2140408A8653A2020202020256C64206279746573BC
S2140408B800202053656375726974792043726564F1
S2140408C83A20203078253032580020205570677238
S2140408D861646520446573743A2020200020204D06
S2140408E8696E2E204857205665723A2020202030FC
S2140408F878253034580020204D61782E204857201B
S2140409085665723A20202020307825303458002046
S21404091820546F74616C20546167733A2025640010
S214040928202020205461673A203078253034580037
S2140409382020202020204C656E6774683A20256C99
S21404094864004572726F723A20436F756C64206E49
S2140409586F74206F627461696E2074616720696EB3
S214040968666F2066726F6D20696D6167652E000A72
S214040978256420696D6167657320696E204F54414C
S2140409882073746F726167652E00496D6167652010
S21404099864656C65746525732E004572726F723AC9
S2140409A82020436F756C64206E6F742072656164D2
S2140409B820626C6F636B3A203078253032582E0AE2
S2140409C8005374617274696E67206572617365207A
S2140409D866726F6D206F666673657420307825308E
S2140409E8385820746F2030782530385800436F758F
S2140409F86C64206E6F74207374617274204552415F
S214040A08534521202830782530325829004545504A
S214040A18524F4D20457261736520636F6D706C6527
S214040A287465002F686F6D652F72756E6E65722F0C
S214040A38776F726B2F747579612D7A69676265654D
S214040A482D7377697463682F747579612D7A69676D
S214040A586265652D7377697463682F73696C616260
S214040A68735F746F6F6C732F73696D706C696369E9
S214040A7874795F73646B2F70726F746F636F6C2F07
S214040A887A69676265652F6170702F6672616D6535
S214040A98776F726B2F706C7567696E2F6F74612D24
S214040AA873746F726167652D73696D706C652D65F7
S214040AB86570726F6D2F6F74612D73746F726167D2
S214040AC8652D656570726F6D2D706167652D65722D
S214040AD86173652E63002F686F6D652F72756E6E71
S214040AE865722F776F726B2F747579612D7A6967C3
S214040AF86265652D7377697463682F747579612DDB
S214040B087A69676265652D7377697463682F736994
S214040B186C6162735F746F6F6C732F73696D706C3E
S214040B2869636974795F73646B2F70726F746F632B
S214040B386F6C2F7A69676265652F6170702F6672AD
S214040B48616D65776F726B2F706C7567696E2F6F42
S214040B5874612D73746F726167652D73696D706C3B
S214040B68652D656570726F6D2F6F74612D73746F64
S214040B78726167652D656570726F6D2E63004F54DC
S214040B88412053696D706C652053746F7261676594
S214040B9820454550524F4D207761726E696E673A0C
S214040BA820636F756C64206E6F7420676574207399
S214040BB86C6F7420696E666F20666F7220736C6F34
S214040BC87420256420286572726F72203078253068
S214040BD83258292E2044656661756C74696E6720E0
S214040BE8746F2073706563696669656420616464FC
S214040BF872657373206F6666736574730053746FD7
S214040C0872616765204472697665723A20202020EE
S214040C182020202020202020204F54412053696D76
S214040C28706C652053746F72616765204545505231
S214040C384F4D20506C7567696E0052656164204D8F
S214040C486F64696679205772697465205375707085
S214040C586F72743A20206E6F00534F4320426F6FB2
S214040C68746C6F6164696E6720537570706F727404
S214040C783A2020202079657300426F6F746C6F6188
S214040C886465722053746F7261676520537570705B
S214040C986F72743A2055736520666972737420738C
S214040CA86C6F7400536C6F7420746F207573653A98
S214040CB82020202020202020202020202020202023
S214040CC825640043757272656E7420446F776E6C83
S214040CD86F6164204F66667365743A20202020305E
S214040CE878253038580045424C2053746172742075
S214040CF84F66667365743A20202020202020202022
S214040D08202030782530385800454550524F4D201D
S214040D1853746172743A202020202020202020203A
S214040D282020202020307825303858004545505259
S214040D384F4D20456E643A20202020202020202075
S214040D4820202020202020203078253038580049BC
S214040D586D61676520496E666F2053746172743AD4
S214040D6820202020202020202020203078253038DD
S214040D785800536176652052617465202862797438
S214040D886573292020202020202020202020307849
S214040D9825303858004F6666736574206F6620647D
S214040DA86F776E6C6F6164206F6666736574202057
S214040DB820307825303858004F6666736574206F7F
S214040DC8662045424C206F66667365743A20202078
S214040DD820202020307825303858004F6666736502
S214040DE874206F6620696D61676520737461727418
S214040DF83A20202020202030782530385800736C7C
S214040E085F7A69676265655F61665F6F74615F7361
S214040E18746F726167655F6472697665725F72651E
S214040E2861645F63622829206661696C65642100D1
S214040E38426164206D61676963206E756D626572D0
S214040E4820696E2066696C653A20307825303258F9
S214040E5820307825303258203078253032582030E3
S214040E687825303258004261642076657273696F5B
S214040E786E20696E2066696C652030782530345893
S214040E88004572726F723A2072656164416E6456E8
S214040E98616C696461746553746F726564496D61E5
S214040EA86765282920747269656420746F207265E2
S214040EB86164206D6F726520646174612074686172
S214040EC86E20697420636F756C6420686F6C642E7A
S214040ED800736C5F7A69676265655F61665F6F74E5
S214040EE8615F73746F726167655F64726976657251
S214040EF85F726561645F63622829204641494C45F0
S214040F084421004C617374206F66667365742064AC
S214040F186F776E6C6F616465643A20307825303874
S214040F28580053746F72616765204D6F64756C65FD
S214040F383A204F54412053696D706C652053746F82
S214040F487261676520506C7567696E00496D6167E4
S214040F5865732053746F7265643A20202564206F85
S214040F686620310A00253032583A0065702025304C
S214040F78325820636C757320253034582061747495
S214040F887220253034582073767220256300206D2D
S214040F986667202530325800207265706F72742098
S214040FA86D696E2025303458206D617820253034DC
S214040FB858207270742D63686720253038580020CE
S214040FC8726563656976652066726F6D20253034B0
S214040FD85820657020253032582074696D656F7501
S214040FE874202530345800636C6561720072656D30
S214040FF86F766500636C656172696E67206C6173F1
S21404100874207265706F72742074696D65206F66DB
S21404101820616C6C206174747269627574657300FF
S21404102874657374696E672074696D696E67206F7A
S2140410386620766172696F7573207265706F727454
S214041048696E67206F7065726174696F6E73002DC0
S2140410582D2D2D2D2D2D2D2D2D2D2D2D2D2D2D2DAF
S2140410682D2D2D2D2D2D2D2D2D2D2D2D2D2D2D2D9F
S2140410782D2D2D2D2D2D2D2D2D2D2D2D2D2D002DBC
S2140410882D7461626C65207265616473202D206618
S214041098756C6C207461626C652D2D0072657375B1
S2140410A86C74203D202564206D73002D2D696E69AF
S2140410B874202F207363686564756C65207469638F
S2140410C86B2D2D2D002D2D6C6F616420636F6E665D
S2140410D8696775726174696F6E2064656661756C9C
S2140410E874732D2D002F686F6D652F72756E6E657F
S2140410F8722F776F726B2F747579612D7A696762B0
S21404110865652D7377697463682F747579612D7AAC
S21404111869676265652D7377697463682F73696C8C
S2140411286162735F746F6F6C732F73696D706C692B
S214041138636974795F73646B2F70726F746F636F0F
S2140411486C2F7A69676265652F6170702F667261A5
S2140411586D65776F726B2F706C7567696E2F726525
S214041168706F7274696E672F7265706F7274696EC9
S214041178672E6300524541445F5250545F434647C6
S21404118800726561645F7265706F7274696E675F1A
S214041198636F6E66696775726174696F6E0052650F
S2140411A8706F7274696E673A206661696C6564204C
S2140411B8746F2073656E6420257320726573706F70
S2140411C86E73653A20307825303258004552523AC4
S2140411D82072656164696E6720636C7573746572E2
S2140411E820307825303458206174747269627574B6
S2140411F865203078253034583A20307825303258EF
S214041208004552523A207265706F7274696E672090
S2140412186F66204C4F4E4720737472696E67206160
S21404122874747269627574652074797065206E6F5B
S2140412387420737570706F727465643A20636C7585
S214041248737465722030782530345820617474724B
S2140412586962757465203078253034580052657094
S2140412686F7274696E6720456E7472792046756C61
S2140412786C202D206372656174696E67206E6577CD
S214041288207265706F7274004346475F525054006C
S214041298202D20646972656374696F6E3A2530324E
S2140412A8582C20617474723A253034580020202053
S2140412B8747970653A253032582C206D696E3A2553
S2140412C83034582C206D61783A2530345800202064
S2140412D8206368616E67653A0020202074696D652E
S2140412E86F75743A2530345800636F6E666967758F
S2140412F872655F7265706F7274696E670020544316
S2140413084C4B2075706461746520616C7265616409
S2140413187920696E2070726F6772657373004D6109
S2140413286E75616C2054434C4B207570646174650B
S214041338206661696C65642E257300537461727443
S214041348696E672075706461746520747275737449
S2140413582063656E746572206C696E6B206B6579A4
S2140413682070726F636573730055706461746520CA
S2140413785443204C696E6B204B657900204E657784
S214041388206B65792065737461626C69736865643B
S2140413983A00204572726F723A00506172746E6534
S2140413A8723A20005A434C20676C6F62616C206363
S2140413B86C757374657220636F6D6D616E6473000B
S2140413C8646972656374696F6E00646973632D6318
S2140413D86F6D2D67656E00646973632D636F6D2D7D
S2140413E8726563006578706563742D7265706F72D4
S2140413F8742D66726F6D2D6D6500757772697465E8
S214041408006E7772697465007265706F72742D72F7
S2140414186561640073656E642D6D652D612D726556
S214041428706F727400437265617465732061206717
S2140414386C6F62616C20646973636F76657220638F
S2140414486F6D6D616E6420666F72207468652061C6
S21404145873736F6369617465642076616C7565730C
S2140414682E00636C757374657249641F61747472B4
S214041478696275746549641F6D61784E756D626539
S21404148872546F5265706F72741F0043726561748C
S2140414986573206120676C6F62616C2073656E6487
S2140414A8206D652061207265706F727420636F6D9D
S2140414B86D616E6420666F7220746865206173734C
S2140414C86F6369617465642076616C7565732E0054
S2140414D8636C757374657249641F617474726962A7
S2140414E875746549641F64617461547970651F6D09
S2140414F8696E5265706F727454696D651F6D617894
S2140415085265706F727454696D651F7265706F7278
S2140415187461626C654368616E67651F0043726533
S21404152861746573206120676C6F62616C207265F4
S2140415386164207265706F7274696E6720636F6D7C
S2140415486D616E6420666F722074686520617373BB
S2140415586F63696174656420636C75737465722C53
S2140415682061747472696275746520616E64207390
S21404157865727665722F636C69656E742064697229
S214041588656374696F6E2E00636C7573746572494F
S214041598641F61747472696275746549641F64694A
S2140415A872656374696F6E1F00476C6F62616C20A6
S2140415B87265706F7274696E6720636F6D6D616EA5
S2140415C86400656E64706F696E741F636C757374FB
S2140415D8657249641F6174747269627574654964D6
S2140415E81F6D61736B1F00437265617465732061B8
S2140415F820676C6F62616C207265616420636F6D2E
S2140416086D616E64206D65737361676520746F2001
S214041618726561642066726F6D2074686520636CF9
S214041628757374657220616E64206174747269627D
S214041638757465207370656369666965642E0063EE
S2140416486C757374657249641F6174747269627523
S214041658746549641F00437265617465732061206C
S214041668676C6F62616C20777269746520636F6D4E
S2140416786D616E64206D65737361676520746F2091
S214041688777269746520746F2074686520636C7556
S2140416987374657220616E6420617474726962750D
S2140416A874652073706563696669656400636C7540
S2140416B87374657249641F617474726962757465BB
S2140416C849641F747970651F646174611F004372EE
S2140416D8656174652061206578706563742D72652C
S2140416E8706F72742D66726F6D2D6D65206D6573DF
S2140416F8736167652077697468206173736F6369BB
S214041708617465642076616C7565732E00636C7508
S2140417187374657249641F6174747269627574655A
S21404172849641F74696D656F75741F00437265613B
S2140417387465206120446973636F76657220436F0D
S2140417486D6D616E64732047656E65726174656459
S21404175820636F6D6D616E642077697468206173A9
S214041768736F6369617465642076616C7565732E3E
S21404177800636C757374657249641F73746172745C
S214041788436F6D6D616E6449641F6D6178436F6D58
S2140417986D616E6449641F005365747320746865CC
S2140417A820646972656374696F6E20666F72206759
S2140417B86C6F62616C20636F6D6D616E64732C2050
S2140417C865697468657220636C69656E7420746FE5
S2140417D820736572766572206F72207365727665FB
S2140417E87220746F20636C69656E742E005365747A
S2140417F873206120666C616720736F207468617457
S21404180820746865206170706C69636174696F6EB2
S214041818206672616D65776F726B2057494C4C2051
S2140418284E4F5420726573706F6E6420746F207404
S2140418386865206E657874205A434C206D6573730A
S214041848616765207468617420636F6D65732069C9
S2140418586E206F76657220746865206169722E0042
S21404186853657473206120666C616720736F2074F7
S21404187868617420746865206170706C696361744B
S214041888696F6E206672616D65776F726B20574953
S2140418984C4C20726573706F6E6420746F20746885
S2140418A865206E657874205A434C206D65737361A1
S2140418B86765207468617420636F6D657320696E4C
S2140418C8206F76657220746865206169722E0053ED
S2140418D8657473207468652044697361626C652056
S2140418E844656661756C7420526573706F6E7365B3
S2140418F8204672616D6520436F6E74726F6C206249
S214041908697420746F2075736520666F7220746816
S21404191865206E65787420636F6D6D616E642069EA
S214041928662074686520636F6D6D616E64206973E4
S214041938206E6F7420616C726561647920627569C3
S2140419486C742E0064697361626C654465666175BF
S2140419586C74526573706F6E73651F005365747389
S2140419682074686520666C616720746F20757365DB
S2140419782074686520696E6372656D656E74656447
S2140419882073657175656E6365206E756D62657224
S2140419982066726F6D20746865206672616D65775F
S2140419A86F726B20666F7220746865206E65787433
S2140419B82072617720636F6D6D616E642E00757397
S2140419C8654E65787453657175656E63651F004367
S2140419D86C6920636F6D6D616E6420746F2063613B
S2140419E86C6C20736C5F7A69676265655F61665FB5
S2140419F87365745F74696D652066756E6374696F64
S214041A086E20646F63756D656E74656420696E20F8
S214041A1861662E680075746354696D651F005365A6
S214041A287473207468652074776F206279746520EF
S214041A386D616E7566616374757265722073706520
S214041A486369666963206964656E74696669657244
S214041A5820746F2075736520666F7220746865201D
S214041A686E65787420636F6D6D616E642069662098
S214041A7874686520636F6D6D616E64206973206E8B
S214041A886F7420616C7265616479206275696C7420
S214041A982E006D6667537065636966696349641FDB
S214041AA8006E6F742000534C5F5354415455535F73
S214041AB84E4554574F524B5F555020307825303496
S214041AC8580054727573742043656E7465722045A5
S214041AD85549206861732025736368616E67656479
S214041AE82E00534C5F5354415455535F4E45545738
S214041AF84F524B5F444F574E00534C5F5354415418
S214041B0855535F4E4F545F4A4F494E454400534C15
S214041B185F5354415455535F5A49474245455F4EAF
S214041B284554574F524B5F4F50454E45443A20252F
S214041B38642073656300534C5F5354415455535F94
S214041B485A49474245455F4E4554574F524B5F43A3
S214041B584C4F5345440025733A2025730064697333
S214041B6874726962757465640063656E7472616C18
S214041B78697A656400466F726D002573696E67201E
S214041B886F6E2063682025642C2070616E4964207B
S214041B98307825303458004572726F723A2044659E
S214041BA87669636520646F6573206E6F7420737539
S214041BB870706F7274202573206E6574776F726BFD
S214041BC820666F726D6174696F6E004A6F696E0085
S214041BD8496E76616C6964205365637572697479B5
S214041BE82050726F66696C653A2030782530325812
S214041BF800704A6F696E20666F72202564207365CC
S214041C08633A20307825303258004C696D69746917
S214041C186E67206475726174696F6E206F662070D3
S214041C2865726D6974206A6F696E2066726F6D20BE
S214041C38666F726576657220283235352920746F8A
S214041C48203235340052583A205A444F2C20636FB9
S214041C586D6D616E64203078253034582C2073748A
S214041C68617475733A203078253032580053696D9C
S214041C78706C650052583A202573204465736320B7
S214041C8852657370004D61746368002C204D61744E
S214041C98636865733A20256400446576696365203D
S214041CA8416E6E6F756E63653A2030782530345809
S214041CB80052583A20494545452041646472657384
S214041CC87320526573706F6E73650052583A2041DC
S214041CD8637469766520455020526573706F6E7319
S214041CE8652C20436F756E743A202564004E6F6425
S214041CF865002C204D6174636865733A2030782536
S214041D0830345800737461636B207665722E205BDA
S214041D1825642E25642E25640020257320627569A3
S214041D286C642025645D005A444F005345004841BE
S214041D3800436C757374657200476C6F62616C005F
S214041D4825737478203078253038582C2000507243
S214041D586F66696C653A20257320283078253034F8
S214041D6858292C20436C75737465723A203078258C
S214041D783034582C2025642062797465732C00202E
S214041D885A434C20257320436D642049443A202541
S214041D9864005072652D52656C6561736500416C0C
S214041DA8706861203100416C706861203200416CB3
S214041DB8706861203300426574612031004265749E
S214041DC86120320042657461203300474100526541
S214041DD873657420696E666F3A20307825303258F9
S214041DE820282573290064656C6574652062696E0D
S214041DF864696E673A2025303258202530325800F8
S214041E080102030405060708090A0B0C0001010170
S214041E1801010101010101010100575249544520FD
S214041E284552523A200025736570202530325820D2
S214041E38636C7573202530345820617474722025B9
S214041E48303458206E6F7420737570706F727465B2
S214041E5864002573696E76616C69642064617461D4
S214041E68207479706500257361747472206E6F74BB
S214041E78207772697461626C650057524954453A12
S214041E88206E6F2077726974652C206A75737420C7
S214041E9861207465737400524541443A2061747431
S214041EA87269627574652073697A6520746F6F2029
S214041EB86C6172676520666F722063616C6C65720C
S214041EC800636C6E74007372767200525700524F39
S214041ED800202052414D20200020746F6B656E2030
S214041EE80065787465726E2000454E44504F494E1E
S214041EF854202530325800636C7573202F2073697C
S214041F086465202F2061747472202F206D66672004
S214041F18202F74797065286C656E292F20727720B7
S214041F282F2073746F72616765202F206461746153
S214041F382028726177290025303458202F202573ED
S214041F48202F2025303458202F2000202F202530FD
S214041F58325820282530325829202F202573202F40
S214041F68202573202F2000556E737570706F727459
S214041F786564004F544120524541443A2065703AFE
S214041F8825303258206369643A2530345820617401
S214041F987469643A25303458206D736B3A253032A8
S214041FA858206D66636F64653A2530345800524588
S214041FB841443A20636C757320253034582C2061CC
S214041FC87474722025303458206661696C65642000
S214041FD82530325800524541443A20636C757320C4
S214041FE8253034582C206174747220253034582CCB
S214041FF820646174614C656E3A20253032582C2072
S2140420084F4B002825632925303258253032582569
S2140420183032582530325825303258253032582533
S214042028303258253032580064697361626C650032
S2140420382573642C2064726F7070696E67206570EF
S2140420482030782530325820636C75732030782514
S21404205830345820636D6420307825303258004771
S214042068656E657261746564005265636569766554
S2140420786400446973636F76657220436F6D6D619F
S2140420886E647320726573706F6E73652028636F51
S2140420986D706C6574653A202563292C2025732099
S2140420A84944733A200030782530325820005F457A
S2140420B8585400524541445F4154545200575249BB
S2140420C854453A20636C757320253034582061745F
S2140420D87472202530345820004641494C20253057
S2140420E832580057524954453A20746F6F20736823
S2140420F86F727400444953435F4154545200257325
S21404210825733A20636C757320253034580053764B
S2140421186320446973633A200025735761697469B8
S2140421286E672025642073656320666F7220646971
S21404213873636F7665727920746F20636F6D706C45
S21404214865746500537461746520636F7272657391
S214042158706F6E64696E6720746F20746865207487
S21404216868652072657175657374206E6F74206671
S2140421786F756E640A002573636F6D706C6574659D
S2140421882E0A00257353657276696365204469735D
S214042198636F76657279205374617465206C696D13
S2140421A869747320726561636865640A00257349F7
S2140421B86C6C6567616C2062726F616463617374CA
S2140421C820616464726573732C2072656D61707027
S2140421D8696E6720746F2076616C6964206F6E651B
S2140421E82E0025734661696C656420746F207365D8
S2140421F86E64206D6174636820646973636F7665C2
S21404220872793A2030782530325800257353746131
S2140422187274696E6720646973636F766572792071
S214042228666F7220636C7573746572203078253017
S21404223834580025734661696C656420746F20738E
S214042248656E642073696D706C652064657363726B
S2140422586970746F7220726571756573743A20308C
S21404226878253032580025734661696C6564207495
S2140422786F2073656E642049454545206164647221
S21404228865737320726571756573743A20307825A2
S2140422983032580025734661696C656420746F2073
S2140422A873656E64204E574B20616464726573735D
S2140422B820726571756573743A2030782530325803
S2140422C8004572726F723A20257320626164207327
S2140422D8696D706C652064657363726970746F7277
S2140422E8206C656E6774682E0025734D657373617C
S2140422F8676520746F6F2073686F72740025734D5A
S21404230865737361676520746F6F2073686F727482
S21404231820666F72206E756D2E20656E64706F6908
S2140423286E74730025734D61746368257320666F35
S214042338756E642066726F6D203078253034582E9A
S214042348004572726F723A20257320696E76616C46
S2140423586964206C656E6774682028256420213DAE
S2140423682025642920666F72204163746976652087
S214042378456E64706F696E7420726573706F6E73E1
S21404238865002573676F74206163746976652045F4
S2140423985020726573706F6E7365005554432074CD
S2140423A8696D653A2025642F25642F2564202564E5
S2140423B83A25643A256420282530385829002855B3
S2140423C86E6B6E6F776E20636C75732E205B307839
S2140423D8253034585D29000D0A54253038583A00FB
S2140423E85258206C656E2025642C20657020253094
S2140423F832582C20636C7573203078253034582076
S21404240800206D666749642025303458002046430A
S21404241820253032582073657120253032582063C1
S2140424286D642025303258207061796C6F61645B66
S214042438004261736963004F76657220746865208C
S21404244841697220426F6F746C6F6164696E6700CD
S2140424582573525820706B7420746F6F2073686FDE
S21404246872743A202564203C20256400257352584B
S21404247820706B74206D616C666F726D65643A20AB
S2140424882564203C20256400202048617665205277
S2140424986F7574657220537570706F72740020209F
S2140424A8456E6420446576696365204F6E6C7900D2
S2140424B82020456E61626C6564002020446973615F
S2140424C8626C6564004572726F7220726574726914
S2140424D86576696E6720696E666F20666F72206C13
S2140424E86962726172792049442025640025732044
S2140424F86C69627261727925732070726573656E91
S21404250874005A69676265652050726F0042696E86
S21404251864696E6700536563757269747920436FDE
S2140425287265005365637572697479204C696E6BBD
S214042538204B6579730043424B45203136334B3183
S2140425480043424B4520445341205369676E004577
S21404255843430043424B4520445341205665726921
S2140425686679005061636B65742056616C696461B2
S2140425787465005A4C4C0043424B45203238334B62
S2140425883100454343203238334B310043424B45F0
S21404259820636F7265004E4350004D756C74692055
S2140425A86E6574776F726B00456E68616E636564FA
S2140425B820426561636F6E205265710043424B4545
S2140425C8203238334B3120445341205665726966AD
S2140425D879004D756C74692D50414E002F686F6DE7
S2140425E8652F72756E6E65722F776F726B2F7475A2
S2140425F879612D7A69676265652D7377697463688E
S2140426082F747579612D7A69676265652D737769A4
S2140426187463682F73696C6162735F746F6F6C732D
S2140426282F73696D706C69636974795F73646B2F53
S21404263870726F746F636F6C2F7A69676265652F43
S214042648737461636B2F636F6E6669672F736C5F51
S2140426587A69676265655F636F6E666967757261D6
S21404266874696F6E2E63002F686F6D652F72756EB2
S2140426786E65722F776F726B2F747579612D7A6910
S214042688676265652D7377697463682F74757961F5
S2140426982D7A69676265652D7377697463682F7325
S2140426A8696C6162735F746F6F6C732F73696D7096
S2140426B86C69636974795F73646B2F70726F746F77
S2140426C8636F6C2F7A69676265652F737461636BD1
S2140426D82F6672616D65776F726B2F6165732D65F2
S2140426E863622E63002F686F6D652F72756E6E6554
S2140426F8722F776F726B2F747579612D7A6967629A
S21404270865652D7377697463682F747579612D7A96
S21404271869676265652D7377697463682F73696C76
S2140427286162735F746F6F6C732F73696D706C6915
S214042738636974795F73646B2F70726F746F636FF9
S2140427486C2F7A69676265652F737461636B2F7380
S214042758656375726974792F7A69676265652D731E
S214042768656375726974792D6D616E616765722D1E
S2140427786E6F2D7661756C742E63004572726F7277
S2140427883A20204661696C656420746F207265611E
S214042798642066726F6D20454550524F4D20617413
S2140427A82030782534582C207374617475733A2055
S2140427B8256400454550524F4D20496E6974696139
S2140427C86C697A65643A20256300454550524F4D36
S2140427D820427573793A20256300506172746961E2
S2140427E86C20576F72642053746F72616765204358
S2140427F86F756E743A202564004164647265737359
S2140428083A2030782534582C205061727469616CEB
S21404281820576F72643A203078255800636F6E66C6
S21404282869726D656400617373756D6564000A4545
S2140428384550524F4D20496E666F004E6F742061A6
S2140428487661696C61626C6520286F6C64657220B9
S214042858626F6F746C6F616465722900506172747C
S214042868204465736372697074696F6E3A20202019
S214042878202020202020202573004361706162698F
S2140428886C69746965733A20202020202020202053
S2140428982020202020307825325800506167652093
S2140428A845726173652074696D65202873293A201A
S2140428B8202020202025640050617274204572610F
S2140428C873652074696D65202873293A20202020B2
S2140428D82020256400506172742045726173652057
S2140428E874696D6520286D73293A202020202020DD
S2140428F8256400506167652073697A6520286279C3
S214042908746573293A202020202020202020256C56
S21404291800506172742073697A6520286279746538
S21404292873293A202020202020202020256C0057B8
S2140429386F72642073697A652028627974657329CE
S2140429483A202020202020202020256420282570B6
S2140429582900454550524F4D20696E69743A203017
S214042968782558002F686F6D652F72756E6E6572C0
S2140429782F776F726B2F747579612D7A6967626524
S214042988652D7377697463682F747579612D7A6910
S214042998676265652D7377697463682F73696C61FC
S2140429A862735F746F6F6C732F73696D706C696391
S2140429B86974795F73646B2F7574696C2F706C75A2
S2140429C867696E2F706C7567696E2D636F6D6D6FB2
S2140429D86E2F656570726F6D2F656570726F6D2EDC
S2140429E86300556E61626C6520746F20626F6F7445
S2140429F820696D61676520617420736C6F74202587
S214042A086C640A00536C6F74204D616E616765725E
S214042A18206661696C656420746F206572617365ED
S214042A2820736C6F740A004D6178207265616420A7
S214042A386C696D69742073657420746F202564202E
S214042A4862797465730A004164647265737320203E
S214042A582020202020202020446174610A00307839
S214042A6825346C7820202020202020307825780AE9
S214042A78004661696C656420746F20726561642021
S214042A8866726F6D20666C6173680A00536C6F74A7
S214042A9820256C640A2020416464726573732020C0
S214042AA82020203A20307825346C580A20204C659B
S214042AB86E6774682020202020203A203078253439
S214042AC86C582028256C64206279746573290A007A
S214042AD820205479706520202020202020203A20A9
S214042AE8004E6F2047424C2070726573656E740AF8
S214042AF8005A69674265650A005468726561640A23
S214042B0800436F6E6E6563740A00426C7565746F75
S214042B186F74680A00426C7565746F6F7468206118
S214042B2870706C69636174696F6E0A004D43550A68
S214042B38004F7468657220283078256C58290A0076
S214042B48202056657273696F6E20202020203A2054
S214042B583078256C580A0020204361706162696CDD
S214042B6869746965733A20307825346C580A0020ED
S214042B782050726F6475637420494420203A2000FC
S214042B88307825582000536C6F74204D616E616749
S214042B9865723A206661696C656420746F20696E94
S214042BA8697469616C697A6520626F6F746C6F61A9
S214042BB864657220286572726F72203078253478BE
S214042BC8290A0056657273696F6E20202020203A01
S214042BD82025640A005061727420202020202020BA
S214042BE8203A2025730A004361706162696C69742F
S214042BF86965733A20307825780A00506172742023
S214042C0873697A652020203A20256420420A0050F9
S214042C186167652073697A652020203A2025642038
S214042C28420A00576F72642073697A652020203A36
S214042C3820256420420A00536C6F747320202020D9
S214042C482020203A2025640A004661696C656420C1
S214042C58746F20726561642066726F6D2073746F7A
S214042C687261676520666C61736820286572726F86
S214042C7872202564290A00496E76616C696420739B
S214042C886C6F7420256420286D617820736C6F74CB
S214042C98202564290A004661696C656420746F20DF
S214042CA867657420696E666F20666F7220736C6F32
S214042CB8742025640A00536C6F74204D616E616736
S214042CC865723A20736C6F7420777269746520662F
S214042CD861696C7572652E2041646472657373202D
S214042CE86F66667365742028256429202B207772FE
S214042CF8697465206C656E677468202825642920C5
S214042D0867726561746572207468616E20746F7486
S214042D18616C20736C6F74206C656E677468202809
S214042D282564290A00536C6F74204D616E616765CB
S214042D3872207761726E696E673A20736C6F7420BE
S214042D482564206C656E6774682028256429206EBF
S214042D586F7420616C69676E656420746F20706197
S214042D6867652073697A6520282564292E205468A7
S214042D786520656E7469726520736C6F7420776954
S214042D886C6C206E6F74206265206572617365646E
S214042D982E0A00536C6F74204D616E616765723A33
S214042DA8206661696C656420746F2065726173655A
S214042DB820256420627974657320696E20736C6FAD
S214042DC874202564206174206164647265737320BA
S214042DD8307825347820286572726F72203078250A
S214042DE878290A004572617365642025642062792F
S214042DF874657320696E20736C6F742025640A00EA
S214042E084661696C656420746F2073657420736CFE
S214042E186F7420746F20626F6F7420286572726FE7
S214042E2872203078253478290A004661696C65640E
S214042E3820746F20736574206C697374206F662021
S214042E48736C6F747320746F20626F6F74202865B8
S214042E5872726F72203078253478290A00466169C0
S214042E686C656420746F20676574206E6577206CC3
S214042E78697374206F6620736C6F747320746F2084
S214042E88626F6F7420286572726F722030782534EA
S214042E9878290A00426567696E6E696E6720696DEF
S214042EA861676520766572696669636174696F6EC1
S214042EB82E2E2E002E6661696C65642120284572C4
S214042EC8726F72203078253478290A002E70617360
S214042ED87365642120426F6F74696E6720736C6F24
S214042EE8742025640A00666E692B00666E69006E97
S214042EF8616E00666E692D006C69627300627365A4
S214042F086E64007265736574007261770073656E2B
S214042F18645F6D756C7469636173740073656E645D
S214042F282D7573696E672D6D756C7469636173743A
S214042F382D62696E64696E670074696D6573796E6F
S214042F4863006765742D7074692D726164696F2DEA
S214042F58636F6E66696700636F6E6669672D636381
S214042F68612D6D6F6465006576656E7473007365B0
S214042F78637572697479007A69676265655F7072E9
S214042F88696E7400706C7567696E006E6574006BA4
S214042F98657973006F7074696F6E00706C7567007E
S214042FA86368616E67656B6579006368616E6765FB
S214042FB86B007A646F007072696E742072656C6157
S214042FC874656420636F6D6D616E64732E0061743E
S214042FD87472005A646F2072656C61746564206349
S214042FE86F6D6D616E64732E00726F757465007014
S214042FF86F776572006D676D742D6C7169006D6707
S2140430086D742D62696E64006E6F64650073696D15
S214043018706C65006965656500756E62696E640046
S2140430286E776B2D757064006F75742D636C2D6CDC
S21404303869737400696E2D636C2D6C697374005A19
S214043048646F20696E2D636C2D6C697374207265C9
S2140430586C6174656420636F6D6D616E64732E00B5
S2140430685A646F206F75742D636C2D6C69737420A5
S21404307872656C6174656420636F6D6D616E6473EC
S2140430882E005A646F206E776B2D757064207265F7
S2140430986C6174656420636F6D6D616E64732E0075
S2140430A87363616E2D6368616E2D6D61736B007357
S2140430B863616E006368616E5067006368616E00E2
S2140430C85A646F20756E62696E642072656C6174EA
S2140430D8656420636F6D6D616E64732E00756E692A
S2140430E863617374006368616E67656B65792072E3
S2140430F8656C6174656420636F6D6D616E64732EB0
S214043108006C696E6B004F7074696F6E2072656C24
S2140431186174656420636F6D6D616E64732E0072EE
S21404312865676973746572006469736300696E73AE
S21404313874616C6C2D636F64650062696E64696E95
S214043148672D7461626C65007072696E742D72788E
S2140431582D6D7367730061707372657472790041BC
S214043168505320726574727920666C616720666FA6
S21404317872636520636F6D6D616E647300456E617E
S214043188626C65732F44697361626C657320707230
S214043198696E74696E67206F66205278206D657351
S2140431A873616765732E00656E61626C65004269BB
S2140431B86E64696E67207461626C652072656C6102
S2140431C874656420636F6D6D616E64732E00536559
S2140431D8637572697479206B6579732072656C619E
S2140431E874656420636F6D6D616E64732E00646528
S2140431F86C657465004E6574776F726B2072656CC7
S2140432086174656420636F6D6D616E64732E006609
S2140432186F726D0072656A6F696E2D646966662DD5
S2140432286465766963652D7479706500657874706D
S214043238616E69640069736F70656E0062726F61AF
S214043248642D706A6F696E006368616E67652D63C6
S21404325868616E6E656C00696E6974006368616E99
S21404326867652D6B6565702D616C6976652D6D6F68
S21404327864650074696D656F75742D6F7074696F15
S2140432886E2D6D61736B006D756C74692D7068793D
S2140432982D7374617274006D756C74692D70687919
S2140432A82D73746F700066696E64006E6574776F4C
S2140432B8726B2066696E6420636F6D6D616E6473ED
S2140432C82E006A6F696E61626C6500756E7573654B
S2140432D86400736C6F742D6D616E6167657200634C
S2140432E86F756E7465727300656E642D64657669B1
S2140432F863652D737570706F72740066696E642DDD
S214043308616E642D62696E6400667261676D656ECF
S214043318746174696F6E0067726F7570732D736568
S21404332872766572006E6574776F726B2D7374654A
S2140433386572696E67006F74612D626F6F746C6F67
S2140433486164006F74612D636C69656E74006F74D4
S214043358612D73746F726167652D636F6D6D6F6E23
S214043368006F74612D73746F726167652D6565707F
S214043378726F6D0069646C652D736C656570007595
S21404338870646174652D74632D6C696E6B2D6B6542
S21404339879007570646174652D74632D6C696E6B41
S2140433A82D6B65792072656C6174656420636F6D36
S2140433B86D616E64730074696D6572006E6F770074
S2140433C8436F6D6D616E647320746F20636F6E74E3
S2140433D8726F6C2069646C696E672F736C656570B0
S2140433E8696E67206F66207468652064657669630D
S2140433F86500666F7263652D6177616B650061773A
S214043408616B652D7768656E2D6E6F742D6A6F69AE
S2140434186E6564007265706F7274696E6720726593
S2140434286C6174656420636F6D6D616E64732E00E1
S214043438636C6561722D6C6173742D7265706F723E
S214043448742D74696D6500746573742D74696D697B
S2140434586E67006F74612D73746F726167652D658E
S2140434686570726F6D2072656C6174656420636F35
S2140434786D6D616E64732E0077697065006F746194
S2140434882D73746F726167652D636F6D6D6F6E2033
S21404349872656C6174656420636F6D6D616E6473C8
S2140434A8007072696E74496D616765730072656C45
S2140434B86F61640073746F726167652D696E666FF9
S2140434C800646174612D7072696E74006F74612D86
S2140434D8636C69656E742072656C617465642063D8
S2140434E86F6D6D616E64732E007665726966790019
S2140434F8626C6F636B2D7465737400706167652DF9
S2140435087265717565737400757067726164652D8C
S214043518726571756573740064697361626C652D90
S214043528646F776E67726164657300656E61626C5A
S214043538652D646F776E677261646573006F746176
S2140435482D626F6F746C6F61642072656C6174654C
S2140435586420636F6D6D616E6473006E6574776F57
S214043568726B2D7374656572696E672072656C611B
S21404357874656420636F6D6D616E64732E0070727B
S214043588652D636F6E666967757265642D6B6579FC
S2140435982D736574006D61736B2072656C61746558
S2140435A86420636F6D6D616E642E00737562747249
S2140435B86163740067726F7570732D7365727665D0
S2140435C8722072656C6174656420636F6D6D616EDC
S2140435D864732E00667261676D656E746174696FD4
S2140435E86E2072656C6174656420636F6D6D616EC0
S2140435F864732E007365742D72782D77696E646F04
S214043608772D73697A65006172746966696369619E
S2140436186C2D626C6F636B2D64726F700046696EF6
S2140436286420616E642062696E642072656C6174DD
S214043638656420636F6D6D616E64732E00696E69D0
S214043648746961746F7200656E642D646576696367
S214043658652D737570706F72742072656C6174650D
S2140436686420636F6D6D616E64732E00706F6C6C8E
S2140436782D636F6D706C657465642D63616C6C6224
S21404368861636B00666F7263652D73686F72742D61
S214043698706F6C6C00656E61626C655F74797065DA
S2140436A800737461636B00617070007A636C006CFD
S2140436B865676163795F61665F6465627567006301
S2140436C86F756E746572732072656C6174656420B8
S2140436D8636F6D6D616E64732E007072696E742DFF
S2140436E8636F756E7465722D747970650073696D91
S2140436F8706C652D7072696E74007072696E742DC4
S2140437087468726573686F6C6473007365742D747B
S21404371868726573686F6C640072657365742D747B
S21404372868726573686F6C64730073656E642D7273
S2140437386571756573740073656375726974792049
S21404374872656C6174656420636F6D6D616E647315
S214043758007365742D616C6C6F772D747275737451
S2140437682D63656E7465722D72656A6F696E2D7544
S21404377873696E672D77656C6C2D6B6E6F776E2D1F
S2140437886B6579007365742D616C6C6F772D747234
S2140437987573742D63656E7465722D72656A6F69C8
S2140437A86E2D7573696E672D77656C6C2D6B6E6FF1
S2140437B8776E2D6B65792D74696D656F75740073F6
S2140437C865742D6B65792D726571756573742D70C6
S2140437D86F6C696379006D66672D746F6B656E0030
S2140437E861707300536563757269747920617073C8
S2140437F82072656C6174656420636F6D6D616E64B8
S214043808732E004765742F736574204D46472074DD
S2140438186F6B656E2E00656E64706F696E742072C9
S214043828656C6174656420636F6D6D616E64732E78
S21404383800656570726F6D207574696C697479209B
S21404384872656C6174656420636F6D6D616E647314
S21404385800536C6F74204D616E61676572207265E3
S2140438686C6174656420636F6D6D616E6473006269
S2140438786F6F742D736C6F740065726173652D7346
S2140438886C6F74006578742D666C6173682D696E48
S214043898666F00736C6F74732D696E666F00507272
S2140438A8696E74732074696D652E005072696E743F
S2140438B873206174747269627574652E00436C654E
S2140438C861727320746865205A444F206C69737457
S2140438D8206F6620636C69656E742028696E2920DB
S2140438E8636C7573746572732E0041646473206325
S2140438F86C75737465727320746F20746865206BB6
S2140439086E6F776E20636C69656E742028696E29FD
S21404391820636C757374657273206F6E207468699F
S21404392873206465766963652E00436C65617273FB
S21404393820746865205A444F206C697374206F6637
S21404394820636C69656E7420286F75742920636C0F
S2140439587573746572732E004164647320636C75A2
S214043968737465727320746F20746865206B6E6F49
S214043978776E20636C69656E7420286F75742920C9
S214043988636C757374657273206F6E2074686973DC
S214043998206465766963652E0053656E64732061DA
S2140439A86E20757064617465206368616E6E656CFC
S2140439B820726571756573742E006368616E6E6532
S2140439C86C1F0053656E647320616E2075706461A5
S2140439D87465206368616E6E656C20706167652027
S2140439E87265712E2054686520737461636B207346
S2140439F8656E6473206E776B20656E68616E6365AA
S214043A0864207570646174652072657120666F72CF
S214043A18206E6F6E2D7A65726F20706167652E0052
S214043A286368616E6E656C1F706167651F0050651C
S214043A3872666F726D7320616E20656E6572677943
S214043A48207363616E2E007461726765744E6F64CA
S214043A586549641F7363616E4475726174696F6E39
S214043A681F7363616E436F756E741F0042726F61D5
S214043A7864636173747320746865204944206F66B0
S214043A8820746865206E6577206E6574776F726B30
S214043A98206D616E6167657220616E64206163746F
S214043AA8697665206368616E6E656C732E006E7742
S214043AB86B4D676549641F6368616E6E656C4D611E
S214043AC8736B1F00506572666F726D7320616E208B
S214043AD8656E65726779207363616E206F6E206702
S214043AE86976656E206368616E6E656C206D6173B9
S214043AF86B2E007461726765744E6F646549641F43
S214043B087363616E4475726174696F6E1F73636163
S214043B186E436F756E741F6368616E6E656C4D6177
S214043B28736B1F0053656E64732061206E6574772B
S214043B386F726B2061646472657373207265717545
S214043B4865737420666F7220746865206769766585
S214043B586E204945454520616464726573732E007A
S214043B68696565651F0052657175657374732061B0
S214043B786E20494545452061646472657373206206
S214043B8861736564206F6E206120676976656E20B0
S214043B986E6F64652049442E006E6F646549641F21
S214043BA80053656E647320612073696D706C6520BC
S214043BB864657363726970746F7220726571756573
S214043BC8737420666F72207468652073686F7274E5
S214043BD8206164647265737320616E6420656E6424
S214043BE8706F696E74207370656369666965642EA0
S214043BF800646573741F746172676574456E6470D7
S214043C086F696E741F0053656E64732061206D615E
S214043C1874636844657363726970746F727352650B
S214043C28717565737420746F207468652067697687
S214043C38656E2064657374696E6174696F6E207747
S214043C486974682074686520676976656E20707282
S214043C586F66696C652E006E6F646549641F7072C2
S214043C686F66696C651F0053656E64732061206E09
S214043C786F64652064657363726970746F7220720A
S214043C8865717565737420746F206120676976653D
S214043C986E20746172676574206465766963652E40
S214043CA8007461726765741F0053656E64732061DF
S214043CB8205A444F2042696E6420636F6D6D616EAE
S214043CC86420746F20612064657669636520737068
S214043CD86563696669656420696E2074686520632F
S214043CE86F6D6D616E6420617267756D656E747351
S214043CF82E0044657374696E6174696F6E1F536F22
S214043D087572636520656E64706F696E741F4465AA
S214043D187374696E6174696F6E20656E64706F691A
S214043D286E741F636C757374657249441F72656D8F
S214043D386F746545554936341F646573744555492B
S214043D4836341F0053656E647320616E2061637495
S214043D5869766520656E64706F696E742072657125
S214043D687565737420746F20746865206465766955
S214043D786365207769746820746865206769766562
S214043D886E2073686F72742049442E0053656E64FF
S214043D987320616E20756E62696E64207265717533
S214043DA865737420666F72206120756E696361732B
S214043DB8742062696E64696E6720746F207468651F
S214043DC820746172676574206465766963652E007D
S214043DD87461726765741F736F75726365206575A1
S214043DE86936341F736F7572636520656E64706F09
S214043DF8696E741F636C757374657249441F6465D1
S214043E087374696E6174696F6E45554936341F64F8
S214043E18657374696E6174696F6E20656E64706F1D
S214043E28696E741F0053656E647320616E20756E28
S214043E3862696E64207265717565737420666F7244
S214043E482061206D756C7469636173742062696E91
S214043E5864696E6720746F2074686520746172677D
S214043E686574206465766963652E00746172676597
S214043E78741F736F757263652065756936341F73AE
S214043E886F7572636520656E64706F696E741F6300
S214043E986C757374657249441F67726F75704164F4
S214043EA864726573731F0053656E64732061205AC9
S214043EB8444F204D616E6167656D656E74204C6570
S214043EC861766520636F6D6D616E6420746F20740F
S214043ED868652074617267657420646576696365CD
S214043EE82E007461726765741F72656D6F7665431C
S214043EF868696C6472656E1F72656A6F696E1F0006
S214043F0853656E64732061205A444F204D474D54C0
S214043F182D42696E64202842696E64696E6720546F
S214043F2861626C6529205265717565737420746FB7
S214043F3820746865207461726765742064657669A0
S214043F4863652E007461726765741F737461727496
S214043F58496E6465781F0053656E64732061205A41
S214043F68444F204D474D542D4C514920284C514917
S214043F78205461626C6529205265717565737420D6
S214043F88746F20746865207461726765742064654C
S214043F98766963652E0053656E64732061205A44FF
S214043FA84F20506F77657220446573637269707426
S214043FB86F72205265717565737420746F20746807
S214043FC86520746172676574206465766963652E16
S214043FD80053656E64732061205A444F20726F75CF
S214043FE87465207265717565737420636F6D6D6191
S214043FF86E6420746F2074686520746172676574D3
S2140440082E007461726765741F696E6465781F0094
S214044018696E6465781F65756936341F696E7374CE
S214044028616C6C436F64651F00696E6465781F6510
S214044038756936341F6B65791F005443206C696EA6
S2140440486B206B6579207265717565737420706F63
S2140440586C6963791F417070206C696E6B206B65A0
S21404406879207265717565737420706F6C696379ED
S2140440781F00426F6F6C3A20616C6C6F7720747205
S2140440887573742063656E7465722072656A6F69E9
S2140440986E207573696E672077656C6C2D6B6E6F12
S2140440A8776E206B65791F0070726F66696C654958
S2140440B8641F636C757374657249641F0074617257
S2140440C867657449641F00456E61626C6573207089
S2140440D872696E74696E67206F66205278206D6503
S2140440E87373616765732E0053657473207468650B
S2140440F82062696E64696E67207461626C65006923
S2140441086E6465781F636C75737465721F6C6F6371
S214044118616C45701F72656D6F746545701F6575B3
S2140441286936341F00436C656172732074686520B1
S21404413862696E64696E67207461626C652E0050ED
S21404414872696E7473207468652062696E64696E39
S21404415867207461626C6520746F207468652063D8
S2140441686F6D6D616E64206C696E652E00436C65B8
S21404417861727320616C6C207365637572697479F7
S214044188206B6579732E0044656C657465207468C5
S2140441986520737065636966696564206C696E6B0F
S2140441A8206B657920696E6465782E005072696E96
S2140441B8747320616C6C20736563757269747920F6
S2140441C86B6579732E005465726D696E61746573D8
S2140441D820746865206D756C74692D50485920697B
S2140441E86E74657266616365005573656420746FE2
S2140441F8207374617274206D756C74692D504859F7
S21404420820696E74657266616365206F746865728A
S214044218207468616E206E617469766520616E64C8
S21404422820666F726D20746865206E6574776F7289
S2140442386B2E2054686520737461636B20757365F0
S214044248732073616D652050616E49642061732024
S2140442586E617469766520726164696F206E657430
S214044268776F726B2E00706167651F6368616E6E88
S214044278656C1F706F7765721F6F7074696F6E73E5
S2140442884D61736B20284269742030203D20526F9C
S214044298757465727320616C6C6F7765642C204244
S2140442A869742031203D2042726F616463617374BF
S2140442B820616C6C6F776564291F00417474656DA2
S2140442C870747320746F206368616E676520746801
S2140442D865206368696C642074696D656F757420FD
S2140442E86F7074696F6E206D61736B20746F2066CF
S2140442F8696C746572206F757420756E646573696D
S2140443087261626C652076616C7565732028652E0B
S214044318672E206E6F206D6F7265207468616E203C
S214044328332064617973292E0074696D656F75741A
S214044338206F7074696F6E206D61736B1F005377FE
S214044348697463686573206265747765656E20644E
S2140443586966666572656E74206B65657020616C47
S214044368697665206D6F64657320737570706F72F7
S214044378746564206279206120726F757465722E84
S214044388004B65657020616C697665206D6F6465A1
S2140443981F005072696E74732074686520637572A2
S2140443A872656E74204E6F64652049442C2045550A
S2140443B84936342C20616E642050616E2049442EA0
S2140443C800496E697469616C697A65732061206E48
S2140443D86574776F726B3B20746869732069732001
S2140443E861207465737420636F6D6D616E642075E7
S2140443F873656420666F722074632D737761702DFD
S2140444086F75742074657374696E672E00536574CB
S2140444187320746865206E6574776F726B20696E96
S214044428646578207573656420627920616C6C20F5
S21404443866757475726520434C4920636F6D6D61AB
S2140444486E64732E20204265666F726520657865F3
S214044458637574696E67206120434C4920636F6DE9
S2140444686D616E642C20746865206672616D65776C
S2140444786F726B20737769746368657320746F2032
S21404448874686973206E6574776F726B2E2020418A
S214044498667465722074686520636F6D6D616E64FA
S2140444A82066696E697368657320657865637574D4
S2140444B8696E672C20746865206672616D65776F0F
S2140444C8726B207377697463686573206261636BC3
S2140444D820746F207468652070726576696F7573CA
S2140444E8206E6574776F726B2E202054686520439F
S2140444F84C492075736573207468652073616D650F
S214044508206E6574776F726B20696E6465782075A3
S2140445186E74696C207468652064657669636520C2
S214044528726573657473206F7220697420697320CA
S2140445386368616E676564207468726F756768205F
S2140445487468697320636F6D6D616E642E004174C0
S21404455874656D70747320746F206368616E676524
S21404456820646576696365206F76657220746F20AB
S2140445786120646966666572656E74206368616E38
S2140445886E656C20676976656E20696E207468654A
S214044598206368616E6E656C20617267756D656E02
S2140445A8742E00546865206368616E6E656C2074AA
S2140445B86F206368616E676520746F1F0066696E96
S2140445C864556E7573656450616E49640066696EF9
S2140445D8644A6F696E61626C654E6574776F726B58
S2140445E8005065726D697473206A6F696E696E67C8
S2140445F8206F6E20746865206E6574776F726B2002
S214044608666F72206120676976656E206E756D62C6
S2140446186572206F66207365636F6E647320414EFF
S214044628442062726F616463617374732061205AF4
S214044638444F204D676D74205065726D6974204A26
S2140446486F696E696E672072657175657374207418
S2140446586F20616C6C20726F75746572732E0041DE
S2140446682073696E676C65206279746520696E6468
S21404467869636174696E6720686F77206C6F6E670C
S21404468820746865206465766963652073686F7549
S2140446986C642068617665207065726D6974206A3A
S2140446A86F696E696E67207475726E6564206F6EC6
S2140446B820666F722E20412076616C7565206F66C1
S2140446C82030786666207475726E73206F6E20705C
S2140446D865726D6974206A6F696E20696E646566B2
S2140446E8696E6974656C792E1F00436865636B731D
S2140446F8206E6574776F726B20706A6F696E2073AC
S21404470874617475732E00577269746573207468BF
S2140447186520657874656E6465642070616E2049EA
S2140447284420666F722074686520646576696365DC
S2140447382E0065787470616E69641F0052656A6F2E
S214044748696E7320616E206578697374696E672074
S2140447586E6574776F726B20696E2061207365636B
S214044768757265206F7220696E736563757265204D
S2140447786D616E6E6572207769746820612064695D
S21404478866666572656E742064657669636520740A
S2140447987970652E00426F6F6C65616E206E657465
S2140447A8776F726B206B657920617661696C6162DC
S2140447B8696C6974791F4368616E6E656C206D61F7
S2140447C8736B1F416E20656E756D65726174696FD3
S2140447D86E20696E6469636174696E6720746865BF
S2140447E820646576696365207479706520746F2023
S2140447F872656A6F696E2061732E546865207374D7
S21404480861636B206F6E6C79206163636570747383
S21404481820534C5F5A49474245455F454E445F44DA
S214044828455649434520616E6420534C5F5A4947B0
S2140448384245455F534C454550595F454E445F4491
S21404484845564943452E1F0052654A6F696E7320C4
S21404485861206E6574776F726B2E00426F6F6C659D
S214044868616E206E6574776F726B206B6579206154
S2140448787661696C6162696C6974791F4368616EF4
S2140448886E656C206D61736B1F004C65617665738D
S2140448982061206E6574776F726B2E005475726E85
S2140448A873207065726D6974206A6F696E696E67C5
S2140448B8206F6E20666F722074686520616D6F7550
S2140448C86E74206F662074696D6520696E6469630A
S2140448D8617465642E00412073696E676C65206296
S2140448E879746520696E6469636174696E672068A3
S2140448F86F77206C6F6E67207468652064657669C8
S21404490863652073686F756C6420686176652070CB
S21404491865726D6974206A6F696E696E672074754E
S214044928726E206F6E20666F722E20412076616C40
S2140449387565206F662030786666207475726E73A7
S214044948207065726D6974206A6F696E20696E647A
S2140449586566696E6974656C792E1F004A6F696EA0
S214044968732061206E6574776F726B206F6E20619A
S21404497820676976656E206368616E6E656C2C20A8
S21404498877697468206120676976656E20545820B4
S214044998506F77657220616E642050414E204944FA
S2140449A82E00546865206368616E6E656C206F6EB1
S2140449B820776869636820746F206A6F696E20744C
S2140449C86865206E6574776F726B1F4F6E652D620F
S2140449D8797465207369676E65642076616C75659D
S2140449E820696E6469636174696E672074686520FB
S2140449F8545820506F776572207468617420746800
S214044A086520726164696F2073686F756C642062D0
S214044A18652073657420746F1F5468652050414E72
S214044A28204944206F6E20776869636820746F2075
S214044A386A6F696E20746865206E6574776F726B2A
S214044A481F00466F726D732061206E6574776F72EF
S214044A586B206F6E206120676976656E20636861D7
S214044A686E6E656C2C207769746820612067697699
S214044A78656E20545820506F77657220616E6420E6
S214044A8850414E2049442E00546865206368616E80
S214044A986E656C206F6E20776869636820746F2073
S214044AA8666F726D20746865206E6574776F726BB6
S214044AB81F4F6E652D62797465207369676E656429
S214044AC82076616C756520696E6469636174696EC5
S214044AD8672074686520545820506F776572207470
S214044AE86861742074686520726164696F207368ED
S214044AF86F756C642062652073657420746F1F5428
S214044B0868652050414E204944206F6E20776869B6
S214044B18636820746F20666F726D20746865206EF3
S214044B286574776F726B1F005468697320696E69C1
S214044B3874696174657320612054434C4B20757006
S214044B48646174652070726F6365647572652E009F
S214044B58537065636966792074686520616D6F753E
S214044B686E74206F662074696D6520746F20776193
S214044B786974206166746572206F6E652054434CB0
S214044B884B20757064617465206F70657261746912
S214044B986F6E20636F6D706C6574657320626566EE
S214044BA86F726520626567696E6E696E672061203C
S214044BB86E65772054434C4B207570646174652089
S214044BC86F7065726174696F6E2E00546865206133
S214044BD86D6F756E74206F662074696D65206265E6
S214044BE8747765656E2073756273657175656E7422
S214044BF82074727573742063656E746572206C69AC
S214044C086E6B206B657920757064617465732069B2
S214044C186E206D696C6C697365636F6E64731F00D0
S214044C28536574206F7220636C65617220737461B7
S214044C3879206177616B65207768656E206E6F747E
S214044C48206A6F696E656400536574206F7220630A
S214044C586C65617220666F726365206177616B6547
S214044C6800446973706C61792074686520736C6598
S214044C7865702073746174757300464F52205445EA
S214044C885354494E4720505552504F534553202DA0
S214044C98206761746865722074696D696E67206D33
S214044CA865747269637320666F72207265706F72BA
S214044CB874696E67207461626C65206F70657261D2
S214044CC874696F6E732E00436C6561727320746822
S214044CD865206C617374207265706F7274207469D1
S214044CE86D65206F66206174747269627574657385
S214044CF82E00416464732061206E657720656E74A7
S214044D08727920746F20746865207265706F727487
S214044D18207461626C652E00546865206C6F63614C
S214044D286C20656E64706F696E742066726F6D2091
S214044D387768696368207468652061747472696248
S214044D48757465206973207265706F727465641F64
S214044D5854686520636C7573746572207768657229
S214044D686520746865206174747269627574652058
S214044D786973206C6F63617465641F5468652049A1
S214044D8844206F662074686520617474726962755D
S214044D987465206265696E67207265706F727465E3
S214044DA8641F3020666F7220636C69656E742D7399
S214044DB86964652061747472696275746573206FBA
S214044DC872203120666F72207365727665722D7351
S214044DD869646520617474726962757465731F54B6
S214044DE86865206D696E696D756D207265706F7281
S214044DF874696E6720696E74657276616C2C206DB2
S214044E086561737572656420696E207365636F6E79
S214044E1864732E1F546865206D6178696D756D20FE
S214044E287265706F7274696E6720696E74657276DF
S214044E38616C2C206D6561737572656420696E20DB
S214044E487365636F6E64732E1F546865206D696E90
S214044E58696D756D206368616E676520746F20746C
S214044E686865206174747269627574652074686113
S214044E78742077696C6C20726573756C7420696E1F
S214044E882061207265706F7274206265696E67208F
S214044E9873656E742E1F0052656D6F766573206198
S214044EA86E20656E7472792066726F6D20746865FC
S214044EB8207265706F7274207461626C652E00547B
S214044EC8686520696E646578206F66207468652056
S214044ED87265706F727420746F2062652072656DD7
S214044EE86F7665641F00436C6561727320616C6C31
S214044EF820656E74726965732066726F6D207468B7
S214044F0865207265706F7274207461626C652E0019
S214044F185072696E747320746865207265706F7257
S214044F2874207461626C652E00576970657320611D
S214044F386C6C206461746120696E207468652073E3
S214044F48746F72616765206465766963652E0050C0
S214044F5872696E7473206172626974726172792000
S214044F686279746573206F6620746865204F5441AF
S214044F7820696D616765206F6E206469736B2E0007
S214044F8854686520696E646578206F662074686561
S214044F9820696D61676520746F207072696E74206D
S214044FA869747320646174611F546865206F66664B
S214044FB873657420696E746F20746865204F544155
S214044FC820696D61676520746861742077696C6C04
S214044FD8206265207072696E7465641F0050726979
S214044FE86E747320696E666F726D6174696F6E2075
S214044FF861626F7574207468652073746F72616774
S21404500865206465766963652E0052656C6F616415
S214045018207468652073746F7261676520646576AA
S2140450286963652E0044656C6574657320746865E9
S21404503820696D61676520617420746865207370E3
S2140450486563696669656420696E6465782E0054CC
S214045058686520696E64657820617420776869637A
S2140450686820746F20626567696E2064656C657471
S214045078696E672074686520696D6167651F0050EE
S21404508872696E74732074686520696D61676573E8
S2140450982E00456E61626C6573204F544120646F20
S2140450A8776E6772616465732E0044697361626C17
S2140450B86573204F544120646F776E677261646528
S2140450C8732E0053656E647320616E205570677284
S2140450D8616465456E645265717565737420746F92
S2140450E820616E204F5441207365727665722E00D7
S2140450F843616E206265207573656420746F20644E
S214045108796E616D6963616C6C79207475726E2052
S2140451186F66662073656E64696E6720706167657E
S214045128207265717565737473206F6E2074686574
S21404513820636C69656E7420736964652C206966DF
S214045148207468652073657276657220646F65736B
S2140451586E277420737570706F7274207468697320
S21404516820666561747572652E00426F6F6C6561A2
S2140451786E2076616C7565207475726E696E67202C
S2140451886F6E20283129206F72206F6666202830BB
S2140451982920746865207061676520726571756575
S2140451A8737420666C61671F0053656E64732061B0
S2140451B86E20696D61676520626C6F636B2072652B
S2140451C8717565737420666F7220612066696C65F4
S2140451D820746865207365727665722073686F75C7
S2140451E86C64206E6F7420686176652E2020546582
S2140451F87374206861726E657373206F6E6C7920A1
S2140452082874657374206361736520392E352E36C9
S214045218202D204D697373696E672046696C65296D
S214045228005072696E747320696E666F726D61746D
S214045238696F6E206F6E2074686520637572726578
S2140452486E74207374617465206F662074686520B4
S2140452584F544120636C69656E7420646F776E6C76
S2140452686F61642E0053746F707320746865204FE2
S2140452785441207374617465206D616368696E6552
S2140452882E0053746172747320746865204F5441F9
S21404529820636C69656E74207374617465206D612F
S2140452A86368696E652E2054686520737461746536
S2140452B8206D616368696E6520646973636F7665DB
S2140452C8727320746865204F54412073657276653E
S2140452D8722C207175657269657320666F72206E0C
S2140452E8657720696D616765732C20646F776E6CCB
S2140452F86F6164732074686520696D6167657320DF
S214045308616E6420776169747320666F72207468AE
S214045318652073657276657220636F6D6D616E6461
S21404532820746F20757067726164652E0050726908
S2140453386E747320746865206D616E756661637437
S214045348757265722049442C20496D61676520543E
S2140453587970652049442C20616E64205665727302
S214045368696F6E20696E666F726D6174696F6E2000
S2140453787468617420617265207573656420776843
S214045388656E2061207175657279206E6578742063
S214045398696D6167652069732073656E7420746F20
S2140453A82074686520736572766572206279207445
S2140453B8686520636C69656E742E00506572666F46
S2140453C8726D73207369676E61747572652076658D
S2140453D872696669636174696F6E206F6E2074689B
S2140453E86520696D6167652061742074686520733B
S2140453F8706563696669656420696E6465782E00FD
S21404540854686520696E64657820617420776869D5
S214045418636820746F20626567696E2076657269B2
S2140454286669636174696F6E206F662074686520A8
S214045438696D6167651F00426F6F746C6F61647392
S2140454482074686520696D616765206174207468D6
S214045458652073706563696669656420696E64654A
S214045468782062792063616C6C696E67207468655D
S214045478204F544120626F6F746C6F6164206361BF
S2140454886C6C6261636B2E0054686520696E646593
S2140454987820617420776869636820746F20626571
S2140454A867696E20626F6F746C6F6164696E6720DB
S2140454B874686520696D6167651F005072696E744B
S2140454C87320696E666F2061626F757420746865F0
S2140454D820696E7374616C6C656420626F6F746C9B
S2140454E86F616465722E00537562747261637473B7
S2140454F82061206368616E6E656C2066726F6D202D
S21404550865697468657220746865207072696D616F
S2140455187279206F72207365636F6E646172792086
S2140455286368616E6E656C206D61736B206F6620B0
S214045538746865206E6574776F726B2D7374656511
S21404554872696E6720636F6D706F6E656E742E0079
S214045558546865206368616E6E656C206D61736B54
S21404556820746F207375627472616374207468653E
S214045578206368616E6E656C2066726F6D1F546872
S21404558865206368616E6E656C20746F207375623F
S214045598747261637420746865206D61736B206629
S2140455A8726F6D1F00416464732061206368616EC6
S2140455B86E656C20746F20656974686572207468FB
S2140455C865207072696D617279206F7220736563E5
S2140455D86F6E64617279206368616E6E656C206DA7
S2140455E861736B206F6620746865206E6574776FC8
S2140455F8726B2D7374656572696E6720636F6D7060
S2140456086F6E656E742E00546865206368616E6EEE
S214045618656C206D61736B20746F2061646420610F
S214045628206368616E6E656C20746F1F546865200D
S2140456386368616E6E656C20746F206164642074A0
S2140456486F20746865206D61736B1F0053657473EF
S2140456582065697468657220746865207072696D5F
S214045668617279206F72207365636F6E64617279F4
S214045678206368616E6E656C206D61736B2E0054D2
S2140456886865206368616E6E656C206D61736B2057
S214045698746F20737562747261637420746865200D
S2140456A86368616E6E656C2066726F6D1F546865FC
S2140456B82076616C756520746F2073657420746831
S2140456C865206368616E6E656C206D61736B20740B
S2140456D86F2E1F0053657473207468652070726596
S2140456E82D636F6E66696775726564206B657920CD
S2140456F8736F207468617420746865206A6F696EB5
S214045708696E67206465766963652063616E2065E3
S2140457186E74657220746865206E6574776F726B34
S2140457282E00536574732074686520707265636F01
S2140457386E66696775726564206B65791F005374B5
S2140457486F707320746865206E6574776F726B204B
S2140457587374656572696E672070726F63657373B8
S2140457682E0053746172747320746865206E6574B1
S214045778776F726B207374656572696E67207072D2
S2140457886F636573732E0041206D61736B206F66BB
S214045798206F7074696F6E7320666F7220696E640A
S2140457A869636174696E67207370656369666963A3
S2140457B8206265686176696F722077697468696EB5
S2140457C820746865206E6574776F726B2D737465C4
S2140457D86572696E672070726F636573732E1F0037
S2140457E8446973706C617973207468652063757294
S2140457F872656E7420737461747573206F66207492
S2140458086865206E6574776F726B2073746565724D
S214045818696E672070726F636573732E00436C65D8
S214045828617273207468652067726F75707320746C
S21404583861626C65206F6E20657665727920656E88
S21404584864706F696E74005072696E747320696E42
S214045858666F726D6174696F6E2061626F7574200D
S21404586874686520636F6E74656E7473206F662043
S2140458787468652067726F757073207461626C65EE
S2140458882E004172746966696369616C6C79206478
S214045898726F70732074686520626C6F636B206E19
S2140458A8756D62657220646566696E6564206279E2
S2140458B82074686520706173736564206172677507
S2140458C86D656E74206F6E6C79206F6E63652C2020
S2140458D8616E64207468656E20616C6C6F777320E3
S2140458E869742075706F6E20612072657472792EE3
S2140458F80054686520626C6F636B206E756D626514
S2140459087220746F206172746966696369616C6C6D
S214045918792064726F7020746F20666F72636520D6
S21404592861207265747279202D2073657420746FF3
S214045938203078464620746F2064697361626C650B
S2140459481F005365747320746865207265636569FF
S21404595876652077696E646F772073697A652E207A
S21404596820427920646566696E6974696F6E206979
S2140459786E2074686520536D61727420456E657276
S21404598867792070726F66696C65206974206D7516
S21404599873742062652073657420746F20312062E6
S2140459A87574207468697320616C6C6F77732069EA
S2140459B87420746F206265206368616E6765642E60
S2140459C800546865206D6178206E756D6265722076
S2140459D86F662074686520626C6F636B73207265EB
S2140459E8636569766564206265666F726520616EB4
S2140459F8204150532061636B2069732067656E6588
S214045A0872617465641F004D616B65732074686900
S214045A1873206E6F6465207374617274206964659C
S214045A286E74696679696E67206173206120746193
S214045A387267657420666F722062696E64696E6741
S214045A48207769746820616E20696E697469617468
S214045A586F72206E6F64652E0054686520656E64E8
S214045A68706F696E74206F6E207768696368207437
S214045A786F20626567696E207468652046696E647F
S214045A88696E6720616E642042696E64696E672079
S214045A987461726765742070726F636573731F0030
S214045AA84D616B65732074686973206E6F64652036
S214045AB873746172742074686520696E69746961A8
S214045AC8746F722070617274206F66207468652023
S214045AD866696E64696E6720616E642062696E64C6
S214045AE8696E672070726F636573732E00546865F9
S214045AF820656E64706F696E74206F6E20776869AF
S214045B08636820746F20626567696E207468652010
S214045B1846696E64696E6720616E642042696E64C5
S214045B28696E6720696E69746961746F7220707231
S214045B386F636573731F00536574732077686574A1
S214045B486865722074686520434C4920666F7263E2
S214045B586573207468652064657669636520746F68
S214045B682073686F727420706F6C6C2E00546865AE
S214045B782076616C756520696E6469636174696E04
S214045B88672077686574686572207468652064653C
S214045B98766963652073686F756C642073686F72C2
S214045BA87420706F6C6C1F00536574732077686577
S214045BB874686572207468652064657669636573BD
S214045BC820706F6C6C20636F6D706C6574656420F0
S214045BD863616C6C6261636B2066756E6374696F6F
S214045BE86E20697320656E61626C65642E00546865
S214045BF8652076616C756520696E6469636174698D
S214045C086E672077686574686572207468652064B2
S214045C1865766963657320706F6C6C20636F6D704E
S214045C286C657465642063616C6C6261636B206682
S214045C38756E6374696F6E20697320656E61626C35
S214045C4865641F00446973706C61797320746865B1
S214045C5820737461747573206F66207468652045B4
S214045C686E64204465766963657320706F6C6C692E
S214045C786E672E00456E61626C652F646973616297
S214045C886C6520646562756720606C656761637916
S214045C9820617070206672616D65776F726B206420
S214045CA86562756760207072696E742074797065B1
S214045CB82E00456E61626C652F64697361626C655B
S214045CC81F00456E61626C652F64697361626C655A
S214045CD820646562756720607A636C6020707269F8
S214045CE86E7420747970652E00456E61626C652F3B
S214045CF864697361626C65206465627567206061B7
S214045D08707060207072696E7420747970652E00E5
S214045D18456E61626C652F64697361626C652064A4
S214045D28656275672060636F726560207072696E5D
S214045D387420747970652E00456E61626C652F64F4
S214045D48697361626C652064656275672060737444
S214045D5861636B60207072696E7420747970652E46
S214045D680053656E6473206120726571756573747B
S214045D7820666F72204F544120636F756E74657287
S214045D88732E0052657365747320616C6C20746896
S214045D98726573686F6C64732076616C75657320BE
S214045DA8746F203078464646462E00536574732032
S214045DB861207468726573686F6C642076616C75AC
S214045DC86520666F72206120706172746963756CF1
S214045DD861722074797065206F6620636F756E74BF
S214045DE865722E0054797065206F6620636F756E31
S214045DF87465721F5468726573686F6C64205661A4
S214045E086C75651F005072696E747320746865201B
S214045E187468726573686F6C6473206F6620616C4F
S214045E286C2074686520636F756E746572732E00D3
S214045E38436C6561727320616C6C20636F756E7455
S214045E4865722076616C7565732E005072696E747F
S214045E587320616C6C20636F756E7465722076614E
S214045E686C7565732E005072696E74732074686559
S214045E782076616C7565206F662074686973207077
S214045E886172746963756C617220636F756E74658C
S214045E98722E0054686520636F756E74657220747C
S214045EA879706520746F207072696E741F00507262
S214045EB8696E747320616C6C20636F756E7465729A
S214045EC82076616C75657320616E6420636C656109
S214045ED87273207468656D2E00536574204D4647AA
S214045EE820746F6B656E2C2043414E4E4F542042EF
S214045EF84520554E53455420425920434C492E00BC
S214045F085072696E74204D464720746F6B656E2E0A
S214045F18005072696E7420616374697665206576CC
S214045F28656E74732E0044697361626C65207468C8
S214045F386520656E64706F696E7420666F72205A89
S214045F48434C206D657373616765732E00456E64F4
S214045F58706F696E7420696E6465781F00456E619B
S214045F68626C65732074686520656E64706F696E0C
S214045F787420666F72205A434C206D65737361678C
S214045F8865732E005072696E742073746174757329
S214045F98206F6620656E64706F696E74732E005386
S214045FA8686F7773207468652076657273696F6E98
S214045FB8206F662074686520736F667477617265EF
S214045FC82E005365742074686520636F6E6669676F
S214045FD875726564203830322E31352E34204343AA
S214045FE841206D6F646520696E207468652072614F
S214045FF864696F2E2053656520646F63756D656EDE
S214046008746174696F6E20726567617264696E671D
S214046018205241494C5F494545453830323135347C
S2140460285F4363614D6F64655F742E00412052417F
S214046038494C5F494545453830323135345F43630A
S214046048614D6F64655F742076616C75651F0052D8
S214046058657475726E732050544920726164696F52
S21404606820636F6E66696720696E666F726D617409
S214046078696F6E20746F2064657465726D696E65E9
S21404608820746865205048592074797065206265C4
S214046098696E672075736564206279205241494C9D
S2140460A82E2072657475726E2076616C756520692B
S2140460B87320656E756D205241494C5F49454545C8
S2140460C83830323135345F507469526164696F43CD
S2140460D86F6E6669675F7420652E67202052414993
S2140460E84C5F494545453830323135345F5054495C
S2140460F85F524144494F5F434F4E4649475F3250CB
S2140461083447485A203D203078303055205241498B
S2140461184C5F494545453830323135345F5054492B
S2140461285F524144494F5F434F4E4649475F32509A
S2140461383447485A5F414E54444956203D203078E7
S214046148303155205241494C5F494545453830322F
S2140461583135345F5054495F524144494F5F434F89
S2140461684E4649475F32503447485A5F434F45586E
S214046178203D203078303255205241494C5F4945FD
S21404618845453830323135345F5054495F524144BE
S214046198494F5F434F4E4649475F32503447485A43
S2140461A85F414E544449565F434F4558203D20307E
S2140461B8783033550053656E6473206120726561C8
S2140461C864206174747220666F7220746865207423
S2140461D8696D65206F6620746865206465766963F2
S2140461E865207370656369666965642E2049742042
S2140461F873657473206120666C616720736F2077FB
S21404620868656E20697420676574732074686520F1
S214046218726573706F6E736520697420777269741B
S2140462286573207468652074696D6520746F2069C9
S2140462387473206F776E2074696D65206174747248
S2140462482E0049641F737263456E64706F696E74BA
S2140462581F64657374456E64706F696E741F0057A7
S21404626868656E2073656E64696E67207573696EFB
S2140462786720612062696E64696E672C2073706596
S21404628863696669657320776865746865722061F2
S214046298206D756C7469636173742062696E6469D1
S2140462A86E672073686F756C642062652075736505
S2140462B8642E007573654D756C74696361737442F6
S2140462C8696E64696E671F0053656E647320612087
S2140462D87072652D6275666665726564206D756C88
S2140462E8746963617374206D65737361676520747C
S2140462F86F206120676976656E2067726F757020F7
S21404630849442066726F6D206120676976656E2041
S214046318656E64706F696E742E0067726F75704967
S214046328641F7372632D656E64706F696E741F00E4
S214046338437265617465732061206D657373616764
S214046348652062792073706563696679696E67206B
S214046358746865207261772062797465732E205597
S2140463687365207468652073656E6420636F6D6D4D
S214046378616E6420746F2073656E6420746865208B
S2140463886D657373616765206F6E63652069742035
S214046398686173206265656E2063726561746564FE
S2140463A82E2045783A20726177203078303030468F
S2140463B8207B3030203041203030203131203232BA
S2140463C82033332034342035357D2073656E64736A
S2140463D82061206D65737361676520746F20636C34
S2140463E8757374657220313520283078303030461D
S2140463F829206F66206C656E677468203820776875
S21404640869636820696E636C75646573207468656F
S214046418205A434C206865616465722E00436C7587
S2140464287374657249641F446174611F005265730E
S21404643865747320746865206E6F64652E005772E1
S214046448697465732061206D6573736167652E00D2
S214046458456E64706F696E741F436C7573746572E9
S2140464682049441F417474726962757465204944EE
S2140464781F4D61736B1F4461746120747970651FC6
S2140464884461746120627974651F0052656164739F
S2140464982061206D6573736167652E00456E6470B0
S2140464A86F696E741F436C75737465722049441F54
S2140464B84174747269627574652049441F31206991
S2140464C8662073657276657220646972656374699A
S2140464D86F6E2C203020696620636C69656E7420A4
S2140464E8646972656374696F6E1F0053656E6473BE
S2140464F82061206D6573736167652E004465737447
S214046508696E6174696F6E1F536F75726365206573
S2140465186E64706F696E741F44657374696E617413
S214046528696F6E20656E64706F696E741F00536FB2
S2140465387572636520656E64706F696E741F004CAF
S21404654869737473207768696368206F7074696FF9
S2140465586E616C206C6962726172696573206F661D
S2140465682074686520737461636B206172652069A2
S2140465786D706C656D656E746564206F6E207468E6
S2140465886973206465766963652E005072696E7453
S2140465987320696E666F726D6174696F6E206162CE
S2140465A86F757420746865206E6574776F726B20D7
S2140465B873746174652C20636C7573746572732CBC
S2140465C820616E6420656E64706F696E74732E0045
S2140465D86F66667365741F005072696E74732069FB
S2140465E86E666F726D6174696F6E20666F72206175
S2140465F86C6C20617661696C61626C6520736C6F83
S21404660874732E0052656164732072617720646126
S21404661874612066726F6D20666C6173682073748B
S2140466286F726167652E00416464726573732074C3
S2140466386F20726561641F4E756D626572206F66A1
S21404664820627974657320746F20726561641F0014
S2140466585072696E747320666C6173682073746F05
S2140466687261676520696E666F726D6174696F6EB4
S2140466782E004572617365732074686520737065AF
S21404668863696669656420736C6F742049442E00D8
S21404669853746F7261676520736C6F74206E756DC2
S2140466A86265721F00426F6F747320746865206990
S2140466B86D61676520696E2074686520737065630C
S2140466C8696669656420736C6F742049442E0043B8
S2140466D84C4920696E7374616E6365206578616DD4
S2140466E8706C650064756D6D795F696E7374005AB5
S2140466F8434C20636F6D6D616E64730062617369E9
S2140467086300676C6F62616C006D66672D636F6407
S21404671865007573652D6E6578742D73657175657A
S2140467286E636500782D64656661756C742D726594
S214046738737000746573742D726573706F6E736509
S2140467482D6F6E00746573742D726573706F6E7337
S214046758652D6F6666005A434C2062617369632030
S214046768636C757374657220636F6D6D616E6473A4
S214046778007274666400436F6D6D616E642074689D
S21404678861742072657365747320616C6C2061741F
S214046798747269627574652076616C7565732074A5
S2140467A86F20666163746F72792064656661756CC0
S2140467B8742E005241494C006C6F7765722D6D61DA
S2140467C8632D7261696C2D3830322E31352E342E95
S2140467D863006C69627261696C2E6100756E636C25
S2140467E861696D6564006275666665722D6D616EB5
S2140467F86167656D656E742E63006576656E742DC7
S21404680871756575652E63007A69676265652D75A9
S214046818707065722D6D61632E63006E65696768B6
S214046828626F722E63006173736F63696174696F54
S2140468386E2E63003138323173003134323231000F
S2140468483132310032730031323231313200313272
S2140468583231310032383100383131003138323192
S2140468683100313231313132313232323173003122
S2140468783232003132313132323100313131310085
S214046888323238006D61632D6D756C74692D6E65D2
S21404689874776F726B2E63006C65676163792D700D
S2140468A861636B65742D6275666665722E63000097
S2140468B8000002000000000000000000BA04000007
S2140468C800000000000002000000000000000000B5
S2140468D8BA04000000000000000102030E312E3145
S2140468E82E322D64646338393533610001000002A2
S2140468F80303010006000000000003000000000077
S21404690813B779FAC925DDB7ADF3CFE0F1B614B8F5
S2140469180102000000000000FFFFFFFF0100000066
S2140469280100000000000000000000000000000055
S2140469380000000000000000000000000000000046
S2140469480000000000000000000000000000000036
S214046958073F0300CB2E0300C72E0300A52E030013
S214046968732E0300032F0300D52E0300752E030091
S2140469782C000000020202030000000000000000D1
S2140469886480005068800050000201000009007FFF
S214046998CC6904000100000FAC6904000000000084
S2140469A800000000E1FE59FF8FFFADFFC1FFD0FFD6
S2140469B8DCFFE4FFEBFFF2FFF6FFFAFFFDFF000043
S2140469C8030005005500EDFEFF0064001E000000ED
S2140469D87F001B0DD063FDFF3600B7034DDAFFFFBB
S2140469E81C005901EC3600001100BD00C83B00002D
S2140469F80B0071001435000007004900352C000010
S214046A08050037000526000003001400FF140000E4
S214046A18211E040063D1030063D1030063D103007D
S214046A2863D1030063D1030063D1030063D1030079
S214046A3863D1030063D1030063D1030063D1030069
S214046A4863D1030063D1030063D1030063D1030059
S214046A5863D1030063D1030063D1030063D1030049
S214046A6863D1030063D1030063D1030063D1030039
S214046A7863D1030063D1030063D1030063D1030029
S214046A8871D1030063D1030086D1030063D10300E8
S214046A9863D10300ABD1030063D1030063D10300C1
S214046AA863D1030063D10300D3D1030063D1030089
S214046AB863D1030063D1030063D10300EBD1030061
S214046AC863D1030009D20300010304010101090389
S214046AD80B0000000B00000002000000000020204D
S214046AE800000000030000008C8C3C00000000003E
S214046AF800000000000000001E0000000A0000005D
S214046B081A0000000000005812000000006B040081
S214046B18554E4B00474F200042544C00474F320016
S214046B28474F3300474F3400474F3500474F36002A
S214046B38474F3700474F3800474F3900474F410003
S214046B48474F4200474F4300474F4400474F4500CE
S214046B58474F46004A4D5000424452005550520092
S214046B6842544D004D534D0046544C00554E4B0070
S214046B78474F200042544C004241440046544C00BF
S214046B88465243004F54410044534C00424150007F
S214046B9855504700544D450046415500545A460042
S214046BA8554E4B0050494E00454D3400554E4B004B
S214046BB848562000554E4B00455850004C574D003B
S214046BC8554E4B005242540044534C00454D340035
S214046BD8554E4B0041535400554E4B0056465900EB
S214046BE8494E4800554E4B004C434B0058544C00F5
S214046BF84F424600554E4B00485244004D454D0002
S214046C08425553005553470044424700444D4100FB
S214046C1856435400554E4B00555020005250200001
S214046C28415030004150310041502000445020006B
S214046C3844454300186B04001C6B0400746B040082
S214046C48A86B0400B46B0400BC6B0400C86B040097
S214046C58D86B0400E06B0400EC6B0400FC6B0400C7
S214046C681C6C0400554E4B004649420042544C00E6
S214046C78455854005057520057444700205357006D
S214046C88435253004653480042414400464C54007D
S214046C9842524F00010401030306010501050109D8
S214046CA80600060B0000070B050B0000000000009A
S214046CB8000000000400E40C0200010410010000B7
S214046CC80005000200000300586F0400546F040017
S214046CD8406F04003C6F0400386F0400346F0400EF
S214046CE8226F0400126F0400F86E0400F06E0400AD
S214046CF8E66E0400E46E0400CC6E0400C96E04005C
S214046D08C16E0400B06E0400A06E04008E6E04000B
S214046D18746E04006C6E0400606E04005C6E0400FE
S214046D28586E04004A6E04003F6E0400266E040083
S214046D380D6E0400B16D0400B06D0400A06D04006F
S214046D48786D04006D6D04006C6D0400586D0400C5
S214046D580000000000000000000000000000000022
S214046D68000000000F000000000000000000000003
S214046D780000000000000000000000000000000002
S214046D8800000000000000000000000000000000F2
S214046D9800000000000000000100000000000000E1
S214046DA800000000000000000F00000000000000C3
S214046DB800000000000000000000000000000000C2
S214046DC800000000000000000000000000000000B2
S214046DD800000000000000000000000000000000A2
S214046DE80000000000000000000000000000000092
S214046DF80000000000000000000000000000000082
S214046E080000000000000000000000000000000071
S214046E180000000000000000000000000000000061
S214046E280000000000000000000000000000000051
S214046E380000000000000000000000000000000041
S214046E480000000000000000000000000000000031
S214046E580000000000000000FFFFFFFFFFFFFFFF29
S214046E68FFFF000000000000000000000000000013
S214046E780000000000000000000000000000000001
S214046E8800000000000000000000000000000000F1
S214046E9800000000000000000000000000000000E1
S214046EA800000000000000000000000000000000D1
S214046EB8000000000000000000FFFFFFFFFFFFFFC8
S214046EC8FF9C0000FF000000000000000000000017
S214046ED80000000000000000800000000000FFFF23
S214046EE8FFFFFFFFFFFFFFFF00000000FFFF00009B
S214046EF80000000000000000000000000000000081
S214046F0800000000000000000000FFFFFF00000073
S214046F180000000000000000000000000000000060
S214046F280000000000000000000000000000000050
S214046F380000000000000000000000000000000040
S214046F480000000000000000000000000000000030
S214046F58FC03010101010101010101010101010113
S214046F6801000000000000010020000000000001ED
S214046F780100002002041104040211101A080A026F
S214046F881801081110111A080A04020D0B19195CC5
S214046F980110280B01140000000000000000000087
S214046FA800000000000101010101010001010101C6
S214046FB801010100000101010001000101000000B7
S214046FC800000000000000000000000000010000AF
S214046FD800000000000000000000000001FF01009F
S214046FE823E1010075E4010063E2010063E50100A2
S214046FF862E1010079EB010064EE010024E101007E
S21404700825E1010026E1010027E1010028E101004D
S21404701829E101002AE101000000010080000100C6
S2140470280001010080010100000201008002010045
S21404703820E20100000301000005010080050100AC
S214047048000601002C8901008006010000070100E3
S21404705801E5010002E501000008010080080100BE
S2140470680040010086321010FFFFFFFFFFFFFFFFFE
S21404707897DA03009DDA0300A3DA0300A9DA03000B
S214047088AFDA0300567777777777777777777777F0
S214047098777777775A6967426565416C6C69616E7C
S2140470A8636530395A6967426565416C6C69616E17
S2140470B8636530394E574B205374656572696E673D
S2140470C8000095969595950507090D0000000000A3
S2140470D8000102030406000015F30300B0060400CA
S2140470E8CA060400E1060400F406040004070400C3
S2140470F8180704002A0704003A0704005607040081
S2140471086B0704000208010D0D01010112010000BD
S214047118FFFFFFFFFFFFFFFF000000000000000066
S2140471280109050100020000000000031EF1EE0B31
S21404713848710400AC130400211E0400FE0000007D
S214047148C8130400A872040000000000D213040048
S2140471589872040000000000DF130400887204001C
S21404716800000000EC13040078720400000000001D
S2140471780A140400647204000000000002140400E8
S2140471885072040000000000091404003C72040055
S21404719800000000171404002C720400000000000D
S2140471A88912040018720400000000001014040079
S2140471B808720400000000001C140400F4710400A3
S2140471C800000000C8D80300E471040000000000B2
S2140471D80000000000000000000000003F43030019
S2140471E82D1404006A140400010100FFD90B0100E1
S2140471F893140400D8140400010100010107FF00D9
S214047208950B01002515040090150400010100FFE4
S214047218D50A0100B1150400CA15040000010100CE
S214047228FF00000051430300EF150400471604004E
S2140472380101FF00394303005E160400B516040076
S21404724801010207FF000000334303005E16040032
S214047258B516040001010207FF0000002D430300D1
S2140472685E160400B516040001010207FF000000BC
S214047278890A0100D616040015170400010101FF47
S214047288290A01003417040079170400010000FFD6
S214047298E50901003417040079170400010000FF0B
S2140472A86D0A0100A0170400A615040000FF0000DC
S2140472B827430300F5170400C1420400FF0000003A
S2140472C82143030068180400C1420400FF000000BC
S2140472D8C5090100D71804004C19040000FF000073
S2140472E89D09010064190400C619040000FF000083
S2140472F813430300D71904001D1A040002FF0000F4
S21404730865090100261A04009A1A040001FF000001
S214047318000000009A1D040011000000A61D0400C9
S21404732812000000AE1D040013000000B61D040081
S21404733821000000BE1D040022000000C51D040034
S21404734823000000CC1D0400AA000000D31D04007E
S214047358FF00000000000000FFFFFFFFFFFFFFFF25
S2140473680000000000000000000001080109020AED
S214047378030B040C050D060E070F08100118011957
S214047388021A031B041C051D061E071F08200121DC
S214047398022203230424052506260727082801298C
S2140473A8022A032B042C052D062E072F083001313C
S2140473B8023203380239043A08E004E104E204E835
S2140473C802E902EA04F008F11000000000000000D8
S2140473D8040500003C74040002000F0064740400F2
S2140473E802000F008C74040002000F00B47404003A
S2140473F802000F00DC74040002000F000475040089
S21404740802000F002C75040002000F0054750400D7
S21404741802000F007C75040002000F00A475040027
S21404742802000F00CC75040002000F00F475040077
S21404743802000F00000000001C7604000300000091
S2140474484000000000000000190000004076040018
S21404745804000F0080000000000000000000000088
S2140474681C76040003000000400000000000000032
S214047478190000004076040004000F008000000095
S21404748800000000000000001C7604000300000052
S21404749840000000000000001900000040760400C8
S2140474A804000F0080000000000000000000000038
S2140474B81C760400030000004000000000000000E2
S2140474C8190000004076040004000F008000000045
S2140474D800000000000000001C7604000300000002
S2140474E84000000000000000190000004076040078
S2140474F804000F00800000000000000000000000E8
S2140475081C76040003000000400000000000000091
S214047518190000004076040004000F0080000000F4
S21404752800000000000000001C76040003000000B1
S2140475384000000000000000190000004076040027
S21404754804000F0080000000000000000000000097
S2140475581C76040003000000400000000000000041
S214047568190000004076040004000F0080000000A4
S21404757800000000000000001C7604000300000061
S21404758840000000000000001900000040760400D7
S21404759804000F0080000000000000000000000047
S2140475A81C760400030000004000000000000000F1
S2140475B8190000004076040004000F008000000054
S2140475C800000000000000001C7604000300000011
S2140475D84000000000000000190000004076040087
S2140475E804000F00800000000000000000000000F7
S2140475F81C760400030000004000000000000000A1
S214047608190000004076040004000F008000000003
S2140476180000000000002001200000000800000010
S2140476280400422130000000B476040000FF420043
S21404763830000000000000000000F00840000000D1
S214047648D57604000100230440000000DD7604001B
S214047658060030014000000000000000FDFF210283
S2140476684000000001000000190000041900010190
S214047678190002041900030119000504190006017B
S2140476881900070404004100412C010006004100CB
S214047698474B030019008100314901001900840092
S2140476A8BD53010000800000000000000643555347
S2140476B8544F4D00000000000000000000000000C9
S2140476C800000000000000000000000000FFFFFFAC
S2140476D8FFFFFFFFFFFFFFFFFF0004010401040193
S2140476E80401040104010401040104010401040161
S2140476F80401FFFFFFFFFFFFFFFFFFFFFFFFFFFF82
S214047708FFFFFFFFFFFFFFFFFFFF00010203040563
S214047718060708090A0B1F1C1F1E1F1E1F1F1E1FF5
S2140477281E1F07021F012F0037013F005701DF0203
S214047738E700FF0200000000000000000000000050
S2140477480000000000000000000000000000000028
S214047758000000000000000039240400190000009E
S2140477683F240400FFFF0000000000000A25040070
S21404777815250400211E04001D2504002B250400DD
S214047788211E04003E25040049250400572504004C
S2140477985B2504006B2504001DF403007B25040008
S2140477A87F2504008A250400942504009E250400E9
S2140477B8A2250400B0250400C4250400DA25040024
S2140477C80080000000000000000000000000000028
S2140477D8FFFFFFFFFF00000000000000000000009D
S2140477E80000000000000040000000000100000047
S2140477F8EDD9010000000000000000000000F03F82
S214047808000000000000244000000000000059406A
S2140478180000000000408F40000000000088C340BD
S21404782800000000006AF8400000000080842E4132
S21404783800000000D01263410000000084D797417E
S2140478480000000065CDCD4196F70300BC8E040009
S21404785800000000002F0400AC8E040000000000A6
S214047868052F04009C8E040000000000062F040068
S2140478788C8E04000000000017140400788E0400A0
S214047888000000000A140400648E040000000000CF
S2140478980B2F0400548E040000000000112F04006F
S2140478A8448E040000000000152F0400348E0400E3
S2140478B800000000242F0400248E040000000000AA
S2140478C8412F0400148E0400000000004A2F040010
S2140478D8048E0400000000005F2F0400F48D0400EA
S2140478E80000000058050400E48D040000000000B1
S2140478F86F2F0400A48D04000000000075330400F4
S214047908008504000000000022230400C08404004C
S21404791800000000762F0400008404000000000025
S2140479287F2F040004830400000000008C2F04004A
S214047938AC7E040000000000A8250400847D040032
S21404794800000000932F0400847D0400010000005A
S214047958972F0400447D0400000000009C2F0400B8
S214047968087C04000000000055D20300087C0400CC
S214047978010000008C2F0400AC7E04000000000008
S214047988A32F0400AC7E040001000000A82F040006
S214047998D47B040000000000B22F0400D47B04004B
S2140479A801000000BA2F0400047A04000000000056
S2140479B8CDD90300D07904000000000000000000C0
S2140479C80000000000000000E0790400BE2F040058
S2140479D8211E0400FE000000D62F0400A88504001B
S2140479E8000000004A3404009885040000000000E3
S2140479F8000000000000000000000000147A0400E4
S214047A08DB2F0400211E0400FE000000F12F0400F2
S214047A182887040000000000F72F040018870400D5
S214047A2800000000FD2F0400088704000000000082
S214047A3806300400F88604000000000007D7030098
S214047A48E88604000000000011D50300B086040090
S214047A58000000001FDE03009C86040000000000EF
S214047A68103004008C860400000000000CDA0300C2
S214047A787C86040000000000153004006C860400B0
S214047A88000000001C3004005C86040000000000AF
S214047A98B8E803004C860400000000002130040007
S214047AA8A07B04000000000028300400487B040083
S214047AB80000000030300400147B040000000000BE
S214047AC83C300400E07A04000000000000000000D7
S214047AD80000000000000000F07A040047300400AC
S214047AE8211E0400FE00000091EE0300C885040071
S214047AF800000000EF0F0400B88504000000000032
S214047B08000000000000000000000000247B0400C1
S214047B1868300400211E0400FE00000091EE0300F5
S214047B28E885040000000000EF0F0400D885040070
S214047B380000000000000000000000000000000034
S214047B48587B04008A300400211E0400FE0000004E
S214047B58A8300400388604000000000099350400A4
S214047B682886040000000000B730040018860400C5
S214047B7800000000BC300400088604000000000072
S214047B88C3300400F885040000000000000000006C
S214047B980000000000000000B07B0400C8300400A9
S214047BA8211E0400FE00000053EE0300D4860400E1
S214047BB800000000E5300400C08604000000000051
S214047BC8000000000000000000000000E47B040041
S214047BD8ED300400211E0400FE00000009310400F4
S214047BE86887040000000000A825040058870400DD
S214047BF80000000000000000000000000000000074
S214047C08187C04000E310400211E0400FE00000047
S214047C1827310400188804000000000014EB030051
S214047C28088804000000000030310400F8870400C7
S214047C380000000009310400488704000000000022
S214047C48353104003887040000000000423104007F
S214047C58047D04000000000050310400D07C0400B9
S214047C68000000005E310400907C04000000000060
S214047C78762F0400008404000000000000000000C2
S214047C880000000000000000A07C04006731040027
S214047C98211E0400FE00000049670400E88704006B
S214047CA8000000005A670400D8870400000000009B
S214047CB845FF0300C8870400000000000000000019
S214047CC80000000000000000E07C04008531040089
S214047CD8211E0400FE000000AF31040038880400AA
S214047CE8000000003020040028880400000000007B
S214047CF8000000000000000000000000147D0400DE
S214047D08B6310400211E0400FE000000CDD903008D
S214047D186C88040000000000EF0F04005C88040070
S214047D28000000009935040048880400000000009C
S214047D38000000000000000000000000547D04005D
S214047D48D6310400211E0400FE000000CDD903002D
S214047D589C88040000000000F63104008C880400A7
S214047D6800000000EF0F04007C88040000000000F8
S214047D78000000000000000000000000947D0400DD
S214047D88FD310400211E0400FE0000001732040022
S214047D98D089040000000000DFEF0300C089040057
S214047DA8000000004A320400B08904000000000005
S214047DB807D70300A08904000000000018D70300B2
S214047DC890890400000000001C3204008089040026
S214047DD8000000003432040070890400000000002B
S214047DE83D320400608904000000000044320400A8
S214047DF85089040000000000503204002089040062
S214047E0800000000993504001089040000000000F2
S214047E185F32040000890400000000000400040027
S214047E28F08804000000000064320400E0880400BF
S214047E38000000007B320400D08804000000000024
S214047E488F320400BC880400000000009F3204003F
S214047E58AC88040000000000AE320400787E0400FB
S214047E680000000000000000000000000000000001
S214047E78887E0400B3320400211E0400FE000000BD
S214047E88CA3204004089040000000000D33204000B
S214047E983089040000000000000000000000000014
S214047EA800000000BC7E0400211E0400211E0400FD
S214047EB8FE000000DA3204004085040000000000DA
S214047EC8E73204008483040000000000F032040053
S214047ED8C4820400000000000333040090820400F7
S214047EE800000000113304005C8204000000000057
S214047EF81F33040028820400000000002D33040009
S214047F0890810400000000003E33040068810400E9
S214047F18000000004B330400C88004000000000082
S214047F28563304007080040000000000693304001F
S214047F384880040000000000FB120400E47F0400EC
S214047F48000000007C330400A47F04000000000046
S214047F5887330400707F040000000000000000005F
S214047F680000000000000000807F04009A3304002C
S214047F78211E0400FE000000BE330400F08904003D
S214047F8800000000C4330400E08904000000000078
S214047F98000000000000000000000000B47F040099
S214047FA8C8330400211E0400FE00000001F003008C
S214047FB8208A040000000000FA330400108A040033
S214047FC80000000006340400008A040000000000D4
S214047FD8000000000000000000000000F47F040019
S214047FE81C340400211E0400FE000000CDD9030042
S214047FF8848A040000000000EF0F0400748A04005A
S21404800800000000F50F0400648A04000000000065
S21404801891EE0300508A040000000000383404007F
S214048028408A0400000000004F340400308A04002C
S214048038000000000000000000000000000000002F
S214048048588004005B340400211E0400FE0000006F
S21404805880340400948A0400000000000000000035
S214048068000000000000000080800400853404003E
S214048078211E0400FE000000A9340400E48A04005B
S21404808800000000F6310400D48A04000000000052
S214048098B5340400C48A040000000000BC3404009C
S2140480A8B48A040000000000C9340400A48A04004A
S2140480B800000000000000000000000000000000AF
S2140480C8D8800400D4340400211E0400FE000000F6
S2140480D842330400948B040000000000F1340400CA
S2140480E8848B04000000000096F70300748B0400D9
S2140480F800000000C4060400648B040000000000AE
S214048108A9320400548B04000000000001F00300A8
S214048118448B040000000000F8340400348B040088
S2140481280000000003350400248B0400000000004F
S21404813810350400148B04000000000020350400E9
S214048148048B04000000000033350400F48A04009D
S214048158000000000000000000000000000000000E
S2140481687881040045350400211E0400FE00000042
S21404817896F70300A48B040000000000000000002B
S2140481880000000000000000A0810400633504001D
S214048198211E0400FE00000001F00300148C0400F5
S2140481A800000000C4060400048C0400000000005C
S2140481B8A9320400F48B040000000000863504008D
S2140481C8E48B040000000000B2300400E8810400D8
S2140481D8000000000000000000000000000000008E
S2140481E8F88104009D350400211E0400FE000000EA
S2140481F899350400D48B04000000000091EE0300B7
S214048208C48B040000000000B3350400B48B0400DB
S214048218000000000000000000000000000000004D
S21404822838820400BC350400211E0400FE00000049
S214048238CDD90300348C040000000000EF0F0400BE
S214048248248C040000000000000000000000000069
S214048258000000006C820400DC350400211E0400C3
S214048268FE000000FC350400548C040000000000E6
S2140482780F360400448C04000000000000000000D0
S2140482880000000000000000A08204002536040058
S214048298211E0400FE00000045360400748C040009
S2140482A80000000014EB0300648C040000000000C7
S2140482B8000000000000000000000000D482040053
S2140482C84F360400211E0400FE00000001F00300DF
S2140482D8A48C04000000000074360400948C040087
S2140482E8000000008C360400848C040000000000A3
S2140482F800000000000000000000000014830400D2
S214048308211E0400211E0400FE0000009D36040001
S2140483182C83040000000000000000000000000099
S214048328000000003C830400211E0400211E0400F3
S214048338FE000000A9360400F48C040000000000C7
S21404834899250400E48C040000000000AF360400FD
S214048358D48C040000000000B3360400C48C040067
S21404836800000000B7360400B48C040000000000C7
S21404837800000000000000000000000094830400D1
S214048388C7360400211E0400FE000000CDD90300F1
S214048398748D040000000000E2360400648D0400B6
S2140483A800000000F5360400548D040000000000A8
S2140483B8EF0F0400448D0400000000000237040098
S2140483C8348D04000000000013370400248D0400D4
S2140483D80000000021370400148D0400000000008B
S2140483E832370400048D040000000000000000007A
S2140483F80000000000000000108404003F3704005A
S214048408211E0400FE000000593704009887040063
S214048418000000008C370400888704000000000071
S214048428C73704007887040000000000DE3704001D
S2140484388C84040000000000E83704005884040014
S214048448000000000000000000000000000000001B
S21404845868840400EC370400211E0400FE000000B3
S21404846849670400B8870400000000005A6704003F
S214048478A8870400000000000000000000000000B8
S214048488000000009C8404000B380400211E04002D
S214048498FE0000002CEB0300948D0400000000008E
S2140484A899350400848D04000000000000000000D4
S2140484B80000000000000000D08404001E380400F9
S2140484C8211E0400FE000000CDD90300D48D04004C
S2140484D800000000AF310400C48D04000000000052
S2140484E830200400B48D04000000000000000000E2
S2140484F8000000000000000010850400393804005D
S214048508211E0400FE000000C9340400EC8E04009A
S2140485180000000001F00300DC8E040000000000E8
S21404852896F70300CC8E040000000000000000004C
S21404853800000000000000005085040059380400BC
S214048548211E0400FE000000773804003C8F040057
S21404855800000000813804002C8F0400000000008E
S2140485688C3804001C8F0400000000001714040054
S2140485780C8F0400000000009B380400FC8E0400E6
S21404858800000000000000000000000000000000DA
S21404859805430300A6380400211E0400FF0000005B
S2140485A801430300B3380400211E0400FF00000042
S2140485B8D9100100C5380400211E0400FF0000007D
S2140485C875100100F2380400BA40040001FF0000E8
S2140485D8D910010032390400211E0400FF000000EF
S2140485E87510010060390400BA40040001FF000059
S2140485F80D110100A1390400C239040000FF00006F
S2140486080D110100CB390400283A04000000FF00CD
S21404861889110100363A04004F3A0400010001FFAC
S214048628F5110100743A0400B63A04000102FF008A
S21404863889110100CC3A0400FB3A04000100010247
S214048648FF000000050F01002C3B0400683B0400F3
S21404865807FF0000250F01006E3B0400A13B040041
S21404866801FF0000390F0100A93B0400F93B040090
S2140486780100FF00950F01000E3C04005F3C040057
S2140486880101FF00690F01006F3C0400A93C0400C7
S21404869801FF0000E90F0100B13C0400FA3C0400A5
S2140486A8010000010707FF00251201004C3D0400E5
S2140486B8A13B040001FF000025130100943D0400BB
S2140486C8D83D0400010700010700FF0063430300C8
S2140486D82D3E0400733E04000107000101FF00005C
S2140486E8AD120100AF3E0400EA3E0400010000FF9C
S2140486F87D120100083F04004C3F04000100FF00FF
S2140487084D1201005F3F04004C3F04000100FF00C7
S214048718F51201009E3F0400A93C040001FF000076
S21404872865130100D93F04000A4004000100FF0055
S21404873895FC0000211E040018400400000707FFEB
S21404874839FC0000211E040031400400000707FF1E
S21404875845010100211E04003D40040007FF0000F7
S21404876845010100211E04003D40040007FF0000E7
S214048778B5420300211E0400424004000000FF0026
S21404878821010100211E04002B17040001FF00002C
S214048798E9000100211E04007A40040000FF0000DE
S2140487A819FC0000211E0400211E0400FF0000001E
S2140487B819FC0000211E0400211E0400FF0000000E
S2140487C88B420300211E0400211E0400FF00000043
S2140487D88B420300211E0400211E0400FF00000033
S2140487E88B420300211E0400211E0400FF00000023
S2140487F8E9FB0000211E0400B04004000101FF004C
S214048808D5FB0000211E0400C540040001FF00003B
S21404881887420300211E0400211E0400FF000000F6
S2140488289DFB00008D310400211E0400FF0000009B
S2140488389DFB0000CF400400211E0400FF0000003A
S2140488481DFD0000F040040007410400000100007C
S21404885807FF0000834203002D410400211E040084
S214048868FF00000099FA000047410400211E040096
S214048878FF000000FD42030075410400211E0400A9
S214048888FF000000EF4203008F410400114004007B
S21404889800FF000019040100B4410400211E04006E
S2140488A8FF0000006DF90000CE410400211E0400FC
S2140488B8FF00000001F90000F14104006E420400C4
S2140488C800000310FF000000DDF90000C3420400A6
S2140488D83143040001FF0000B1F9000046430400D8
S2140488E88943040000FF0000C5F800009A4304000A
S2140488F8211E0400FF00000081420300C94304004F
S214048908211E0400FF000000A1F80000154404001E
S2140489181140040000FF00006DF8000056450400EE
S214048928AB45040000FF000051F80000C5450400EC
S214048938211E0400FF00000035F80000D545040099
S214048948211E0400FF00000071420300E9450400EC
S2140489586746040000FF000005F80000F24604001D
S214048968211E0400FF000000C1F700000F470400A2
S2140489783A47040007FF000081F700004447040054
S2140489889D470400000500FF39F70000504804001E
S214048998634804000002FF0015F70000924804002C
S2140489A8211E0400FF00000071420300A4480400CE
S2140489B8DE48040000FF0000A9F60000644904002D
S2140489C8AA490400000301FF99F600004A4A040075
S2140489D8904A0400000301FF35720100304B04007E
S2140489E8211E0400FF000000094F0300584B040032
S2140489F8D34B040002FF000045170100284C04006E
S214048A08C142040000FF000011170100504C040086
S214048A18C142040000FF0000C1160100694C0400AE
S214048A28211E0400FF00000041640100824C04007B
S214048A38211E0400FF00000019640100CF4C040046
S214048A48211E0400FF000000A5630100FA4C040080
S214048A58204D040000010100010102FF7D630100AE
S214048A689F4E0400C74E040000FF00005D6301002B
S214048A78EE4E0400211E0400FF000000A56201005B
S214048A88184F0400211E0400FF000000DB4D0300FD
S214048A98314F0400211E0400FF0000007557010032
S214048AA8574F0400884F04000002FF003D4C0300A3
S214048AB8E54F0400211E0400FF000000394C0300A3
S214048AC812500400211E0400FF000000295701006C
S214048AD82D5004005750040000FF0000E95401001C
S214048AE887500400211E0400FF00000065400100B2
S214048AF89A500400211E0400FF0000004D400100A7
S214048B08B2500400211E0400FF000000B54B030009
S214048B18CB500400211E0400FF000000A14B0300F4
S214048B28F85004007251040000FF0000F5530100D9
S214048B38B1510400211E0400FF000000E5520100A4
S214048B4829520400211E0400FF000000093F01000A
S214048B586D520400211E0400FF000000ED3E0100D3
S214048B688A520400211E0400FF000000653F01002D
S214048B7835530400211E0400FF000000593F01007D
S214048B88C35304000854040000FF0000253F0100F6
S214048B983F5404009054040000FF0000513D0100B7
S214048BA8C3540400211E0400FF000000E93101003C
S214048BB8EF540400585504000000FF00E931010092
S214048BC8AD5504000F5604000000FF00893201006A
S214048BD854560400875604000002FF000F4B030097
S214048BE8DC5604002A57040007FF0000BD330100C2
S214048BF846570400211E0400FF000000D13101007E
S214048C086A5704008F57040000FF0000DD32010095
S214048C18E8570400211E0400FF000000A12B0100F1
S214048C2825580400211E0400FF000000692B0100DB
S214048C384F580400211E0400FF000000E749030003
S214048C488A580400F958040000FF0000C5240100EF
S214048C584A590400C959040000FF0000D949030012
S214048C680F5A0400615A040000FF0000B9490300C3
S214048C78A85A0400F55A040000FF00008D1D0100E0
S214048C883F5B0400755B040003FF0000C51D01007C
S214048C98B05B0400F65B040003FF0000751C0100CB
S214048CA84C5C0400211E0400FF0000004549030034
S214048CB87C5C0400BA5C040000FF00003F49030023
S214048CC8CA5C0400BA5C040000FF000039490300CB
S214048CD8F15C0400BA5C040000FF0000334903009A
S214048CE8185D0400BA5C040000FF00002D49030068
S214048CF8405D0400BA5C040000FF00000949030054
S214048D08695D0400211E0400FF0000000F490300EB
S214048D188B5D0400211E0400FF000000C519010035
S214048D28B35D0400EC5D04000001FF00F1190100C6
S214048D380D5E0400211E0400FF0000000B4903001A
S214048D48385E0400211E0400FF000000AD1901006F
S214048D58535E0400211E0400FF0000006919010088
S214048D686E5E04009B5E040000FF000051190100BB
S214048D78B65E0400211E0400FF00000099010100ED
S214048D88E15E0400211E0400FF00000099010100B2
S214048D98085F0400211E0400FF00000089F6000096
S214048DA8195F0400211E0400FF00000055F60000A9
S214048DB82E5F0400555F040000FF000055F600000F
S214048DC8655F0400555F040000FF0000EDF5000031
S214048DD88C5F0400211E0400FF00000069420300A3
S214048DE8A75F0400211E0400FF00000049F20000EB
S214048DF8CA5F04003460040000FF000029F2000083
S214048E0857600400211E0400FF000000110E010034
S214048E18BD6104004A620400010000FFF50C01006D
S214048E2867620400BB62040000FF0000290D01000D
S214048E38D0620400226304000100FF00950C0100C0
S214048E4838630400256404000107FF006D4203002C
S214048E5835640400211E0400FF000000F505010027
S214048E684664040058640400000101000007FF007B
S214048E78ED04010093640400A464040000010100E6
S214048E88FF000000290D0100F364040004650400D3
S214048E98010000FF65040100F3640400366504005D
S214048EA800FF0000D5A4010047650400211E040045
S214048EB8FF0000007DF2000093650400211E0400F4
S214048EC8FF000000656F0300211E0400211E040035
S214048ED8FF0000009DB20100211E0400211E0400AC
S214048EE8FF00000061B20100211E0400D8650400DA
S214048EF802FF00000DBA0100E0650400211E04000C
S214048F08FF00000099B901000C6604002F660400EF
S214048F180200FF00E76F030058660400211E0400E1
S214048F28FF00000075B901007A660400986604001C
S214048F3802FF00004DB90100AD66040098660400FF
S214048F4802FF000001000000C84B002000000000DB
S214048F5800000000FFFF0000E948030000000000CE
S214048F6803000000FFFF0100C749030000000000DB
S214048F7804000000FFFF0100554A0300000000003B
S214048F8804000000FFFF0000D94A030000000000A8
S214048F9806000000FFFF00004B4B03000000000023
S214048FA819000000FFFF0100E14B0300B33604007C
S214048FB8D466002000000000000000000000000046
S214048FC80000000004670400389004000000000055
S214048FD80A670400387104000000000011670400E2
S214048FE808730400000000004A340400F872040001
S214048FF8000000001A670400E8720400000000007D
S2140490082C670400D8720400000000003B670400C4
S214049018C8720400000000004C670400B87204001C
S214049028000000000000000000000000000000002F
S214049038489004005E670400211E0400FE00000039
S2140490487967040060900400000000000000000037
S21404905800000000000000001D7603007E67040080
S214049068211E0400FF03010001013F040201003F22
S214049078040202003D040202003D0401020001024B
S2140490880003010002023D0402010002020201007C
S214049098020200000020202020202020202028284B
S2140490A82828282020202020202020202020202097
S2140490B820202020208810101010101010101010D7
S2140490C81010101010040404040404040404041007
S2140490D81010101010104141414141410101010195
S2140490E8010101010101010101010101010101015F
S2140490F8101010101010424242424242020202026B
S214049108020202020202020202020202020202022E
S21404911810101010200000000000000000000000DE
S214049128000000000000000000000000000000002E
S214049138000000000000000000000000000000001E
S214049148000000000000000000000000000000000E
S21404915800000000000000000000000000000000FE
S21404916800000000000000000000000000000000EE
S21404917800000000000000000000000000000000DE
S21404918800000000000000000000000000000000CE
S21404919800000000000000021000000064500020D8
S2140491A8801300200000020800000000FFFFFFFFF5
S2140491B8FFFFFFFFFFFFFFFF0000000000000000A6
S2140491C8000000000000000000000000000000008E
S2140491D82000000061E5010010000000D9E4010049
S2140491E800000001000001010001010120C001B8CF
S2140491F80000000000000000FFFFFFFFFFFFFFFF66
S214049208FFFFFFFFFFFFFFFFFFFFFFFFFFFFFFFF5D
S214049218FFFFFFFFFFFFFFFF030404080808080812
S21404922800B801B802B800B094C6040003040408E1
S2140492380805000000000000000000000000000010
S21404924800000000F8330000E0030000D8370000F0
S21404925814000000383E000008000000002F00003C
S214049268F8040000EC37000004000000343E000058
S2140492780300000000000000002F0000F037000084
S21404928801000000403E000039000000012F0000E5
S2140492980100000070B50822804B1A60804B1B68DA
S2140492A8DC0302D50020088070BD0C880019401E17
S2140492B800787C4DA870641C0C8045076D0F052D3E
S2140492C805D8794E3668F60603D5022D0DD0032048
S2140492D870BD9604AE401E4001D1082070BD052D11
S2140492E803D1104201D1641E0C80AA4848600020AD
S2140492F870BDF3B582B008886C490978491CC9B2B0
S214049308814204D202990918491E097800E000210E
S214049318644A517093785B075B0F01933023019C72
S214049328052C28D1194232D19478E5081E242C40FD
S214049338CD0702D5250001242C430125A14EE6407D
S2140493482E4072D0019FA04EE641402426403E435C
S2140493584C0602D5340020262643947889080D4006
S214049368A7080C2139402943C02525400D43202150
S2140493782943967051704A490C6855780221232669
S2140493882E4008D0660302D52B40202B01D005209A
S21404939882E0424B196093789B0601D4202203E0AE
S2140493A89278120702D540223C4B1A603D4A9278BE
S2140493B86B461A70C022854B1E680E4001D11542B2
S2140493C812D06E46377827263E40232E03D1E6026F
S2140493D807D4012606E0252E03D0212E04D1260321
S2140493E802D504262D4F3E601B6819402026019F8F
S2140493F8002F1CD11E4027D02A4B5B781A40402ADF
S21404940813D00C221A40042A0FD02A073BD4012270
S214049418002902D0E100CB0F5A4069460978CB07E9
S214049428DB0F1A422FD021012AD4072034E0022F5A
S214049438E2D11E4008D00029DED1CC232B4003D12C
S2140494486B461B785B0601D5032025E0A30311D5DC
S2140494589C4E73691B051B0D5B1C3668F60205D506
S214049468994E36683607B60F9B1B5B1E9BB2052BB8
S21404947804D1C1E7029B1B78052BBDD006200BE060
S2140494888021064A1160E90702D4401C0399088023
S214049498AB4803994860002004B0F0BD481002A801
S2140494A8C83E0000343E0000440002A8543E0000B3
S2140494B8F2B586494978CA0705D4009A12888018EE
S2140494C8401E037800E000239E4A106802249E4D3E
S2140494D82E68F60611D512695340DBB2002B03D169
S2140494E86E68D30973402340002B03D0020204D4C9
S2140494F80A20F2BDE206954E3260744A1E02C02364
S2140495080B403343914E336093785E07760F022EF2
S21404951806D16D682C4003D1002000990880F2BD5E
S214049528A0250D409E08102737402F433D090E07F7
S21404953802D42E0010253543CC240C401A262E407F
S2140495480A2E04D1CC2C02D02E00FD253540804EA0
S214049558EE40F60705D4000416D5412B10D1082989
S21404956812D17C48E84011210140214320200843B9
S21404957810700D210140009808D000F0A9F8F2BD3B
S2140495880B2B01D10029ECD00720F2BD00F020F8FF
S214049598F2BD00005F2F000038B50C006E490B784A
S2140495A81A0953399500491925881B071B0FEB1A06
S2140495B89A1A8018FEF756FE010002D1200000F021
S2140495C807F832BDF300A3E398144068480002A8DD
S2140495D8F8B50400614805683C4F3878D026304210
S2140495E802D00D21014005D008205D490860EF200F
S2140495F8FEF7F6FD39782000314204D0090939709F
S21404960800F066F8F2BD052129401FD002884D49AE
S214049618CA60544BEC0705D5521C0280690607D469
S214049628514B05E043242C40422C03D1521C0280A3
S21404963843600DE010224A4B1A604C4A09688B00B6
S214049648DB0F1901D1628021090311600021018012
S2140496580020F2BD0A888018401E0078830601D4CC
S214049668121D0A801822024004D00888520880185E
S214049678C01E088039480068C00702D50888401C00
S21404968808803948486000207047344A1368DB0766
S21404969808D51268920705D40A888018401E0078F0
S2140496A804280CD110202E4A10603048254A126827
S2140496B89300DB0F1A01C2628022120302600020A4
S2140496C8088070470C4000A8080001A8343E000033
S2140496D831B581B02649002000900822254B1D7814
S2140496E802230C24254202D10022234903E02C40FD
S2140496F8082C00D10222EC0703D50C001E21614079
S21404970800931D4207D015490968090601D51B4967
S21404971801E00021C943019B194C21601949FF2423
S2140497288C70009C15012543CD7008701888009924
S21404973840188018188014485860002036BD000069
S2140497481D310000C83E0000440002A8441002A8C8
S2140497580D0F0C0D071708504B3F0000480002A8D1
S214049768482002A8C1320000F73200001C1002A8E4
S214049778DE1B2501343E00002084100000FCFF0197
S214049788F43E0000483F000005320000343E000066
S214049798C1290000D9290000D9290000D9290000C8
S2140497A8D9290000D92900000000000000000000A4
S2140497B80000000000000000D9290000D929000094
S2140497C8D9290000192E0000D929000055230000C5
S2140497D865230000F123000039240000B3240000A8
S2140497E81D260000D3240000BD2600001F25000007
S2140497F85D250000D5250000312800000129000059
S21404980827230000632B00004D200000812B000056
S214049818F52B0000D9290000D52C00009D2C00004B
S214049828D9290000D9290000212D0000D9290000D3
S214049838D9290000D92900005D1000005310000043
S21404984867100000711000007B1000008C488068C8
S214049858000200D4704780B580208002A8490860BA
S214049868CF2000F045FA01BDF8B586480068864C56
S214049878802292032260854E316809051DD5110B96
S214049888A023034001D0216017E002403FD180277F
S2140498987F4A17607F4A1760084038D0784D287A80
S2140498A8400705D501207C49086000027B4908600A
S2140498B82878002801D0062801DB0020F2BD00F035
S2140498C851FB716889684E682978052907D1B90556
S2140498D8A1606E60B668CC218901704A116000F0F8
S2140498E84AFB012E00DA0226BC208005854908605A
S2140498F8942080058449086065480021C9430164AA
S2140499087142416481490F6040210160D5E7AE4841
S2140499180160FFF79BFF0120F2BD5A4801688905DC
S21404992804D5C06E0004000F022801D0002070473A
S2140499380120704738B580245548046000F012FBAF
S21404994805007348006800F05FF9280000F013FB70
S214049958FFF77CFF4A48007A000705D5A0004A4965
S214049968086000F0FEFB31BD600397490860AD4807
S214049978046031BDFEB50500CC20800193494860DB
S214049988012693480660FFF7C8FF002877D03C4CAA
S2140499982078002873D031020195052802D02A467B
S2140499A80A406CD1CC27BF01884A17609E4A1268C1
S2140499B853075B0F022805D1022B5ED308013749EB
S2140499C80860F7BD4D01032804D1022B55D9334846
S2140499D80560F7BD042802D111404ED0F7BD05280E
S2140499E84BD10198002848D0C005C10F684641707D
S2140499F80198C004C10F6846017000F0B3FA0290DB
S214049A08606869464978002903D006688021214A97
S214049A1811602C04A7496A461278002A0CD0C2683A
S214049A280B68D21AA44B1B68234001D0066800E0D2
S214049A384668964200DD1600684640786A461278FC
S214049A48024308D008684242B01E824202DA7042D4
S214049A58886000E00026029800F08DFA01988005D8
S214049A6801D5964804600198054001D094480460DE
S214049A78002E02D009480760F7BDFFF75BFFF7BD65
S214049A88403E0000400002A8402002A8C83E00004D
S214049A980CC001A890E001A894D000A8505201A8D0
S214049AA838B5802487480460012049490860864DF3
S214049AB82878052802D0600084490860FFF72DFF3F
S214049AC8002812D012480068000A80214140A8687D
S214049AD8000EC9B2814208D2534800684007400FB6
S214049AE8022802D2FFF726FF31BD79480168C02252
S214049AF80A4002D1C06F204001D00448046031BD3A
S214049B081C1002A808E001A808D001A894D001A84F
S214049B1818C000A8F1B582B00F008026B600A020B1
S214049B28384002D06B4806604CE000F01BFA009000
S214049B3869480468F80202D5A0680069029000F033
S214049B485FFBB102606800F069F921782000002202
S214049B58491C43788B4200D2002118234B43C5186E
S214049B680C352B78082BF3DA0C0001708560564800
S214049B78297801703E4007D0574909688968CA6839
S214049B88F90201D403218A43826001261046304034
S214049B9803D100F0F6FB00F0B4FFF104686900F0A6
S214049BA83DF93C2000F0A4F8E0B200F0A1F80098D3
S214049BB800F0E1F930054749086048480660300275
S214049BC8024908600298FEBD401002A84C6201A82B
S214049BD894E000A810B542480068800501D4FE2029
S214049BE810BDC02080033F49086000F0BBF93A491D
S214049BF809688A78D20702D589688C7800E00C78D8
S214049C0800F0B9F9200010BD334909688A688B78D2
S214049C18DB0704D5927818235A438A180C329060C6
S214049C2870470000100002A8084001A8F1B582B0E9
S214049C382D4F3C680026200F000702D1E001029051
S214049C482AE000F05EFF00F08DF9019080210903F8
S214049C58606800F0E3F825786D1C6078A84200D2A6
S214049C680025E80020180C30009000680290802137
S214049C7809030098406800F0D1F83D2000F038F851
S214049C88E8B200F035F825700098A060019800F056
S214049C9872F902A800F09AFF14480068800407D5F1
S214049CA8786901F050FC02990818029000D50296CB
S214049CB80298FEBD48C001A8480002A8481002A899
S214049CC8482002A894E001A8403E0000506201A87B
S214049CD814C001A8402002A8CC3E000090E000A8CA
S214049CE8400002A8401002A8D03E0000FC0302A8C8
S214049CF841490968002901D5404908607047F3B509
S214049D0881B03F4FB9683F4C4A004CD5012509013C
S214049D1800D5212501003C4A106856682268920638
S214049D28920E94463A689300802213406246134380
S214049D38802252001A4300920A0023D0890601D5CD
S214049D48012008E0F021014007D16946097A0C226F
S214049D580A4002D0022000F03FF82C49096809049A
S214049D680AD53968090701D5022605E03968490382
S214049D7801D5002600E003264835009A24490968D8
S214049D88890003E0009A2249C96909094023194051
S214049D9811439A00002E02D016432666083521661B
S214049DA8024322662566E06D4407640F00F0C4F893
S214049DB8A0070BD0052C09D0B868000406D400F018
S214049DC8D1F80221134A116000F0D5F800F0BDF866
S214049DD8002000F001F8F7BD0B490A68F0239A43FF
S214049DE8000110430860C0B270478020C0020A49C8
S214049DF808607047000000004C0002A8884000A8CD
S214049E08440002A8284000A8683F0000384101A87A
S214049E18084001A87CD40350485000A880B5664A78
S214049E28116001F0BBFBFFF7E0FF01BDFEB500F0D3
S214049E3899F802901020614908600023604803607E
S214049E480220604908606048C0684005C20DD52AEB
S214049E5801D2D52204E0D1204000824200D9020073
S214049E6810000100594C0194843C246864011DD5F3
S214049E78574C0094251D574E367806277E43AA531A
S214049E880024019D2D7CE540ED070CD5009D062693
S214049E986643AD19AD888FB2BD4200D2290086B29A
S214049EA8AE4200D22800641C022CEAD389B246319A
S214049EB80904494C0C404638C005C00D20434249A5
S214049EC80860C0200006454908604048017D00290E
S214049ED80CD04349D52A02D98024E4050C60D12441
S214049EE86400A24202D2802424060C6010213D4C51
S214049EF821603D490B604188002900D10280029800
S214049F0800F039F8F7BD80B538483949086039484B
S214049F18C1680902090A19225143416005210160F2
S214049F28FFF784FF01BD33480068C00300D47047B8
S214049F3880B5FFF77BFF01BD8020C0021E4908607C
S214049F482D4800684007FBD470478020C0022B4980
S214049F580860704701E02A4908602A4909680140F0
S214049F68F9D17047284800682021284A1160102132
S214049F78274A116070473021014002D11020234936
S214049F88086070472048006830210140102901D134
S214049F9801207047002070471E48007806210140BB
S214049FA807D01D480068022803D0032801D00120E2
S214049FB87047002070470000401002A8F41302A857
S214049FC8048002A8409002A87C400050743F000019
S214049FD8643E0000603E00000000FF01A0600050E0
S214049FE8A4500050F42302A818E000E07F1A0601E3
S214049FF8500002A810E000E0400002A8402002A892
S21404A008282002A8280002A85C0002A85C2002A84F
S21404A0185C1002A8BC3E00006C3F0000F8B553482C
S21404A0288021490281610221514A51600021514A26
S21404A0381160514A118003214D4A116002210160C2
S21404A04820204E49086080204D490860CC208001B5
S21404A0584C49086001204C4908604648806F0090C7
S21404A0680F24070B274049480068C505ED0D103D29
S21404A078C0202843C0B2FFF73BFE3E480069800371
S21404A0880AD5092F08D0FFF787FF002802D04048D2
S21404A0980068804701F0D8F80098044000943D48CA
S21404A0A804680098032803D0022806D1032F3AD060
S21404A0B800F002FA0098032803D0062F33D1062DA1
S21404A0C831D0354800680104C90F01D001F084FB7B
S21404A0D832480068000109D5052D07D1012501205D
S21404A0E82F4908604005FFF735FF00E000252100EA
S21404A0F8380000F0E3F904002A4E002D06D000F0DC
S21404A10889FB0120306002202749086080208003EC
S21404A1187065800925490860FFF73EFF002802D0CD
S21404A128234800688047124880214902C161002FED
S21404A13808D10221416000200E490861C020C000F1
S21404A1481C4908602000F2BD80B5FFF7F5FE1A48E2
S21404A1580078800602D4022018490860FFF7F5FE46
S21404A16801BD022016490860704700002C1002A89A
S21404A178282002A8340002A8743E000094E001A82F
S21404A1880CC001A8506201A894E000A804ED00E001
S21404A198E8370000B44000A800E200E0F03E000003
S21404A1A8645000A8646000A82C4000A880E200E080
S21404A1B8E43700002C6001A8C83E0000081002A876
S21404A1C8082002A87B480068800700D4704730B58A
S21404A1D881480421904A0123E024E4008568254048
S21404A1E802D01360D160D3600068044002D01360C4
S21404A1F85160536030BD8948012181600160704711
S21404A20810B5012075498A680240FCD1844A0423A3
S21404A218D3600C680440FCD15360106010BD8149BB
S21404A22808680122104200D1704710B5E023DB000D
S21404A2380340FF24A41CA34204D37B4B1B689B0641
S21404A24800D54868024001D000F0B6F810BDFEB547
S21404A2580700C820754908600620754908608020EC
S21404A26840037449086074480168744A0A408021A7
S21404A278090111430160724CC020C0002060022509
S21404A288A56168036F4908606F4E7048F0664C20F5
S21404A2986F49C86638686F498968814201D2009157
S21404A2A800E000900099401A38600121380000F058
S21404A2B855FB01903868009940183860FFF782FF0C
S21404A2C8634800686349086063480168490601D51D
S21404A2D8624900E0624931670199002908D10321DF
S21404A2E8E16100683068054002D080208002206161
S21404A2F80198FEBDF1B55B4C8020C00120605A4D24
S21404A3080126AE62594F3E601D20286056206866B6
S21404A318072001F009FB0220286006212966544913
S21404A3280968002902D408212966696651492965FD
S21404A338C021C900504A1268F823DB01134001D132
S21404A348A96700E07961E16B314008D0216BC90741
S21404A35805D44A490968084001D101F0EDFA48488D
S21404A36848490860206B064001D1FFF72BFF009888
S21404A37801F0C8FA206B8001FCD4206A42490860C0
S21404A388F1BD30B53748414B0121026B0A4001D173
S21404A3985961D9603E4A3F4C54663F4C14650324C1
S21404A3A81C600023CE4D2B6014609162C9030160C3
S21404A3B830BD00004C0002A8F0210901374A11609C
S21404A3C80140374801602020364908603649096844
S21404A3D80840C849086070476C0102A8700102A8C2
S21404A3E880B532480821324A13680B4001D001610F
S21404A3F841611178C90602D5862109010160FFF773
S21404A4080EFF14202B490860BB480168490701D091
S21404A418FF21416101BD0000681102A86C2102A851
S21404A428682102A8783F0000400002A8548001A8CA
S21404A4380C9001A8942002A8680102A8FFF1FFFF67
S21404A448441102A8A01002A8E40002A8294E060097
S21404A458300002A8A03F0000FC0302A8CC3F00007E
S21404A468C43F0000100002A8E01002A8442102A875
S21404A47828C000A80C1E0000A88001A8483E0000BA
S21404A488FFFF7F7FB46000A89C3F0000602102A8FD
S21404A498E02002A85E060000041E00002C6001A846
S21404A4A82C5001A8442002A8084001A8301102A88C
S21404A4B8F84F0000703F000070470000F8B586B0FB
S21404A4C805000C008D48866AFFF74CFD0590B0051C
S21404A4D803D58B480068FFF797FB002001900122FC
S21404A4E87306DB0F87498F688860B8204000864E5D
S21404A4F830606608B82030400978F0260E40402EB2
S21404A50802D10100402008430D2D02D1390004274A
S21404A5180F43790704D501001420084310218C43FF
S21404A5287A4909686D462A7004930500784EC8056A
S21404A53806D5802040007749086028000125054391
S21404A5480498002811D10C20284008280DD028008B
S21404A5586A49496BCA0601D410229043890601D475
S21404A56820218843B121014067D068460078002836
S21404A57865D0B26BB06D012101235207520F921DAC
S21404A5889340C004C00C181A80B2082809D2802543
S21404A59806205A4A106008049D4A106000206A463D
S21404A5A81070812028404DD00820049A002A00D133
S21404A5B830623A0008271743102084430420039087
S21404A5C80005984A10604008974A1060974801604A
S21404A5D868460078002832D00398062838D394486A
S21404A5E8806BC00634D593480068000E01909048E6
S21404A5F8006880B202908F48006A000604D0029869
S21404A6088021490101430291FFF7C6FC002809D0BE
S21404A61889480078C00605D002988021C9010143FC
S21404A62889B2029102983061029800123061374864
S21404A6380168C80500D57AE70AE008203062009465
S21404A648049732E090A06906C90E405C0390BFE701
S21404A6580094049703982949CB6A764A12683468A2
S21404A6686F463C8128241C400443980CC0012043B0
S21404A6781C001B0E23401024234003439000402252
S21404A6881040184302AA9070086B000A02A9C87002
S21404A698FFF7A0FA02A9087101984871674800688C
S21404A6A8C8800298F0660398F0660598FFF763FC7E
S21404A6B808240098400601D55A488460FFF76CFCC5
S21404A6C8002805D05E480078002801D05D4804605C
S21404A6D80498C1B2E8B2FFF712FB009807B0F0BDC1
S21404A6E8400102A8081A03D2574909684018401CB2
S21404A6F870470000441002A80C4000A8180002A8DE
S21404A7081CC000A8683F0000B46000A81C0100AA8A
S21404A718540000AA1C2100AAF8B54C4E0F240125A3
S21404A7284B491027706B38401BD0012008704948E5
S21404A738006849490968FFF7D5FF48490968401879
S21404A74801284BDB01F0A4F945490968090B0C40BC
S21404A758022C41D16905434A11604349CF633560E9
S21404A7683AE0F06BC0001ED540480068E021890531
S21404A778014033D03A4D28682103014078028142CB
S21404A7882CD1FFF7EFFB3A4A3A490968C90502D5BE
S21404A7983949096811602968090B21400229F3D050
S21404A7A8FFF7E9FBF1BD354E3068002816D00D706A
S21404A7B801F0A8F8002811D101F06AF928490968B7
S21404A7C8090B0C40022C07D12904264A11600221E1
S21404A7D8254A11600021316001F05EF9F1BD802040
S21404A7E8800427490860704780204004244908608C
S21404A7F870478020C00422490860704780200005FE
S21404A8081F4908607047802040051D490860704746
S21404A818141100AA1B480168490701D0FF214161A9
S21404A82870470000401002A8205001A8006101A843
S21404A8381C4000A8084001A8C43E0000448001A8A3
S21404A848F0370000845000A838C001A8100002A8F9
S21404A858773E00001CC101A820C001A8E03E000005
S21404A868AC0002A81C1002A8082002A8204001A8D0
S21404A878800000AA084000A8904000A84C3E0000AB
S21404A888382002A80C4000A803010706030107069F
S21404A898050106060501060603020706030207065F
S21404A8A80502060605020606FF2807D0032805D271
S21404A8B8A9490978C140C807C00F704700207047E7
S21404A8C8F0B5802000020821A44A11600A23012159
S21404A8D8A34A01249C400443B6A5ED5C2543956031
S21404A8E8F025A04E35609D4DB5A6F65C0227374385
S21404A8F82F6004262E609C4D2D680D4006D1CD028F
S21404A9086D1E03D0966C3603FAD401E00220F0BD1F
S21404A918956CD66C6D036D0BAE4200D220005B1EA0
S21404A928D7D508238F4C23609060904B1B685B0137
S21404A93812D58F4C63785D1C01262E4066701D0068
S21404A9480626754365191268AA80E880237082482B
S21404A95802789940114301700020F0BDF1B582B029
S21404A968FFF749FC002481480068400102D401200E
S21404A97801901DE07F48826B00207D49C3B20625FE
S21404A9886B43CB189B8895B2AB4204D0401CC3B229
S21404A998022BF3D3FF200870012001907348006847
S21404A9A8400105D50878FFF77FFF002800D00194FA
S21404A9B87148006871498861714D02980068296D6C
S21404A9C84618002E15DD00F072FD2860C001301A06
S21404A9D800280EDDFFF714FC00F093F802980068D0
S21404A9E8296D401800F08EFF050002D00298046016
S21404A9F885E0644E802080003060604A106807282E
S21404AA082ED005210840052805D011600C2000F03A
S21404AA188BFF050073D15C4D5C482862FFF7F0FB9A
S21404AA2802202860E020C0025949086000025949FB
S21404AA38486080208004706002203060012000F0A6
S21404AA4873FF802040002862022000F06DFF9020EB
S21404AA5840012862022000F067FF8020C0002862B8
S21404AA684D4EE02040003060042000F05DFF0500F5
S21404AA783CD10220474908608002B062C001B06237
S21404AA8810203C4908600127F765402643480068BB
S21404AA9830401BD135480068400113D53448007847
S21404AAA86946087068460078FFF7FEFE002809D055
S21404AAB82F4869460978062251434018C0882D490C
S21404AAC8086403E0FFF7FCFE05000FD12948076079
S21404AAD8C467022000F028FF314C2660B0002060CE
S21404AAE8022000F021FF8120C002A06201980028FD
S21404AAF805D02A480068800101D4FFF714FA280014
S21404AB08FEBD70B5FFF777FBFFF77AFB02261948F8
S21404AB180660244DF0022862C4082C62012000F066
S21404AB2803FF600828622E601F482862E020400061
S21404AB381B490860174D2E60FFF7FEF91B4E307848
S21404AB48002800D005200D490860FFF7FEF92C60A0
S21404AB5817480068706370BD843F0000889001A899
S21404AB68448001A888A001A8140002A8F03E0000AA
S21404AB78603E00000C8001A8F80302A83C0102A865
S21404AB888C3F0000941002A83C1102A8BD080000DF
S21404AB98142102A8942002A82C9001A84C0002A80C
S21404ABA82CA001A83C2102A8FD680000603F000014
S21404ABB8300002A80000000101020408102020004A
S21404ABC8505050404040403020202000F8B5040043
S21404ABD8FFF716FB2948C021C900294A1268F8233A
S21404ABE8DB01134002D1274A116000E0016000949B
S21404ABF82549AC2252008A640A220A602349802224
S21404AC0852030A60224C626A224B13408022D20006
S21404AC181A43626280222260022242605003C8609D
S21404AC281D48E0601D4E4C20F0661D4D686996214F
S21404AC38C901471800980068874200D30700C01B5C
S21404AC480099086000210098FFF788FE00990968B3
S21404AC58C919009A116031682960124909684906B9
S21404AC6801D5114900E011492161F2BD8020000197
S21404AC780F49086000010F4908607047582102A868
S21404AC88AC8001A8581102A80C8001A8941002A848
S21404AC98440102A8FFF1FFFF286E0600300002A850
S21404ACA8903F0000FC0302A8CC3F0000C43F00000D
S21404ACB8401002A8685000A8F1B584B0B4480068EB
S21404ACC80390B448006B9621C90140180499884239
S21404ACD805D2081A00F016FE002800D013E2AE4C7F
S21404ACE86068C00700D50EE20420AC498862800379
S21404ACF8AB494862AB480568606B8607B60F032EF7
S21404AD0803D01020A549886224E0084680218902D9
S21404AD184162A16B890601D5012062E0290610D597
S21404AD28A26B02210A400CD19F4A05231360A36B29
S21404AD3810273B401943116000211160616B090A12
S21404AD48116004218162A06B002803D5C8039349C7
S21404AD5848620026606B400705D5606BC0008021FA
S21404AD684900084003E08B488068C10701D5FFF70F
S21404AD7823FB0122154008D0B748B1014018006AE1
S21404AD88C004C00C401EB549086000200021B44B1E
S21404AD98DB6E1B0417D5B34B1B68002B13D4012199
S21404ADA8AE4B5B69002B0ED0AF4B1A70AF4A1060DF
S21404ADB81022AF4B1A60CA06AE4B9A670723AD4DEE
S21404ADC82B60AB4B5A65AC4AC0239B001360350214
S21404ADD8002901D0190000E02900CC4E31605360E8
S21404ADE87560E16B942292050A40150000D001258F
S21404ADF880263602284300062CD06A482821405C60
S21404AE08C0210140402902D1FFF79EF901E0FFF76F
S21404AE18A8F9202020602D0600D174E1944D606BBB
S21404AE28400708D570085E4948620220686000F04A
S21404AE3859FA002806D0042058498862400258491E
S21404AE4848626E6057480078000600D45BE130011B
S21404AE585249FEE00125606828405AD1AC4800688B
S21404AE68C005400F022803D0032801D0062802D1C3
S21404AE7869464D7005E0002069464870A548A6490D
S21404AE884860680446498862FFF756F87348406E77
S21404AE98E16B0E4008D1C00606D5FFF763F8022119
S21404AEA89E4A1160FFF767F8FFF74FF828032060FB
S21404AEB89B4EC02000067060280497490860606BA3
S21404AEC84007C10F684601703020039949072CD5FE
S21404AED84021A24A1162904F4901396603219164C0
S21404AEE80021116030607D6580207060062000F0C7
S21404AEF81BFD00280DD12802F866022000F014FD78
S21404AF0828029749886618207060082000F00CFD0F
S21404AF18002800D0F7E024207060E020C0029049A2
S21404AF28C865A020C00238666FE0E16BC90246D542
S21404AF38BE4949680902090E01914909022901DB3B
S21404AF48884A01E0B32292000199302937D311497F
S21404AF580B88E72B33D395277F00BB4205D8FB1A0B
S21404AF681B095A43920A534204E07F4FDB191B0914
S21404AF785A43930A5BB2019AD2180F6BBC46CF6B3E
S21404AF887B436746FB180B639F2A0FD39F2210E068
S21404AF98FC0302A8743F0000100002A81C2002A8A4
S21404AFA81C1002A8C83E0000E40000AA202A00D804
S21404AFB821221102114312040A4329490A606749E7
S21404AFC8AA020A629A4A8A6414220A603060524FB5
S21404AFD87D65E020C0026249C865A803B8664002D9
S21404AFE87060062000F0A0FC002833D12D06FD660C
S21404AFF8022000F099FC5A488566680970600820A3
S21404B00800F092FC002825D17560032000F08CFC23
S21404B01888481849886700F04AFA874D401DC001D9
S21404B028296B401801908548406F8021C901084063
S21404B03802900846824908600198049988421FD2FB
S21404B0480846296B401A00F05DFC002816D00298C2
S21404B0587C49086057E000BF0C0000AA204000A8FE
S21404B068CC4001A8784201A8763E0000703E000055
S21404B078645000A83C6000A8046100A804980190E5
S21404B088206AE86204270398384001D0402002E08A
S21404B098F8057060C0087060012000F045FCB8012F
S21404B0A81D490860019800F02DFC8A4E6846007811
S21404B0B8002805D161480068F061380586490860AB
S21404B0C802986049086085488549086024487902DA
S21404B0D8416669464978002900D10760206A686293
S21404B0E868460078002808D0012000F01DFC307857
S21404B0F8000602D5780492490860E06BC00202D5BF
S21404B1084A480068286305B0F0BD00BF045100A88B
S21404B118204001A8040000FFB41002A87CE40350F1
S21404B128441102A810B5FEF71DFF864900240C60DA
S21404B1380A22CA61FEF71FFF8348C02189020160FC
S21404B14882494160824810210160C9054165402052
S21404B158804908608048047010BD0000400102A8B9
S21404B168B82002A833070000D6FEFFFF7B48406BD2
S21404B178800300D47047F8B579480468002700208F
S21404B18800257849E20706D5C02080028025ED030D
S21404B198EA0A0A6003E0A20701D4032040252843EC
S21404B1A8C862012000F0C0FB802040006E49086792
S21404B1B808206E4908606E490968090203D46D4977
S21404B1C809680140FBD0012000F0AEFB6A4EE00798
S21404B1D802D58020800430643564042000F0A4FB83
S21404B1E8600702D5E020C002F0606448306401209D
S21404B1F800F09AFB62483064C320000630645A485C
S21404B2088021490201671021B163890271615D4991
S21404B2180F60012232603022F2638F628021890136
S21404B2284E4A116009010160F1BD0000F83F0000B4
S21404B238F3070000FFFF7F7F743F000020C001A8CB
S21404B24894E001A894D001A8F8B54F4800680D27E3
S21404B25807400424002F00D104274C481025660311
S21404B26808214B4A4B4B1B682340126814D0426093
S21404B278394004D00220FEF7AFFD474806603C403C
S21404B28807D046480068054344480560B008424964
S21404B29808600220424915E00260394005D00220C1
S21404B2A8FEF79AFDA0023C4908603C4006D03B489D
S21404B2B801680D4305607009374908603848066018
S21404B2C8300329490860FFF751FF00210020FEF7E4
S21404B2D816FDF1BDC83E00001C1002A803000300BA
S21404B2E8482102A810B580202E490A6802400AD0D0
S21404B2F82D4B1A680624144005D15C6E2B4A22404E
S21404B3081B6D9C0101D5002010BD096808400DD0AE
S21404B3182748824203D1180501D5012010BD2548C7
S21404B3280068C107C90F481E8041C00F10BD2248D7
S21404B3380321C163A82181631021016070470000BE
S21404B3481C2002A8D80000AA402002A804000080F6
S21404B358646000A82C4000A8763E0000100002A8EE
S21404B368FC0302A81C1102A8442002A84C6201A8E7
S21404B378C44001A84C4201A8082102A824000001E0
S21404B38898008800600102A8B44000A8E83E0000BF
S21404B3981CC101A8440002A8401002A8683F000087
S21404B3A8685000A8400002A814C001A81F1F000087
S21404B3B8010C000030C101A8082002A86C480068E7
S21404B3C80121084209D16B4A12686B4B000C1840DD
S21404B3D8F03291400B40984201D00220704700207A
S21404B3E87047F8B507000F386A461080604CA068A6
S21404B3F80A0004D16B461B8882B29A423AD20022CB
S21404B4086B461A80012502263A0013D02268324079
S21404B41807D000292ED059480088401C5749088070
S21404B42800203900E16056490E6080B2B84201D364
S21404B43869460D805348456000E030BF20683040B8
S21404B44803D1FFF7BBFF0028F7D04D484560390005
S21404B45810D02168314005D048490A886B461B88B5
S21404B468D2180A8006600020E060A068B84201D2BC
S21404B47844480660FFF7A2FFF2BD38B5050000F0A1
S21404B48807FB0400012199204543A8093E4A12688F
S21404B4988018123880B2FFF7A4FF05008020C00188
S21404B4A83A490860200000F0F7FA280032BD33480D
S21404B4B803883549096802889342F9D110040818A4
S21404B4C87047FEB51238070C6946088000F0E0FAA3
S21404B4D80190274C294D2888B8421ADA01202C49AD
S21404B4E80860274E30BF02202168014006D030602D
S21404B4F84003264908602888401C2880FFF75EFF1A
S21404B508002802D12988B942ECDB012171600028A1
S21404B5180DD12888B8420AD1A068694609888842A5
S21404B52805D2002168460088FFF75BFF01E0FFF7B5
S21404B53845FF04008020C00114490860019800F003
S21404B548ABFA2000FEBD10B512490A680E4B1B68FC
S21404B5580C689442FAD0DB014033141A02D2886984
S21404B5682418641C0C4800684443181B10BD0000CB
S21404B578280002A804ED00E0FF3F0000743E000027
S21404B588282002A8281002A8300002A880E200E0BA
S21404B5982C1002A820C001A8B43F0000F0B502E0B1
S21404B5A80A601C602E607EC84F1C07D05F1C04D03F
S21404B5B86F1CF5D10A601C60F0BD0A60F0BD00007F
S21404B5C880B5FEF709FC01207F49086001BD80B5F7
S21404B5D8EB2000F001F801BD30B57C490B68184033
S21404B5E81022134210D07A4B7A4C2468224008D092
S21404B5F8A84A14682402FF252D022540DD6200248B
S21404B6081460802252031A60086030BDF3B5010046
S21404B61816001C00002500959F48019A3300002751
S21404B6280BE0BC464F5D4743AE009E597E40575DCF
S21404B63847433740664637436D1CA542F1D339095C
S21404B64839438A080A43510811430840C10901438B
S21404B6580F208A0B0A4302405040F6BDF1B582B06B
S21404B6680E0000208B490860FD25AD01EF7AA87A04
S21404B67801900F21394000910ED00B46874A88491D
S21404B6880298FFF7C3FF0199014082480160854884
S21404B69841438548084001D1012400E044013809A3
S21404B6A815D032003B0929000298009E6D7A751958
S21404B6B84019FFF7ABFF0199091101407548026864
S21404B6C80B0113430360002901D04800444377481C
S21404B6D80068204001D10420FEBD0020FEBD80B5D0
S21404B6E80A0000211180724952888018FFF7B6FFB5
S21404B6F802BD70B50F226F4B5C7905780F20204089
S21404B708C5402009284001259C79C4402C4001D115
S21404B718032070BD2F4C2468254005D09D6846003C
S21404B728AD5B6D1E644E3560DD78DE79C640F00785
S21404B73811D5E0060FD5002D0DD06048486008885E
S21404B748488008881C7800192A4080185A78801877
S21404B7582A09801800E000200880002070BD80B503
S21404B76857480168574A0820014201D050611061C1
S21404B778C90602D58621090111605349534A12683D
S21404B78812040CD5524A1268530401D5C00305E0C6
S21404B798C0239B0113404202934200D008600D4820
S21404B7A80078C022024002D180204005086049483B
S21404B7B8006820221040086047480068C00101D489
S21404B7C8FFF705FF01BD00002C4000A8703F0000ED
S21404B7D81C1002A8C83E0000F8B5404F38687E68BA
S21404B7E806403F4830403F4908608024A4033E4D45
S21404B7F8F00227D53D48016801200A0605D53C49CC
S21404B8080968A9602870022014E0014202D0394968
S21404B818A9600FE00020C9060CD52849A960364A55
S21404B82891780B071B0F12789A1809095118A980E2
S21404B838E880A888A880A888002801D0264301E0C4
S21404B848FFF7C5FE264023D0264E74603460A888C9
S21404B85800280BD0F969814208D3291D2748AA680D
S21404B86890470100F3D0FFF7ABFEF1BD01000CD002
S21404B878FC218902B161224902038A6134604C6062
S21404B888FA69824204D30C60F1BDEB20FFF7A4FEEC
S21404B898F1BD0000503E000001010101F83E000021
S21404B8A8383F00001111000021840000F43E000017
S21404B8B8183F0000483F0000204000A8531F00001F
S21404B8C8F84F0000302102A8441002A8384101A805
S21404B8D8204201A8084001A8CC4000A8B44000A80B
S21404B8E8FFFFDFFFB46000A8543E0000C83E000017
S21404B8F8EC370000671F0000493F0000D44000A84A
S21404B908B45000A810B5C409FFF7D1FD201A312891
S21404B91806DAC000183801D4C01EFDD5002010BDB4
S21404B9282000FFF7CEFD10BDC32148436F3801D46D
S21404B9381E38FDD500207047FEB5C020C004364921
S21404B948086036483649C86510243648046010200E
S21404B958FFF7EAFF00285ED1FF2000053249086099
S21404B96832483349086033482D49086025042E4870
S21404B9780560314807680820FFF7D6FF00284AD133
S21404B98808262E4806600120FFF7CEFF2A4880685E
S21404B99802902B4806602B48214908602248056017
S21404B9A80820FFF7C1FF002835D124480660012087
S21404B9B8FFF7BAFF204DA868019021480660184E84
S21404B9C8214830600299019800F046F80104FC20EA
S21404B9D88003084000900298C10B0198C00B00F041
S21404B9E83BF80006FC2189050140009801431748E6
S21404B9F80A0C4240FF239B1CD218104008433060B0
S21404BA082F60E00308490860286828601048046026
S21404BA18104981640020FEBD20E000A8F717000046
S21404BA282C0102A8401102A8B02002A80000380E73
S21404BA38B01002A810103030E04001A8E05001A869
S21404BA48E06001A830301010202020203F3F00007E
S21404BA58402102A8F7FFF00010B54904CA104004B4
S21404BA68C310991A00209A18D30F9A18521052180D
S21404BA788B115B0E5B18DB11D2182023541A01D4E1
S21404BA8822001843CC0F611849105B08F6D110BD84
S21404BA98EFF3108072B67047002800D162B670477C
S21404BAA880B5FEF779FA002802D0B74800688047C0
S21404BAB801BD80B5FEF7B2FAB448006800030AD49C
S21404BAC8FEF7FAFCFFF752FBFEF75BFC0120FFF7D4
S21404BAD829FBFFF716F880208005FEF73BFA01BD20
S21404BAE880B5FEF79BFA80204002FEF733FA01BDC4
S21404BAF8F8B5FEF721FA052097490860FEF725FAF7
S21404BB08964806680124264201D1FEF774FBFEF720
S21404BB1885FA9F48016800919E4A40681060B105FE
S21404BB28C80F002126420FD000919B4B5D68156014
S21404BB381D689A4A17687B1BBD4202D39769DB19AE
S21404BB485B1C974FBB42F5D3964D2960002804D05A
S21404BB5831000098FDF7DEFF00902868204004D1E5
S21404BB686846FEF774FB002802D10098FEF7C2FB6D
S21404BB78A94804606004FEF7EDF9F1BD38B5A74C92
S21404BB88E06BC00506D580200006206000BF00BF15
S21404BB9840082060FEF724FCFEF740FAFDF764FE32
S21404BBA805009F489F490860FFF77AFF8020C00277
S21404BBB8FEF7D0F9002D01D08020206001209A4994
S21404BBC8087031BDF8B5FEF729FA984F2C20385C72
S21404BBD80521014002D0FEF7B7FA01E0FEF7C1FAE4
S21404BBE88E4C0225F86A284001D0012020601020D7
S21404BBF8C0438F4908600026A6638E480660FEF791
S21404BC08CBF9002803D08C480068804700E03E60E3
S21404BC18FEF792F989480068E16B090407D400071F
S21404BC2805D5FEF79FF986490D60FEF7A4F9FEF7D9
S21404BC388CF9FFF794FDA804FEF78CF9F1BD80B5DE
S21404BC48FEF7ECF951480068000303D4FEF799FBA5
S21404BC58FEF757FF80204003FEF77CF901BD38B590
S21404BC68FEF7DCF96D4C2025FFF73CFB002806D0D0
S21404BC78206B000704D5FFF75AFBFEF7F7FF25608D
S21404BC88FEF77FFBFEF73DFF6E4800780C21014067
S21404BC98042902D1FEF758FA01E0FEF762FA6804AE
S21404BCA8FEF758F94020206031BD1CB5FEF744F96C
S21404BCB8052029490860FEF748F9FEF7AFF9FFF7AB
S21404BCC836FBB848006800906846FEF77FFF040015
S21404BCD8FFF7E6FE002C02D10098FEF7EDFF802061
S21404BCE84004FEF737F913BDF8B5FEF797F9AE4CDE
S21404BCF8256A5020284002D0FEF726FA01E0FEF70F
S21404BD0830FA464FFFF7EEFA00281BD1786B400747
S21404BD181DD4386BE0214901014018D1A80611D476
S21404BD28FEF70AF9256AA14E354207D0FF20C0431C
S21404BD382D182562802000059D490860FEF705F940
S21404BD482E4002D00120386001E0002020608020C8
S21404BD588004FEF7FFF8F1BD3C1102A8400002A8D3
S21404BD6880B5FEF75BF993480068400601D5FEF7F0
S21404BD7808FB0120FFF7D6F9FEF7C3FE8020C004AF
S21404BD88FEF7E8F801BD0000DC3700000C0002A846
S21404BD98B83F00004C3E0000D43E000020C001A876
S21404BDA801FF0000483E000010B526480468FEF768
S21404BDB835F981490968090328D40321C00601D541
S21404BDC8214001E0A0080140012902D1FEF7BCF990
S21404BDD80BE0200107D50E20FFF7F2FBA748042145
S21404BDE8016008210160FEF7BCF9A54C2069A54945
S21404BDF80860FFF755FE2068002807D04000122880
S21404BE0802D2FFF791FD01E0FFF737FB802080039D
S21404BE18FEF7A0F810BD0000402002A8100002A8F3
S21404BE2870012000B46000A8773E0000C43E0000FD
S21404BE38442002A8503E0000E0370000844000A8D2
S21404BE487CE40350F03E0000F8B584B0012668464A
S21404BE58067000270297FEF7E1F80390564C206810
S21404BE68000300D597E00320A849C86386480068FD
S21404BE78FB25AD010F210F220240032A03D0000B35
S21404BE88014006294DD1A2480068A2498E6DE16B8F
S21404BE98890701D59F49CE6DFFF755FB8619FEF72E
S21404BEA87BF800280ED02879C1060BD02868090D1F
S21404BEB84143890B761897490968002902D100027C
S21404BEC8400C3618002E01D5019700E00196606BE9
S21404BED80107C80F03212A6B0A40022A1BD1039ABA
S21404BEE8D20618D5AA68D30513D5A66B8A4B1E4066
S21404BEF89E4203D11021854AD1630CE092050AD4E8
S21404BF08E26B2823134006D16B461F70284A11603B
S21404BF1801E06A461770029068460678002E03D138
S21404BF280FE07C48406D0190FFF7DCF9002808D044
S21404BF38FFF7FDF90298002802D0FEF797FE00E006
S21404BF480026022071490860002E10D03020285C94
S21404BF580C210140042902D0A06BC00602D5FEF7C6
S21404BF68F3F801E0FEF7FDF82020606013E0FEF722
S21404BF7808FA802000060E49086068486849086080
S21404BF8801A8FEF723FE0400FFF78AFD002C02D161
S21404BF980198FEF791FE80200004FDF7DBFF05B04C
S21404BFA8F0BD0000CC3F0000D03E000000FFFF00BC
S21404BFB8441002A8440102A80C0002A8FEB50024F6
S21404BFC80194FEF72BF8FFF76BFD564EF06E564DB0
S21404BFD80007000F072807D17068002804D400203B
S21404BFE8FFF7A0F8286841E0012103204F4A736848
S21404BFF85B070BD44E4B1B680B4007D01368DF0552
S21404C0080BD55B0502D43368DB0503D40191916A2A
S21404C018890904E01021474B1960916A0909084008
S21404C02800900020FFF77EF80098002805D1706875
S21404C038C00602D4FEF795F801E0FEF785F800205E
S21404C0480199002903D13C480068FFF77CFA69691E
S21404C058401801D5009400E000906846FEF7F7F80B
S21404C068002805D10098FEF745F9A869054908602F
S21404C07880200005FDF76EFFF7BD000080E200E0B3
S21404C088AC3F00004C3E0000AC0002A8F8B5FDF733
S21404C098C5FF002400252948066B80277F0530063F
S21404C0A806D5300709D5FFF742F9FEF7DFFD29E084
S21404C0B801251F480068284019D00020FFF732F8E9
S21404C0C80220064002D01E490C60C8611D48046858
S21404C0D8002D03D02000FDF7A9FD0400FFF727F97B
S21404C0E82000FEF7E9FD3800FDF734FFF1BD1648D9
S21404C0F80078C0210140402902D1FEF725F801E066
S21404C108FEF72FF820200D490860ECE7082002A85F
S21404C1180CC101A86C3F000010000010FFFF7F7FD1
S21404C128B46000A8400002A8BC3F0000C83E000057
S21404C138B44000A8441002A81CC101A8100002A814
S21404C148180000AAD83F0000F03E000000F03CF8B3
S21404C15802480349486000F052F800BF732A0000FA
S21404C1680000000080B5EFF305800B2801D23A21C1
S21404C17800E02921FF221632002000F03FFAFEE7ED
S21404C18810B5C20018231340FF249C40E2438907D5
S21404C198090E9940030004D470489B089B00C018F5
S21404C1A806E0AD4B0007000F083880088000181812
S21404C1B803681A401143016010BD80B573225421E8
S21404C1C8002000F01BFA01BD10B5FFF761FC012141
S21404C1D8634A1160634B644A1360644A136003231A
S21404C1E8634C2360634C2360634B1960634B19608C
S21404C1F88023A44C2360D160FFF74EFC10BDFFF7E4
S21404C20847FC05000024012160B2FFF7B9FF641C4F
S21404C2180E2CF8D301210F20FFF7B2FF01211120BD
S21404C228FFF7AEFF01211320FFF7AAFF012117200D
S21404C238FFF7A6FF03210120C043FFF7A1FF012152
S21404C2481B20FFF79DFF7348734908607348C16A4B
S21404C258C1620168016002207149086001208A49A8
S21404C268086047046F4C20693840FCD02068800179
S21404C27801D4FDF748FE2800FFF70EFC774D0AE0C8
S21404C28800281BD0FDF76EFE18E020693840FCD065
S21404C2983000FFF701FC206E0004000F022801D1CD
S21404C2A8FEF73AFAFFF7F4FB0600FDF76BFE0028E4
S21404C2B8A878E5D0002801D1FDF75DFE012069784D
S21404C2C8002909D12978002905D170490968890601
S21404C2D801D45349086030BF0021697029780029C1
S21404C2E8D6D102214E4A116067490860CDE76848EE
S21404C2F8016842680A40674810401B49086080077E
S21404C30803D5A4480188491C0180704770B5624863
S21404C318016840680840000E00066049802212053D
S21404C328104218D05E4B1C68641C1C605D4C5E4D45
S21404C3382D682D0407D5A568002D04D007250D60A3
S21404C3480125AC4E3560402525601B68012B02D9B3
S21404C35810238B62CA67886770BD000000E400E09B
S21404C368040002A80000FF3F282002A82C1002A8F8
S21404C37840E002A844C002A804C001A8044001A8DA
S21404C388F8B5854C206B616B01400091834D0846D7
S21404C398286000988249014007D0FDF7FDFD002873
S21404C3A803D000989449096888478020009901407A
S21404C3B81CD0F821C90123680B4017D0C0221201EB
S21404C3C8934213D880231B06EB6226680E40944FCC
S21404C3D83F683F043F0F022F01D0032F03D1002EDE
S21404C3E801D09642F1D38F490B6028608E480078B6
S21404C3F806280DDA0098CC218901014008D0FFF7F9
S21404C40847FB04000098FDF7B5FA2000FFF744FB45
S21404C418F1BD0000FFFF9B0800E100E0E04001A832
S21404C4285C2002A84C0002A810B58048016844683D
S21404C4380C407F48046080210C4205D041607D484A
S21404C44801600020FDF796FA600403D580204005B5
S21404C4587949086010BD00001CED00E0763E000037
S21404C46838B57648016844680C40E00707D5FFF7F6
S21404C4780FFB0500FDF714FB2800FFF70DFB7048BB
S21404C488046031BD505201A85C1002A8F40302A847
S21404C498280002A8FFFF00C0B44000A83C6000A81B
S21404C4A8703E00002C4000A8384101A8FEB5654C33
S21404C4B8206C666C064001273E4216D03D0662484C
S21404C4C80560206861490F60002802D00021FDF746
S21404C4D8A5FC5F480068A021C90188428041C04382
S21404C4E8C00F5C4988705C480560FDF73BFD029008
S21404C4F802210E4049D06068C2B20192000A009038
S21404C50808224B4B4C03554D0020019E012E27D084
S21404C518022E38D1009E012E24D1EE780096504E75
S21404C5282F780C2047430020F051287840059027A0
S21404C5387F04C719032038434A4F38601C604A48AA
S21404C5480460301D2B780C246343484C2468009FF1
S21404C558E419C45028780C2358433150444811E051
S21404C5680091DCE7002E0ED1424E37603C4E361D55
S21404C5782D780C277D4370515C601C60C8043E4BC4
S21404C58818603E480260314801600298FDF7F3FCE3
S21404C598F7BD0000743E00001C4201A84C6201A8C6
S21404C5A80200060070B5FDF7DDFC0400FFF770FA1C
S21404C5B82C490A68D20717D5294A121D304B5D7ACA
S21404C5C80C2675435659294D2D681E60CE685E6044
S21404C5D84968D9818021C9041B4E3160197B6918C2
S21404C5E85B7A0C256B43D150FFF756FA2000FDF70B
S21404C5F8C2FC70BD3C5000A8D8370000002800D004
S21404C608704710B50C00FDF7ADFC1E490C600122FE
S21404C6181D4B1A600B6C1340FCD1FDF7ACFC10BD27
S21404C628AC0002A8785201A8403E000090C001A8B9
S21404C63890E001A80CC001A804ED00E090C000A892
S21404C64890E000A800C002A8401002A840E002A893
S21404C658404000A8763E0000402002A88D3E000018
S21404C668300000A860C101A894D001A8200000A842
S21404C678F42302A860E101A880E200E0F41302A80B
S21404C688843E0000008002A8409002A8D0C6040099
S21404C69800000000ACC60400010000000000000012
S21404C6A800F04902000000004063598F404B4C00DC
S21404C6B80B000B001A00FF7F6467002000000000D0
S21404C6C84CCA0400000000000C400200018014005C
S21404C6D87F40000020400200000000000000000028
S21404C6E830400700000000000000000000000000C2
S21404C6F8000000000000000000400000A00704003E
S21404C70850400100000000005C40020000000000E9
S21404C71800000000A840010007000000BC40040018
S21404C72800000000000000000000000000000000F8
S21404C7380441040000400000FF4C0000FF5D0000B8
S21404C748FF4D000020C0011000F8070020C001308B
S21404C758F502080024C00110FF00000024C00130C0
S21404C7680018000028C00700EC80B38343754051C6
S21404C778A00F004830400000000000000000000041
S21404C7882E02000050C00400511130040E2D09E694
S21404C79854060708D1B6020064C00A000430001C18
S21404C7A8403018090D647920EBFCFB017FF6E8039A
S21404C7B8BD4B721511A3180510325476980A00005A
S21404C7C80000000008000101040700001800010129
S21404C7D80000000020000101088400001C40080135
S21404C7E81000000020F9130407C0520000000000DF
S21404C7F80000000000000003000000000000000025
S21404C808584006016402FF004108000001000000C9
S21404C818B0070800A70000000000000080401101CF
S21404C8284B01A0089BC34A74F003000000000000F4
S21404C838000000000101103050707F7F00000000E7
S21404C84800000000000000000000000000000000D7
S21404C85800000000000000000000000000000000C7
S21404C86800000000E0400201330000000000000061
S21404C878EC4001017DA8D98BF440050164048307C4
S21404C8888813C83A9C200A0000612000B75635125F
S21404C8980C410301F95412002030042988BB404097
S21404C8A824410201000000000310000030410A0180
S21404C8B86406660C0C010000E853FA000000000049
S21404C8C80000000000000000000000000000000057
S21404C8D800000000010100006841030164048307A6
S21404C8E888138200000000003042040100000000A3
S21404C8F80000000E00000000000000004442020190
S21404C90800000000F4811F0054420C0100000000DF
S21404C91800003C0000000000000000005555555576
S21404C928170000000000000000000000AAAA060085
S21404C9380000000000000000000000001080010154
S21404C94803000000388002011149100001000000AD
S21404C9589C800301EB40020070780300D5C00000F9
S21404C968A8800111F0010000A88001310542CB011E
S21404C978AC800111F0010000AC80013105228D0065
S21404C988B08002010003000237000001980002028A
S21404C998000C00044C000000A4000102000400007F
S21404C9A8D0000202050040AA88010000E400010243
S21404C9B86C2C5111F4000202000000003D210811FD
S21404C9C8FC0001123F000000FC0001320054040081
S21404C9D8300101026000510254010102C43F000004
S21404C9E86801010200040000FC4F0103FCC90400AE
S21404C9F8FFFFFFFF120000006666660000000000E6
S21404CA08B4CA0400A4CA040000000000001A9A006D
S21404CA18005A620280841E000420F5001149500260
S21404CA28000000004ECA04000000000000000000D9
S21404CA3800000000B1841E00000000000000000092
S21404CA480000000005020200000000F04902061477
S21404CA58000000E0930405380000A0080000000069
S21404CA68580901040706100A01040707C80A00043F
S21404CA780807800B00040808380C00040908610835
S21404CA8800000000680800000000C7090104040349
S21404CA982C0B01040404920C01040504ED17000091
S21404CAA8ED1700000000000000000000193F010612
S21404CAB80410010000010106001027000009000008
S21404CAC8000000000000000099ED010049ED010097
S21404CAD855ED010045EE0100337A0300D57F0300C7
S21404CAE8D97F0300DD7F0300E17F0300E57F0300B1
S21404CAF800000000A8010000081400200001030438
S21404CB0864EE01001000000024E101001A00000091
S21404CB1879EB01001100000075E401001100000023
S21404CB2863E511000400000023E11100040000007E
S21404CB3825E101000800000026E101000A000000C3
S21404CB4827E10100020000000000000000000000C9
S21404CB58B9CC0400B3CC040000000000BACC04002E
S21404CB68D377040000000000CD770400CF770400D4
S21404CB7800000000D177040091CC0400BFCC040068
S21404CB88D4770400CE77040000000000D2770400AF
S21404CB98ACCB0400CB770400CC770400D077040031
S21404CBA8CA770400000203040508090A0B000102F8
S21404CBB80304051D2000B40108020200AA00FFFFB2
S21404CBC8FFFFFFFFFFFFFFFFF59E0300554B020024
S21404CBD8D176020021140300E17902005B88030081
S21404CBE85D8803005F88030061880300E1DA0200B9
S21404CBF87DB30200C1F40200CD0D0300F167020004
S21404CC08558803001DB6020057880300F55B02002A
S21404CC18598803001B6F0300E9600200914403006F
S21404CC2800000000001300000000000000000000E0
S21404CC3801000000A9B9020002000000539903008D
S21404CC480300000001B9020004000000CD980300A8
S21404CC5805000000A1B80200000000000000000063
S21404CC680023001B2200FF00000000000C0902023B
S21404CC78000000001C1A0B0303FF06080402020245
S21404CC8804020A0B030302030480FF0204FF0101E3
S21404CC9801010800000000000000005A69674265A8
S21404CCA865416C6C69616E6365303980008F8E8C63
S20C04CCB880808006080C108041
S20C04CCC064A0FB7F01000000E4
S21004CCC8D4CC040058630020CB0100000C
S21404CCD40000000000000000FFFF00000100000048
S21404CCE40000000000000000000000000000000037
S21404CCF40000000000000000000000000000000027
S21404CD040000000000000000000000000000000016
S21404CD140000000000000000000000000000000006
S21404CD2400000000000000000000000000000000F6
S21404CD3400000000000000000000000000000000E6
S21404CD4400000000000000000000000000000000D6
S21404CD5400000000000000000000000000000000C6
S21404CD6400000000000000000000000000000000B6
S21404CD7400000000000000000000000000000000A6
S21404CD840000000000000000000000000000000096
S21404CD940000000000000000000000000000000086
S21404CDA40000000000000000000000000000000076
S21404CDB40000000000000000000000000000000066
S21404CDC40000000000000000000000000000000056
S21404CDD40000000000000000000100000000F00154
S21404CDE408000000081000200100230104000000CD
S21404CDF4101000200600300101000000141000206A
S21404CE04FFFFFFFFC0EA2101C0EA21010080000001
S21404CE1400F04902A06400200060070000800000BF
S21404CE2428350020C8000000FE00000000000000B2
S21404CE345C69040018100020FFFFFFFFBC6C0400AC
S21404CE44330000009115010033000000D3480300AA
S21404CE549CE50300A0E50300ADE50300BAE5030082
S21404CE64C7E50300D4E50300E7E50300F9E503009A
S21404CE7406E6030013E6030020E6030035E6030093
S21404CE8448E603005AE603006FE603007EE6030062
S21404CE948FE603009EE60300AEE60300BAE603004C
S21404CEA4C7E60300D7E60300E9E60300F8E6030052
S21404CEB407E7030010E7030025E703003AE7030047
S21404CEC44FE703006FE703007DE703009CE70300D6
S21404CED4B7E70300CAE70300D7E70300ECE7030059
S21404CEE4FBE703000AE803001CE803002EE803003B
S21404CEF441E8030054E803006AE803000000000065
S21404CF040F000000A1EA0300B8EA0300FF000000D3
S21404CF140000000000000000000000000000000004
S21404CF240000000000000000000000000030E704D9
S21404CF3400C8180315F303001AF3030047F30300A9
S21404CF4472F30300A0F30300CEF30300FDF303001F
S21404CF542AF403005AF403008AF40300DAF4030000
S21404CF64FFFFFFFF00F80300FFFFFFFF00000400BD
S21404CF7400000400005C2605046600200600000089
S21404CF84548F040000000000010019000100000092
S21404CF941041002001001900010000001041002087
S21404CFA401001900010000001041002001001900CE
S21404CFB401000000104100200100190001000000D7
S21404CFC41041002001001900010000001041002057
S21404CFD4010019000100000010410020010019009E
S21404CFE401000000104100200100190001000000A7
S21404CFF41041002001001900010000001041002027
S21404D004010019000100000010410020010019006D
S21404D01401000000104100201C4500200000000010
S21404D0240000000050780400C84B0020B8660020B6
S21404D034884E0020EC660400060000000000000091
S21404D0440000000000000000B48F0400CC8F04002D
S21404D054F7660400211E0400FE000000E8660020B3
S21404D06400000000984E0020004F0020684F002067
S21404D07400000000000000000000000000000000A3
S21404D0840000000000000000000000000000000093
S21404D0940000000000000000000000000000000083
S21404D0A400000000000000000000000009790300EE
S21404D0B405790300FFFFFFFF0D790300FFFFFFFF61
S21404D0C4657E0300C17E0300FFFFFFFFFFFFFFFF33
S21404D0D4FFFFFFFFFFFFFFFF2F2A0000FFFFFFFFF6
S21404D0E40000000057800300F8CA0400FFFFFFFF97
S21404D0F40000000020A107000000000049B8030057
S21404D1040000000000000000000000000000000012
S21404D1140000000000000000000000000000000002
S21404D1245054002065410200D95A0200211E04000E
S21404D13400000000000000000000000000000000E2
S21404D14450540020FD47020000000000211E040085
S21404D15400000000000000000000000000000000C2
S21404D1645054002025520200D95A0200211E0400FD
S21404D17400000000000000000000000000000000A2
S21404D184E4670400505400207D6C02000000000094
S21404D194211E04000000000000000000000000003F
S21404D1A400000000505400208175020000000000B6
S21404D1B4211E04000000000000000000000000001F
S21404D1C40000000050540020DD850200000000002A
S21404D1D4211E0400000000000000000000000000FF
S21404D1E400000000B80B000050540020BD89020063
S21404D1F400000000211E04000000000000000000DF
S21404D2040000000000000000505400209D9202001C
S21404D21400000000211E04000000000000000000BE
S21404D2240000000000000000505400200D9402008A
S21404D23400000000211E040000000000000000009E
S21404D2440000000000000000505400208F8E0300ED
S21404D25400000000211E040000000000000000007E
S21404D26400000000000000005054002055970200FF
S21404D27400000000211E040000000000000000005E
S21404D284000000000000000050540020F99B020037
S21404D29400000000211E040000000000000000003E
S21404D2A4000000000000000050540020579B0300B8
S21404D2B400000000211E040000000000000000001E
S21404D2C400000000000000005054002071F4020026
S21404D2D400000000211E04000000000000000000FE
S21404D2E400000000000000009FA00300505400202B
S21404D2F43D0E0300D95A0200211E0400000000005B
S21404D304000000000000000000000000505400204C
S21404D314AD14030000000000211E040000000000F9
S21404D324000000000000000000000000FFFFD0071B
S21404D334B80B0000FFFFFFFFCEFAEFBEFFFFFDFFB2
S21404D344FDFF0C002C01001E2C0140068000FFFF8C
S21404D35404F8FFFF0C000000000000004000FDFF7E
S21404D3642C019C000000FFFFFDFFFFFFFFFF60EAA7
S21404D3748000800010C1CDAB0A01320101FFFFFF1B
S21404D384FFFFFFFFFFFFFFFFFFFFFFFFFFFFFFFFA0
S21404D394FFFFFFFFFFFFFFFFFFFFFFFFFF01FF0588
S21404D3A4FFFFFF0101FFFF0201FFFF640250FF0FAE
S21404D3B40208031E050216010A0C052007051001BF
S21404D3C4010F080101010104FF0301FF0CFF0F7F95
S21404D3D47F0150403000FFFFFF0B03FF050B0103E2
S21404D3E40105020201FFFFFFFFFFFFFFFF01010229
S21004D3F4FFFFFF01056D0000DD6C00006B
S804009DE975
