S01B00006275696C642F72656C656173652F7A69676265652E73333714
S21400600008100020359A000055E200007D6A030063
S2140060107D6A03005DE2000065E200007D6A030021
S2140060207D6A03007D6A03007D6A03007D6A0300C3
S21400603069E2000048AE04007D6A03007D6A030042
S2140060407D6A03007D6A03007D6A030005950000F3
S2140060507D6A03007D6A03007D6A03007D6A030093
S2140060607D6A03007D6A03007D6A03007D6A030083
S214006070D5E700007D6A03007D6A03007D6A0300A1
S2140060807D6A03007D6A03007D6A03007D6A030063
S2140060907D6A03007D6A03007D6A03007D6A030053
S2140060A07D6A0300019E0000E19D00007D6A0300FA
S2140060B07D6A0300AD2602007D6A030011310200EE
S2140060C07DC3030079C30300ED28020093C30300D9
S2140060D081C30300E130020085C303005131020092
S2140060E0BD370200B9140200BD3102007D6A03000C
S2140060F07D6A03007D6A03007D6A03007D6A0300F3
S2140061007D6A03007D6A03007D6A03007D6A0300E2
S2140061107D6A03007D6A03007D6A03007D6A0300D2
S2140061207D6A03007D6A03007D6A03007D6A0300C2
S2140061307D6A03007D6A03007D6A03007D6A0300B2
S21400614082B030BF074BD3F8F030DB0704D500230E
S2140061500193019B052B01DD02B07047019B0133C3
S214006160F6E700BF00ED00E0F0B5114A114C124E04
S21400617000F00105E3695F0713D40DB9334213D16C
S21400618003EA00078F4207D10B4A1A40002A14BFC1
S2140061906FF001000020F0BD013AEBD16FF0020075
S2140061A0F9E74FF0FF30F6E76FF00100F3E700BFC6
S2140061B08096980000000350020001000B4B70B55B
S2140061C0D96911F480310DD101244FF48072084E44
S2140061D0084DF46020462C641A61FFF7C5FF34644E
S2140061E0EC6070BD6FF00100FBE700BF00000350DD
S2140061F000100350002003504FF4003238B50F4B08
S2140062000F4C9A6641F671330122E569E3630D4B44
S2140062100021DA60022360612120236105F48035C5
S214006220FFF7A2FF10B92120FFF79EFF0122064BC1
S214006230DA600DB10023E36338BD00BF0090005064
S21400624000000350001003500020035070B5134C9C
S2140062506061E3695B071ED40E4656F8043B8D1852
S214006260A361AE420BD10423002121202361FFF756
S2140062707BFF58B9BDE870402120FFF775BF0821A5
S2140062800846FFF771FF10B10423236170BD56F86E
S214006290043BA361E5E74FF0FF30F7E7000003504B
S2140062A02DE9F84315464FF40032184B89469A6696
S2140062B041F6713203F51C33DF69DA6301220646C4
S2140062C003F58053DFF84C8007F48037DA6055B961
S2140062D0284601220E4BDA601FB10022A3F50053B8
S2140062E0DA63BDE8F88306F5005404EA0804A41B44
S2140062F0AC4228BF2C46494622463046FFF7A6FF4A
S2140063000028E6D12644A1442D1BE0E7009000506B
S20C0063100020035000E0FFFF2F
S2140063182DE9F04F4FF0FD0BC9B09A460DF11B0959
S2140063289DF8503108AFCDF80C90CDF808B001971D
S214006338059303890446009383790E469046418860
S2140063488288407811F0F2FE054650B10090A38886
S214006358002062883A4912F02DFA284649B0BDE86E
S214006368F08F99F8000033F0DFFA38B12846A38892
S2140063786288344912F01EFA8D25EEE75A463946E9
S21400638899F8000033F078FA8346002851D0529BDB
S2140063981BB1BDF84C3198424BD8002399F80090B1
S2140063A80793A9F14102012A5FFA8BF123D83846F0
S2140063B80139254ADFF898C05FFA81FE734513DB7A
S2140063C8059B04210792C3B907AF18221F489FED03
S2140063D81A7B02FB060420460A460830394684ED36
S2140063E8027B17F069F811E010F8011F01335140DD
S2140063F80CFB01F2E2E7059B33B123464A463846D2
S21400640800960FF0BBFDA8E70829DED9B8F1000F03
S21400641801D088F80090BAF1000F01D0AAF800B0B1
S214006428529B002B99D05A46184608A917F044F8EC
S21400643893E7012591E700BF000000000000000078
S214006448D357040008580400C59D1C8180100020FE
S21400645893010001000000002DE9F04F93B0CDE94C
S2140064680A32DDE91C530E9353EC102BCDE90801D4
S214006478104619468DED060B1E9E16F0A7FA80B13B
S214006488DDE906014FF0FF32C54B16F0C7FA40B9F2
S214006498DDE906014FF0FF326FF4801316F0A0FA1C
S2140064A870B1DDE908019DED060B0E9B1E96CDE941
S2140064B81C53DDE90A3213B0BDE8F04F00F088B986
S2140064C80022DDE90601002316F08AFA002800F00B
S2140064D83381DDE906A303F1004BCBF30A5016F42B
S2140064E88063A0F2FF3008BF06250F9315F09CFFC7
S2140064F89BA3D3E9002316F001F89BA3D3E9002356
S21400650815F046FECBF31304894644F07F518046C7
S2140065180022A44B504641F4401115F037FE94A3D0
S214006528D3E9002315F0EAFF02460B4640464946E3
S21400653815F02EFE16F07CFA044615F075FF8EA3AD
S214006548D3E900238046894615F0D8FF0022964BEB
S21400655815F01EFE16F06CFA89A3D3E90023074649
S2140065684946404615F0CAFF80463846894615F023
S2140065785BFF85A3D3E9002315F0C0FF02460B4650
S2140065884046494615F002FE02460B46CDE90C2366
S21400659815F0B4FFDDE90C238046894610461946F7
S2140065A815F0F6FD0022CDE91001804B404649461D
S2140065B816F0CEF800227E4B15F0EAFD02460B4692
S2140065C84046494616F0C4F800227A4B15F0E0FD1E
S2140065D802460B464046494616F0BAF8DDE90C2353
S2140065E88046894600204FF0804115F0CFFD0246D0
S2140065F80B464046494615F0CBFD02460B46DDE9FC
S214006608100116F0A5F807F2FF3700226A4B15F0BE
S214006618BFFD00223B0515F071FF52465B468046DB
S214006628894616F0FBF9002840F08980CDE90C89E8
S21400663804F16303C62B8CBF0527042731051BD539
S21400664853A3D3E900235046594616F0DDF900282F
S2140066587FD051A3D3E900235046594616F0C0F917
S214006668002876D00027A542C6BF2C1B04F1FF35AC
S21400667800253C4646F480660E9B9F422CBF4FF092
S2140066880008A3EB070816F0020903D0002F18BF6E
S2140066984FF000083CB1DDE90C235046594616F089
S2140066A857F882468B46DDE906010022002316F0DD
S2140066B897F910B10BF100439B46DDE9080126F473
S2140066C80063CDE90183DDE90A324BEC10AB009597
S2140066D800F07EF802465FB3DDE9091316F0200FD6
S2140066E800F10105089E0CBF65204520B047DDE98E
S2140066F808010523002205930A23002CCDE902325F
S21400670807F1FF374FEAD473B8BF64422A460193AD
S21400671804970A9B009435F075F80246B9F1000F05
S21400672806D00B9BC41A0B9B1A190E9BA34245D87E
S214006738104613B0BDE8F08FDDE906ABCDE60022C3
S214006748404649461A4B16F003F8013CCDE90C01C1
S2140067586EE7002D90D00F9B002B8DD0013D8BE768
S214006768FB799F501344D33FB3C8608B288AC63F33
S21400677861436F63A787D23F71A379094F930A4095
S2140067881655B5BBB16B0240EF39FAFE422EE63F0E
S2140067982D431CEBE2361A3F0000000080842E4191
S2140067A8FFFFEF7F0000F83F0000E03F00002C40AE
S2140067B800002440000018400000F03F2020DDE9DB
S2140067C80913089DA8470134ADE700BF0000000084
S2140067D82DE9F04F5BEC10AB97B0CDE90501DDE98C
S2140067E82058CDE90723504652465B465946229F15
S2140067F816F0ECF870B90323CDE902870193AA4B8B
S2140068080093DDE90501DDE9072334F02DFF17B015
S214006818BDE8F08F4FF0FF326FF4801350465946AC
S21400682816F0DEF828B10423CDE9028701939F4BC2
S214006838E6E74FF0FF32504659469D4B16F0EEF805
S21400684868B19C4A07F00403002B08BF03229A4B42
S2140068581CBF13460422CDE902870192D0E75046B2
S2140068688DA3D3E90023594616F0D8F838B98CA377
S214006878D3E900235046594616F0B2F868B1DDE968
S2140068880723DDE905014BEC10ABCDE92187209500
S21400689817B0BDE8F04FFFF7DFBD002200235046D3
S2140068A8594616F09DF8002800F091805B4652463F
S2140068B80020002115F06AFC012382468B460993C6
S2140068C817F4806400F08580092D40F28580002446
S2140068D830210EABA5F109020134202C03F8011B68
S2140068E8A5EB040901D09442F6D15946504616F055
S2140068F89FF8724B054603EBC90393ED007B8DEDBD
S2140069080A7B15F091FD02460B465046594615F08F
S2140069183DFCDDE90A2315F0F1FD02460B46CDE9FC
S2140069280C2316F0ADF8064615F06EFD02460B462B
S214006938DDE90C0115F02AFC02460B46CDE90C23CE
S21400694800225F4B16F06AF8002848D00136304619
S21400695815F05AFD02460B46DDE90A0116F04AF81C
S21400696808B100260135B9F1000F45D1284615F0C3
S2140069785BFD02460B465046594615F007FC0022BA
S2140069884F4B16F02DF810B9E90700D501350A2146
S2140069980EAB1A19202C0AD095FBF1F001FB105506
S2140069A8303502F8015B013405460028F2D107F0BD
S2140069B80302012A55D1B8F1000F52D0099A12B92C
S2140069C817F00C0F01D008F1FF38302240E009908C
S2140069D876E74FF0060988E7A946002485E70022EF
S2140069E8DDE90C01364B15F0FBFF0028BBD10EB1D4
S2140069F8F007B8D50136B6E70A210EAB1A19202CCF
S214006A080DD0B6FBF1F001FB1063092E03F130033D
S214006A1809F1FF3904F1010402F8013B11D83021CD
S214006A28A1440EAA202CB2D04C4504F101030AD189
S214006A3804F158020DEB02042E2204F8202C1C4602
S214006A48A5E70646DBE7A1541C46EBE71A550134D2
S214006A58444506D2202CF9D1CDE9028701940EAB25
S214006A68CEE6202CF8D0099B3BB12D2204F1580322
S214006A786B4403F8202C0134EEE77A0704D504F1BA
S214006A8858032B226B44F4E73B07E5D504F158037B
S214006A9820226B44EDE700BF0000000065CDCD4125
S214006AA80000000065CDCDC1C2750400C67504009F
S214006AB8FFFFEF7FB9750400BE75040040BD0400F3
S214006AC80000E03F0000000070B58EB02C220021C8
S214006AD803A816F061FB64234FF002320893CDE951
S214006AE805230B2301218DF834305B4B8DF81010ED
S214006AF81D880D4040F0A980084639F057F90A224B
S214006B08564B574C1A704FF42873ADF812304FF0A6
S214006B18FF332360534B54491B8820460B82534B44
S214006B28534A1B68CD828B61524B0D621B884B8281
S214006B38514B1B68CB611CF009FC20B14FF41B714C
S214006B484E483AF006FA0521206835F0B9FC20B11F
S214006B5840F27D2149483AF0FCF9206815F0D2FA4F
S214006B68474B2068196835F025F80C2539F086FD5E
S214006B786843099039F082FD68430DEB05010790DC
S214006B88206816F0A5FF20B140F295213B483AF060
S214006B98E0F925681FF076F900220146284635F008
S214006BA881F820B140F2972134483AF0D2F940F201
S214006BB80353344D344E2B80052396F90000AB70F2
S214006BC87F2801D11CF0AAFE3378EB7039F056FD09
S214006BD800EB80008000A88039F050FD0023C0003C
S214006BE84FF0FF31E880AB604FF0FF3018A3D3E9D1
S214006BF8002339F02DFA2549206835F00CF820686E
S214006C0802A935F004FD20B14FF434711B483AF060
S214006C18A0F9042220680DEB020134F0A0FF042836
S214006C2804D040F2D72115483AF093F901A901207B
S214006C3834F06BFB07F04EFB01201DF001FB30F033
S214006C4807FD1DF027FB1CF001FE0EB070BD00BF4F
S214006C580A0020FF42030000B25B00200F630020FA
S214006C68E453002064D604000C6A00206CD60400A6
S214006C78DDFD030062D6040068D60400F1AC04000B
S214006C8854670020D8530020286D002051FE0300CA
S214006C980348044B834202D0034B03B1184770479E
S214006CA85C6D00205C6D002000000000064B074964
S214006CB8C91A891048BF0131491003D0044B0BB1DB
S214006CC801481847704700BF5C6D00205C6D0020C7
S214006CD80000000010B5064C237843B9FFF7D8FF2C
S214006CE8044B13B10448AFF300800123237010BD92
S214006CF87016002000000000A411050008B5044B1B
S214006D081BB104490448AFF30080BDE80840CDE74E
S214006D180000000074160020A4110500A3F5803AB0
S214006D28704700BF154B002B08BF114B9D46FFF759
S214006D38F5FF00218B460F461148124A121A16F024
S214006D482BFA0C4B002B00D098470B4B002B00D08F
S214006D5898470020002104000D000B4816F062FD3D
S214006D6816F0F2F9200029002FF0CAFB16F048FDAD
S214006D7800000800000000000000000008100020C6
S214006D88081000207463002095D8010007B501217B
S214006D9820200DF1070201F023F850B10121202030
S214006DA80DF107028DF8071001F02AF803B05DF818
S214006DB804FB9DF807100129F8D00122084815F0B1
S214006DC8CDF801210DF1070220208DF8071001F0FB
S214006DD817F82FF017FB4FF4FA6000F049FEE5E7C6
S214006DE8B013040038B501F093F9012805D001F076
S214006DF88FF9022801D001F0B1F9064D2B783BB97E
S214006E0801F086F90128044602D12FF070FB2C7099
S214006E1838BD00BF9E5C002010B5044600882FF0E1
S214006E28C5FAA37884F84400834202BF0123E370BE
S214006E382371074B04F11C00C4E9073401F026F857
S214006E48224620880349BDE8104000F063BF00BF13
S214006E584B6103001561030070B5C37804460D4600
S214006E681646002B34D1D1B1214815F077F8012306
S214006E78E370E36CA6600BB1E06D9847E368F61A1A
S214006E8863699E4221D2217E1A480131C9B2217611
S214006E9815F064F8A36D13B1217EE06D9847E57090
S214006EA82FF0C3FA15B3237903BBA268238A801A86
S214006EB883421BD801231048237115F04FF8236D21
S214006EC8A3B1E06DBDE87040184701232376E6E7D6
S214006ED80029E4D1094815F041F8636DE660E570CD
S214006EE82571002BDBD0E06D9847D8E770BD00BF52
S214006EF8D8130400E913040017140400041404004B
S214006F0870B51E46838804460D46C18002810BB1C3
S214006F18868070BD817800882FF034F90123E370ED
S214006F28064BA680C4E903340C34204600F0AEFFB6
S214006F3829462046BDE870402FF06EBA97610300D8
S214006F4810B501790446B1FA81F1008849092FF095
S214006F5890F921796088B1FA81F149092FF089F909
S214006F68034B1A68A24204BF00221A6010BD00BF75
S214006F788C16002070B543790446A3B100880E4EDF
S214006F8804F10805336813B10C4B1B786BB12179F3
S214006F982FF06FF964210A4B3460A3602846BDE8D9
S214006FA870402FF039BA4088E9E7064814F0D6FF53
S214006FB8054B3221A360F1E78C1600209F5C002069
S214006FC8496F00002D1404007D6F000010B50446BC
S214006FD8E0B10F4814F0C2FF01236371A37953B9D7
S214006FE8217920882FF045F9236B7BB1606B01214E
S214006FF8BDE8104018472046FFF7A2FF04F1080036
S2140070082FF00FFA2046FFF7B5FFEDE710BD00BFDB
S2140070186314040010B50446F8B1104814F09EFF37
S21400702800236371A3796BB921792088B1FA81F1BD
S21400703849092FF01EF9236B7BB1606B0021BDE870
S214007048104018472046FFF77BFF04F108002FF092
S214007058E8F92046FFF78EFFEDE710BD6E14040032
S21400706810B5044668B1074814F078FF63792046DF
S2140070781BB1BDE81040FFF7CDBFBDE81040FFF7D5
S214007088A5BF10BD7A14040010B50E4C0E48214654
S21400709814F064FF82210D4814F060FF822102205C
S2140070A8A21E00F0ADFE014630B134F8022C0848A6
S2140070B8BDE8104014F052BF0648BDE8104014F072
S2140070C84DBF00BF3655002089140400A4140400E0
S2140070D8AF140400F314040038B50E4C822122467F
S2140070E8022000F07DFEA51C014650B122880A4801
S2140070F814F034FF49222846084916F0DDF94823DB
S214007108238035F8021C064A0648BDE8384014F0C5
S21400711825BF00BF34550020FE1404007E15040069
S214007128365500205C150400034B1B781BB18B42B8
S21400713801D82FF067B97047CA6C002010B504460E
S21400714801460E4814F00AFF012C11D10C4B0D48CD
S2140071581A884FF6FF739A421EBF0022094B5A74CC
S2140071682FF06DF801F0A4FDBDE8104001F076BCE4
S2140071780448BDE810402FF064B800BFC7150400E7
S2140071887C6C0020E066002070B500241A4D1B4E6B
S2140071983378A3421BDC0024194D1A4E3378A342D9
S2140071A81BDC0024184D194E3378A3421BDC00F074
S2140071B8AFFF012816481CD12FF041F801F078FDE2
S2140071C801F04CFCBDE87040124800F0C1BF2846EC
S2140071D8FFF722FE01346035DAE728462FF015F867
S2140071E801343435DAE728462FF048F801343835C4
S2140071F8DAE72FF026F8E5E7C0210020A55C002096
S214007208E0250020A65C0020901F0020A45C00203B
S214007218E0660020457100002DE9F04F87B0FFF7C3
S2140072285BFFB34B05A805932FF04CF8054615F001
S214007238AFFEB04CC2B21F2A627004D9AE4814F032
S2140072488DFE00F009FC2946A01C16F035F905A8A5
S2140072582FF038F8054615F09BFEC2B21F2A84F8B0
S214007268212001D9A548EAE7294604F1220016F0AC
S21400727823F905A82FF026F8322604460027257895
S214007288002D40F092809E4CFFF77EFF2378DFF8B3
S214007298ACA2DFF8AC829B4E00939AF8003098F8C0
S2140072A800203178984814F059FE327898F8001083
S2140072B89AF8000053180344944F20782C46034449
S2140072C83846DBB2AA4200F3D782012B38BF012327
S2140072D8DFF840B202935A4600235D464FF48271A7
S2140072E84FF6FF74029801338342137051809480DE
S2140072F802F10C02F6DB864B86497E48AB6000F04E
S214007308E3FFE879AB6800EB400003EB800000F091
S214007318B1FDEB790133EB717F4B1B88A34203D099
S2140073287C497E4801F0D4F84FF00009784C327852
S2140073384A4500F3CB8200274FF00C09784ADFF85D
S214007348D4B198F800003178B84200F3D4824718D0
S2140073580C21002501FB07B19AF800009423A842E7
S214007368704A00F3E6820C2598F8003000274FF0A4
S21400737870083678DFF8CCA11E44064405FB06B52F
S2140073885F4B1B78BB4200F3E7820299614800F026
S214007398FFFD059B56491A468B4240F0F08262482C
S2140073A807B0BDE8F04F14F0D9BD532D0FD1637860
S2140073B84C2B40F04781A378502B40F043810122A4
S2140073C85A4B1A7005A82EF07DFF044657E7442D41
S2140073D813D16378303B092BF4D8601C2EF07FFF5E
S2140073E8534B544A1978002386B2994202F1600238
S2140073F8E8DD22F8466C0133F7E7422D0BD16378B7
S214007408542B55D1A01C00F0D3FC434B18801846CB
S2140074182EF059FED6E7582D34D8412DD2D9433D03
S214007428152DCFD801A353F825F000BFEF7700003D
S214007438CD730000CD730000CD730000CD7300003F
S214007448CD7300009F750000CD730000CD7300005B
S214007458517500009F740000CD730000CD730000C6
S214007468CD730000CD730000D17600004D76000085
S214007478CD730000CD730000CD730000CD730000FF
S21400748847770000692D9DD1601C2EF028FF80B23A
S2140074982EF0B4FF96E71B4B0120197800231B4AF1
S2140074A8994202F1A8028DDD02F8A60C0133F7E72F
S2140074B8601C00F07DFC0546E01C2EF088FF0121CC
S2140074C8024628462EF03FFF60211948194C0378DB
S2140074D85943621865524FF4FA6111824FF44871A5
S2140074E85161154956831165013303706AE700BF79
S2140074F836550020F4650020E6150400FD15040046
S214007508A05C0020A35C00200D160400E41C0020EC
S21400751858170020E01600207C6C002090160020EB
S214007528E41B0020281A00205D1604009F5C00203B
S214007538A55C0020C0210020B7620300A15C0020E3
S214007548A25C0020D8180020601C00F031FC002245
S2140075584FF034088146CD4F11462EF0F4FE3878A9
S214007568CB4D08FB00F325F80390EA18E37810469D
S214007578693B18BF012393702EF047FE0021C54AC9
S2140075883B785160012103FB08550B443B7015609E
S2140075980F46117416E7601C00F00AFC002211461C
S2140075A881462EF0D0FE3422B84DDFF8E4822878E3
S2140075B802FB00F328F8039008EB0301E37808467B
S2140075C8693B18BF01238B702EF01FFEB24A0023BA
S2140075D81046916B31BB00EB831034232A7802FBEC
S2140075E803838363AD4A00231046D2F8A410F9B982
S2140075F8A82202FB030034232A7802FB0383C0F880
S214007608A4305FB9A34A3B46114652F8040BA8B902
S2140076183422287800FB028241F823202B78013395
S2140076282B70CFE60133042B02F14002D1D1D9E703
S2140076380133042B02F1A802D7D1E2E70133042B69
S214007648E3D1EBE7601C00F0B3FB8046E01C2EF0AD
S214007658BEFE0121024640462EF075FE6021904887
S214007668904D0278DFF858C251436B1825F8018010
S2140076784FF44871198259618B495E839965E178A0
S214007688A824642904BF012199709CF80030DFF80B
S2140076980CE25C430EEB04010EF804304FF4007461
S2140076A84C8003240C718C7102EB420405EB4415E4
S2140076B832240133DBB201324B718D6081F8A04071
S2140076C802708CF800307DE6601C00F071FB00222A
S2140076D84FF0380A8146DFF8E08111462EF033FE77
S2140076E898F80030714D0AFB03F325F803904FF025
S2140076F80109EA1882F80490E37873B1E01C00F0F8
S21400770857FB0022044611462EF01DFE98F800305E
S2140077180AFB03535C8083F8069065485E4A037844
S2140077289901535498F8001002EB8314C1EBC10278
S21400773805EBC2054A1C656388F80020D4E6601C81
S21400774800F036FB8046E01C00F032FB0546601D64
S2140077582EF03DFE04460246012140462EF0F3FD7B
S2140077682246284601212EF0EEFD60204FF4487C84
S214007778DFF82CE14B4A9EF8003000FB03F422F8B1
S2140077880480DFF824811119A1F810C0C1F814C0CC
S2140077984E83C1F85880591CC9B248431418A4F837
S2140077A810C0C4F814C06683C4F8588094241552D0
S2140077B8404D981C8EF800002878DFF808C144432E
S2140077C803EB430301EB41010CEB040E02EB4313FE
S2140077D802EB41120CF80400CEF80430CEF808206C
S2140077E801302870EEE5601C00F0E2FA8046E01CE6
S2140077F800F0DEFA00220546114640462EF0A3FDAC
S21400780800223824114628462EF09DFD2A48274A8D
S21400781803784FF0000E04FB03FC22F80C804FF0B0
S214007828010802EB0C0181F806E081F8048003EBFE
S2140078380801C9B24C4302EB040C15539C1C047097
S21400784870241E4D8CF806E028788CF80480444393
S214007858DFF874C0C3EBC303C1EBC1010CEB040E25
S21400786802EBC30302EBC1020CF80400CEF80430A6
S214007878CEF808204044B4E790F805C001358C459A
S21400788884BF04714471A8301CE500BFA65C0020C4
S214007898E0250020E0660020E41B0020E41C002011
S2140078A8A55C0020C021002031710000901F002038
S2140078B8A25C0020A15C0020A45C0020A05C002044
S2140078C8A35C0020281A0020D8180020B9F1000F61
S2140078D807D01BF8052C02EB420204EB8204CBF817
S2140078E808405946384601F0B7FB09F10109A837A0
S2140078F80BF10C0B1BE579180AD0481E09FB00B0E3
S214007908C07900EB400004EB800409FB01B08460FA
S214007918104609FB0151039201F05CF931781C48C6
S214007928394409FB015101F07FF8039A01374032C8
S21400793807E5FD4218BF11F8050C03911EBF00EBC2
S214007948400004EB80048C6003FB052000F084FFF5
S214007958039901350C31FFE4F74218BF15F8053CCA
S21400796829461CBF03EB430304EB830408FB07A06C
S21400797818BFAC6000F046FE01370C3500E513F87A
S214007988011D00297FF406AD3B2102F8011C01E524
S214007998841F002007B5012121200DF1070200F001
S2140079A81FFA18B99DF80720024B1A7003B05DF845
S2140079B804FB00BFCA6C002007B5064B8DF807000D
S2140079C8187001210DF10702212000F019FA03B002
S2140079D85DF804FBCA6C002007B5022101200DF1F2
S2140079E8060200F0FDF938B9044814F0B7FABDF8F5
S2140079F8060003B05DF804FB0020FAE77A160400D8
S214007A0807B50221ADF806000DF10602012000F0C8
S214007A18F7F9014610B1034814F0A0FA03B05DF870
S214007A2804FB00BF9B16040010B5FFF7D5FF0446FD
S214007A380146074814F092FA0121064814F08EFA17
S214007A4824B9BDE810400120FFF7DABF10BD00BF1B
S214007A58CB160400DD16040008B5044814F07EFAB8
S214007A6800F0DEF92EF0CEFC2EF0C9FCF31604006A
S214007A7838B50446084D094B28462B6000F006FA30
S214007A88002C18BF21462846BDE8384008BF4FF4EA
S214007A9896712EF0C1BC00BFE426002005630300E3
S214007AA82DE9F043394D93B008AC07468946904611
S214007AB80FCD0FC40FCD00260FC495E8030003238F
S214007AC8012584E80300324C3248CDE90366CDE947
S214007AD805668DF80E300796029539F0D4F92E48CB
S214007AE839F0D1F932462D4920468DF8176004F052
S214007AF853FE334632462A498DF819000090204630
S214007B088DF82390CDF82C808DF8216004F05EFE69
S214007B180A9020468DF8097004F0BEFD204608AA93
S214007B2805A904F079FE02AA204603A92FF00EFD47
S214007B384FF400721B4B5A62194BE560626A920555
S214007B4810D46BB94FF40072164B11485A6204F001
S214007B58A3FD114839F09AF9002013B0BDE8F08368
S214007B68013BEBE7002BEDD0094908A82FF021FDD3
S214007B784FF400720B4B06485A6204F08DFD064817
S214007B8839F084F9BDF82000E7E700BFF8AD040037
S214007B980040005A48B0040044B0040080841E0028
S214007BA840420F000060005A0122034B1870034B36
S214007BB81980034B1A707047A85C0020846C00205C
S214007BC8A75C0020F8B5454B1B780BB90020F8BD1C
S214007BD8434B1B78012B03D1BDE8F8402EF091BB30
S214007BE8404B1C884FF6FF739C42EFD03E4839F056
S214007BF84AF90023260AE4B21A462146304604F01B
S214007C080BFD012E354604F0010335D015D9B51EF7
S214007C18012DDBD8002B0BBF4FF480754FF0807515
S214007C284FF470614FF070610BBF01274FF4803737
S214007C380F204FF470202D4B11E0002B0BBF4FF494
S214007C4880754FF080754FF470614FF070610BBF10
S214007C5801274FF480370F204FF47020244B1A6802
S214007C6802401CD0BA421AD01A680A4032D11A68A2
S214007C7822EA01022A4316E0002B0BBF4FF4807558
S214007C884FF080754FF470614FF070610BBF01279D
S214007C984FF480370F204FF47020164BDFE71A6832
S214007CA822EA00023A431A602EF02BFB054600280B
S214007CB88CD0083644EA06102A460321C0B2FFF7DD
S214007CC8EFFE40F6FF73684300F2FF70B0FBF3F078
S214007CD880B27CE795427FF479AFC8E7A75C0020BE
S214007CE8A85C0020846C002048B0040028C3035019
S214007CF820C3035024C3035010B5044C237823B97B
S214007D08034839F0C0F80123237010BDAA5C002090
S214007D1848B004002DE9F0431F4C85B00746884656
S214007D289146FFF7E9FF23781BB901F01BFF0123F3
S214007D3823707BBAADF80C3030220023174E02FBB6
S214007D4803F4315DA51901BB012333554FF0FF330A
S214007D5804F1100012493044AB606F80C5F8048007
S214007D68C5F80C9009F0F6F904F10801042231442C
S214007D780C4B009503A801F0CBFFA96802460A48F9
S214007D8814F0ECF805B0BDE8F0830133102BD6D11B
S214007D98064814F0E3F8F5E7A95C00200C27002055
S214007DA82F63030041630300001704002E17040026
S214007DB880B10278A2F14103032B0BD84078303803
S214007DC8C0B2082806D8054B134413F8413C40EACD
S214007DD8032070474FF6FF70704700BF20AE0400C0
S214007DE808B50B4642B101460448006803F0D8F8C7
S214007DF8BDE808402EF0FCBA022008BD4C670020FB
S214007E0808B50B4642B101460448006803F050FA2C
S214007E18BDE808402EF0ECBA022008BD4C670020EA
S214007E28F0B50026124F8DB0FF2300930A22334682
S214007E38386802A92FF02FF9C0B102AB1D4603EB34
S214007E48800404E055F8043BB34228BF5E1CAC42ED
S214007E583868E9D9296803F0B1FB0028F2D02D2844
S214007E68F0D00DB0BDE8F0402EF0C2BA0DB0F0BDAF
S214007E784C67002028B1034B0360034B4360002384
S214007E888360704719000003F4660020FF2307B5D7
S214007E980021044A0093083009F0E0F803B05DF8C2
S214007EA804FB00BF1B6403000B460449024608682F
S214007EB80349097808B12EF0BFBA7047182A00207F
S214007EC8AC5C0020F7B50C4618B12921194839F0E2
S214007ED840F8246823685E795F8830463946FFF79D
S214007EE8E3FFF0B18568E5B1A089227D3946904266
S214007EF891BF0020801AA36880B294BF03469B18DF
S214007F08E27C00903046A8470138032803D8DFE80B
S214007F1800F0080F0B0D0024204632F06FFA2046BA
S214007F2800E0812003B0F0BD8024F5E79324F3E752
S214007F388724F1E756170400F8B515460D4A044697
S214007F4810680D4A0B46117850B122462EF074FA86
S214007F58034628B100210C27C678B14201DB002071
S214007F68F8BD07FB01F45A681019125BAA42F7D04D
S214007F780131F2E7182A0020AC5C002008B5034B54
S214007F881B6803B19847002008BD00BF142A0020CC
S214007F982DE9F74F04460D460026454B454F186019
S214007FA8454B197033010021F85C01360FF0ACFE22
S214007FB80C2EF7D10C2D28BF0C254FF00009019583
S214007FC83C4EDFF800A13D4DDFF8FC80019B4B4599
S214007FD802DC03B0BDE8F08F23784FF0000B337057
S214007FE863887380A388B380A379C6F80880B371C2
S214007FF8E379C8F8005088F804304FF00003A76803
S214008008A8F80630E3795B450ADC012116F8100B60
S2140080180FF07AFE08F1080809F101090C34D5E7D3
S2140080284FF0000338886B812880FB784FF0000CEF
S2140080382B81BA78C5F804A0002A00920CBF8022CB
S21400804840222A7379680AF10C02634513DC03EBB5
S21400805843030AEB830ABB6843B1009A4FF6FF71E5
S214008068B2FA82F2164B520932F058F914350BF16F
S214008078010B0C37C6E7B1F800E00CF1010C22F84A
S2140080880CEC91F802E00C3202F816EC91F804E0D9
S2140080980C3102F815EC11F809ECBEF1010F14BF0B
S2140080A84FF0100E4FF0110E02F814ECCDE700BF9B
S2140080B8182A002000410020AC5C00201C3000205C
S2140080C8CD7E00001C2A00209C320020014B186040
S2140080D8704700BF102A002070B5128805460E4665
S2140080E8FFF72AFF044670B102790499806815F0F4
S2140080F8A5F8064B1B680BB9002070BD314628460C
S21400810822889847F8E78620F7E700BF102A00205D
S21400811808B50EF095FE022806D0012806D0044BB6
S21400812818784000C0B208BD0120FCE70220FAE734
S214008138AB5C0020054B10B51C682CB1FFF7E8FFB8
S2140081482346BDE81040184710BD00BF0C2A002083
S214008158014B1860704700BF0C2A0020034B1A78A2
S2140081681AB901221A700AF071BE7047AB5C00207B
S2140081780022024B1A70FFF7DDBF00BFAB5C002081
S21400818837B50446002836D00EF05AFE022834D1F9
S214008198608932F0B0FCE079237A003818BF0120F5
S2140081A8012B637A08BF40F008000BB140F01000BE
S2140081B863890BB140F00400257CA188A2790DB133
S2140081C8E36893B90F4B10F07BF92178084610F056
S2140081D8F3F931F09CFF044610F0ACF97CB10028A6
S2140081E80CBF0020032003B030BDCDE90035064B98
S2140081F810F066F9E9E70220F5E70120F3E72046E4
S214008208F1E700BFEC640400EF33040008B50CF097
S2140082187BFF014630B1044813F0A0FEBDE80840D5
S2140082280DF016BB08BD00BFC8170400034B044A70
S2140082385B7C012103201370FFF7E2BDE066002097
S214008248AD5C002010B50446FFF7F0FFB4F57F4F8D
S2140082580BD100240F4B1A8813449C70FEF714FFAA
S2140082682046BDE81040FFF703BC4FF601739C425A
S21400827804D1BDE8104008482DF0C9BF4FF6027378
S2140082889C4205D1BDE81040044B1878FFF794BB14
S21400829810BD00BF34550020E0660020CA6C0020E0
S2140082A810B5074C012122460320FFF799FD28B98F
S2140082B82378044A003B18BF0123537410BD00BF3F
S2140082C8AD5C0020E0660020F8B5574B30251A88CC
S2140082D84FF6FF739A4218BF03234FF00802534C19
S2140082E84FF0360618BF2370514B9D705D713925C7
S2140082F81A7032229D7131255A70DA701A724FF44C
S2140083080012DD714B4D4264C5644B4D0122056574
S2140083184A4D1E7185654A4D8618C565494DC6671E
S2140083284566494D494E8566494D80F8482005679B
S214008338484D80F854204567202580F8785080F806
S214008348845000F12105C0F88850434D80F860201D
S214008358C0F88C5080F86C20C0F8806080F89020B8
S214008368C0F89440C0F8B8303C4B3D4CC0F8BC3020
S2140083780223C0F898403B4C80F8C030C0F8A440B0
S2140083880F24394B80F8A840C0F8C430374B384C17
S214008398C0F8C8308223C0F8AC40364C80F8CC30E1
S2140083A8C0F8B0400924344B344DC0F8D030344BB4
S2140083B880F8B440C0F8D4302C7C324B80F89C202F
S2140083C8C0F8A00080F8D820C0F8DC3044B12E4BA6
S2140083D880F8E420C0F8E03005F11103C0F8E83072
S2140083E84FF0000CCA798E6802EB42039F004430B7
S2140083F806EB830326F807C0586001200D349870F2
S214008408DC701318CB71FFF7C5FAFFF749FFFFF7C3
S2140084187FFE012806D12B7C23B1BDE8F84017481B
S2140084282DF0F5BEF8BD00BF7C6C0020CB6C00209C
S214008438AE5C002039AE04000100200038AE04000F
S2140084480200200037AE04000300200005004200AA
S21400845836AE04000400420007003000FDFF21008D
S214008468120010010040420034AE040000FF440130
S21400847824AE04000600420034550020E0660020C2
S21400848802FF2001CA6C002001FF100113B5044644
S2140084980D482DF023FE6422C0F30F43637083B2A9
S2140084A8B3FBF2F3A0782370202201212DF0E6FF1B
S2140084B8A078212201212DF0E1FF0449201D02B0F9
S2140084C8BDE810402DF0A8BF7C6C0020E0930400A7
S2140084D80B7870B583704CF61E0303804FF020139C
S2140084E8C362012380F8303080F83C30C318036438
S2140084F8124B044643640223114A80F84830114B55
S2140085088263C3644063CA798D6802EB420305EB55
S214008518830004F12C0646600B4E45F823600023C2
S2140085288360531CCB71094B201DC4E90134FFF747
S214008538ADFC2046BDE87040FFF7A8BFFDFF210050
S214008548210020003AAE04000100010395840000D3
S214008558437B044A0121137000781130C0B2FFF73C
S2140085684FBC00BFB85C002038B504460078054DFF
S21400857811302A460121C0B2FFF732FC08B92B7821
S214008588637338BDB85C0020024B53F820002EF009
S2140085983CB800BFFC320020012908B506D00229E5
S2140085A807D049B92EF028F8002008BD2EF027F885
S2140085B8FAE72EF027F8F7E7024813F0CFFC012079
S2140085C8F3E700BFF517040010B4054C114654F83D
S2140085D820001A46BDF804305DF8044BFFF7DCBFF0
S2140085E8FC320020002310B5044683810364A0F8FB
S2140085F844304830FFF74AFC014BC4E9123410BD3A
S214008608F965030038B504460B781A4A43700D46D8
S21400861842F82300FFF7E6FF2046FFF7A5FF4FF4D2
S214008628401323610123144A2375A261134A84F870
S2140086382030E261124A84F82C306262114A84F8CB
S2140086483830A26204F10C0222630F4A04F10D03CB
S2140086586263E363EA79A86802EB420300EB8301EE
S21400866810344C60094C40F82340094B8B60531C6F
S214008678EB7138BDFC320020B75C002008002000F3
S214008688CC6C002000FF300001FF1001020101043D
S214008698D185000010B47024427B0D48013A0129A8
S2140086A804FB020006D0022908D059B95DF8044B2D
S2140086B82DF0A2BF5DF8044B2DF0A1BF5DF8044B6A
S2140086C82DF0A0BF03485DF8044B13F047BC00BF6D
S2140086D8D818002011180400B0F85C302DE9F041D5
S2140086E88B4204460E4638D0437B077C8BB31C4A25
S2140086F812789A422DD370251A4A013B05FB0323AC
S21400870890F80F801B7B42462DF08DFFB845054636
S21400871801D1FF281FD13A463146204694F89030BA
S2140087282DF081FF2F460546552212216078A4F8C1
S2140087385C602DF0A3FEFF2F03D039462046FFF7D6
S214008748A9FFFF2D09D029462046BDE8F0412DF0A7
S214008758AABFFF25DFE70746E6E7BDE8F08100BFCA
S214008768A05C0020D818002041688268C978D278B2
S21400877849B112B10321FFF7AFBF837B002B0CBFB3
S21400878801210221F7E72AB1837B002B0CBF0221C7
S2140087980121F0E7014813F0E1BB00BF22180400EE
S2140087A8037BD3B14368DA7812B18268D278A2B96B
S2140087B81B7933B1837B002B0CBF04210521FFF7FF
S2140087C88BBF83681B792BB1837B002B0CBF0521DD
S2140087D80421F4E7014813F0C1BB7047541804009D
S2140087E8084A437B05211370837B5370C37B9370C1
S2140087F8037CD370037B137100780E30C0B2FFF78A
S214008808FFBA00BFB95C002038B5044600780C4DA6
S2140088180E302A460521C0B2FFF7E2FA20B1BDE8BD
S2140088283840084813F09ABB2B7863736B78A373A9
S214008838AB78E373EB7823742B79237338BD00BFCA
S214008848B95C002090180400024B53F820002DF065
S21400885874BF00BF24330020F8B504460B78424A9C
S21400886843700D4642F82300404E2DF084FFFFF774
S214008878CBFF6268A3683E483E49D6641165D46556
S2140088885065C3E91410DE64DC654FF09873022661
S2140088986361012304F10C01E1613749103221625A
S2140088A804F10D01A16235492376E16204F10E0157
S2140088B86163334984F82430A16304F10F0121640D
S2140088C8304984F83030616404F11001E1642E49BF
S2140088D884F83C3084F84830216584F85460A265F2
S2140088E8E879A96800EB400201EB820704F1140C52
S2140088F8C7F804C04FF4817C244F41F82270C21890
S214008908D2B202EB420241F822C001EB82070022F3
S2140089187A601F4A84F8703022661E4A84F88830C7
S214008928A2661D4A1D4BE2661D4AC4F88C30626773
S2140089381C4A8319A26704F15C02C4F88020DBB2E3
S214008948194A03EB4303C4F8842084F8646084F867
S2140089587C6001EB830260345460144A033041F8AB
S2140089682320E871F8BD00BF24330020718700007B
S21400897805670300A9870000010020010200100116
S21400898803003001040030010500210101FC010646
S2140089984A0021003CAE0400510010003EAE040020
S2140089A83FAE0400550021006F00180012000104B5
S2140089B870B50D460646144613460A46014616483E
S2140089C813F0CCFA25B92046BDE87040FFF73ABC4C
S2140089D8072D05D121463046BDE8704000F000BBA3
S2140089E84FF601439D4205D121463046BDE870400A
S2140089F8FFF72ABF062D05D121463046BDE8704050
S214008A0800F0A2B8B5F5817F05D121463046BDE80D
S214008A187040FFF7B9BD70BDBF1804000148FFF7E6
S214008A2855BB00BFB98900004FF4C01330B50360CA
S214008A3801230371074B8C688360CA7902EB4203F3
S214008A4804EB83056860044844F82300531CCB7184
S214008A5830BD00BF40AE04000400010138B5002454
S214008A68044D55F8040B08B12DF095FE01340A2C78
S214008A78F7D138BD4C330020042908B50AD172B1A5
S214008A886BB113781BB92DF0B1FE002008BD2DF090
S214008A98A3FEFAE7034813F061FA0120F6E703207D
S214008AA8F4E700BFF218040010B4054C114654F859
S214008AB820001A46BDF804305DF8044BFFF7DCBF0B
S214008AC84C3300200229024608B50ED004D839B91E
S214008AD810462DF08BFE06E04029F9D0412907D133
S214008AE810462DF079FE002008BD2DF089FEFAE725
S214008AF8024813F033FA0120F6E700BF1219040003
S214008B0810B4054C114654F820001A46BDF8043037
S214008B185DF8044BFFF7D6BF4C330020426B094B79
S214008B2852791A7082785A70C2789A70826B12B12B
S214008B3890F83C20DA70007804210930014AC0B267
S214008B48FFF75EB9BE5C0020024B53F820002DF0FC
S214008B5873BE00BF4C33002038B504460078084D75
S214008B6809302A460421C0B2FFF73AF930B96B78C3
S214008B78A370AB78E370EB7884F83C3038BD00BF60
S214008B88BE5C002038B504460078114D09302A46E8
S214008B980421C0B2FFF724F9C8B9A3782A78022BB3
S214008BA80CD004D863B920462DF020FE01E0FF2B38
S214008BB80AD02046BDE838402DF0EDBD002AF2D197
S214008BC820462DF009FEF4E7002AF9D1EBE738BD78
S214008BD8BE5C0020F8B504460B78284A0D4642F8D5
S214008BE823004370FFF7B8FF636B254A5C631A637C
S214008BF82046FFF7C7FF20462DF0CDFD4FF4801323
S214008C0863600123626BA66B0532E2601D4A23721D
S214008C182261A21C2375A26166B11B4A84F8203023
S214008C28E261E21C6262194A84F82C3004F13C03C3
S214008C38A26223630627EA79A96802EB4203002E9C
S214008C4821F8237001EB83000CBF02230423C370B2
S214008C58012383700E4B04348360531C4460DBB2DC
S214008C680C4C03EB430341F8234001EB830000233D
S214008C784360094B02328360EA71F8BD4C3300202A
S214008C881D6803000340300101FF300102FF100198
S214008C98098B000008000100B18A000028B1034BC8
S214008CA81B78834234BF002001207047A25C002056
S214008CB870B500250A4C0B4E3378AB4200DC70BD0D
S214008CC8D4F8A42042B123791BB16079FFF7E6FFF8
S214008CD810B910462DF08CFA0135A834ECE700BF21
S214008CE8E41C0020A35C002008B542790146104623
S214008CF8FFF7D4FFA8B1CB780A48013A042B00EB5B
S214008D0882100ED8012B08D81BB9BDE808402DF0F4
S214008D1863BDBDE808402DF069BDBDE808402DF0EC
S214008D286FBD08BDE41B002008B542790146104611
S214008D38FFF7B4FFA8B1CB780A48013A042B00EB3A
S214008D4882100ED8012B08D81BB9BDE808402DF0B4
S214008D584DBDBDE808402DF03FBDBDE808402DF0EC
S214008D684FBD08BDE41B002010B586B00446FFF7CB
S214008D78CFF9012830D1E278042A2DD8DFE802F0AE
S214008D8813323403030061790846FFF787FF58B3A8
S214008D981648032A00EB811050F80C3C58791DD170
S214008DA8003818BF012063784FF480728DF80430BD
S214008DB84FF48273ADF806300623ADF80830012369
S214008DC88DF80B3000238DF80A0001A8CDE903239F
S214008DD88DF81430FFF7D4F906B010BDB0FA80F05D
S214008DE84009E0E70020DEE70220DCE7E41B00207D
S214008DF810B586B00446FFF78BF9012830D1E27823
S214008E08042A2DD8DFE802F0131332030300617931
S214008E180846FFF743FF48B31548032A00EB8110BE
S214008E2850F80C3C5B791DD11A1E18BF01226378D6
S214008E388DF80A208DF804304FF48273ADF80630AA
S214008E480623ADF8083001234FF480728DF80B30F6
S214008E58002301A8CDE903238DF81430FFF790F915
S214008E6806B010BDB3FA83F25209E0E70222DEE745
S214008E78E41B002010B586B00446FFF749F9012820
S214008E8812D16378094A8DF804304FF48273ADF82E
S214008E9806304FF48073CDE90223002301A804931B
S214008EA88DF81430FFF76CF906B010BD08000701FE
S214008EB810B586B00446FFF72BF9012820D1627852
S214008EC8104B8DF804204FF4827294F8A01094F892
S214008ED8A10059701870ADF8062004934FF48072FC
S214008EE80223094901A88DF81430CDE90212FFF7CC
S214008EF847F994F8A130013B18BF012384F8A13044
S214008F0806B010BDC25C00200800050110B58378C5
S214008F18044603B30379022B0AD142791046FFF7B9
S214008F28BDFE28B10C48013A00EB82102DF068FC13
S214008F38A379022B02D12046FFF716FF2046FFF73B
S214008F48B7FF02236078A4F86C305522BDE81040BD
S214008F5812212DF093BA10BDE41B00204388094A5D
S214008F68082113808388538083681B8A938090F82F
S214008F78A03093718379D37100780430C0B2FEF7BD
S214008F883FBF00BFB655002038B50D4604460178E9
S214008F98114812F0E3FF4FF602739D420ED10F4BB5
S214008FA81B782BB963712046BDE83840FFF7D6BF5B
S214008FB862790AB19342F6D20123F3E7B5F57F4FFB
S214008FC8F1D120462DF0B5FCA378022B0CBF012268
S214008FD80022A3689A70E6E72E190400A25C002017
S214008FE8024B53F82000FFF7CFBF00BF74330020B2
S214008FF838B504460078144D04302A460821C0B215
S214009008FEF7EEFE20B1BDE83840104812F0A6BFC5
S2140090182B8863806B88E978A380AA88A3681A825D
S214009028AB7984F8A030EB79A371094B1B780BB9A0
S214009038637138BD09B19942FBD9064812F08EFF14
S21400904823780133F4E700BFB6550020481904001A
S214009058A25C002071190400F8B504460B78474A4C
S2140090680D4642F823004370FFF7C2FFA268444B40
S214009078D465D364434B02265365434BA11C136542
S2140090884FF44013E36001236161E1623F49103207
S21400909821632265211D3E4AA1633E483E4962651A
S2140090A804F1A002A061E163E265E01C611D3B4A91
S2140090B8206261643A483B492266A21D23742377DE
S2140090C884F8283084F8343084F84030A16484F872
S2140090D84C6084F8583084F864306062A266E87998
S2140090E8AA6800EB400102EB810704F10C0CC7F8F4
S2140090F804C04FF0060C2C4F42F82170C118C9B2B4
S21400910801EB410142F821C002EB8107002179609A
S214009118264F84F880302767254F84F89830A7674D
S214009128244F254BE767254F84F8746084F88C60D5
S214009138C4F89C3004F16C06831CC4F88470C4F828
S21400914890601F4F1F4EDBB203EB4303C4F89460D6
S214009158C4F8887002EB83067034746008261A4CCC
S21400916842F82340C31CDBB203EB430302EB830441
S214009178043042F823606160E871F8BD743300205B
S21400918891680300DB680300158F000001FF3001BB
S21400919804FF20011000300102FF200105FF300106
S2140091A800FF300103FF2101070001084A002100E3
S2140091B842AE04005100100044AE040045AE040060
S2140091C8550021006F0018001200010400239B6A56
S2140091D8B3F5C04F03D21968064A914203D000235C
S2140091E8037083607047012202709A689B69426028
S2140091F8F7E700BF07B0CD5E024B034A1A602EF0B1
S214009208E8BD00BF0000002002020FF073B5534B04
S21400921804461A781AB102221A7002B070BDCDE957
S21400922800220028F9D001261E7037F00BFE4C4DA0
S2140092384C4B186017F094F82B785BB902F062FA7A
S21400924840B949480823494A4949006801F0A8FE38
S21400925800B92E70474B5A6E62619B6E464AA361F0
S2140092684FF40043936603F188435968E161434924
S2140092789960196E2160596E6160D3F87011A1600B
S214009288196CE160596C21613D49086C1864496C99
S2140092985964012151664FF4005191661A6E5604BE
S2140092A836D53849CA68D407FCD45B6E5A0434D518
S2140092B8354AD36B13F0430FFBD1344B1A68531C53
S2140092C831D04FF400139340314A13660423304CD0
S2140092D8684623664FF480632366102323664FF49C
S2140092E8005323664FF0804323664FF4804301A95A
S2140092F863662DF036FB009B2366019B63662B781E
S214009308002B8AD0194B1A6822665B68636684E766
S2140093182049CA68D007FCD4C7E71F4AD36B13F0A6
S214009328430FFBD1C9E71D4B1B78002BCED14FF45A
S2140093388072114B5A661A4A52681AB94FF40011CD
S214009348134A11664FF400725A66164B5B68002B78
S214009358BCD14FF480020E4B1A66B7E7C55C0020F6
S214009368C65C0020BC3300204C670020C0330020B9
S21400937800710800008000500090005055CEAC00E8
S21400938800C00054000004400000024C186700208B
S21400939800900044000004500000025CC45C0020FA
S2140093A800C005500000065070B52C4D04462E78B7
S2140093B8012E02D001232B7070BD0028FCD02DF0A2
S2140093C8F5FA01300BD02DF0F1FA40F2011398426D
S2140093D805D0234B234A5E66D368DE07FCD4224BAF
S2140093E822491B6E13F0040F4FF4005314BF1C4A97
S2140093F81F4A9366CA6B12F04302FBD121681A4BC8
S214009408196661685966A168C3F87011E16819643D
S21400941821695964E169C80748BF9A60154B1A68FC
S21400942801320DD1144A127852B914494968C9074D
S21400943848BF1A60124A5268D20744BF01221A600F
S2140094486269104B5A66A2699A6616F091FF0E4B2F
S214009458186837F0F2FC0023ADE700BFC55C0020B3
S2140094680090004000000440008000440000024CC9
S2140094780090005018670020C45C002000C005500B
S2140094880000065000800050BC33002070B5002451
S214009498A36AB3F5C04F23D21A68134B9A421FD15A
S2140094A8124E337813F0FD0518D14FF48034104867
S2140094B8FFF7ACFE032004F0B9FC0E4B0320DC607B
S2140094C804F098FC0C4B1C61AB6ADB6998470446B1
S2140094D80748FFF769FF0CB901233370204670BDB3
S2140094E84FF48174FAE700BF07B0CD5EC45C002075
S2140094F89C33002000A000440090004413B5204B85
S2140095081B7803B9FEE700231E4CCDE900336A46F4
S21400951808231D49206801F043FDF8B91B4AD2F814
S2140095284031D2F840211F2B4FF0010311D9203AC1
S2140095389340019A1A43019208236A461249206802
S21400954801F0B6FE124B134A1A602EF042FC02B027
S21400955810BD9340009A1A430092EDE72D28F1D1EA
S2140095680A4AD2F84031D2F840211F2B4FF00103A7
S21400957885BF203A93409340019398BF0093DBE75A
S214009588C55C00204C67002000710800008000447D
S214009598000000200B020FF038B50025AB6A044621
S2140095A8B3F5C04F10D21B6BB3F5C04F0CD20748AB
S2140095B8FFF72CFEAB6A20461B6B5B689847BDE836
S2140095C838400248FFF7F0BE38BD00BFC833002059
S2140095D813B50024A36A0190B3F5C04F13D21B6BD2
S2140095E8B3F5C04F0FD20948FFF710FEA36A012152
S2140095F81B6B01A89B69984704460448FFF7D4FEEE
S214009608204602B010BD4FF48174F9E7C833002035
S21400961870B50026B36A0446B3F5C04F0D4612D29D
S2140096281B6BB3F5C04F0ED20848FFF7EFFDB36AC1
S21400963820461B6B29469B69984704460348FFF754
S214009648B3FE204670BD4FF48174FAE7C833002095
S21400965870B50026B36A0446B3F5C04F0D4612D25D
S2140096681B6BB3F5C04F0ED20848FFF7CFFDB36AA1
S21400967820461B6B2946DB69984704460348FFF7D4
S21400968893FE204670BD4FF48174FAE7C833002075
S214009698F8B50027BB6A0446B3F5C04F0D46164614
S2140096A811D21B6B7BB10948FFF7B0FDBB6A204699
S2140096B81B6B324629465B6A984704460348FFF701
S2140096C873FE2046F8BD4FF40174FAE7C83300204D
S2140096D870B50026B36A0446B3F5C04F0D4612D2DD
S2140096E81B6BB3F5C04F0ED20848FFF78FFDB36A61
S2140096F820461B6B29469B6A984704460348FFF793
S21400970853FE204670BD4FF40174FAE7C8330020B4
S214009718F0B50027BB6A0446B3F5C04F0D4616469B
S214009728ADF5177D20D21B6BB3F5C04F1CD2104881
S214009738FFF76CFDBB6A20461B6B40F251225B6A42
S21400974801A99847044630B10948FFF72DFE204680
S2140097580DF5177DF0BD836A32461B6B2946DB6A1A
S21400976801A898470446EFE74FF40174EFE700BFF7
S214009778C833002010B50024A36AB3F5C04F10D232
S2140097881B6BB3F5C04F0CD20748FFF73FFDA36A23
S2140097981B6B1B6B984704460348FFF705FE2046DD
S2140097A810BD0124FBE700BFC8330020F0B58FB01A
S2140097B8044601A80E461546FFF7EEFE9DF80C3047
S2140097C8012B12D1B5F5002F27D8B4F5002F24D8D1
S2140097D86319B3F5002F20D821462A46304613F0E1
S2140097E86BFE002420460FB0F0BD0027BB6AB3F519
S2140097F8C04F15D21B6BB3F5C04F11D20A48FFF7FE
S21400980805FDBB6A2A461B6B314620465B6B9847AC
S21400981804460548FFF7C8FDE4E740F20244E1E7DE
S21400982840F20114DEE700BFC8330020F0B58FB061
S214009838044601A80E461546FFF7AEFE9DF80C3006
S214009848012B1FD1B5F5002F06D8B4F5002F03D885
S2140098586319B3F5002F13D940F2024420460FB01F
S214009868F0BDE258013225D104339D42F9D82A4684
S2140098783146204600F082F80028EDD00024EDE7B7
S2140098880023F2E70027BB6AB3F5C04F15D21B6B5F
S214009898B3F5C04F11D20A48FFF7B8FCBB6A2A4690
S2140098A81B6B314620469B6B984704460448FFF7D7
S2140098B87BFDD3E740F20344D0E740F20114CDE73E
S2140098C8C833002070B58EB0044601A80D46FFF7D1
S2140098D863FE9DF80C30012B22D144EA0503C3F33E
S2140098E80C03002B33D1B5F5002F04D940F20244FF
S2140098F820460EB070BDB4F5002FF7D82544B5F550
S214009908002FF3D8204604F5005400F029F8AC429E
S21400991802D00028F6D1E9E70028E7D00024E7E7D8
S2140099280026B36AB3F5C04F14D21B6BB3F5C04F0D
S21400993810D20A48FFF76AFCB36A29461B6B204612
S214009948DB6B984704460548FFF72EFDD0E740F244
S2140099580444CDE740F20114CAE700BFC83300202C
S2140099684FF4003208B5044B9A6637F019FDB0FA82
S21400997880F0400908BD00BF00900050134610B59F
S21400998862B103439B070BD14FF40034054B9C662A
S21400999837F002FDB0FA80F0400910BD0120FCE760
S2140099A80020FAE700900050BFF34F8F0549064B9A
S2140099B8CA6802F4E0621343CB60BFF34F8F00BF60
S2140099C8FDE700BF00ED00E00400FA0570B5D0B171
S2140099D8C9B10E4E431E013913F8014F2046325DB9
S2140099E802F00302012A11F8012F08BF04F1200033
S2140099F8B55C05F00305012D08BF2032801A01D199
S214009A08002CE9D170BD0120FCE700BF61D5040039
S214009A180348044A0449121A92102DF02CB800BFC5
S214009A2840610000186300001064002008B5154B5C
S214009A3883F30A8800F030F8FFF7EAFF124B134961
S214009A488B4212D30020124B12498B4218D3FDF7D3
S214009A5869F9186850F82240586840F822400132E0
S214009A6898688242F5D30C33EAE70022F8E71C68C8
S214009A7844F8220001325C68A242F8D30833E4E7CF
S214009A880022F8E708000020AC110500B811050010
S214009A98B8110500B81105004FF40041134B144ADD
S214009AA870B59A60D3F88820124D42F47002C3F855
S214009AB88820114A05F5005491664FF0FF32226659
S214009AC84FF6DF7262660222C3F8D020BFF34F8FCC
S214009AD8BFF36F8F4FF44036032004F0A7F9032036
S214009AE8E66004F087F92E6170BD00BF00ED00E067
S214009AF8006000000080004400900050054B18608D
S214009B08054B1B6F03F00703032B01D135F040BA52
S214009B18704700BF28670020008000502DE9F041FC
S214009B2804464FF001080C250D4E0CB9BDE8F0812F
S214009B3894FAA4F0B0FA80F00F2808FA00F2C8BF2A
S214009B48103824EA0204CABF05FB006205FB00625F
S214009B58B4325768002FE8D09168C0B2B847E4E737
S214009B68E833002008B50C4837F08DF9192004F0C2
S214009B784FF928B1192004F059F9192004F03AF9D8
S214009B881A2004F045F928B11A2004F04FF91A20D3
S214009B9804F030F9002008BD48B004002DE9F04173
S214009BA80E461746054618B30F2923D80378DBB1A7
S214009BB8013BDBB2022B19D8104AD35C6A78D34033
S214009BC8DB0717D50E4BD3F81043ACB937F03AF984
S214009BD880463A462846314603F064F8404637F051
S214009BE82CF92046BDE8F0817F23E7E70023E5E768
S214009BF82224F6E72124F4E70224F2E798AE0400CC
S214009C0800C0035010B5044610B30378E3B1013B17
S214009C18DBB2022B1AD8104AD35C6278D340DB0733
S214009C2818D537F00FF90122617823788A40302159
S214009C384B4341F2100103F1A04303F570335A5029
S214009C4837F0FBF8002010BD7F23E6E70023E4E7A3
S214009C582220F8E72120F6E798AE040010B504465F
S214009C6810B30378E3B1013BDBB2022B1AD8104AD3
S214009C78D35C6278D340DB0718D537F0E3F80122C7
S214009C88617823788A4030214B4342F2100103F171
S214009C98A04303F570335A5037F0CFF8002010BDB4
S214009CA87F23E6E70023E4E72220F8E72120F6E70B
S214009CB898AE040038B50D46044618B311B30378B9
S214009CC8E3B1013BDBB2022B1AD8104AD35C6278A8
S214009CD8D340DB0718D537F0B5F83022237853433E
S214009CE803F1A04303F570335B696278D34003F051
S214009CF801032B7037F0A1F8002038BD7F23E6E774
S214009D080023E4E72220F8E72120F6E798AE0400CF
S214009D182DE9F0410D4616469846044600284FD0D1
S214009D2800294DD00178002940D04B1EDBB2022B0B
S214009D383ED8254AD25C6378DA40D20701D4FF2998
S214009D4840D1022E01D9042E3CD137F07BF8237877
S214009D580746FF2B05D032462046296802F0E8FF62
S214009D6828602B68013309D12378FF2B06D1174BBF
S214009D786078D3F824142DF04FFC286029684B1C13
S214009D8818D00C23124A03FB0122069BC2F8048053
S214009D9893602378FF2B04D001230E4A8B40C2F829
S214009DA82434384637F049F8002007E07F22C2E717
S214009DB80022C0E7384637F040F82D20BDE8F0818D
S214009DC82220FBE72120F9E798AE040000C00350E4
S214009DD8E833002000D0035008B502F059FF054BC1
S214009DE800F0553020F05020C3F82004BDE80840A5
S214009DF8FFF794BE00E0035008B502F049FF054B94
S214009E0800F0AA3020F0A020C3F82004BDE80840DF
S214009E18FFF784BE00E003502DE9F04F14460546D0
S214009E280E469B46C36B87B001225B6902A9606831
S214009E389847EB6B01225B6903A93046984702A84E
S214009E482DF018FA074648B10023A37563754FF03E
S214009E58FF33A360002007B0BDE8F08F03A82DF0FD
S214009E6816FA0123A375237E04EBC303DE611F8461
S214009E786368B3420ED1206003A82DF02AFA4FF08B
S214009E88FF332075A360237D043B022B26D80023CE
S214009E98A375DFE723681A1A53425341A37503A82C
S214009EA82DF017FA237D834218BFA77503A82DF057
S214009EB8F2F9074602A82DF0EEF9874218BF0023EC
S214009EC803A818BFA3752DF0EEF9074602A82DF0D3
S214009ED8EAF987421CBF0023A375D4E703A82DF030
S214009EE8DAF980B1EB6B022230465B6904A9984721
S214009EF804A82DF0DFF90346207D032839D8DFE8CB
S214009F0800F03838040903A8F3E7CC22237E04EBD4
S214009F18C3031A8401F06EFC109B187003A8277EF2
S214009F282DF0ADF904EBC70787F82200237E03A8B7
S214009F3804EBC303B3F8209093F822702DF0ABF926
S214009F48804603A82DF0AFF98246B8F1000F15D069
S214009F58EB6B022230465B6904A9984704A82DF0EB
S214009F686EF96075637D6BB90023A3754FF0000822
S214009F7838E0227E04EBC2021384CBE703A82DF058
S214009F8849F9EEE794F81680B8F1000FEED0B9F16B
S214009F98000F09D1DFB10123E375637E002B4FD193
S214009FA8012F42D1677614E06B6C06EB0A015A4221
S214009FB886EA010010421CBF0022A2755A1E0A40FB
S214009FC89B1A9945D0D8A37D002BE3D1CEE7E37D35
S214009FD843B94FF000084B465246314628462CF007
S214009FE894FEA060A27D12B123694B4423611A49EE
S214009FF8237E097899422AD901332376BBF1000FCC
S21400A00827D032B3E37D23B3B8F1000F21D1032F55
S21400A0181FD0A1684B1C1CD0109B224600932846D4
S21400A0280123FFF7F9FEA07513E095F8343063B9FD
S21400A038EB6A0133CFD1032FCDD10123A376C8E72E
S21400A048012FCFD0032FC4D1F7E79846C3E70023E4
S21400A058A375A07DFFE600BFBCAE04002DE9F04F57
S21400A0680E46984600238BB004464FF0FF31104644
S21400A07817468DF8133001F0A7FBB6F5801F20D2DF
S21400A088314605AA04F108002DF046F8451C01469D
S21400A09803D1237CBBB92D2010E0384601F094FB91
S21400A0A80122394620460DF113032CF080FE0028C5
S21400A0B8EFD09DF8133088F8003000200BB0BDE8CC
S21400A0C8F08FB01CE5D1E56A691C36D12046616A76
S21400A0D82CF061FD0546B31C18BF0123DFF8CC90B1
S21400A0E80193636A626C0293236805A902FB053A2A
S21400A0F8E36B05225B695046984705A82DF055F98D
S21400A1082DF078F950462DF080F94FF0000B824676
S21400A11801464B1C05D0636C81EA0A025B42134277
S21400A12811D0294620462CF036FD029BAB422CD097
S21400A138BBF1000F2CD10546D3E72368ED1A636CF4
S21400A148B5FBF3F5C7E7484601F03EFB0DF11303F0
S21400A15849462046019A2CF02AFE034690B1B21CC6
S21400A16803D0D9F80020B2420CD19DF813200393EF
S21400A1780D4B88F8002049461A68384613F09CF9B3
S21400A188039B9B46D9F80810C3E7BBF1000F82D0A3
S21400A198B6F5801F91D2314698F800307A6804F1F7
S21400A1A8080001F03FFA88E7B8AE0400C43B002078
S21400A1B82DE9F3410446174698460E46184D816A1F
S21400A1C8E36A8B4201D04B1C02D102B0BDE8F08195
S21400A1D8284601F0F9FA0122294620460DF1070320
S21400A1E82CF0E5FD38B14346294620469DF8072061
S21400A1F8B8470028E9D0A9684A1C04D169682046EF
S21400A2082CF056FD0146012EDAD16B6881EA03026E
S21400A218636C5B421A4218BF4FF0FF31D0E700BFAD
S21400A228983B00202DE9F04F4FF0FF334FF6FF72B2
S21400A2380025044600F10806C0E909238BB0C3626E
S21400A24805620563304688462CF037FF20462CF01A
S21400A25872FC60BB204641462CF0EDFC20462CF0F4
S21400A2686AFC60BB5E200BB0BDE8F08F2368E26B2B
S21400A278606C576900FB0530052205A9B84705A894
S21400A2882DF093F8012807460CD1294620462CF0D5
S21400A298A3FC012F024600D10132294620462CF0A5
S21400A2A869FC03E02DF0ABF80028EED10135E36930
S21400A2B89D42DBD320462CF03EFC0028CAD0002561
S21400A2C84FF0FF394FF6FF73CA46A846C4E908534D
S21400A2D8E36998450AD3A5EB0905012D2CD84FF656
S21400A2E8FF72636A93423CD16720BCE72368E26B3F
S21400A2F8606C576900FB0830052205A9B84705A811
S21400A3082DF053F8834605A82DF026F8074658463C
S21400A3182DF070F868B1574538BFC4F82480B945A1
S21400A32828BFB946BD4238BF3D46BA46236A013300
S21400A338236208F10108CBE74FF6FF730025636236
S21400A348E3699D42CBD2676C2068E36B052207FB66
S21400A35805005B6905A9984705A82CF0FDFF01359F
S21400A368EEE7E26B676C2068694607FB03005569F1
S21400A3780522A84768462CF0EFFF626A2368606CDF
S21400A3884B4D00FB02302DF040F84FF0FF33A06233
S21400A398E3622A466FF00101204605ABFFF75EFE32
S21400A3A8002846D1AD6829462046E5622CF09FFB7A
S21400A3B8206320B92046E16A2CF07AFCE062294640
S21400A3C820462CF075FC0546A36A9D4233D12046EC
S21400A3D82CF060FB00278046B946E36999453CD3D4
S21400A3E8B84559D92046616A2CF0D5FB00260546A3
S21400A3F804F1400AB74212D8626C2368694602FB29
S21400A4080539E36B05225B694846984768462CF091
S21400A418A3FF534602464946E06B2CF0F8FF294650
S21400A42820462CF0B8FB0136B0450546E2D164203C
S21400A43819E7A56AB7E7294620462CF058FB236B90
S21400A448294603440746236320462CF031FC05467C
S21400A458002FB9D1C4E90B07B6E7636C2568052257
S21400A46803FB0955E36B05A95B692846984705A8C9
S21400A4782CF09BFF2CF0BEFF58B128462CF0C5FFE9
S21400A488014620462CF033FB636C143B984208BF09
S21400A498013709F10109A0E730462CF00EFE00232B
S21400A4A820461946034AFFF783FE0020DBE600BF76
S21400A4B8F03B0020A56D03002DE9F041036B9046A4
S21400A4C8826B07689A4288BF8363426C436A90B07F
S21400A4D802FB0377C36B0E46052201A95B69044697
S21400A4E83846984701A82CF060FF012801463070CE
S21400A4F857D0656CE26B2368606AD2F814C005FB17
S21400A5080030052206A9E04706A82CF04EFF0128D1
S21400A5184FF0000523D0D4E90A3201219342CDE951
S21400A5280B458DF834800E958DF83C102AD11946C7
S21400A53820462CF0BDFB236B626C14339B1AE0623A
S21400A54823630C9B53B99DF83C303BB1626A616C3F
S21400A5582368E06B01FB02312CF0DFFE0C9DE36BF9
S21400A56805225B6901A93846984701A82CF01DFF0B
S21400A57830702846236BA26B9A4288BFA36310B03C
S21400A588BDE8F081237C33B91C490BAA04F1080006
S21400A59801F096F8D5E72046194A0BABFFF708FEF8
S21400A5A8CFE7237C23BB2246164904F1080001F0B6
S21400A5B887F8616A20462CF00FFB616A421C204629
S21400A5C82CF0D8FA054620B9236B626C1344143B6A
S21400A5D823632046A16A2CF06BFB2368A062C01A8E
S21400A5E8636CB0FBF3F0606220462CF0A4FBB6E781
S21400A5F800232046044AFFF7DBFDDAE765AD0000D6
S21400A608E1AC00003F6E0300DB6D030073B50D463A
S21400A618D11E4A421C461B7E4A419A4226D12968C8
S21400A6282368994222D3636899421FD8114E0DF1C8
S21400A63807033246FFF712FDC0B972686B689A4284
S21400A64814D19DF80730DA1E53425341227E9342B6
S21400A6580CD1636901336361D4E90323934205D2BD
S21400A6682968A26842F8231001332361012002B04A
S21400A67870BD00BFF03B00202DE9F04F9B4689B027
S21400A6889DF848309046514A0193136907465B4542
S21400A6980D46C0F09580D94653680093B9F1000F6F
S21400A6A87BD0FB6B01225B6905A90098984705A833
S21400A6B82CF0EDFD454B1B68984240F0848005A8B9
S21400A6C82CF0F1FD0428064615D105A82CF0F2FD5D
S21400A6D8009B04461E44019B002B3ED1804512D9A0
S21400A6E81C46A8EB0008384600992CF0E1FAA9EBBE
S21400A6F804090090D2E7FB6B02225B69009806A962
S21400A708984706A8E2E7A0EB08045C4528BF5C4625
S21400A718032C4644ABEB040B1DD9FB6B294630468D
S21400A7285B69A208984724F0030304F0030A1E4452
S21400A7381D44DDF80480BAF1000FD4D0FB6B01226B
S21400A74806A930465B6998475246284606A912F07D
S21400A758B3FE5544C7E7A246EBE7824600F003037C
S21400A76802932B1803930644039BA6EB0A00A3EB5D
S21400A7780A05029B9A4514D1BAF1000FB3D0FB6BB9
S21400A788012206A95B6998475246284606A913F08F
S21400A7984FF80028DDD04FF03609484609B0BDE826
S21400A7A8F08FFB6B012206A95B69984704222846AE
S21400A7B806A913F03DF80028EDD1AAF1040AD3E75C
S21400A7C84FF06309E9E74FF06F09E6E71C3C002005
S21400A7D82DE9F0410F4616469846044688B060B301
S21400A7E890F83450FDB101212CF09AF900210E9B07
S21400A7F8CDE90511CDE902379DF83C30CDF8048047
S21400A8088DF81C30237C04968BB90D4901AA04F1F7
S21400A818080000F055FFDDE90553E06B002E08BF81
S21400A8281D462CF016FB284608B0BDE8F0812046E9
S21400A838044A01ABFFF7BCFCEDE70546F3E700BFAB
S21400A848096E030015A600007FB590F8426004461E
S21400A85801920DF10B030A46304611492CF001FB14
S21400A868012E0546E36B17D132465B6903A9984764
S21400A8789DF80B10039B019A59B19BB243EA024319
S21400A888012228460393E36B03A99B69984704B003
S21400A89870BD62F30F03F3E701229B6901A9F5E790
S21400A8A81C3C00202DE9F04F99B00E460D920A691F
S21400A8B8416C0B931439D31DB3FBF1F3013302EB50
S21400A8C8C302036B04469342C0F001820023DFF8FC
S21400A8D804940893E36A48461946059300F074FF03
S21400A8E8D6E9033707930B9B022B4DD1CC2F40F0AC
S21400A8F8D7810D9B3BB1314620462CF008FB656C92
S21400A9081490012044E00120079B656C1B68149393
S21400A91800F0010000280CBF04230823782F0E93AC
S21400A92849D8059A6B1E1340ED1A3B1D9D423CD232
S21400A938002F3DD0082D3ED80023042506934FF05F
S21400A948040A336806990B98C9F80030C9F81070DD
S21400A9582CF0C3FC4FEA9A030F93059B89F8140062
S21400A9680393002309930C9304930A93616C039B47
S21400A9784A1E1A408B1A27B35544AB4223D8236B7A
S21400A9885B1A134423632FE1782F656CB9D8F07DE2
S21400A9980D9B002BBCD0E36B01225B69706816A97F
S21400A9A8984716A82CF077FCB4E700250695C6E766
S21400A9B804250697C3E7012300254FF0080A0693E7
S21400A9C8BFE75345DBD3A3EB0A029742039BB8467F
S21400A9D828BF90469742534428D90122D9F8101028
S21400A9E889F817208F4226D10399C9F804100492D3
S21400A9F899F817200AB399F818100398CA1C09EB97
S21400AA08C202506004980131A2F80880907289F852
S21400AA181810B8F1000F07D00B9A022A40F0818070
S21400AA28099A72B1012209929B46ABE0049A002A61
S21400AA3818BF0322DBE70222D9E7039AC9F80420E5
S21400AA48E7E70C9A4244032AEED9E26B1846956962
S21400AA5814A901220993A847099B05460028E1D0B6
S21400AA683D2D40F01E8104F1080303932368059AE0
S21400AA78606CA2EB030ABAFBF0FA00FB0A302CF073
S21400AA88C4FCE16A804620462CF012F9A26A82428B
S21400AA9800F00F81626CD9F80830511E0B40216B0C
S21400AAA82768891A0B442363089BE062DF1BB7FB01
S21400AAB8F2F7BA4540F0FA80059BB3EB080A12D0C5
S21400AAC8E36B4FEA9A0241469B6998478346E36AD6
S21400AAD8059A5344E362236B03989B1A4344236303
S21400AAE82CF0EBFADA462368616CE06B01FB073161
S21400AAF82CF000FC20462CF01EF820462CF01BF903
S21400AB082063BAF1000F00F0D4803269616CD31D5F
S21400AB181439B3FBF1F3013302EBC3029042A5D21A
S21400AB28BFE00D9A002A77D1B8F1030F4FEA9802D2
S21400AB386ED9E16B18468D6907991093A847109B44
S21400AB480546C0B918F0030515D0079A28F0030B78
S21400AB5802EB0B019B444FF0FF3215A815922A46CC
S21400AB68109312F0A9FCE26B5846956915A90122C4
S21400AB78A8470546109B9B46079A42440792002D15
S21400AB8840F08B80049B16A80193069B009399F8C7
S21400AB9814204346316800F0CDFDE36B0F9A9B699D
S21400ABA8039816A99847039A051E089B18BF1346CC
S21400ABB8089343465246204603992CF0A6F8236B82
S21400ABC808F10302A3EB0A0322F003029B1AC9F852
S21400ABD808002363002D7FF443AF0C9BA7EB080700
S21400ABE843440C93CDF80CB0204603992CF060F83B
S21400ABF800250390002F7FF4B9AE364A3168936873
S21400AC0804F10800E36252680B9B00F00BFD49E074
S21400AC189B46454607999EE79B4606F120021092FA
S21400AC28F27D7068A2B1002296F818C00A99D5B2CB
S21400AC38AC4511D9109D02F1010E35F832508D42FF
S21400AC4828D90E9806EBC2020144D069084403E0EE
S21400AC580E9A0A990A441044E26B15A9556901220E
S21400AC681193A847159A0A9B1392E26B04339569C9
S21400AC785846012213A90A93A847119B054603EBD9
S21400AC880802A2EB0B02042A7FF679AF28B90BF16B
S21400AC98040BC5E77246491BC9E7CDF820B088E71C
S21400ACA870252F46384619B0BDE8F08F4FF0000AD9
S21400ACB819E73269616CD31D1439B3FBF1F301331C
S21400ACC802EBC302236B9342BFF404AEE9E71C27EA
S21400ACD8E8E700BFC43B0020032A2DE9F3410646F7
S21400ACE80D4617461C4606D1237A012B23D0012091
S21400ACF802B0BDE8F081DFF86080096842460DF1D1
S21400AD080703FFF7ABF960600028EDD19DF8072030
S21400AD18237A032AE8D0D8F804106A689142E3D167
S21400AD28012B2969D4F80CC007D172690CEB010312
S21400AD38934202D92074207CDAE708316144E16046
S21400AD483B46012229463046FFF7ACFD60600028E6
S21400AD58CAD00020CCE700BFF03B00202DE9F34125
S21400AD68089C032A1746266806D1237A012B24D086
S21400AD78012002B0BDE8F081DFF8908030464246F8
S21400AD880DF10703FFF76AF960600028EDD1256822
S21400AD98D8F80400A96AD5F844C04840CCF10003A6
S21400ADA81840227AE1D1012A09D1E268D8F8103091
S21400ADB813447269934202D92074207CD9E7286824
S21400ADC8EB6A1B1A081AB3FBFCF3B0FBFCF08342D1
S21400ADD80BD1706CF36A421E1340326B121A13447E
S21400ADE8284633632BF064FFE862D8F81020E3683F
S21400ADF808321344E36001223B4604492068FFF703
S21400AE0851FD60600028B0D00020B2E7F03B00207B
S21400AE182DE9F0410025604B0E46D3F80080044625
S21400AE281D6018B921252846BDE8F08190F83470D1
S21400AE3807B30A6803689A4240F0A3804A684368E2
S21400AE489A4240F09E808A6883689A4240F09980C9
S21400AE58CA68C3689A4240F094800A6943699A426D
S21400AE6840F08F808A69C36B9A4240F08A804B69AB
S21400AE788361D8E768223946856B12F08DF9D6E9E2
S21400AE880212336804F1080023607368A5636360E0
S21400AE98336963617369A3612CF021F9B36904F11E
S21400AEA84000E3639B68984720B9676C17B16368EE
S21400AEB8B3FBF7F794F84330E761002BB2D00023D2
S21400AEC8656C2366002D64D0002F62D02368B3FB20
S21400AED8F5F205FB1233002B55D16668B6FBF5F381
S21400AEE805FB1363002B4ED120462BF0F0FDA3691B
S21400AEF8043303449E4248D340F634726369CC3B1D
S21400AF08934244D8B5F5805F43D3032120462BF0FF
S21400AF1807FED4E90001E36B1B6898470546E36B18
S21400AF280220DB689847CDB941462046FFF77AF9F4
S21400AF386428054604D141462046FFF773F90546BE
S21400AF48666C5DB9236A2046143E5E432BF0BFFD4F
S21400AF58A369043303449E4238BF5A25002D0CBF0C
S21400AF680123002384F8343007D1D4E900010B4AC2
S21400AF781368013313602CF04CF9E06B2BF069FF73
S21400AF8851E75D254FE759254DE75A254BE75F25DD
S21400AF9849E75B2547E700BF5435002050350020B9
S21400AFA82DE9FF410C4616461F46054680B390F825
S21400AFB834307BB3B1F5801F2ED2DFF860800121D4
S21400AFC82BF0AEFD2146424628460DF10F03FFF74B
S21400AFD845F8044670B99DF80F30012B11D1D8F802
S21400AFE81030BB4212D10246009031462846FFF781
S21400AFF843FB0446E86B2BF02CFF204604B0BDE864
S21400B008F081022B14BF2D246024F3E76324F1E7B4
S21400B0182124F2E71124F0E72924EEE71C3C00205F
S21400B0282DE9F04385B00C4617461E460546DDF862
S21400B038308098B390F8343093B3B1F5801F31D28E
S21400B048DFF8649001212BF06BFD21464A4628461E
S21400B0580DF10F03FFF702F8044688B99DF80F3084
S21400B068012B14D1D9F8102006EB08039A4213D303
S21400B07800904346324639462846FFF7FDFA04460E
S21400B088E86B2BF0E6FE204605B0BDE8F083022B01
S21400B09814BF2D246024F3E76324F1E72124F2E7A4
S21400B0A81124F0E72924EEE71C3C002073B50C4673
S21400B0B81646054630B390F834302BB3B1F5801FEA
S21400B0C824D201212BF02CFD21462846104A0DF1EA
S21400B0D80703FEF7C3FF044680B99DF80730032B25
S21400B0E80CD0022B0CD1284609492BF010FF3060F3
S21400B0F8E86B2BF0AEFE204602B070BD2D24F7E7B5
S21400B1086124F5E72124F6E71124F4E72924F2E779
S21400B1181C3C00202DE9F3411E4600230C4617462A
S21400B1280546336050B390F834304BB3B1F5801F02
S21400B13828D2DFF8548001212BF0F2FC2146424643
S21400B14828460DF10703FEF789FF0446A0B99DF8C7
S21400B1580730032B10D0022B03BF01233B600423C8
S21400B168D8F8103018BF38603360E86B2BF071FEE3
S21400B178204602B0BDE8F0812D24F6E72124F7E743
S21400B1881124F5E72924F3E71C3C002073B5044690
S21400B198056B2BF09CFC636E03449D422CBF00237A
S21400B1A80123854294BF00252D1A207C84F8503050
S21400B1B8656584F85800A8B100230C4E1A4619464F
S21400B1C8204600962BF067FF002305461A461946C8
S21400B1D8204600962BF068FFE3682844984294BF00
S21400B1E80020C01AE06502B070BD00BFFFFF0F0068
S21400B1F82DE9F3471E4643690446B3428846174678
S21400B2089DF828904ED300258DF8075020462BF041
S21400B2185EFCD4F830A082450AD2236AB5EB430F09
S21400B22806D2002220460DF10701FFF745F9B8B30C
S21400B2389DF80730012B05D1002220460DF10701A5
S21400B248FFF73AF9B9F1030F06D0314620462BF03E
S21400B2582EFC256B854227D3144D4FF0FF31284628
S21400B26800F0B2FA4B46294600222046C5E9037686
S21400B278C5F80080FFF716FB236E054663B1204627
S21400B288FFF784FF94F8503013B994F858301BB180
S21400B298236E04F150009847284602B0BDE8F087B0
S21400B2A80135B3E76225F7E71C25F5E7F03B0020F4
S21400B2B82DE9FF410F4690461E46054698B390F87E
S21400B2C8343093B3B1F5801F31D21A4C02212BF0DB
S21400B2D827FC2246394628460DF10F03FEF7BEFE28
S21400B2E8024678B10123424600933946334628463B
S21400B2F8FFF77EFF0446E86B2BF0ABFD204604B054
S21400B308BDE8F0819DF80F30012BEBD12169B142E1
S21400B318E8D10093414633462846FFF7ADF9044680
S21400B3280028DFD1E7E72124E8E71124E6E7292407
S21400B338E4E700BF1C3C00202DE9F04790F84230B7
S21400B34886B0012B05460391A1EB020740F0AA80C0
S21400B358FF2F03D81E464FF0640807E00226012B8D
S21400B36814BF4FF032084FF06408013600244FF639
S21400B378FF79DFF844A195F84230012B14BF322339
S21400B38864239C4202D35FFA88F40DE005AB22469C
S21400B398514628462BF099FD95F84230012B059B1F
S21400B3A834D14B452DD1E4B295F84230012B14BF69
S21400B3B832226422121BB24217D3012E39D1002240
S21400B3C8012B05978DF8132027D1082205A90DF122
S21400B3D813002CF036F89DF81330059A42EA03223B
S21400B3E821462846FFF730FA40B102233249009337
S21400B3F82846CC23096803AAFFF7FAFE06B0BDE87C
S21400B408F087DBB203B902340134B4E7591CCAD05A
S21400B4189BB2002BF8D10134F6E7102205A90DF1EE
S21400B42813002CF00EF89DF81330059A42EA0342F2
S21400B438D6E7039A012B059223D10823202205A9D3
S21400B4480DF113008DF813302BF0FBFF9DF8132039
S21400B458120221462846FFF7F7F995F84230611C94
S21400B468012BC9B21AD10028BFD12846BDF814202E
S21400B478FFF7EAF90028B8D10234BDF81620E1B281
S21400B488AFE71023202205A90DF113008DF813301D
S21400B4982BF0D7FF9DF813201204DAE70028A4D172
S21400B4A8059A9EE7B7F5803F4FF00106BFF457AF01
S21400B4B84FF032085AE700BF1C3C002070B586B033
S21400B4C80E4605460392A0B390F834309BB3B1F508
S21400B4D8801F32D202212BF023FB31462846184A19
S21400B4E80DF11703FEF7BAFD044618B99DF8173094
S21400B4F8032B0ED10223314600932846CC2303AAF9
S21400B508FFF776FE0446E86B2BF0A3FC204606B051
S21400B51870BD022B0BD10A4928462BF0F8FC03997C
S21400B52802468142EFD02846FFF706FFEAE7612485
S21400B538E9E72124EAE71124E8E72924E6E700BF3B
S21400B5481C3C0020F7B50C461646054668B390F82E
S21400B558343063B3B1F5801F2BD202212BF0E0FA0A
S21400B56821462846144A0DF10703FEF777FDC0B9B1
S21400B5789DF80730032B14D0022B14D10E49284609
S21400B5882BF0C5FC471C024639462846FFF7D4FE72
S21400B598044606B13760E86B2BF05BFC204603B028
S21400B5A8F0BD2D24F7E76124F5E72124F6E71124FA
S21400B5B8F4E72924F2E700BF1C3C002030B50C460F
S21400B5C8054685B028B390F8343023B3B1F5801F0C
S21400B5D823D202212BF0A4FA0DF10F0321462846A8
S21400B5E80F4AFEF73BFD034688B99DF80F20032A4D
S21400B5F80DD003222146009202462846FFF7F8FDA2
S21400B6080446E86B2BF025FC204605B030BD2D24FB
S21400B618F7E72124F8E71124F6E72924F4E700BF22
S21400B6281C3C00202DE9F043466886B3056898461A
S21400B6384FF0000CA946AE4655F83C400CF1010CFC
S21400B648C4F31307013401D0B94217D0B4450EF13C
S21400B658080EF1D12F46002403E0B44207F108078C
S21400B66812D055F8343001340133F6D1C1F3130142
S21400B67841EA0851C7E90012BDE8F08341EA0851DB
S21400B688CEE90012BDE8F083B8F1030F03D1012319
S21400B6980372BDE8F083002303E0B34209F108090A
S21400B6A8F5D055F833400133C4F30754032CF4D1CE
S21400B6B8C1F3130343EA0853C9E90032BDE8F0832F
S21400B6C82DE9F0410646406882B0B8B10F4690466C
S21400B6D80024336853F8345003EBC403C5F3075209
S21400B6E8C5F31301013506D05B683046CDF80080F7
S21400B6F8B84718B1706801348442EAD302B0BDE88E
S21400B708F08100BF024B1968024B1868FFF780BB30
S21400B7182C6700204C67002008B535F086FB014BE7
S21400B728186008BD483C0020014B186835F078BB07
S21400B738483C002073B504462248012A00EAC11195
S21400B7489DF8185023F07C4007D9961E012E28D95C
S21400B758073303F07F03194308E09DF81C300A43BB
S21400B768DB0603F0C053134343F060410023C4E9EB
S21400B77800108DF80730B5B1202221460DF10700DC
S21400B7882BF05FFE1A220DF10700211D2BF059FE43
S21400B798082063689DF8072043EA8263636002B066
S21400B7A870BD1143E2E71B220DF1070021462BF07E
S21400B7B848FE23689DF80720042043EAC2632360F6
S21400B7C8EDE700BF80FFFF0738B5094B0D461A683E
S21400B7D80021044611F0E0FC00234FF0FF322383DB
S21400B7E8C4E900252361A260E382A37638BD00BFC2
S21400B7F8B8AE04000138C0B205289ABF014B185CE1
S21400B80801207047BDAE04002DE9F04107461546F5
S21400B81800240E46596888B0490A012922464FEA8C
S21400B828510104F10104F8D8DC78997824031B88C0
S21400B838C90201F4006104F480540C43C3F30A03FC
S21400B8485203234492B24FF000089C18274B6FEA25
S21400B8580444039325F07843ED4302A90DF107004D
S21400B8681B2202938DF807802BF0EBFD9DF807202E
S21400B878029B02A943EAC2630DF107001B2225F0CA
S21400B8887845049302958DF807802BF0DAFD9DF82D
S21400B8980720029B6FEA144443EAC26305934FF0FD
S21400B8A8FF330794069307A9BB69012206F1100027
S21400B8B89847BB6905A90446012206F1080098477F
S21400B8C8BB69404518BF044604A90122301D9847A5
S21400B8D80122404518BF0446BB69304603A998476D
S21400B8E8404508BF204608B0BDE8F08101009AB27E
S21400B8F8044BD3F88420D206FBD4D3F88400C0F3D4
S21400B908811070470040005038B5184B0546D3F8EC
S21400B91824010C4600F00700062823D8DFE800F0CC
S21400B928040A121A1E0E1600012305B1286004B177
S21400B938236038BD33F00CFB0523F6E733F008FB2D
S21400B9480623F2E733F03EFB0323EEE733F03AFB39
S21400B9580423EAE733F032FB0223E6E735F078FA09
S21400B9680723E2E700231846DFE700BF0080005001
S21400B97838B5104B0546D3F800310C4603F00303E0
S21400B988022B0BD0032B0DD0012B0FD133F01AFB53
S21400B998032305B1286004B1236038BD33F018FBD3
S21400B9A80823F6E735F054FA0723F2E701230020C8
S21400B9B8EFE700BF0080005038B5104B0546D3F8B7
S21400B9C820310C4603F00303022B0BD0032B0DD0BB
S21400B9D8012B0FD133F0BCFA052305B1286004B15A
S21400B9E8236038BD33F0EEFA0323F6E733F0E6FAC1
S21400B9F80223F2E701230020EFE700BF0080005093
S21400BA0838B5104B0546D3F840310C4603F003030F
S21400BA18022B0BD0032B0DD0012B0FD135F01AFAC1
S21400BA28092305B1286004B1236038BD33F0D0FA85
S21400BA380823F6E735F011FA0B23F2E70123002076
S21400BA48EFE700BF0080005038B5104B0546D3F826
S21400BA5860310C4603F00303022B0BD0032B0DD0EA
S21400BA68012B0FD135F0F6F9092305B1286004B18A
S21400BA78236038BD33F0ACFA0823F6E735F0EDF965
S21400BA880B23F2E701230020EFE700BF00800050F9
S21400BA9873B50D4600210E4B0191D3F8804106463A
S21400BAA804F00304012C09D0022C0CD00C460EB16D
S21400BAB8019B336005B12C6002B070BD01A8FFF78A
S21400BAC87BFF0F24F3E733F079FA0190EFE700BF26
S21400BAD80080005038B5104B0546D3F840320C4667
S21400BAE803F00303022B0BD0032B0DD0012B0FD131
S21400BAF835F0B0F9092305B1286004B1236038BDD4
S21400BB0833F066FA0823F6E735F0A7F90B23F2E7D1
S21400BB1800231846EFE700BF0080005038B5144BE6
S21400BB280546D3F800020C4600F0070004281BD888
S21400BB38DFE800F003090D111500012305B12860A0
S21400BB4804B1236038BD35F085F90923F6E733F0EC
S21400BB583FFA0823F2E735F080F90B23EEE733F0D7
S21400BB6817FA0E23800AE9E700231846E6E700BF1F
S21400BB780080005010B40D4C0B46D4F8204204F058
S21400BB880304012C0AD0022C0CD008B10021016055
S21400BB980BB100221A605DF8044B70475DF8044B41
S21400BBA8FFF70ABF5DF8044BFFF72ABF0080005076
S21400BBB8B0F5207F1FD009D8B0F5007F15D003D880
S21400BBC868B1B0F5C07F0AD000200CE0B0F5607F01
S21400BBD8FAD10B4BD3F88000C0F3011003E0084BF2
S21400BBE8186FC0F3033001307047054BD3F8900048
S21400BBF8C0F30460F7E7024B186FC0F38020F2E743
S21400BC08008000504FF400320E4B014610B500205D
S21400BC189A66FFF7CDFF484341F671320A490B4B47
S21400BC28884294BF00200120DC69DA639A6822F40F
S21400BC38401242EA00529A60E20344BF0022DA63E6
S21400BC4810BD00BF00900050005A6202000003506A
S21400BC585F2898BF094B4FEA501294BF53F822301A
S21400BC68074B00F01F0029B103F5805301228240DC
S21400BC781A60704703F50053F8E700BFC4AE040027
S21400BC88608200501FB50021B0F5807F0446019100
S21400BC9800F0068100F29D80612800F295801F283A
S21400BCA805D8002840F0928033F072F9DCE0A0F165
S21400BCB82004412C00F28A8001A353F824F000BF28
S21400BCC8B1BC000075BE0000B1BC000075BE000027
S21400BCD895BE000095BE000095BE000095BE00000B
S21400BCE875BE000075BE00004FBE000009BE00000D
S21400BCF8CBBE0000D5BE000009BE000075BE000021
S21400BD0875BE000075BE0000D5BD0000D5BD00009C
S21400BD18D5BD0000D5BD0000D5BD0000D5BD0000CE
S21400BD289FBE00002BBE000075BE000075BE00005A
S21400BD3875BE0000E9BE0000DFBE000075BE00004C
S21400BD48D5BD0000D5BD0000D5BD0000D5BD00009E
S21400BD58D5BD0000D5BD0000D5BD0000D5BD00008E
S21400BD68D5BD0000D5BD0000D5BD0000D5BD00007E
S21400BD78D5BD0000B1BC0000D5BD0000B1BC0000B8
S21400BD88B1BC0000B1BC000095BE0000D5BD0000E7
S21400BD98D5BD0000D5BD0000D5BD0000D5BD00004E
S21400BDA8D5BD0000D5BD0000D5BD0000D5BD00003E
S21400BDB8D5BD0000D5BD0000D5BD0000D5BD00002E
S21400BDC8B1BC0000B1BC000080284BD0019804B07C
S21400BDD810BDB0F5A06F5ED028D8B0F5607F50D003
S21400BDE819D8B0F5007F4CD004D8B0F5C07F3FF422
S21400BDF85BAFEBE7B0F5207F38D0B0F5407FE5D1F4
S21400BE0833F0C6F802464FF42070FFF7D1FEB2FBB7
S21400BE18F0F2520833E0B0F5806F37D0B0F5906F87
S21400BE28D4D1002101A8FFF76FFDCFE7B0F5E06F8A
S21400BE3851D00DD8B0F5C06F43D0B0F5D06F45D00F
S21400BE48B0F5B06FC2D1002101A8FFF721FEBDE70B
S21400BE58B0F5F06F44D0B0F5086FB7D101A8FFF77A
S21400BE6887FDB3E733F07AF80190AFE733F090F840
S21400BE7802464FF42070FFF79BFEB2FBF0F20192E9
S21400BE88A4E733F06BF802462046F4E7002101A841
S21400BE98FFF792FD9AE7002101A8FFF76BFE95E7EA
S21400BEA84FF0E02302911B695B0705D533F070F865
S21400BEB80290029B019389E703A902A8FFF7A0FD59
S21400BEC8F7E7002101A8FFF79BFD7FE7002101A8FF
S21400BED8FFF724FE7AE7002101A8FFF7FBFD75E7C8
S21400BEE8002101A8FFF7B0FD70E700BF08B5802065
S21400BEF8FFF7C8FE034B98429EBF4FF48032024BB2
S21400BF081A6708BD005A620200A000501FB5034613
S21400BF180020B3F5807F01906FD027D8382B00F02B
S21400BF2882800BD8243B092B0FD8092B0DD8DFE8C5
S21400BF3803F05F5F5F5F0C0C5A0C3675522B57D0B8
S21400BF4807D83D2B3AD03E2B72D0019805B05DF845
S21400BF5804FB802BF9D1394B1B6F03F00703013B19
S21400BF68032BF2D8DFE803F03D36393BB3F5D06F44
S21400BF7854D019D8B3F5A06F55D00AD8B3F5806F4A
S21400BF8836D0B3F5906FE0D1002001A9FFF7BCFCCE
S21400BF98DBE7B3F5B06F26D0B3F5C06FD5D1002078
S21400BFA801A9FFF72DFDD0E7B3F5006FECD00AD84E
S21400BFB8B3F5E06F3CD0B3F5F06FC6D1002001A909
S21400BFC8FFF742FDC1E7B3F5086FBED101A9FFF739
S21400BFD8CFFCBAE705230193B7E70323FBE707235C
S21400BFE8F9E70223F7E7002001A9FFF751FDACE7C0
S21400BFF8002001A9FFF7E0FCA7E74FF0E023029036
S21400C0081B695B0705D532F0C3FF0C230393039B1C
S21400C018E1E703A902A8FFF7F3FCF8E7002001A967
S21400C028FFF77CFD91E7002001A9FFF7A3FD8CE749
S21400C038002001A9FFF74EFD87E700BF00800050EB
S21400C0484FF40022034B5A66012203F580439A6296
S21400C058704700BF0090005070B504468020FFF778
S21400C06855FF032800F082804FF40022444B02213B
S21400C0785A6645F60E03434AC2F88030424B996228
S21400C088012103F580539962936DD903FCD4D4E952
S21400C09800131B0543EA0163E17B94F823500B4326
S21400C0A8217B43EA0143617B43EA0133A17B43EAF0
S21400C0B8811313619169D4E904031B0643EA80637C
S21400C0C801F000410B43A17EE07E0B43217E43EA4C
S21400C0D80143617E43EA01239361E169136A0029FB
S21400C0E823F00D0343EA010314BF0121002143EAAC
S21400C0F8800343EAC103136294F8203094F82200C0
S21400C108916A4FEA431332D194F8216021F0330143
S21400C11843EA06130B4343F0010393621B49194B8A
S21400C1289A6D31EA0202FBD1022217498A621A6521
S21400C1389A6D5200FCD41A69A16822F4700242EA89
S21400C14801521A614FF000420F4B9A6118B9022249
S21400C15803F580539A6215B901220D4B9A6294F83A
S21400C16824301BB1074B0B4AC3F8802070BD21F062
S21400C178330129430B4343EA40039362EFE700BFCA
S21400C1880090005000C0005000D00050030001404E
S21400C19800E00050F1A7FFFF014B93F9000070473D
S21400C1A8C85C0020014B1880704700BF866C0020D2
S21400C1B8B0F5207F10B50C4642D008D8B0F5007F01
S21400C1C833D003D888B1B0F5C07F0ED010BDB0F517
S21400C1D8607FFBD11F4A4C1ED2F8803023F0300314
S21400C1E843EA0413C2F88030F0E72BF048F92BF046
S21400C1F854F94FF48031184B164A1967136F013CEF
S21400C20823F4704343EA0433136732F0C1FE04464E
S21400C218FFF76EFBC0F1020120462BF038F900F05C
S21400C22835F8BDE81040FFF761BE0A4A4C1ED2F842
S21400C238903023F0F85343EA0463C2F89030C5E719
S21400C248044A4C1E136F23F4806343EA842313675F
S21400C258BCE700BF008000500090005008B50121E0
S21400C268022000F0E1F84FF42070FFF7A1FC054B20
S21400C27818702BF004F92BF010F94FF48032024BAB
S21400C2881A6708BDC75C00200090005008B54FF438
S21400C298C070FFF7F7FCBDE808400449884294BF21
S21400C2A8012102214FF42070FFF782BF80F0FA02C6
S21400C2B838B5044632F06CFE0546FFF719FBC0F1A8
S21400C2C8020128462BF0E3F80121002000F0ECF8E4
S21400C2D82CB1FFF7DBFFBDE83840FFF707BE034B7E
S21400C2E84FF420701978FFF763FFF4E7C75C002067
S21400C2F810B5224B70B94FF40031214A18605166C8
S21400C30802F598325268012A03D11E4AD2F8002153
S21400C3181A6010BD1B68002BFBD01B4A5268012A06
S21400C328F7D0184A8020C2F80031FFF7EFFD05283D
S21400C3381FD14FF4C070FFF73BFC0128044604D118
S21400C34802214FF4C070FFF733FF07220F4B1A6124
S21400C3580122A3F580535A600B4A1369DB07FCD504
S21400C368012CD6D12146BDE810404FF4C070FFF727
S21400C3781FBF0122064B5A60CBE700BF4C3C00208B
S21400C388009000500080005000C0015000E00150AE
S21400C39800D00150044A4178536F23F4407343EAAF
S21400C3A801235367704700BF0040005010B504468D
S21400C3B810B10020FFF79CFF124A136943F00403EC
S21400C3C8136133F05BF92BF06DF80F4B5B6E5B0176
S21400C3D842BF0E4B0E4AC3F8202434F026FD34F034
S21400C3E8D7FF34F01DFD2BF05EF802F0FFF81CB9FD
S21400C3F8BDE8104032F0CCBD0120BDE81040FFF784
S21400C40877BF00BF00ED00E00080005000E003505A
S21400C4180000FF0F034A0179D36E23F030030B4365
S21400C428D366704700400050F8B504461C4BD3F856
S21400C4388420D106FBD4D3F88430C3F381139C42FE
S21400C4482CD032F08BFD012C064602D121462BF06B
S21400C4581EF834F0EAFC4FF00072124B07465A6694
S21400C46820462BF027F84FF480630D4D621E93404C
S21400C4782B676B6E9A0103D4D5F884309B060AD5D1
S21400C488384634F0CDFC022C08D13046BDE8F840DA
S21400C49800212AF0FCBFD5F88430EAE7F8BD00BFD3
S21400C4A8004000500060005010B50C4608B932F045
S21400C4B855FD074B21461B783BB1064B984204D8DE
S21400C4C80120BDE81040FFF7AFBF0220F9E700BF24
S21400C4D8C95C0020005A62020278034B0121002042
S21400C4E81A70FFF7E1BF00BFC95C00204FF000429A
S21400C4F838B5264B26495A6601224A604AF6CD3197
S21400C50803F50B235D6C1964154030BB9968C907A1
S21400C5180BD4002401221F4B5A6015B11E4B1F4A2C
S21400C5281A642FF013FB204638BD1A498A601C4A45
S21400C538D96ACC0705D4904201D10724EAE701302E
S21400C548F6E79042E5D1F8E70132DC6A14F0080411
S21400C55806D08A42F8D10724DFE700221049F4E71C
S21400C5688A42F8D020220B4B0B495A620122A3F5C7
S21400C57880539A6023460A4A486A800603D4934240
S21400C588E9D00133F8E79342C7D1E4E700900050BA
S21400C5980050095000600950004009503254FFFF0F
S21400C5A840420F004FF0004238B5174B174C5A66FA
S21400C5B8012203F50C235A604AF6CD33656C2364D2
S21400C5C8437893401343124AD363C3788178A268AA
S21400C5D89B0043EA011322F074021343A360027916
S21400C5E8837943EA022323614279C37943EA022323
S21400C5F863610078FFF77AFFEB0744BF054B2364B7
S21400C6082FF0A4FA012038BD0090005000400950D1
S21400C618004000503254FFFFF8B504460D461F464A
S21400C62816464AB101238B403021184A01FB0022E6
S21400C638F7B141F21001535004EB4403072D4FF0B5
S21400C6480F014FEA031316D8A80006FA00F2814035
S21400C6580F4818442AF02FFF4EB9012330210B4A01
S21400C668AB4001FB042277B141F210015350F8BDEC
S21400C67842F21001DFE7A5F10800800006FA00F292
S21400C68881400448E5E742F21001EFE700C0035096
S21400C69804C003500CC003500121024600F5805325
S21400C6A810B55960244B2549C36053690B40FCD12B
S21400C6B89361C2F89830536913F4401FFBD153694D
S21400C6C8D9052DD4936F5BBB53699B052AD4D2F842
S21400C6D8881039BB1046D36FD2F88C302AF0FAFE91
S21400C6E8302391601161D16211621367C2F88030FD
S21400C6F8134B9A4208D142F26000124B90641365BD
S21400C70851659065136651660D4B9A4202D100201A
S21400C71810290AD10C4B02F500525362936210BDE1
S21400C728536FCCE7D2F88430CEE701F1280443F8FB
S21400C73824000131ECE700BF12000200520001009D
S21400C7480040005A00C002808F330F80084608B5A4
S21400C75869B92A20FFF796FAB0B10C4B984206D969
S21400C7680B4B9B68C3F302730133B0FBF3F0094B22
S21400C77800F5742000F23F20B0FBF3F001387F2864
S21400C78828BF7F20C0B208BD0120F0E7005A620229
S21400C7980040005A40420F000B4B10B5994228BF84
S21400C7A819460C461AB92A20FFF76CFA0246631E89
S21400C7B81344B3FBF4F0A34228BF00F1FF3003286C
S21400C7C828BF0320C0B210BD005A620210B5104838
S21400C7D8104C002B08BF04468C4228BF0C461AB9DA
S21400C7E82A20FFF74FFA02469DF8083040F2FF303D
S21400C7F80133B2FBF3F2631E1A44B2FBF4F3A2420F
S21400C80828BF03F1FF33984228BF184610BD00BF63
S21400C81880969800404B4C002DE9F04F2DED048B88
S21400C828B64E0C4687B01546314600220746FFF737
S21400C838B3FF94F80580804538BF804638462AF00E
S21400C84849FE20795FFA88F850B92A20FFF71AFAC5
S21400C858B042014628BFB0FBF8F13846FFF776FF2E
S21400C8684FF00009E37822781B01524202F00202D8
S21400C87803F03003134362780004524202F00402C5
S21400C8881343A27800F4FE00524202F00802134353
S21400C8984FEA087202F0E04213431843E3882289FD
S21400C8A8B8603B616389DFF860A243EA02433B62F3
S21400C8B8574502D1B9F1020F08D1012307F5805771
S21400C8C87B6007B0BDEC048BBDE8F08F00222E78A5
S21400C8D88B488C49AC68964218BF014633468A484E
S21400C8E8CDF80080FFF772FF07EB09118B6CA2B238
S21400C8F823F0435323F41D1323F4405323F01F035C
S21400C90806F003041C436B7882424FEA830303F065
S21400C9181C0344EA0304AB7838BF02461B03E878D6
S21400C92803F4E0432343040404F4E02423432C7C68
S21400C9384FEA091C640504F4600423432C7909F1C2
S21400C948050B240704F0405423438B648C6C6F4912
S21400C958C4F30234013C042C26D8DFE804F025256D
S21400C96803101A00D1F88041240C2EB3C2F3090232
S21400C9780AEB0B135A6009F10109143598E7D1F848
S21400C9888441002EF2D1D1F88C11A4B209144900C2
S21400C99815E0D1F88441002EE8D1D1F88C11240C8A
S21400C9A8091401EB41010AE0D1F88041A4B2002E37
S21400C9B8DCD1DFED577A06E0D1F88C11091407EEC2
S21400C9C8901AF8EEE77A01210CF1B44C0CF5804C7D
S21400C9D82304DCF8483024F4C046C3F3820C0CF178
S21400C9E8010C01FA0CF107EE101A4FEA864648BF0A
S21400C9F846F0004613F01C0FB8EEC79AF6EE008A0B
S21400CA08424B4CD1D3F88C110BB208EE103AB8EE64
S21400CA18C88A38EE278A002858D105A8039200F05D
S21400CA2813F9DFED3C7A28EE278A039A9FED3A7AC7
S21400CA38C7EE097A9FED397A67EE877AB1EE007A03
S21400CA48B6F1004F48EE077A0BD09FED357A06EE22
S21400CA58104A77EE876ABAEEE86AF0EE477A56EE3C
S21400CA68267AF5EEC07AF1EE10FACBBFF1EE677AC9
S21400CA7878EEE78A77EEE87AFDEEE87AC8BFFDEE4C
S21400CA88E77A17EE901AB1F5003F2EDB6FEA5646A6
S21400CA986FEA46461C484FEA0B11465066E7D3F83D
S21400CAA8901169EE286A09B207EE101AB8EEC77A2E
S21400CAB8D3F8881177EE677A0BB208EE103A87EE4D
S21400CAC8A67AB8EEC88A38EE078AA4E7D5ED037AC0
S21400CAD8DFED146AF8EE677A87EEA67AF7EE046A50
S21400CAE8C6EE877A27EE888AA0E711F5003FAABF28
S21400CAF8C1F3110146F400360E43CBE7005A620232
S21400CB08404B4C00809698000040005A0080E00F8A
S21400CB18000000003D3B843F0000804300002044A6
S21400CB280000004900007A444FF40032054B9A662C
S21400CB3841F6713203F51C33DA63012203F500531C
S21400CB48DA6070470090005041F671320121064BBA
S21400CB58DA6303F50052D1600022DA634FF400323C
S21400CB68A3F518339A66704700000350044B1868FC
S21400CB78421C02BF034AD2F894001860704700BFF0
S21400CB885067002000400050CB784A7810B55B010B
S21400CB980C7843EA82030A79234343EA02130C22F9
S21400CBA8424302F1B0421363012C02BF8A78024B5B
S21400CBB843F8202010BD00BFE880035008B54FF0AA
S21400CBC8B0435A6802B960B15B680BB12AF0FFFC43
S21400CBD84FF0B04130B10120074B58602AF0F7FCFF
S21400CBE8C86008BD2AF0F3FC0223CB602AF0EFFCED
S21400CBF80122024B5A60F4E7001000580020005843
S21400CC084FF0B0414B6810B50BB12AF0E0FC01229A
S21400CC180B4BC4785A608378934043EA840344787D
S21400CC282343047943EA0413447943EAC4038B6034
S21400CC38044B5A600378C3F10203CB6010BD00BFF3
S21400CC4800200058001000584FF48032064B5A66F1
S21400CC5803F5E6235B69C3F38512827003F03F028F
S21400CC681B0B42700370704700900050024B186808
S21400CC78C0F30740704700BF0080E00F0120034B59
S21400CC889B680A3303F01F03984070470080E00F44
S21400CC98034BD3F82424D3F820041040704700BF71
S21400CCA800C003502DE9F8431E4B0546D3F8103351
S21400CCB84B1E0E2B0E46174690F8009044781DD94A
S21400CCC809B34FF000082846D7B134F0C9F809EB85
S21400CCD84903072C4FF00F014FEA031315D8A40099
S21400CCE8114808FA04F2A14018442AF078FCBEB9A4
S21400CCF828468FB1BDE8F84334F0B2B88846E2E774
S21400CD082AF07CFCE3E78846E1E7083CA4000748ED
S21400CD1808FA04F2A140E7E7BDE8F8432AF06EBC3B
S21400CD28BDE8F88300C0035004C003500CC003508D
S21400CD382DE9F0412B4B1746D3F810234A1C06461C
S21400CD480C46407804D1D3F824142AF065FC04462F
S21400CD58002C2FDB072C4FF0030532782DDC4FEA2A
S21400CD68840805FA08F529461F4802FA08F22AF048
S21400CD7836FC294672781D4802F0030202FA08F2C9
S21400CD882AF02DFC012317F0050F194A18BF194978
S21400CD9803FA04F30CBFC2F81034C1F8103417F0C5
S21400CDA8060F18BF134AC2F814340123104AA340CA
S21400CDB8C2F820342046BDE8F081A4F108084FEAFE
S21400CDC8880805FA08F529460B4802FA08F22AF0F8
S21400CDD806FC7278294602F00302084802FA08F2AE
S21400CDE8CEE700BF00C0035000C4035008C4035079
S21400CDF800E0035000D0035004C403500CC4035092
S21400CE0870B504462EF0E7FE064630B90FCC044D42
S21400CE180FC594E8030085E80300304670BD00BFE0
S21400CE28503C002047F6FF739A42F0B569D00229B5
S21400CE3869D8364B5B5C012B65D8354DDE0005EBB3
S21400CE48C30415F83330A178012B13D10025E078F8
S21400CE58401AA84202D80844C0B2F0BD431B666810
S21400CE68A0EB530336F913609642D4BF1D4603F170
S21400CE78FF30EEE760680028EFD0B0F90040944233
S21400CE8804DBB0F902409442B8BF144683883544A0
S21400CE98FF2B19BFC8232827B0F90630B0F9087049
S21400CEA8A3EB04030CBF0122002293FBF7F36E7872
S21400CEB813441BB29E4201DD002B01DA731E1BB21F
S21400CEC84FF47A7C00EBC305EA88AD685F1C14FB58
S21400CED802521D4622EAE2723BB25C329E42B2FB26
S21400CEE8FCF204DD00EBC307BF889742EAD200EBEA
S21400CEF8C5039888904228BF1046884238BF08461F
S21400CF08AAE7FF20A9E70020A7E700BFD0AE0400E5
S21400CF18503C00200229F0B555D82C4B585C012807
S21400CF2851D82B4C04EBC00114F830004B6801288C
S21400CF380FD1C8788C78904294BFC4EB0001C4EB3C
S21400CF480201001BCAB28242C8BF002233F912008F
S21400CF58F0BD002B37D08878904202D3B3F9020090
S21400CF68F6E7CC78B3F900009442F1D94C78998862
S21400CF78013CA1F1FF06714203F10405E4B27141D8
S21400CF8803F10C07CEB2B44216D805EBC1014FF434
S21400CF987A756A43B1F902404968521A04EBD471AB
S21400CFA802EB610292FBF4F29042D1DBB3F9020085
S21400CFB89042CDDC10B2CBE737F831C04E1C944512
S21400CFC8E3D33146DEE70348C2E700BFD0AE04002D
S21400CFD8503C00200080FFFF08B50448FFF710FF0C
S21400CFE8BDE8084001202EF0FCBD00BFD4AE04000A
S21400CFF87FB51422002101A810F0CEF8044B01A931
S21400D0084FF0FF3002932EF032FE07B05DF804FBB7
S21400D018006A18004FF40052034B00209A66032259
S21400D028C3F86022704700BF009000504FF40052CB
S21400D038034B00209A660322C3F86022704700BF9D
S21400D04800A000502DE9F04F894691B00DF1300B45
S21400D0588246DDE91C641746002110225846984689
S21400D0681E9D10F099F81F9BB9F1000F04D16FF0C0
S21400D078860011B0BDE8F08F002FF8D00EB9002C4E
S21400D088F5D11A9A12B91B9A002AF0D10DB9002BBD
S21400D098EDD1209A002AEAD0424A904502D0424A68
S21400D0A890457CD1BAF80020B2F5105F77D1BAF86F
S21400D0B80220B7EBD20FDAD322F04001802902D043
S21400D0C8B2F5807FD3D11CB9209B00201C60D0E726
S21400D0D8AE421FD2321995421CD29C42C7D831465E
S21400D0E82246284610F0AAF82F4B2E46984526D0FA
S21400D0F814F00F03BBD1CDE90097CDE90236CDE990
S21400D1080443CDE906540893FFF784FF50B16FF047
S21400D1189200AEE7244A90450FD09C42E8D96FF0BB
S21400D1288900A6E7684606AA03A90EF05BFB054633
S21400D138FFF77CFF0543C7D0E9E79C42EFD81B9B67
S21400D1480D2B94D101238DF830301A9B0DF1310246
S21400D15803F10C0153F8040B8B4242F8040BF9D187
S21400D1681B781370012310228DF83F300023CDE979
S21400D1780097CDE90A23CDE90236CDE90443CDE987
S21400D1880654CDF824B00893FFF744FF0028BED114
S21400D198684609AB06AA03A90EF04CFBC7E76FF072
S21400D1A8850066E7004440040013C0042DE9F04FEC
S21400D1B891B09046DDE91A45DDE91C6B1F468946A5
S21400D1C8DDF878A021B96FF0860011B0BDE8F08FC1
S21400D1D8002AF8D00CB9002DF5D116B9BBF1000F0E
S21400D1E8F1D1BAF1000FEED0484B9F4203D0484B1E
S21400D1F89F4240F087800388B3F5105F40F0828036
S21400D2084388B8EBD30FDED323F04002802A02D03F
S21400D218B3F5807FD7D125B90023CAF8003000209F
S21400D228D3E7102D05D1394B9F42F5D1B44202D32E
S21400D23843E0B4423ED263199E423BD25D45C2D813
S21400D24821462A4630460FF0F9FF304B34469F42B7
S21400D25838D00D3D5D4532D801238DF83030234651
S21400D2680DF1310204F10C0153F8040B8B4242F81D
S21400D278040BF9D11B780D3413704FF48073ADF896
S21400D2883E300CAB102209930023CDE90098CDE977
S21400D2980A23CDE90345CDE90536CDE907530293C0
S21400D2A8FFF7B8FEF0B9684609AB06AA03A90EF060
S21400D2B8D5FA1FE0164B9F42CBD05D4502D96FF0DA
S21400D2C8890082E715F00F037FF47DAFCDE900985B
S21400D2D8CDE90234CDE90453CDE906650893FFF796
S21400D2E899FE10B16FF092006FE7684606AA03A988
S21400D2F80EF08CFA0446FFF799FE0443F2D1CAF8FA
S21400D30800508CE76FF085005FE700BF00444004DC
S21400D3180013C00410B54FF42F72002104460FF016
S21400D3283BFF8023C4F88C30054B04F19C00C4F8FE
S21400D3388430012384F88830BDE8104029F05FBBAC
S21400D348A619040010B5D0F8A0400A468CB92AF0F1
S21400D35863FB044610B90024204610BD2D2896BF4E
S21400D368064B074953F82010064A07482AF09AFC45
S21400D378F2E7D0F8A4101046A047ECE758AF040030
S21400D388A9190400FE160400D91A0400F8B590F886
S21400D3988060044616B100263046F8BD2AF06FF9BC
S21400D3A80028F8D1012384F8803094F8883033B107
S21400D3B8D4F884101F4884F888602AF073FC4FF06D
S21400D3C8FF37D4F8B402421C1FD0C4F8B47210F069
S21400D3D8FF052CD020462AF04FF92946204600F0B3
S21400D3E8A7FB0028EDD020462AF054F994F8883098
S21400D3F83BB1D4F884100F482AF054FC002384F874
S21400D4088830002384F88030C6E72AF030FC431CB6
S21400D418DDD1D4F88C30D4F89420013B9A4204DB52
S21400D428054A064906482AF03DFC0126E9E7012692
S21400D438C7E700BF742C0400FE160400B7190400E2
S21400D448D91A0400F8B50B780446302B0D46164654
S21400D45804D14B7803F0DF03582B11D0284F6A1EEF
S21400D46812F8011F002934D128460A220FF084FD3D
S21400D478202C03460D4631D1B1FA81F040091AE056
S21400D4884A1C1F4912F8013F8BB928460FF080FD49
S21400D4981C4B02382340032B12D10134A4108442BB
S21400D4A80AD1A87837288CBF0020012003E0CB5C7F
S21400D4B813F04400E6D1F8BDCCBF01200020FAE7FF
S21400D4C8002CB8BF0334B0EBA40FD4BF0120002053
S21400D4D8F1E77B5C13F00400C2D1ECE726B1084301
S21400D4E802D0013B61F100050122A240013A1A4030
S21400D4F8002D08BF9A420CBF01200020DBE700BFC2
S21400D50861D5040003000080F0B5037801467B2B44
S21400D51817D10646022400220B4F16F8015F7D2D10
S21400D52805D10B5D6BB9D24302F0010008E07B5DC4
S21400D53813F0440002D001320134EEE7202DFBD070
S21400D548F0BD0020FCE700BF61D5040070B50646B4
S21400D5580D460FF01DFD044630462AF0A3FB044E88
S21400D568AC4200D370BD30462AF09CFB0134F7E786
S21400D5784C2304002DE9F84F044602215148FFF7D2
S21400D588E5FF1E212068FFF7E1FF636858682AF068
S21400D59889FB4D482AF086FB67683B7BFD2B12D833
S21400D5A8D7F808804FF0FF3640460FF0F1FC0546E6
S21400D5B8DFF81091DFF870A1DFF84CB10C3717F8D8
S21400D5C8013BFF2B01D1BDE8F88F212B18D8212B62
S21400D5D836D8DFE803F0377274111B1D1F21353566
S21400D5E8353535353535232527292B2D2F31353536
S21400D5F83535353535353D33344C002D2BD12EE0B9
S21400D608334C344AFE2B08BF1446F6E7324CF4E790
S21400D618324CF2E7324CF0E7324CEEE7324CECE7AD
S21400D628324CEAE7324CE8E7324CE6E7324CE4E7BD
S21400D638324CE2E7324CE0E7324CDEE7324CDCE7CD
S21400D648234CDAE7314CD8E72AF020FB01362AE0EB
S21400D658002DB4D02E4C202B06F10106AFD00221A7
S21400D6684846FFF773FF1E214846FFF76FFF5046F0
S21400D6782AF018FB594620460FF0E4FF25490028F3
S21400D68818BF214624482AF00DFB3B78202B02D1F0
S21400D6982B202AF0FBFA21482AF004FB4DB118F893
S21400D6A806301F2B05D018F806001F2801D0AE42FA
S21400D6B8CADB05482AF0F6FA81E7194C9DE7194CAB
S21400D6C89BE700BFEC640400FE160400611A040021
S21400D6D8731A040058340400BE1A0400C51A04005D
S21400D6E8B61A0400B21A0400A91A04009F1A040005
S21400D6F8951A0400AA1A0400A01A0400961A040030
S21400D7088B1A0400841A04007B1A0400601A0400AA
S21400D718661A0400711A0400742C0400EA1D04003A
S21400D728BD1A0400C41A0400403504002DE9F04F61
S21400D7389BB005468B460024009203930FF028FC06
S21400D748249F039B04901C6028463C600AAA09A9EB
S21400D7582AF0CAFA064658B90A980FF019FC344651
S21400D768B046039B1860D5F89C300293029B1BB901
S21400D77820461BB0BDE8F08F029BD3F80890B9F19D
S21400D788000F6CD02E4416F8013B202B11D0002633
S21400D7980C23734309EB030A59F803300193002B53
S21400D7A858D0099B434555DB9AF808202AB1721CC5
S21400D7B839E03B6801333B60E5E73968D5F89420E3
S21400D7C80793039B521A1A601AAB03EB880151F8A9
S21400D7D8403C0199184605930FF0F4FE0690002881
S21400D7E8E5D101980FF0D4FBDDE906230146DAF807
S21400D7F80400D7F800A090F80CC0BCF1FE0F16D1B4
S21400D80803F1FF3EC64512D0D0F800900598019265
S21400D8180FF0BEFB0AF1010A019A50442B5C23B1B3
S21400D828386008F101081646B2E70130F6E7D5F881
S21400D83894200591A2EB0A028A4220DC58460FF093
S21400D848A7FB059901447B290DD958461F4A00991C
S21400D85829F0FCF82B46049A2A4493422CD1029BC2
S21400D8681B68029382E7DDE90012584629F0EEF8B5
S21400D8785846174A0099013429F0E8F897E7BCF1AA
S21400D888FE0F94D1013B434591D1D0F800A0DFF8B4
S21400D89840905AF80C2B22B9049B3B60039B1A60F5
S21400D8A8D8E75846009929F0D1F84A4658460099CC
S21400D8B829F0CCF80134ECE713F8011B0029CCD189
S21400D8C84FF0200103F8011CC7E700BFCB1A04007D
S21400D8D84C2304002DE9F047002486B01C60DDE9DF
S21400D8E80EA8064689468AF800401168154888F842
S21400D8F8004017461D468DF81740FCF767F818B91C
S21400D90801242B6801332B600020D6F89C6036B9BA
S21400D91814B1012388F8003006B0BDE8F087B06877
S21400D92868B14B460021CDE902A8CDE900750DF196
S21400D93817022AF010F89DF81730002BE8D1366841
S21400D948E5E700BFD01A04002DE9F0470446ADF518
S21400D958447D8022002104A802AF0FF01DFC80221F
S21400D9682046009703AB04A9FFF7E0FE01283DD147
S21400D97804A80FF00DFB03993B68461A0B4426EAE9
S21400D988E6762344054604A83246014418460FF0B6
S21400D99893FD00228255D4F89060039B3968D4F82A
S21400D9A890201944B14212DCD4F89410E81A0244C4
S21400D9B8C4F89020014404AAC4F89410D418251872
S21400D9C82B1B002B0DDC0DF5447DBDE8F087A05C15
S21400D9D82AF05CF9D4F8903001360133C4F8903058
S21400D9E8DBE714F8010B2AF051F9E9E7EBDD24AD83
S21400D9F88022002128460DF5887A0FF0CDFB0DF120
S21400DA0810094FF40072002150460FF0C5FB4FF086
S21400DA1801084A46002312F8016BA6B904A84AF87A
S21400DA2828300FF0B5FA2946334698451CDB19F816
S21400DA38016B0DF5887C5CF8042B82420CD101F84A
S21400DA48016B0133F1E7202E03F1010304BF4AF806
S21400DA58283008F10108DEE70DF1100E7244D25C9A
S21400DA68B242E8D00022EA54D4F89060039BB3424E
S21400DA782FDC23462C4A04A92C482AF013F92846FA
S21400DA880FF086FA0646039B3F68F61A1F4426EAF6
S21400DA98E672E01917441D44E11904F1900399420F
S21400DAA83CD904F19803984238D26A1E81190B1A99
S21400DAB8002B27DD12F8013F00F8013BD4F8903020
S21400DAC80133C4F89030D4F894300133C4F8943055
S21400DAD8EDE7D4F890300136E05C2AF0D7F8D4F8B1
S21400DAE890300133C4F89030C0E7D4F89020013B5A
S21400DAF80132C4F89020D4F894200132C4F8942057
S21400DB08002BF2DC00232E44E355731B002B7FF713
S21400DB185AAF15F8010B2AF0B9F8F6E729460FF0C0
S21400DB28CBFC3346ECE700BFA6190400D51A040060
S21400DB382DE9F843D0E9245604460F46002294F807
S21400DB489830012B07D10A2F07D1002384F8983084
S21400DB580020BDE8F88300F29F801B2F01D1022326
S21400DB68F4E70D2F0DD1012384F898300D202AF004
S21400DB788DF80A202AF08AF800230120C4E9243305
S21400DB88E7E74FF00008082F84F8988034D1454519
S21400DB9830DDB5420FD138462AF078F820202AF032
S21400DBA875F8013D38462AF071F8013E04F80580FC
S21400DBB8C4E92456CCE7FBDA05F1FF3938462AF0E3
S21400DBC865F804EB0903A6EB0902611918460FF07D
S21400DBD835FB04F806800146013E48482AF062F8FC
S21400DBE835464D4501DC4D46E2E708202AF04EF85A
S21400DBF8013DF6E7ACD0DBE77F2F1CD1002EA7DD72
S21400DC08B542A5DA6319691C21441846721B0FF041
S21400DC1815FB04F80680014639482AF043F8082020
S21400DC28013E2AF033F8B542F9D1D4F89430013BD6
S21400DC38C4F894308CE70A2F98D0092F03D12046D1
S21400DC48FFF782FE84E7D4F88C30013BB3427FF7B7
S21400DC587FAFB54204EB050805F101090CDB384631
S21400DC6888F80070D4F89430C4F890900133C4F85B
S21400DC7894302AF00BF86BE74146721B04EB090058
S21400DC880FF0DCFA40462AF00DF80820013E29F08D
S21400DC98FDFFB542F9DDE2E7022B06D15B2F01D185
S21400DCA8032353E784F8982049E7032B7FF450AF03
S21400DCB8413F84F89820032F3FF64AAFDFE807F085
S21400DCC802070A160121204629F091FF40E74FF087
S21400DCD8FF31F8E7B542BFF63BAF605D29F0D6FFE7
S21400DCE8D4F890300133C4F8903031E7002D7FF730
S21400DCF82FAF013D0820C4F89050BAE7DE1A04009A
S21400DD08D81E040007B56B46054A1068516803C359
S21400DD186846FEF747FC002003B05DF804FB00BF2A
S21400DD2810B0040030B58BB06C46174D0FCD0FC43D
S21400DD380FCD0FC495E8030084E80300134BD3F80F
S21400DD484C2112031CD5A3F5FE431C884FF6FF731F
S21400DD589C4208BF8C248DF81940FEF71DFA204413
S21400DD6880F308008DF818000948FBF7C7FE6846D8
S21400DD78FEF772F93220FEF715FA00200BB030BD18
S21400DD88D3F85041E4B2E6E718B004000080E00F8C
S21400DD9800F049020028ACBF00F16040064B4FEA8D
S21400DDA80111C9B2ABBF00F5614000F00F0080F862
S21400DDB800131954704700BF14ED00E008B533F09F
S21400DDC841F80B4B1A7872B901221A7033F035F8FD
S21400DDD86FF0040210460132052152B2FFF7DAFF4F
S21400DDE8402AF7D108BDBDE8084033F026B800BF82
S21400DDF8CA5C0020002807DB01234109034A00F01B
S21400DE081F00834042F82130704700BF00E100E061
S21400DE18054B421153F8223000F01F0023FA00F099
S21400DE28C04300F00100704700E100E0002808DB6E
S21400DE3801224309034900F01F008240603341F87D
S21400DE482320704700E100E010B5044632F0EDFFED
S21400DE58024B1C6032F0E4FF002010BD703C00202E
S21400DE6810B532F0E2FF034B1C6832F0D9FF2046AB
S21400DE7810BD00BF703C002038B50C46154601465C
S21400DE8810B9FFF7EDFF01462B46224603480EF071
S21400DE9887F80028D4BF3720002038BD477E030007
S21400DEA808B500F017FC18B16A21024833F051F89B
S21400DEB8002008BDE31A040008B500F049F80C4A2B
S21400DEC8536A43F470235362EFF308834FF0CD315F
S21400DED8084A043B934208D200F070FAFFF7E0FFC6
S21400DEE8BDE808400448FEF78BBF43F80419F1E77D
S21400DEF800ED00E008000020D4AE040007B50422B8
S21400DF0800200DEB02012DF02AFE042803D0D721AD
S21400DF18044833F01EF8019800F0DCF903B05DF809
S21400DF2804FB00BFE31A0400082310B50C0A41409E
S21400DF380648C9B241F30002013B024013F0FF0352
S21400DF4882EA5101F6D184EA010010BD2083B8EDBB
S21400DF5838B5FEF70BFE044629F033FBE3072AD450
S21400DF6801221046114600FA01F3234002F101028D
S21400DF7823D01D4B33F811301C48062B02884488E2
S21400DF881B4920D14FF20F039C4219D1B2F5406FBE
S21400DF9828BF4FF4C0624CF23C330A80438040F2FC
S21400DFA801730A889A4201BF124B134AD2E900014C
S21400DFB8C3E9000115E00021DBE7102AD2D1DBE730
S21400DFC84FF4C062E7E740F20725AB420AD14FF2AA
S21400DFD80F05AC4206D19A4204D14CF23C320B8073
S21400DFE8428038BD0B80DAE7DCB104000C64002000
S21400DFF8BE550020743C002004640020014B18889D
S21400E008704700BFBE550020014B1888000A7047AD
S21400E018BE550020044B05481B881A0AB3F5406F06
S21400E02838BF00EB82007047BE550020ACB1040034
S21400E038044B1888044B020A53F82230C0B203EB8C
S21400E04880007047BE5500207CB1040010B5044619
S21400E05832F0EFFE4FF20F02044B1C805A80BFF3DB
S21400E0685F8FBDE8104029F0B4BE00BF0C640020E6
S21400E0786D4A2DE9F0416D4B55686D4C5D65516AEA
S21400E08899656C49D1F80002D865D1F80412586B26
S21400E0981966916A10F0040F5966D16A4FF00000AD
S21400E0A89966116BD966516B1967D26BD8645A6733
S21400E0B8D3E90E1218BF11465F4A91421A655DD31E
S21400E0C801F12000A04259D88869C5F308051864EC
S21400E0D8CE69062D5E6455D1584DA84252D3584D88
S21400E0E8A8424FD205884DF6426085424AD1186844
S21400E0F8C3F890005868C3F8940040F20170A24232
S21400E108154604D22E680432B6F1CD3FF7D0002269
S21400E118C3E91E22C3E92022C3E92222641BDFF8D2
S21400E1281CC1434DDFF818E19C648D422DD8D3E915
S21400E1381EC7D3E92065D3E922414FF0000E013A05
S21400E148D2B2FF2A3CD1BEF1000F05D0C3E91EC7E4
S21400E158C3E92065C3E92241B3F85430C3F3080382
S21400E1680C2B3BD8022B54D9DA1E092A51D8DFE8E3
S21400E17802F03157404350505050504D0021C3E9EB
S21400E18810112D494FF42060B9E755F8044D644541
S21400E198CBD37445C9D2E607C7D50026294F57F80A
S21400E1A8048FA045C1D00136062EF8D132B1013A07
S21400E1B8D2B202F11E0643F82640B6E70522F8E773
S21400E1C8E0464FF0010EBC4637462E4625460C461E
S21400E1D84146B4E740F60120BDE8F0813B2B18D154
S21400E1E8194B9B6913F0020F40F2025318BF1846EA
S21400E1F8F2E740F60320EFE740F6042240F2017308
S21400E208B0F5206F0CBF10461846E5E740F6052027
S21400E218E2E740F60722013B4E2B98BF1046DBE7A5
S21400E22840F60220D8E700BF00ED00E07463002047
S21400E2380810002000E100E0080000201863000035
S21400E24880130400E86300200080015A00F00CB830
S21400E25800F00AB800F008B800F006B800F004B8F5
S21400E26800F002B800F000B872B61EF0080F09D029
S21400E2781EF0040F0DD0DFF850E0AEE8FF1F6FF079
S21400E28802000CE0DFF840E0AEE8FF1F6FF00E007B
S21400E29805E0DFF834E0AEE8FF1F6FF006006946D9
S21400E2A8EFF309828EE8070086460848084C85453D
S21400E2B801D3A54501D384F30888FFF7D9FE84F374
S21400E2C80888FFF7C3FE000074630020480000209B
S21400E2D8081000204BF6EF6283B2002B08BF1346E7
S21400E2E8044A000C13804FF6CE2308BF1846024B8C
S21400E2F8188070478A6C0020886C00200B4BB3F996
S21400E30800201888002AB8BF80F0620042001A80F1
S21400E318074AB2F9001013880029BCBF83F480535B
S21400E32883F00B0359001180584070478A6C002010
S21400E338886C002007B5684600F01AF8DDE9000189
S21400E3480022034B03B05DF804EB2AF03EB800BF8A
S21400E3587C3C002007B5009313460A46014603484E
S21400E36829F0E7FD03B05DF804FB00BF7C3C002005
S21400E3780249034A0160521A42607047606D0020E5
S21400E38800800020004870477C3C002038B541607B
S21400E398044632F04AFD05462146044828F032FB7A
S21400E3A82846BDE8384032F03BBD00BFA43C0020FC
S21400E3B8014828F024BB00BFA43C00200222014BE1
S21400E3C81A6770470040005070B532F02EFD174EA1
S21400E3D80546174832F057FD3378CBB900F07AF97E
S21400E3E8044620B1284632F01BFD204670BDFFF7D4
S21400E3F8DFFF32F021FE0F4B1C6031F0C1FA0E4BE6
S21400E4080E4A1860536F43F00103536729F0F9FF6B
S21400E41800F074F82AF00CF8094B00241860012361
S21400E4282846337032F0FCFCDFE700BFD75C0020DC
S21400E43848B00400A83C0020D03C00200040005013
S21400E448AC3C002038B5044632F0EFFC0F4D0246CF
S21400E4582B78FF2B04D1B4B1BDE8384032F0E0BCCD
S21400E4681BB9002CF8D0012103E0002C14BF0121B1
S21400E478FF210B44DBB22B70B3FA83F304495B0924
S21400E48810460B70E8E71946F3E700BFD45C002097
S21400E498D35C0020054B1B685843054B00F57420D9
S21400E4A800F23F20B0FBF3F0704700BFD03C0020DE
S21400E4B840420F0073B50F4E04463378834211D09E
S21400E4C800238DF80430430001A88DF805300A4D66
S21400E4D8FDF760FF40203CB1FFF7DCFF2B68181AF9
S21400E4E82860347002B070BDFFF7D4FF2B6818445C
S21400E4F8F6E700BFCD6C0020083D002073B5002469
S21400E50801A88DF80440FDF7E7FF2046FFF7D2FF85
S21400E5182C4B2D4AD3F8003103F0030313604FF455
S21400E52800222A4B5A664FF400325A6630F0A2FF91
S21400E5384FF4C870FFF7AEFF254B264A18602649E9
S21400E54813680134E4B20A2C41F8040BF9D10344E9
S21400E55800EBC00003441360204B214D1B7813B317
S21400E568184BD3F8003103F00303022B23D0032BF8
S21400E57824D0012B17D130F025FD024698B1194B4F
S21400E588194EDC6800231946C4F30B04013404EB67
S21400E59884040138E4FB06010EF092FAFFF77AFFCE
S21400E5A82B6803442B601F20FFF774FF2B68034477
S21400E5B82B6002B070BD30F00BFDDEE732F048FC91
S21400E5C8DBE700BF00800050103D002000900050A0
S21400E5D8D43C0020D83C0020DC3C0020DB5C00203B
S21400E5E8083D002000C0015040420F000122154B94
S21400E5F810B55A67144B154C1B7813B3022032F02B
S21400E6080CFDF0B131F042FAD8B1A36DD90302D5AA
S21400E618E36D9A0715D40D4B9B6DDB0711D40122C9
S21400E6280B4B1A7032F0EDFCBDE81040094B0A4A55
S21400E6381860136F23F0070343F00303136730F0E3
S21400E648A7BC10BD00D00050DC5C002000C0005005
S21400E658D95C0020043D0020008000500122014BB8
S21400E6681A707047DC5C002008B5FFF763FEFEF7FB
S21400E678FDFA01280ED1144B04205A6E4FF480235D
S21400E6881249520358BF124A4B6601F510410862F8
S21400E69858BF536629F0D4FEFFF790FBFFF732FB0E
S21400E6A8FFF740FB0DF0C6FCFFF78EFE00F012F8F1
S21400E6B829F0C7FEFFF700FC29F0D2FE2DF05DF921
S21400E6C8BDE8084029F0BEBE00800050009000500B
S21400E6D800A0005070B532F0B5FB144E05463478ED
S21400E6E8FCB9134B1C60134B1C60134B1C6000F0EA
S21400E6F831F8012031F0B8FA31F0AAFA0F4B024689
S21400E708186020B9284632F098FB232070BD2346AF
S21400E71840F2E7310A480EF0D3F90A4B1860012395
S21400E7283370284632F089FB0020EFE7DF5C0020D4
S21400E738243D0020203D00202C3D0020283D0020C0
S21400E74818FCFFFF1C3D0020014B1868704700BFEF
S21400E7581C3D00201FB50024194B18689A880290A3
S21400E768D3F806009B7A00901648ADF80C208DF872
S21400E778043032F088FB02A88DF808408DF80C406B
S21400E788FEF73EFA694601208DF80040FEF7FCF9D0
S21400E79840F2FF320C4B9A615A614FF0B042936ACE
S21400E7A813F00803FBD113620120FEF707FA0C20CA
S21400E7B8FFF73CFB0C20FFF71DFB04B010BD00BFA5
S21400E7C805B2040040B004000020005810B532F02E
S21400E7D839FB4FF0B04304465B695A06074A03F014
S21400E7E8010003F0510348BF40F00200536131F0C6
S21400E7F863F92046BDE8104032F01FBB00200058E1
S21400E80821282DE9F341054604D82C46204602B0B7
S21400E818BDE8F08100240B4E0B4FDFF83080002354
S21400E828CDF800801A461946386828F034FC844229
S21400E838EBD2222CE9D056F8043BAB42E6D00134A2
S21400E848EDE700BF24B504004C670020FFFF0F006B
S21400E8582DE9F04F644E654D89B029F04DFE3168BC
S21400E8682868FCF7D5FA0446002827D03368002421
S21400E878D3E900019A6912689047336804A89B692F
S21400E8889B689847336802209B69DB68984732681C
S21400E89805985368E7B2B3FBF0F3BB42916904F1FD
S21400E8A801044ED8CB680020984733689B695B689C
S21400E8B8984731682868FCF7ABFA04460027DFF863
S21400E8C844A1DFF84481DFF84491F4B9484B28683E
S21400E8D8DB5D002B00F08380D8F8006002AB314681
S21400E8E803AAFCF717FC2D2807D070B9039B012B49
S21400E8F80BD031462868FCF761FEDAF8003031465E
S21400E9081A682868FCF7DAFD04460137222F0AF150
S21400E918040A08F1040809F10109D6D1B4FA84F307
S21400E928344A5B0913702B681B7C33B129F0B0FDA1
S21400E93818B1DB21304832F00CFB204609B0BDE8A0
S21400E948F08F12680B6907FB002098479FE7D8F8F6
S21400E958003003AA194402AB0191FCF7DBFB2D2813
S21400E968034601992BD0286813B30BF1010B5FFA05
S21400E9788BF18E422868EAD8204BDB5D002BC4D08A
S21400E988F3B27E2B2868C0D8D8F8003003AA06EB66
S21400E998030B594602ABFCF7BDFB2D28B5D05946EC
S21400E9A82868FCF70BFE013604460028E8D0ACE7DA
S21400E9B8039B7BB999F80020029B9A42D5D099F818
S21400E9C80030DAF800202868FCF772FC0028CCD063
S21400E9D80446D1E70191FCF7F1FD0199EFE7084BF2
S21400E9E8A346DE5DC3E700BF2C6700204C67002007
S21400E9F800B50400E15C00206A1B0400DEB40400D5
S21400EA089AB4040010B2040024B50400BCB4040090
S21400EA18F8B51F46214B04461B780D46164623B10B
S21400EA2800F47E23B3F50E2F2BD02046FFF7E8FE22
S21400EA382128044614D81A4B53F82010194B1B7873
S21400EA48ABB1194B212C18681DD8184B1B5DD3B1D8
S21400EA583268FCF733FD044650B129F018FD07E08C
S21400EA68FF2807D93A46314680B229F024FA00240E
S21400EA782046F8BD4FF4A9710D4832F06AFA002115
S21400EA88DCE70146DAE77F2D08BF00253B4632461D
S21400EA9851FA85F1FCF70CFCDDE700BFE05C0020CE
S21400EAA824B50400E15C00204C67002000B5040093
S21400EAB86A1B040008B5520829F0ECFC30B1BDE822
S21400EAC808404FF49C71024832F043BA08BD00BFB4
S21400EAD8FB1B04002DE9F743C70705460E461446F8
S21400EAE804D540F2E311494832F033FAE10704D579
S21400EAF84FF4F271454832F02CFA454B93F80080F3
S21400EB08B8F1000F20D043F260239D4208D1224678
S21400EB18314640480EF0D0FC002003B0BDE8F08334
S21400EB28C5F30B0705F44055B5F5805F14BF4FF4E1
S21400EB380F204FF40E20234632467F21384303B079
S21400EB48BDE8F043FFF764BF05F47043B3F5805F94
S21400EB583FD1C5F30B05304A05F17E65631E2B448D
S21400EB68934230D82F46DFF8A49007EB04084745B1
S21400EB7842D1AA070ED04FF6FF7336F8022BA81E0E
S21400EB8843EA024304220DEB02010193FFF792FFCA
S21400EB980235023CA3070ED0023C24F00103F35AC8
S21400EBA804226FEA03436FEA13430DEB02012819A8
S21400EBB80193FFF77FFF002CAED022463146284649
S21400EBC8FFF778FFA8E740F2FD11104832F0C1F9C8
S21400EBD8C8E705F46043B3F5005F04D1C5F30B0539
S21400EBE805F5FC25BEE740F20521084832F0B1F9E4
S21400EBF86FF00F074546B6E717F8013BFF2BB6D070
S21400EC084FF40471484632F0A4F9B0E7FB1B040041
S21400EC18E05C00208C6C0020FF03E00F10B500F0CD
S21400EC2877F829F083FC044618B100F079F82046F6
S21400EC3810BD00F07BF804460028F6D10122014BEF
S21400EC481A70F2E7E25C0020054B1B7833B1054BDF
S21400EC58C0F3130100221868FCF774BC1120704733
S21400EC68E25C00204C670020144B2DE9F0411B782D
S21400EC7805460E461746FBB129F03FFC012805D984
S21400EC88841EE4B2012C09D9212412E03B46314601
S21400EC982846BDE8F041002200F052B800F038F8E7
S21400ECA83B4600223146284600F076F8044600F037
S21400ECB837F82046BDE8F0811124FAE7E25C002028
S21400ECC8124B70B51B7804460D461646E3B129F07C
S21400ECD814FC012805D9831EDBB2012B08D9212490
S21400ECE810E0324629462046BDE8704000F040B89D
S21400ECF800F00EF820463246294629F019FC04464C
S21400ED0800F00EF8204670BD1124FBE7E25C0020F8
S21400ED1808B532F08AF8014B186008BD303D00206F
S21400ED28014B186832F07CB8303D0020024B196859
S21400ED38024B1868FCF76CB82C6700204C6700205C
S21400ED4837B505460C46C0F313010848ED020068BF
S21400ED5805D5224603B0BDE83040FCF7A7B90093B6
S21400ED6813462246FCF75CF903B030BD4C6700201A
S21400ED7830B405461346074A0C46C0F3130110681C
S21400ED88EA0203D5226830BCFCF798BB224630BCA2
S21400ED98FCF78EBA4C670020F7B505460F461446B2
S21400EDA81E461BB92125284603B0F0BD0029F9D018
S21400EDB829F0A3FB4BF23462ABB2934220D14FF05A
S21400EDC8FF3322466946CDE9003325483346FFF728
S21400EDD8E3FF08220546234968460EF029FD38B9A0
S21400EDE833462246694641F2F010FFF7D5FF05463E
S21400EDF8002DD8D13246694638460EF05DFBD2E77C
S21400EE0841F2F01293420FD1174B311908299A6C28
S21400EE18DB6CC7D8CDE9002332460DEB0401384633
S21400EE280EF04AFB0025BEE702280BD1C5F30C43BB
S21400EE3832199342B6D3C5F30B0104F17E64324609
S21400EE482144ECE7032809D1C5F30C433219934251
S21400EE58A8D3C5F30B0104F5FC24F0E70125A2E7C7
S21400EE68021008C0B0B504000080E00F10B52BF003
S21400EE7810FE2CF006FFBDE81040034601210220D4
S21400EE88014A02F00BBC00BF921C040013B5D0E97F
S21400EE98023253F822301C7820462BF00CFE23460C
S21400EEA8009001210220024A02F0F8FB02B010BDD1
S21400EEB8A61C0400014B18782BF0D2B9E35C00209E
S21400EEC8FF232DE9F04F8FB01122002108A88DF8F6
S21400EED813300EF061F908A82AF080FB0121022001
S21400EEE8B04A08AB02F0DAFB41F24903AE4A012108
S21400EEF8022002F0D3FB06A82AF09FFC08A90DF111
S21400EF0813002AF0A5FC02200021A84A02F0C6FB3E
S21400EF1800202BF0D6F910B106A809F0CDFB9DF914
S21400EF282A3001210220A24A00939DF82B3002F0D5
S21400EF38B5FB2BF0AAFD831EDBB2FC2B054631D8A9
S21400EF48012102209B4A02F0A9FB01249A4E9B4FFE
S21400EF58DFF8D082234632460021022002F09EFBCC
S21400EF6805A9E0B22BF093FD034650B1A0F11602B6
S21400EF78012A40F2AA8042460121022002F08EFBB6
S21400EF880CE09DF914303A4601939DF8163001219D
S21400EF98009302209DF8153002F080FB0134E3B29E
S21400EFA89D42D7D8BDF8284007F072FF23460021B7
S21400EFB8834A0090022002F071FB02200021814A59
S21400EFC802F06CFB00202BF07CF910B108A809F0C1
S21400EFD873FB01217C4A022002F060FB2BF0B3FC95
S21400EFE804462BF0AEFC23460121784A0090022006
S21400EFF802F054FB08F024FC00210220744A02F0B8
S21400F0084DFB9DF81330FF2B65D000210220714A76
S21400F01802F044FB01216C4A022002F03FFB2AF072
S21400F0281CFC012103466C4A022002F037FB07F05D
S21400F03807FF00210346694A022002F02FFB2AF048
S21400F04812FC04462AF011FC23460121644A00906B
S21400F058022002F023FB31F089FF08F099FC012119
S21400F0680346604A022002F019FB0025DFF8B88143
S21400F07808F08EFCECB2A04233D831F077FF0123BB
S21400F088594A1946022002F009FB00202BF0E8F83E
S21400F098564B574C0093012100230220554A02F094
S21400F0A8FDFA236863B1012102201B78524A02F058
S21400F0B8F5FA2368012102205B78504A02F0EEFA3E
S21400F0C82BF0D3F80FB0BDE8F08F012102204C4A90
S21400F0D802F0E4FA62E7002102204A4A02F0DEFA69
S21400F0E898E7494B204603EB0416D6F8089008F034
S21400F0F809FD8246204608F051FC444F00280CBF04
S21400F108C346BB46204608F0FDFC0AF0B7FA0028BE
S21400F11808BF4746534600210220CDE900B73C4ABF
S21400F12802F0BCFAB37901210293B3880220019356
S21400F1387388384A0093337B02F0B0FA0026DFF86B
S21400F148ECB099F80430F4B2A34203D831F00EFFBD
S21400F15801358DE714235C43D9F8007002203A5B2A
S21400F16807EB040A9AF90C3000922B4A002132EA7F
S21400F178230228BF5A461346284A02F08FFA002070
S21400F1882BF09FF838B150463C5B2AF0D5FB014679
S21400F19820460AF0C1FA01210220214A02F07EFA2E
S21400F1A80136CEE7E71C0400F61C0400121D040016
S21400F1B83E1D0400191D04002F1D0400361D040002
S21400F1C86B1D04008B1D0400D51D0400941D04004F
S21400F1D8B61D0400D73B0400C11D0400D71D04005B
S21400F1E8ED1D0400031E04007C1E0400941E04008B
S21400F1F8CC410020881E0400A21E0400B61E04008F
S21400F208531D0400731A040000410020BE1C0400AD
S21400F2180E1E04002E1E0400DB1C0400641E0400E0
S21400F228EC6404005E1D0400C61C0400CF1C040029
S21400F2382DE9F7430025134EDFF8588008F0A8FBA1
S21400F248ECB2A04202D803B0BDE8F08327012046FE
S21400F25816F8079008F0A2FB0B4A4B46002808BF92
S21400F2684246002102200092084A02F017FAF05D92
S21400F2782AF0FFFA01210220054A02F00FFA0135AA
S21400F288DCE700BF00410020856B0400D11E0400A7
S21400F298EC6404008F6B040008B583685A6811781C
S21400F2A8C26853F82230A1F16502514251411878DC
S21400F2B808F02AFD30B9BDE8084001210220024ABC
S21400F2C802F0ECB908BD00BFDC1E040000210220D5
S21400F2D8014A02F0E3B900BFF61E0400002102202E
S21400F2E8014A02F0DBB900BF241F040010B504462B
S21400F2F886B01822002168460DF04EFF68462AF0B0
S21400F3082EFFD4E9022052F8203002EB80021B7848
S21400F3188DF80B30516891F900108DF80A10916835
S21400F3280988ADF808106168091A032907DDD2684C
S21400F33803F01F03127843EA42138DF80B30684631
S21400F34807F054FE00210346024A022002F0A6F9FE
S21400F35806B010BD401F040007B500202BF059FB6F
S21400F36800210090034B0220034A02F097F903B0ED
S21400F3785DF804FB4D1F0400531F040013B5D0E9C5
S21400F388023253F8221003EB82035B680878196888
S21400F3980023094CA222994208BF2146C01A18BF6A
S21400F3A801202BF02AFB01210090044B0420044A7C
S21400F3B802F074F902B010BD00F8FF071A610400E5
S21400F3C86520040013B5D0E9023203EB820153F836
S21400F3D82230D1E901141878FF22003818BF01201E
S21400F3E8237809682BF009FB01210090034B0420C1
S21400F3F8034A02F053F902B010BD00BF5E1F0400B6
S21400F4086520040008B5002101230C4A2BF067F993
S21400F4180A482AF0C5FE0020094909F0E5F9002047
S21400F4282AF04FFF10B1054809F046F9BDE8084034
S21400F43801210420034A02F031B900BF14620020FB
S21400F448731F0400EC64040010B52AF010FA034693
S21400F45830B1BDE8104001210420054A02F01EB96B
S21400F4680121BDE810400420024A02F017B900BF87
S21400F478811F0400921F040010B52AF095FEBDE80F
S21400F4881040034601210220014A02F007B900BFD6
S21400F4989D1F040010B52AF058FEBDE8104003462C
S21400F4A801210220014A02F0F9B800BFB31F040088
S21400F4B837B5D0E90232012453F822304FF6FF70F0
S21400F4C81D78FE2204FA05F100232BF00AFB2B46D2
S21400F4D8009021460420024A02F0E0F803B030BD4E
S21400F4E8C71F0400D0E9023253F822301B7823B134
S21400F4F801210220024A02F0D1B8024A137070476E
S21400F508E61F0400E35C002007B568462AF095F974
S21400F51807F0BEFC01210346084A022002F0BEF8A6
S21400F528684609F0C9F807F027FF01210346044A90
S21400F538022002F0B3F803B05DF804FBFC1F0400D9
S21400F5481620040037B5D0E90245406854F825303F
S21400F558401B0328D8BF002004EB8504C8BFE0681A
S21400F56819786368C8BF00781A78A36893F90030DA
S21400F578009001202BF02FFA38B901210220084A02
S21400F58803B0BDE8304002F089B8064B01900093FE
S21400F59801210220044B054A02F080F803B030BD72
S21400F5A8272004002F200400C94C04004320040030
S21400F5B807B501202BF017FA48B900900121022060
S21400F5C8084B094A02F06AF803B05DF804FB054BDD
S21400F5D80190009301210220044B054A02F05EF8D0
S21400F5E8F2E700BF2F2004005A20040078790400B0
S21400F5F84320040008B5D0E9023253F822301878C0
S21400F6082BF0A5F930B9044A0121BDE808400420CA
S21400F61802F044B8014AF7E76F2004008B20040084
S21400F62808B5D0E9023253F8223018882BF08DF945
S21400F63830B9044A0121BDE80840042002F02EB87B
S21400F648014AF7E7AA200400DA20040073B5037815
S21400F658044613F0050F0ED04588062D17D183688B
S21400F66801215B68174A1B7801938388042000935E
S21400F678154B02F013F82378012B20D00121042023
S21400F688114B124A02B0BDE8704002F007B835B90F
S21400F6988388012104200E4A02F000F8EBE7012DCA
S21400F6A8E9D186680B49002009F09EF8304609F033
S21400F6B803F829460420084A01F0F0FFDBE702B009
S21400F6C870BD00BF10210400072104006221040059
S21400F6D82D2104004A210400EC6404002DE9F04FB3
S21400F6E800268FB0364D09AC0FCD0FC42B6801210C
S21400F6F80220344A236001F0D1FF3446DFF8DC905C
S21400F7082AF0AFF8F5B2A8420BD82AF0AAF8234692
S21400F7180090012102202C4A01F0C0FF0FB0BDE87E
S21400F728F08F284605A92BF0F4F80346002841D1A7
S21400F7389DF81430032B39D904238DF814302B4642
S21400F74800210220214A01F0A9FF9DF814300EAAD4
S21400F75802EB830300214A4653F8143C022001F0CA
S21400F7689DFF28469DF821A09DF815B09DF81870B5
S21400F778BDF816802BF0CFF85346CDE9028000215D
S21400F7880220CDE900B7124A01F088FF01340020B4
S21400F798E4B22AF096FD18B10DF1190008F08CFFB6
S21400F7A8002102200B4A01F079FF01E0002BC6D1A8
S21400F7B80136A5E700210220074A01F06FFFF7E7A8
S21400F7C8B8B5040074210400ED210400311D0400BE
S21400F7D8A1210400FE160400C8210400742C0400AD
S21400F7E8C3688268013BDBB252F8233002201B78DC
S21400F7F8652B14BF00220121044B1BBF01211A7080
S21400F808034A044A08BF197001F048BFF66C002086
S21400F8180422040012220400D0E9023253F82230EF
S21400F8281A88014B1A8070478E6C002007B5D0E9FD
S21400F838023103EB810253F8213052681988054BD0
S21400F8480548128800930088012309F029FC03B0B4
S21400F8585DF804FB55F600008E6C0020C3688268CD
S21400F868013BDBB252F823305B78A3F166025342C1
S21400F8785341014A13707047F96C002030B5D0E93F
S21400F888023253F8223089B01D78012302AA19469D
S21400F89804462AF024FF01230093102302210DEBCF
S21400F8A8030220462AF0FCFE284604AA02A92BF0EA
S21400F8B832F9044600202AF004FD18B1214604480F
S21400F8C807F076FB0020034908F074FF09B030BD46
S21400F8D821220400EC640400002330B58FB0022116
S21400F8E8009309AA122305462AF0DAFE05AA01465D
S21400F8F809A807F0E1F8044698B1232805D1134A69
S21400F9080121042001F0CAFE09E0212801D1104A8D
S21400F918F6E70346012104200E4A01F0BFFE0FB0A9
S21400F92830BD01232846194603AA2AF0D8FE05A9A1
S21400F93803A82BF0F2F8054620462AF0C2FC18B1B8
S21400F9482946054807F034FB044AD9E72E22040066
S21400F958512204008C220400AD220400EC6404004A
S21400F968F0B5D0E9023253F8221003EB82039B6805
S21400F97805461F7887B038460E782AF082FC04467B
S21400F98808BBD5E9022101238DF80830194452F83E
S21400F998210002EB810200888DF809709268ADF8A4
S21400F9A80A00127804218DF80C2028460DF10D0265
S21400F9B82AF095FE304602A98DF815402AF0ADFFCC
S21400F9C804462AF052FC334601210420024A0094D9
S21400F9D801F064FE07B0F0BDC22204002DE9F04134
S21400F9E801218EB00220274A01F058FE002005AB00
S21400F9F801AA09A92BF089F800250446224E234FB0
S21400FA08DFF898801CB128460EB0BDE8F0810220C9
S21400FA182B463246214601F041FE20462AF051FC8C
S21400FA2810B10AA808F048FE3A46002102209DF8C0
S21400FA38303001F033FE424600210220079B01F0D9
S21400FA482DFE00210220BDF82030114A01F026FEC6
S21400FA58BDF8143000210F4A022001F01FFE0135C0
S21400FA6801A82AF029FCEDB2012102200A4A01F079
S21400FA7815FE284605AB01AA09A92BF046F8044648
S21400FA88C0E700BFF42204003A230400422304001F
S21400FA98F63B040057230400EC6404004E230400DD
S21400FAA82DE9F047064698B0C0B929F0D8FE0746B3
S21400FAB800250EA82BF033F801210220384A01F061
S21400FAC8EDFD2C46DFF8E080DFF8E090DFF8E0A0F8
S21400FAD8BC4205D3284618B0BDE8F0870127E7E7FB
S21400FAE813A82BF01CF8002E4CD0022306A913A846
S21400FAF88DF84C30FE242BF004F800283FD102A9DC
S21400FB0813A82BF004F89DF8593043F001038DF83C
S21400FB185930002E3DD1234631460220214A01F0B5
S21400FB28BDFD9DF859300AA943F0010313A88DF8C6
S21400FB3859302AF0ECFF00202AF0C3FB10B114A8B5
S21400FB4808F0BAFD0C9B42460021022001F0A6FDF3
S21400FB58BDF82820002112F4007F0CBF4C23412357
S21400FB6812F0100F0CBF6E227922022000924A462D
S21400FB7801F094FD06A82AF09FFB0135EDB201348A
S21400FB88E4B2A5E720460AAB06AA13A92AF0BBFFEB
S21400FB98B3E752460021022001F080FDC1E700BF0E
S21400FBA8612304003A2304004E2304009D23040026
S21400FBB89623040030B5012499B00EA82AF0AFFFAA
S21400FBC813A88DF838402AF040FFC0B9BDF84C108D
S21400FBD811EA040513D121460220444A01F05EFDCD
S21400FBE829460220424A01F059FD214602203F4A92
S21400FBF801F054FD214602203C4A01F04FFD06A9BB
S21400FC080EA82AF07EFF20B11022FF2106A80DF0CC
S21400FC18C3FA04A82AF07DFF059B01210220354A75
S21400FC280093354B01F03AFD9DF812300121022071
S21400FC38324A0093304B01F031FD00212E4B304AFA
S21400FC48022001F02BFD06A82AF036FB13A82AF09E
S21400FC5866FF02230AA913A88DF84C302AF057FF2E
S21400FC6800283FD10B9B009301210220254B264AF2
S21400FC7801F014FD0121234B244A022001F00EFD59
S21400FC880120FFF70DFF01211E4B214A022001F03B
S21400FC9805FD0020FFF704FF044629F0E0FD234693
S21400FCA80090012102201B4A01F0F8FC01211A4BA2
S21400FCB8174A022001F0F2FCFFF790FE17490228C7
S21400FCC803461748174A28BF0A46084928BF014668
S21400FCD80092CDE9013102200121134A01F0DEFC31
S21400FCE819B030BD4FF0FF33BDE700BFEC64040029
S21400FCF8B0230400EE230400E6230400FE230400D9
S21400FD08534B04007A5904001124040021240400EB
S21400FD18282404003124040045240400AC230400ED
S21400FD28BD4004000F4104005324040010B5D0E978
S21400FD38023253F822301C78201E18BF01202AF001
S21400FD4870FE054A054B0020002C18BF1A46BDE871
S21400FD581040034908F02EBD802404007B240400CC
S21400FD6889240400D0E9023210B553F822301C88E2
S21400FD7820462AF058FE2246BDE8104000200149D9
S21400FD8808F018BDCA24040037B5044607F058F82A
S21400FD98014638B100200D4A0D4903B0BDE8304091
S21400FDA808F008BDE368A268013BDBB252F82330CE
S21400FDB808481D780123084A00936C2D08BF0246A0
S21400FDC8102320462AF06CFC03B030BD182504002A
S21400FDD820250400DF6C0020CF6C002013B5836854
S21400FDE89A681278672A22D101A82AF02EFE0446BD
S21400FDF8A8B9BDF80420174908F0DCFCBDF80430A3
S21400FE08DA070AD413F0020F134B144A18BF1A461F
S21400FE181349002008F0CEFC19E0124AF8E702461B
S21400FE281149002008F0C6FC22461049F1E7C268CE
S21400FE3801A953F8220003EB82035B6800681B687D
S21400FE48ADF804302AF007FE04460028ECD102B0CC
S21400FE5810BD00BF5325040046250400B04C04001E
S21400FE68742504003625040086250400B2250400FF
S21400FE78034A04491388C85401331380704700BFE7
S21400FE88CE550020E95C002073B5154D01242B786B
S21400FE98144E13F0040F0CBF02230423124A214603
S21400FEA81470328802200192EB5C104A0093104BC3
S21400FEB85B8801F0F3FB002102200E4A01F0EEFBFE
S21400FEC80D4B2946009332882346022001F02CFC6D
S21400FED821460220094A02B0BDE8704001F0DEBBA8
S21400FEE8E95C0020CE550020E85C0020C12504000F
S21400FEF8C0550020E625040008260400EC6404002B
S21400FF0870B516464FF48A52114B124DDA80598056
S21400FF18114B1B881A1E18BF012240EA82000F4A9E
S21400FF281278003A18BF012240EA0210287063B11E
S21400FF3803246B701B0AAB7009F00EFC631C285573
S21400FF48EE54074B02341C8070BD0124F4E700BF52
S21400FF58C0550020E95C0020CC550020E75C002056
S21400FF68CE55002038B5D1E902320C46054653F87E
S21400FF782230024619880C4B1878FFF7C1FFE36851
S21400FF88A268013352F82330188828F013FB4DB1C5
S21400FF98E368A268023352F823301878BDE8384080
S21400FFA8FFF766BF38BD00BFE45C0020F0B5054625
S21400FFB8EB68AA68023352F8233008461C782946AC
S21400FFC885B0FFF7CFFF204629F0A2FC204E214F30
S21400FFD878B3204629F0A8FC0321441C03AA284627
S21400FFE827F04FFB3288E4B2C2F1FF0303991B1BCC
S21400FFF89BB28B4222443CBFC2F1FF03039301230A
S214010008032100933A449DF80C3028462AF048FB11
S214010018039A022C338804BF0F48110AFA5408BF02
S214010028C15413441C44348005B0BDE8F040FFF7C2
S2140100382BBF204607F00CFC0123328804460093A8
S214010048032103463A4428462AF02AFB3388E9E77F
S214010058CE550020E95C0020EA5C0020052307B5A0
S214010068012100930220044B044A01F017FB03B058
S2140100785DF804EBFFF79EBDEF250400F6250400A6
S21401008813B504462AF0DDFC38B1CDE9004001215C
S2140100980220034B034A01F001FB02B010BD00BF6A
S2140100A8182504000D260400194B37B51B783BB9F3
S2140100B801210220174A03B0BDE8304001F0EEBA2C
S2140100C8D0E90232144C53F8223001211D78638896
S2140100D802200093114A2B4601F0E0FA104B2571D5
S2140100E81B78104D63B1012102200F4A01F0D6FAA0
S2140100F820460E4A298803B0BDE8304029F0A9B940
S21401010820460A4A298803B0BDE8304029F063BA78
S214010118E85C002024260400C0550020322604008E
S214010128E55C0020CE55002049260400E95C002045
S2140101382DE9F041D0E9023253F8221003EB82038D
S2140101485A680C7817889A68DB68B2F80080C6B0D7
S2140101581D780021304B0220304A0094CDE9017801
S21401016801F09CFA002D0CBF6E2379230121022091
S2140101782B4A01F093FAFF23002D0DF1170606AD61
S214010188019320460CBF80234023424639460296F7
S214010198009529F003FF0446002835D1307829F068
S2140101A8BDFB0746B0B128462AF04AF81D4BFD2884
S2140101B8A8BFFD200093234682B20DF11901022043
S2140101C801F0B2FA01210220174A01F067FA46B097
S2140101D8BDE8F081307829F0A7FB60B128462AF0FF
S2140101E834F8FD28A8BFFD200E4B82B200930DF10E
S2140101F81A013B46E3E7307807F02AFB0B4B024629
S214010208009329460123DAE7009001210220084BD2
S214010218084A01F043FADAE7165A0400632604008E
S214010228882604009A6E0400EC640400082604007C
S214010238102F040092260400D0E9023253F8221047
S21401024803EB82032DE9F04F5A680F78B2F8008065
S2140102589A68C7B0B2F80090DA681B6992F800A0ED
S2140102681E7800212F4B304A0446CDE90189022029
S214010278009701F013FABAF1000F0CBF6E23792329
S21401028801210220294A009606AD01F007FAFF224D
S214010298002128460CF080FF304629F03FFB8346B4
S2140102A808B30023052100932046FD230DF119020A
S2140102B82AF0F6F92870BAF1000F0CBF8023402304
S2140102C84A4641463846CDE9005629F032FE0146EF
S2140102D8144806F06DFE01210220154A01F0DEF9E8
S2140102E847B0BDE8F08F304629F01EFB60B1FD230C
S2140102F805212046CDF800B00DF11A022AF0D0F9F2
S21401030885F801B02870D6E70590304607F0A0FAC0
S214010318059A0346009205212A4620462AF0C0F986
S214010328C9E700BF095A040063260400A32604008F
S214010338EC6404002DE9FF471C465B68E5685B1B17
S21401034800255FFA83F803952E46FFF7D9FDEBB231
S21401035898450BD90C9B9B5D282B39D8202B00F28E
S214010368CB800136F6B2002B40F0C980FFF78CFD32
S21401037804B0BDE8F087132A2FD801A151F822F05E
S2140103884F0401006104010073040100A704010081
S214010398750301007503010075030100750301006B
S2140103A8E3030100E3030100E3030100E3030100A3
S2140103B8E3030100E3030100E3030100E303010093
S2140103C8E3030100E3030100F3030100CD04010088
S2140103D8A3F13102D1B21329CDD90136F6B2A3F170
S2140103E84102032AC2D8422B6CD06C4F00213A88AE
S2140103F8DFF8B0A1C2F1FE039BB2FF2B28BFFF2393
S21401040801320091DBB22046524469B22AF024F93F
S2140104183B880AF8030001331844388011E04FF08E
S2140104280409E368A2682B4452F823301F68F8B21F
S21401043809F1FF39FFF71CFD19F0FF094FEA1727E5
S214010448F5D1013583E7E368A2682B4452F82330D7
S2140104581878FFF70DFDF4E7E368A2682B4452F815
S2140104682330188828F0A6F8EBE7E368A2682B443F
S21401047852F823301F68B7F1807F09D2F8B2FFF728
S214010488F7FCC7F30720FFF7F3FCC7F30740E0E7DD
S2140104982B4601210820424A01F000F966E74FF091
S2140104A80409E368A2682B4452F823301F68F8B29F
S2140104B809F1FF39FFF7DCFC19F0FF094FEA1727A6
S2140104C8F5D1BEE7294603AA204627F0DAF8002127
S2140104D8324F344A3B88DDF80C9002EB030CCAB263
S2140104E8914501F1010102D84B443B80A9E710F878
S2140104F802A00CF802A0F2E7242B3FF670AF013BEE
S214010508232B3FF633AF01A252F823F04F04010024
S214010518610401007304010027040100750301004A
S21401052875030100750301007503010075030100D9
S21401053875030100750301007503010075030100C9
S2140105487503010075030100750301004F040100DE
S2140105586104010073040100A7040100750301008A
S2140105687503010075030100750301007503010099
S2140105787503010075030100750301007503010089
S2140105887503010075030100750301004F0401009E
S214010598610401007304010027040100CE55002000
S2140105A8BC260400E95C0020094B1B7823B1012115
S2140105B80820084A01F072B8D0E9023253F822300E
S2140105C8054A1B88012113800820044A01F066B8F1
S2140105D8E85C0020E2260400CC550020242704000D
S2140105E8D0E9023253F82230054A1B780121003B34
S2140105F818BF012308201370024A01F04FB800BF44
S214010608E65C00204A270400D0E9023253F822307B
S214010618034A1B78012113700820024A01F03EB8EC
S214010628E75C00207927040010B5D0E902320446B9
S21401063853F82230132219880B4B1878FFF760FC01
S214010648E368A268013352F823301878FFF710FCE4
S214010658E368A268023352F823301878FFF708FCDB
S214010668BDE81040FFF710BCE45C002010B5D0E9E7
S2140106780232044653F82230112219880B4B187897
S214010688FFF73EFCE368A268013352F82330187876
S214010698FFF7EEFBE368A268023352F823301878B6
S2140106A8FFF7E6FBBDE81040FFF7EEBBE45C002071
S2140106B8D0E9023253F82230034A1B78003B18BFB0
S2140106C80123DB0013707047E45C002010B5D0E905
S2140106D8023253F82230044619880E4B062218783F
S2140106E8FFF70EFC0120FFF7C3FBE368A26803448B
S2140106F852F82330188827F05DFFE368A2680233B2
S21401070852F82330188827F055FFBDE81040FFF748
S214010718BBBB00BFE45C00202DE9F043D0E9023200
S2140107284FF0FD09013253F8221003EB82035A6891
S214010738C7B017889A68B1F80080147853F8043C53
S214010748002C0DF1170506AE18783A4614BF40235B
S214010758802341460295CDF80490009629F01EFCA8
S214010768034638B1184A0121082000F097FF47B020
S214010778BDE8F083201E18BF01200A224146C000AA
S214010788FFF7BEFB384627F015FF2878FFF770FB02
S2140107984A463146287829F06FF8044628B10B4FA7
S2140107A83D88C5F1FF03984202DD2346084ADAE789
S2140107B8024608483146284425440CF07DFE3D8013
S2140107C8FFF762FBD3E700BFAF270400CE55002032
S2140107D8CB270400E95C002010B5D0E902320446B4
S2140107E853F82230082219880B4B1878FFF788FB34
S2140107F8E368A268023352F823301878FFF738FB0B
S214010808E368A268013352F82330188827F0D2FE2D
S214010818BDE81040FFF738BBE45C002073B5D0E9AB
S21401082802320546023253F8221003EB820353F8CC
S214010838042C53F8083C0C781988234B168818782A
S2140108480622FFF75DFB0020FFF712FB304627F074
S214010858B1FE2046FFF70CFBEB68AA68033352F893
S2140108682330188827F0A6FEEB68AA68043352F8E6
S2140108782330188827F09EFE204609F06DF9E8B95E
S214010888204606F0E5FF05210446019001AA284600
S21401089826F0F7FE019B01469C4206D022463146C9
S2140108A80A480BF05BFB02B070BD094D09482E885B
S2140108B82246304434440CF0C1FC2C8002B0BDE81A
S2140108C87040FFF7E1BA00BFE45C0020F727040098
S2140108D8CE550020E95C002073B5D0E902324FF40A
S2140108E88A5153F82230104D1A88104BD9805A80F5
S2140108F800232A4600930121FF2329F0D1FE2B78F5
S214010908044613F0040F0A4B08BF01261B7818BFCC
S214010918032613B108F020FFA855064B1C8002B029
S214010928BDE87040FFF7B0BAE95C0020C05500206A
S214010938E65C0020CE550020D0E9023253F822307A
S214010948034A1B78003B18BF01231370704700BF8A
S214010958E55C002010B50C4608B907F089FE024B85
S21401096818715C7110BD00BFC055002002462DE904
S214010978F341D0E90253526855F82310D21A0C886D
S21401098805EB8301013BDBB255F82380294D022A8A
S2140109984868C8BF8A682B78D8BFFF210078C8BFC7
S2140109A811783BB901210220234A02B0BDE8F04183
S2140109B800F074BEFFF7CEFF06F06AFA1F4F204E0E
S2140109C83B880146224600931E48334629F0D2FB4F
S2140109D80246C8B998F804103B885F2917D1CDE9B3
S2140109E800364FF6FF712046164B28F026FD28B133
S2140109F8034601210220144A00F050FE0023134A40
S214010A082B701380124A137002B0BDE8F0814FF6BE
S214010A18FB718C4208D9CDE900362146094B4FF6C1
S214010A28FF7028F068FDE2E72146064A009628F09E
S214010A3894FDDCE7E85C002042280400CE5500203F
S214010A48E95C0020C055002049280400CC55002048
S214010A58E75C0020002210B50A2104461046FFF77D
S214010A684FFA002027F0A6FD0122044B1A70FFF763
S214010A780BFA2046BDE81040FFF778BF1162002048
S214010A8838B51C4615460123224629F028FE60B9CA
S214010A982146284629F0FFFF044620B101210420FB
S214010AA8034A00F0FBFD204638BD0024FBE700BFE3
S214010AB8702804002DE9F0430C4615461F46D0E978
S214010AC8022352F8231002EB830293680E8893F8E8
S214010AD80080D3688BB0B3F800903246012106AB8C
S214010AE8FFF7CEFFF0B90DF1200CF4B101232A88E7
S214010AF84021CDE902C2CDE90471CDE90093222156
S214010B08434606AA304629F021FE0B4B0B4A0093B2
S214010B180B4B0190002C08BF134601210420094AFB
S214010B2800F0BCFD0BB0BDE8F08362462868696832
S214010B38032303C22246DBE7CF280400B4280400B7
S214010B48AE280400BC28040007B501236A46002124
S214010B5829F0C5FD6846034908F04EFB03B05DF869
S214010B6804FB00BF55F60000D0E9023253F82230E4
S214010B780149188808F012BB55F6000010B5D0E9EF
S214010B88023203EB8201496853F8223009784FF4A0
S214010B988A52188829F0CAFDBDE81040034601218B
S214010BA80420014A00F07ABDD9280400D0E90232AF
S214010BB853F8223002214FF48A5210B5188829F0CA
S214010BC8A7FDBDE81040034601210420014A00F0B4
S214010BD865BD00BFF22804001FB5D0E9023203EB59
S214010BE8820153F82230496818884FF48A530988D5
S214010BF80293094B094A0193094B1B780093127813
S214010C08084B29F0FBFD012103460420064A05B0DE
S214010C185DF804EB00F042BDD0550020E95D0020E8
S214010C28E85D0020DA550020092904002DE9F04383
S214010C38D0E9023253F8221003EB82035A680E8871
S214010C4817789A68DB688BB092F80090B3F8008042
S214010C583246042106AB0446FFF712FF28BB08AD4F
S214010C6801232A460521204629F039FD38B90420F2
S214010C7801210F4A00F012FD284628F0DEFD4FF448
S214010C888A53CDE904930023CDE902530323212196
S214010C98CDE9008306AA3B46304629F057FD0121D7
S214010CA80346044A042000F0F9FC0BB0BDE8F083C3
S214010CB8212904005029040038B5D0E9024303F17C
S214010CC88043023B02220F4954F823009D000CF092
S214010CD8AFFD60B90C4B0D491A78042A0BD82C4481
S214010CE8A068008821F8120001321A7038BD084B36
S214010CF808491A78F1E70121BDE838400420064A78
S214010D0800F0CCBC44520400E95D0020DA5500200E
S214010D18E85D0020D05500206229040008B5C368A4
S214010D28806803F18043023B0222064950F82300FB
S214010D380CF07EFD10B9044B187008BD0022034B59
S214010D481A70FAE744520400E95D0020E85D0020C5
S214010D5837B5D0E9023153F821208C00157842685E
S214010D68521A012AC5BF1B195B686C091C78DCBFBF
S214010D7844F0180405F01F052946204629F002FC10
S214010D88034640B12346012104200E4A009500F08F
S214010D9885FC03B030BD0121A94074B92346FE2263
S214010DA84FF6FF7029F09DFE012103460420064AEE
S214010DB803B0BDE8304000F071BCFE2241EAC461D0
S214010DC8EEE700BF782904009829040070B5D0E939
S214010DD8021551F8253001EB8501044618884B6841
S214010DE81A788B68052A1B8802D85E1E072E0BD92F
S214010DF8012104200C4A00F051FCBDE87040012195
S214010E0804200A4A00F04ABC6468641B032CCABF63
S214010E18C9680749096829F064FEBDE870400246BA
S214010E280449002007F0E0BCB6290400D6290400CE
S214010E3800F8FF07F329040008B5D0E9023253F891
S214010E48220003EB82035968FF22038809684FF6DC
S214010E58FF7029F046FEBDE8084002460149002019
S214010E6807F0C2BC062A040008B5D0E9023253F8D6
S214010E78223005214022188829F04AFCBDE808409E
S214010E8802460249002007F0AFBC00BF272A04002B
S214010E9808B5D0E9023203EB8201486853F82210FC
S214010EA8027840230988312029F085FCBDE80840EE
S214010EB802460249002007F097BC00BF482A0400F2
S214010EC808B5D0E9023203EB8201486853F82210CC
S214010ED8027840230988332029F06DFCBDE80840D4
S214010EE802460249002007F07FBC00BF622A0400C0
S214010EF81FB5D0E9023253F8221003EB82039B6830
S214010F0808881A780023D21A18BF0122CDE90233BD
S214010F1802A94023D20129F05DFC01210090044B6F
S214010F280420044A00F0BAFB05B05DF804FB00BFD4
S214010F38CF280400802A040007B5D0E9023253F806
S214010F48223003214022188829F0E2FB0121009073
S214010F58034B0420034A00F0A1FB03B05DF804FB31
S214010F68CF2804008F2A040037B5C3688268053382
S214010F7852F8233004211D786A460123044629F0D5
S214010F88AEFB38B904200121064A00F087FB684603
S214010F9828F053FC2B466A4600212046FFF78AFDB7
S214010FA803B030BDA92A040007B5D0E9023203EB25
S214010FB88201486853F822100278402309883220B3
S214010FC829F0F9FB01210090034B0420034A00F0A5
S214010FD865FB03B05DF804FBCF280400DA2A040099
S214010FE870B585690446EA0705F0020605D476B1A8
S214010FF8C5F3072029F045F909E01EB1B2210F48CB
S2140110082FF0A7FFA069C0F3810029F029F9E36949
S2140110181BB9BA2109482FF09CFF204614F05AF94B
S214011028E3693EB1607E9847AB0706D0BDE87040DD
S21401103829F01BB920469847F6E770BDEF2A040049
S21401104808B514F05BFD28B1BDE808404721024801
S2140110582FF07FBF08BD00BFEF2A04002DE9F0413D
S214011068FF2B04460F4690461D469DF8186005D08E
S214011078FF2E03D0D52111482FF06BFF0023FF2D3B
S21401108818BFAD000E4A1CBF45F00105EDB222603F
S2140110980C4AC4E9063818BFA561FF2EC4E9012326
S2140110A82361E76007D0A36943F0020323F47F4373
S2140110B843EA0623A361BDE8F08100BFEF2A0400D6
S2140110C8343D0020E90F0100002310B5054C0361EB
S2140110D80460054CC261C0E901430123C160836114
S2140110E810BD00BF343D0020E90F010070B58669C8
S2140110F8044606F00303032B0D4603D1FC211448CE
S2140111082FF027FFFF2D16D0B20704D440F20111A5
S2140111180F482FF01EFF284628F04FFDFF280546EA
S21401112804D14FF482710A482FF013FF2DB204EB55
S2140111384514204670BDF307FBD5A36913F00C0FC1
S214011148F7D040F20B1102482FF003FFF1E700BF7A
S214011158EF2A04000023054AC0E90631036102604C
S214011168C360034A034B426083607047343D0020E6
S214011178E90F0100A952020001482BF0CFBC00BFBD
S214011188343D002001482BF0D5BC00BF343D00207B
S21401119813B50E482BF09CFC27F088FA2AF03FFC82
S2140111A82AF05BFC2AF062FCFCF728FF0446FCF7F1
S2140111B83FFF2346009001210420054A00F06EFAFD
S2140111C802B0BDE81040FCF71FBF00BF343D002049
S2140111D8822B0400022808B503D12FF0B3FE014B79
S2140111E8186008BD643D002008B50CF043FE0122D6
S2140111F8044B1A702FF02FFFBDE808400249034838
S214011208FDF7C4B8EB5D002058670020683D002054
S214011218014B1870704700BFEA5D0020024B187832
S21401122808B105F019BE7047EF6C002008B5074BEA
S2140112381B780BB1002008BDFFF7F0FF0028F9D195
S21401124806F0E4F9023818BF0120F4E7EA5D002049
S21401125870B5FFF7EBFF174D20B1FFF78DFF042898
S214011268044613D82B781BB92FF0F5FE01232B70F3
S21401127827F02AFA0446D8B12B781BB9F7210E486D
S2140112882FF067FEBDE87040FFF776BF27F01EFA1D
S2140112980028E7D02B785BB12FF0C7FD0646002162
S2140112A801202DF057FF30462FF0BAFD00232B7092
S2140112B8204670BDEB5D0020A32B04001FB5FFF789
S2140112C8C7FF0446FDF740FAA04228BF204688B16A
S2140112D803A92EF05BFB034638B9CDE90000064AA0
S2140112E8039906482FF04AFE18B18E2104482FF0BC
S2140112F830FE012004B010BDCF860300443D002017
S214011308A32B04000D4B70B51B780D4D0D4C012118
S214011318002B0CBF2B46234602200B4A00F0BEF9D1
S2140113280A4B01211B780220002B0CBF2B462346B3
S214011338BDE87040064A00F0B1B900BFEF6C002066
S2140113486352040082520400392C0400EA5D00202E
S214011358582C040010B5D0E9023253F82230022086
S2140113681B780121002B15BF01240024044A054AD5
S21401137800F094F92046BDE81040FFF749BF00BFCA
S214011388772C0400942C0400D0E9023253F822305A
S214011398034A1B78003B18BF01231370704700BF30
S2140113A8EF6C002038B50125084B1D702FF03DFD68
S2140113B80446294628462DF0CDFE20462FF030FD5E
S2140113C8BDE8384002490348FCF7E0BFEC5D002061
S2140113D860670020903D002070B514F015FC10F0F1
S2140113E8070F1D4D11D02B785BB901262E702FF0F3
S2140113F81CFD0446314630462DF0ACFE20462FF043
S2140114080FFDBDE8704014F0C3B829F046FB02286A
S214011418E9D1124C2378032BE5D914F0F5FB10B962
S2140114282378032B14D814F0B3F804460028DAD02E
S2140114382B785BB100262E702FF0F7FC0546314657
S21401144801202DF087FE28462FF0EAFC204670BDC5
S2140114584FF0FF34ECE700BFEC5D002090620020FF
S2140114681FB5FFF7B9FF0446FDF76EF9A04228BF7E
S214011478204688B103A92EF089FA034638B9CDE982
S2140114880000064A039906482FF078FD18B18C210A
S21401149804482FF05EFD012004B010BD998C0300AE
S2140114A8703D0020B32C040010B5094C09490020F2
S2140114B807F080F923681B68587928F0B4FB23687D
S2140114C81B68587927F0EDFB04F092FE002010BD4A
S2140114D890420020412D040008B529F0CEFA0246B4
S2140114E828B1BDE808400020014907F063B908BDE6
S2140114F8642D040008B529F0D6FA024628B1BDE8DD
S21401150808400020044907F055B95422BDE80840B0
S214011518FF2102480BF040BE7C2D0400E455002054
S21401152838B504460D4629F0C2FA024628B1BDE888
S21401153838400020034907F03DB9034B23F81450FF
S21401154838BD00BF9A2D0400E45500202DE9F3416B
S21401155800240C4E0C4DDFF838800C4F56F8043B2F
S2140115680BB9D8F8003035F8022B3946009200201E
S2140115782246013407F01EF92A2CEFD102B0BDE845
S214011588F08100BF6C67002038560020B62D040095
S2140115986867002008B52A21034829F080FABDE8C3
S2140115A80840FFF7D3BF00BF3856002007B5D0E97B
S2140115B8023253F822301A78292A0DD8084B53F8E4
S2140115C822300BB9074B1B680749002031F8121067
S2140115D80091064907F0EEF803B05DF804FB00BF7A
S2140115E86C6700206867002038560020B62D040076
S2140115F808B52A21034829F054FABDE80840FFF740
S214011608A5BF00BF3856002038B5D0E9023253F8D6
S214011618221003EB82035B680C781D8800200449BE
S21401162807F0C8F829462046BDE83840FFF778BFD6
S214011638C12D04002DE9F34100240C4E0C4DDFF8B2
S21401164838800C4F56F8043B0BB9D8F8003035F8FB
S214011658022B3946009200202246013407F0AAF8E8
S2140116682A2CEFD102B0BDE8F08100BF6C670020DC
S214011678E4550020B62D04006867002010B5024620
S21401168827F025FB20B9044C236811B113432360C6
S21401169810BD23EA0203FAE7186800200CB413B554
S2140116A802460C4627F013FB60B9094B1B681A4221
S2140116B808D005A9049801910AF064FC14B10548FC
S2140116C82AF03BF902B0BDE8104002B0704700BFEF
S2140116D818680020C0300400034610B5D3E902326A
S2140116E853F8223008461C78211E18BF0121FFF73F
S2140116F8C5FF014648B9084A084B0220002C08BF16
S2140117081346074AFFF7CAFF10BD00210220054A03
S214011718FFF7C4FFF8E700BFC61C0400BE1C0400A0
S214011728C2300400D83004002DE9F04105461F46B2
S2140117380C46DFF82C808E18B44201D1BDE8F08142
S2140117480021284614F8013B069AFFF7A7FF002F49
S214011758F2D0424600212846FFF7A0FFECE700BF7B
S2140117684C23040002460249002007F023B800BFB4
S214011778E930040010B5234C2348FF2126F088FFE2
S214011788207802281ED003282ED0012804D0212034
S214011798BDE81040FFF7E6BF1C4B19780029F7D0C3
S2140117A802231B4A23701378052B0EBF002301332F
S2140117B8DBB29942137003D1052313700020E7E7C3
S2140117C8052BFBD0124B1B78052B02D10323237064
S2140117D8DDE7104A104932F8230007F0DFFC03233F
S2140117E823700028D4D110BD094B0C4A1878094B30
S2140117F803EB8001897833F8200007F09FFC01236A
S214011808EEE700BFED5D0020983D0020F65D002064
S214011818F16C00208C560020051A0100B119010050
S2140118282DE9F04F0D46144695B00490112200217B
S2140118380FA89946DFF86C810BF0AEFC04EB450364
S2140118480393D9F800301C2B02D0039B9C4202D18B
S21401185815B0BDE8F08F0123DFF844A18DF81C30E0
S21401186823884C4AADF81E309AF800304A4D08EBEA
S21401187883039B7828788DF8203013688DF81D002F
S214011888CDF821305368CDF8253028F0F0FC049BBC
S2140118988DF8290021882878002B4AD128F0B4F938
S2140118A8002844D09AF800300FAA38F8230007A970
S2140118B827F029FA00283AD027F0D3FF4FF0000B7B
S2140118C8074606461C255FFA8BF2974234D8B7427C
S2140118D82BD99DF81C30032B1AD10FAB0193BDF8F9
S2140118E8213000220421009301202C4B06F0E8FD4C
S2140118F89AF8003008EB83039978274B187806F096
S2140119085BFE9AF80030002038F8231028F002FC15
S2140119185DB107A9304629F000F8214B05461B782A
S214011928304638F8231028F0FAFFC9F80050023478
S21401193887E728F060F9B3E710460BA9059228F067
S214011948E8FF30B99DF82C1031B9059AB74208BF9F
S21401195816460BF1010BB6E7BDF82E00BDF81E20A2
S2140119689042F6D19DF830009DF820209042F0D1A3
S2140119789DF81C208A42ECD1032A14BF08220222B1
S2140119880DF121010DF131000BF052FF002808BFBF
S2140119980025DEE7EE5D0020F06C002066330400CB
S2140119A8F16C00208C56002013B503460020114A1E
S2140119B89C6812780190052A03D01B78032B00D166
S2140119C82CB9012002B0BDE81040FFF7CBBE626813
S2140119D8217801ABFFF724FF217A0120E26801ABE9
S2140119E8FFF71EFFFF21044802B0BDE8104026F0AD
S2140119F847BE00BFF16C0020983D0020094B1B78BC
S214011A08052B02D00378032B02D00120FFF7AABECC
S214011A188168054A0B68054813604B68FF215360C7
S214011A2826F02EBEF16C0020EE5D0020983D0020C9
S214011A3838B50024114B124D1870124BFF211C703B
S214011A482C7006F0B9FD0122032110460E4B06F054
S214011A5837FD4FF6FF712246084628F05EFB04461E
S214011A6848B940F6B832FF21084826F000FE01239F
S214011A782B70204638BDFFF775FEFAE7F06C00209C
S214011A88ED5D0020F65D0020EC640400983D002022
S214011A98144BF0B51A6814491368097858798842BE
S214011AA80BD11249D78808460022114D1E792B788A
S214011AB8D4B2A34203D8052C0AD10020F0BD0C8865
S214011AC8BC4202D18C78B442F7D001320431EFE738
S214011AD8A342F2D120F82270013300EB820086700F
S214011AE82B70EAE790420020F06C00208C5600200C
S214011AF8F65D0020FF2307B50021044A0448009339
S214011B08FFF7ACFA03B05DF804FB00BF7D170100D0
S214011B18983D00201FB5B42303210446ADF80E30C6
S214011B2828F069F898B12123204600930022032162
S214011B380DF10E0328F00EFA04460020054B064A5E
S214011B480649009406F036FE204604B010BD8624E9
S214011B58F3E700BF133104002031040035310400D7
S214011B68D0E9023253F82230034A1B780121137058
S214011B780220024AFFF792BD0C6D00204431040092
S214011B880122014B1A7070470C6D00200A4B90F821
S214011B9805111B7890F8082119448A42BCBFB2FB8C
S214011BA8F3F103FB11234FF0FF32B8BFDBB202FAA1
S214011BB803F380F80A3170470C6D00202DE9FF41C8
S214011BC80446057F867EDFF870806E43237F98F88B
S214011BD8002013449D4212DB607F60B9238B029379
S214011BE863690193237C00936288A31D217805F01D
S214011BF8EFFDFF232370002004B0BDE8F081E37EEB
S214011C08AB42E9D9A77E228BF1199142A4BF921B58
S214011C18D7B205EB0323E3813A46334629462046E5
S214011C2827F08BF80028E7D1637F37440133013565
S214011C386377BEB2EDB2C9E70C6D002037B505462D
S214011C4828F0A1FE0D4B04461B6869461B78032B3A
S214011C5882BF0B4B1B881B18284688BF9CB228F0EE
S214011C681AFF38B9684628F090FE18B9044B1B8845
S214011C7823449CB2204603B030BD00BFCC410020AF
S214011C88966C0020084B1B78FF2B0BD1074B1B7853
S214011C98FF2B07D1064B1B78022B03D04FF480701D
S214011CA828F07BBA704700BF1C680020E83E002079
S214011CB8B83D002010B50446FF2126F0E9FC054B87
S214011CC89C4202BF0023A4F588742370BDE8104027
S214011CD8FFF7D8BFC83E00202DE9F0479A462A4BA1
S214011CE881461B7888461646BDF82050002B49D0F9
S214011CF8FF2D3ED938252846BDE8F087234B0C2210
S214011D083146A01D636184F80090A4F802800BF0A8
S214011D1895FAA289414642F4004242F04002204622
S214011D28A28127F01CF82A46514660690BF086FA0C
S214011D3841464846A21D258328F066FBA076002862
S214011D48D8D00544013DB5FBF0F0FF28D2DC0023CE
S214011D58E0762046A383FFF731FF054680B923794D
S214011D684FF48070B37228F0DBF9227C099B1A8045
S214011D78C1E7074C2778FF2FC0D040F60345BAE7DE
S214011D882770F2E70225B6E70C6D0020F85D002003
S214011D98E83E0020B0F9063010B5002B25DA144CC1
S214011DA82278237CFF2A02D0827A9A4207D0114CE5
S214011DB82378FF2B17D0827A237C9A4213D169B9EC
S214011DC8637F013BDBB263775BB90B4A237F1278EB
S214011DD8204613442377FFF7F1FE0146204626F0F6
S214011DE8CDFFFFF74FFF012010BD0020FCE700BF25
S214011DF8E83E00201C6800200C6D00202DE9F04FFD
S214011E089A46B1F9063091B0002B0D461746DDF813
S214011E186880049080F22981B8F80030FF2B04D935
S214011E284FF4B871A6482FF094F8A64B00241A78F8
S214011E3893F80401B3F80211002A40F0A5802E7A1F
S214011E48A14A1278B24240F2AF800222A3F8027188
S214011E581A70AA7AFF2483F804210022A3F80841FD
S214011E6883F80521A3F80621B8F80020954883F8D9
S214011E780C21FFF78BFE3846FFF7E0FE214600EB04
S214011E884002924826F0F3FB4FF4807028F048F998
S214011E988C4C94F80A91B9F1FF0F20D18A4A94F82C
S214011EA8053112781344B34219DC94F80C1184F8FE
S214011EB80531B4F80631204601FB0233A4F8063191
S214011EC8FFF764FE0122824B38461A70FFF7B6FE0A
S214011ED8494600EB400204F5887026F0C8FB94F8E2
S214011EE80531B34260D8DFF8E0B19BF800C00CEBCF
S214011EF80302964258DA764994F808210878013A96
S214011F08002853D0964205DAB8F8002084F80C2148
S214011F1800220A70B6FBFCF901220CFB196994F839
S214011F280A015FFA89F902FA09F2D1B2024076B9D2
S214011F382889000A844584F8080108D92046CDE98D
S214011F4806210593FFF722FEDDE90621059B94F895
S214011F580A01014384F80A1182B994F80921B4F8F0
S214011F6806C1013284F80921B8F80020DAF8001011
S214011F780CEB0200FF2826DD0323237094F80831B2
S214011F88013B9E4230D138E0AE7A864202D18F427A
S214011F9800D11C462E7A002C7FF47BAF002A3FF432
S214011FA84FAF012A3FF44CAF01205FE09642B1DA09
S214011FB894F80C1198F800209142ABD004F588707B
S214011FC8FFF778FEF0E794F80CE1F31A0EFB03C36B
S214011FD8A01C10FA83F005920BF030F994F808313A
S214011FE8059A013B9E4244D0012394F80A2103FA3C
S214011FF809F3013B1343FF2B04D1224629463846F1
S21401200826F0AEFE94F8083194F809219A42CBD10D
S2140120189BF80030B2FBF3F103FB112212F0FF022A
S21401202818BF13462278022A26D1264A0234107887
S2140120385178012804BF01315170012224F8022C7D
S214012048EA88B4F8041122F04002EA8094F80921DB
S2140120580A44591E94F80A3113FB01F31344A8F8ED
S2140120680030CAF80040FFF70DFE002011B0BDE8A9
S214012078F08F84F80B21C0E76979002994D0032AE8
S21401208892D1B4F8062194F80B1108AE11445A1EE1
S21401209894F80C31284613FB02F30B4400219BB23B
S2140120A8A21CA8F80030CAF80020CDE900710296F3
S2140120B8049907F05FFD8921304628F0A2F97DE7EB
S2140120C86B310400B83D00200C6D0020C83E00208E
S2140120D8F75D002013B5044618B101280BD002B0ED
S2140120E810BDFF2301460093064A0748FEF7B6FFD0
S2140120F8064B1C70F3E7FFF743FDFF22044B1A70EB
S214012108EDE700BFBD1C0100C83E0020B83D002019
S214012118E83E002013B501A909F0FEFF044648B9B8
S214012128BDF806309DF80420034906F043FB204617
S21401213802B010BD8120FBE70232040013B56946E0
S21401214809F0F6FF044688B9BDF802309DF800206C
S214012158074906F049FB2046019906F09DFA2046F4
S214012168044906F027FB204602B010BD8120FBE794
S214012178263204004C32040037B5694609F0FCFFE4
S214012188044618BB9DF801309DF80020104906F05A
S2140121982BFB104D9DF80120E3B29A4206D8002089
S2140121A80D4906F007FB002003B030BD0198630017
S2140121B803F4FF7302220021184428F03BF829464D
S2140121C80246002006F010FB0134E3E78120EBE726
S2140121D84E3204007D320400EC64040013B501A9F4
S2140121E809F0A0FF044648B9BDF806309DF804205A
S2140121F8034906F0DFFA204602B010BD8120FBE74E
S2140122088732040030B500240B4D85B06946E0B22C
S21401221828F07FFB50B99DF80030032B06D12946DC
S214012228BDF805309DF8012006F0C4FA0134202CCB
S214012238ECD105B030BD00BFAE32040008B50020B1
S214012248034906F0B7FABDE80840FF2000F0DEBAF9
S214012258C03204002DE9F04F85B006460D461746F4
S21401226826F0CCFD044640B130463A46294626F0CB
S214012278AFFD002005B0BDE8F08F4FF003094FEA27
S21401228815285FFA84FA6946504628F042FBB8B921
S2140122989DF800B0BBF1000F12D1694650468DF883
S2140122A800908DF805508DF806808DF8016028F0AD
S2140122B834FB02460028D7D05846064906F07AFA73
S2140122C80134202CDDD10020034906F073FA892059
S2140122D8D0E700BFD5320400FC3204001FB5002346
S2140122E804468DF80F3026F074FD28B19DF80F309E
S2140122F863F07F038DF80F30182301930DF10F0358
S2140123080022009304214023204627F012FE0246AD
S21401231818B10020024906F04DFA04B010BD00BFFE
S214012328173304001FB502A909F014FF044688BB39
S214012338BDF80820184906F057FA2046039906F012
S214012348ABF92046154906F035FA4FF6F672BDF890
S2140123580810134C4B1E9BB2934219D82368039A54
S2140123681B685879FFF776FF23681B79012B0BD872
S214012378BDF808300022CDE900030421094B0920E5
S21401238806F09EF828F037F86FF0FF0004B010BD8D
S2140123988720E9E78120F9E7363304004C32040048
S2140123A8904200204D33040070B504468AB005AD4E
S2140123B81122002128460AF0EFFE204604A909F05A
S2140123C8BDFE044600283AD11E4EBDF810201E490F
S2140123D806F0F0F932681379012B28D84FF6F67013
S2140123E8BDF810104B1E9BB2834224D81368587947
S2140123F826F004FD08B333682A461B68BDF810109A
S214012408587926F0E4FCBDF8103001220421CDE904
S214012418004309200D4B029506F052F827F0EBFF12
S214012428034620B100200A4A0A4906F0C3F96FF0AC
S214012438FF000AB070BD8724E5E78B24E3E7812017
S214012448F7E700BF904200205033040065330400CC
S21401245869330400743304002DE9F0479AB004A9DF
S21401246809F084FE0446002840F0B5809DF8102047
S2140124785B4906F0B9F925465A4E9DF81020EBB28D
S2140124889A4254D80020584906F094F99DF81050FD
S214012498002D40F099802C462E46544F06A9F0B2DE
S2140124A828F037FAC8B99DF81830032B15D13B68C0
S2140124B89DF819201B685B799A420ED19DF81D205C
S2140124C805F168036B4403F8402C9DF81E2002357D
S2140124D8013403F83F2CEDB2E4B20136202EDDD1EB
S2140124E89DF810300BB1002C77D00AABCDE901432B
S2140124F8FF2302220421009309203D4B039505F092
S214012508DFFF27F078FF034660B19DF81020002A08
S2140125185FD0384A3849002C08BF0A460020374998
S21401252806F048F96FF0FF001AB0BDE8F087059885
S2140125386B0003F4FF7302220021184427F07AFE89
S21401254831460246002006F04FF9013595E7059811
S214012558730003F4FF7302220021184427F06AFE71
S214012568002780465FFA80FA06A9F8B228F0D1F962
S21401257800BB9DF81830032B1CD1D9F800309DF804
S21401258819201B685B799A4214D19DF81D30534572
S21401259810D19DF81E30C8F307229A420AD105F1D8
S2140125A868036B440235013403F840AC03F83F2C4A
S2140125B8EDB2E4B20137202FD6D101369DF81020AE
S2140125C8F3B29A42C3D88BE70025DFF820902E464F
S2140125D8F4E7084AA2E78120A6E78B20A4E700BF14
S2140125E8CE3304007D320400EC64040090420020DF
S2140125F8ED3304009F330400BD330400F1330400B7
S2140126082DE9F04389B002A909F09EFD0446002889
S21401261867D1BDF80820344906F0CCF84FF6F672B3
S214012628BDF80850DFF8D4906B1E9BB2934254D87D
S214012638D9F8003029461B685F79384626F0DEFB54
S21401264800284CD026465FFA86F8404603A928F0AB
S21401265860F928B92946384603AA26F0BCFB20B9F2
S2140126680136202EEFD14FF0FF08404628F04FF9EB
S214012678014658BB112203A80AF08EFD29463846A2
S21401268803AA26F0A5FBD9F800301A79012A18D82A
S2140126981B68BDF80810587927F08DFDBDF808307D
S2140126A803220421CDE900430920104B05F008FF59
S2140126B827F0A1FE034620B100200D4A0D4906F079
S2140126C879F86FF0FF0009B0BDE8F08302460A49C1
S2140126D8002006F06FF80124D5E78724D3E78B247A
S2140126E8D1E78120EFE700BF133404004D3304001F
S2140126F851340400743304002A3404009042002044
S2140127082DE9F043DFF894800020D8F800302149FD
S2140127181B688BB05E79002506F04CF801275FFA36
S21401272885F9484601A928F0F4F8044690B99DF8B9
S2140127380430032B0ED19DF80530B3420AD1484622
S21401274828F0E5F80146A0B102461349204606F0EE
S21401275831F827460135202DE1D1D8F8003000217F
S2140127681B68587927F027FD87F001000BB0BDE8F4
S214012778F083112205A80AF00FFDBDF8094030467E
S214012788214605AA26F024FB2146304627F013FDEC
S214012798E0E700BF5E3404002A34040090420020BB
S2140127A837B5694609F0DCFC044638BBBDF800209D
S2140127B8134906F019F8134D2046019905F06CFFE8
S2140127C82046114905F0F6FF2B681B68587927F053
S2140127D801FE70B14FF6F672BDF800104B1E9BB2A3
S2140127E8934209D82B68019A1B685879FFF732FD7E
S2140127F80446204603B030BD8724FAE78120F9E76E
S21401280872340400904200204C3204007FB505461D
S2140128180024E6B26946304628F07BF8A8B99DF848
S2140128280030032B11D19DF80130AB4204D0FF2DA7
S2140128380BD19DF80D3043B9304628F068F80246AA
S21401284818B10020034905F0B5FF0134202CE0D16A
S21401285804B070BD2A340400034B1B68187801289D
S21401286808BF0220704700BFCC410020D0E90232E1
S21401287853F822301A78024B1A7000F0E7BA00BFF4
S214012888F75E002070B5D0E902456B1EDBB254F83E
S214012898230003221B490AF0CBFF54F8253004EB2A
S2140128A88504197863681A78A2F10B030F2B05D9EA
S2140128B815490020BDE8704005F07CBF01290FD1FD
S2140128C8124C9140236840B90B43114A23600020FB
S2140128D8BDE870400F4905F06DBF23EA0103F4E730
S2140128E802290CD101230C4903FA02F20B6818B924
S2140128F813430A4A0B60EAE723EA0203F9E70A46A2
S2140129080749D6E7963404009A3404004068002044
S214012918B0340400B83404003C680020CB3404000A
S214012928D534040007B5D0E9023103EB810253F828
S21401293821300B491B785268012B0A4B08BF0B46FE
S21401294812684FF000001A600092074A074B0849C0
S21401295818BF1346074A05F02DFF03B05DF804FBC0
S214012968406800203C680020F0340400E834040085
S214012978FA340400DCB5040038B5254A254B264C44
S2140129880020264905F016FF0020254905F012FF0C
S21401299822682449002005F027FF2068224C234D91
S2140129A805F0E2FE2146002005F004FF2A682049CA
S2140129B8002005F019FF286805F0D6FE21460020FC
S2140129C805F0F8FE1B4B1C491A781C4B002053F8DF
S2140129D8223005F0EFFE00F00DF9194902460020F5
S2140129E805F0E8FE174B00201A78174905F0E2FEB5
S2140129F8164B17491A78002005F0DCFE04F020FA79
S214012A08BDE8384002461349002005F0D3BE00BF92
S214012A18DCB5040014350400406800201B350400AA
S214012A282335040031350400D51D04003C68002018
S214012A3842350400255F0020533504004468002011
S214012A48663504000A5F00207A350400095F002015
S214012A588C3504009E35040007B500F071F8054B67
S214012A680090054A0020054905F0A4FE03B05DF86C
S214012A7804FB00BFB4350400DCB50400353104009E
S214012A88F8B504460B4F0C4E0C4D00200C4A0D4968
S214012A9805F090FE20463B7829783278F5F768FBF2
S214012AA800233B7033702B70FF21BDE8F8400648C1
S214012AB825F0EEBD255F0020095F00200A5F002093
S214012AC8DCB50400B9350400083F002037B51248C4
S214012AD8FF2125F0DDFD114B187810F0100505D003
S214012AE8002003B0BDE8304003F01CBF0121B4202C
S214012AF804F020FB04460A4B0A4A0B490090284674
S214012B0805F058FE2046FFF7BBFF4FF4806003B080
S214012B18BDE8304027F041BB083F0020255F002074
S214012B28D0350400DCB50400353104000021024A22
S214012B380248FEF7C9BA00BFD52A0100083F00209F
S214012B4808B5054B1B7823B11720FFF799FF00201E
S214012B5808BD0220FCE700BF255F002010B550B174
S214012B68054B00F1100250F8044B904243F8044B11
S214012B78F9D1024B197010BD0B5F00201B5F0020B6
S214012B8837B5174D04462B78DB0626D50090154B2E
S214012B980020154A154905F00DFE1E2C0BD0652C94
S214012BA809D0032C19D0002027F033FF40F61C402B
S214012BB8FFF766FF0DE027F054FF4FF4FA63B0FB0A
S214012BC8F3F202FB1300C218FF21094892B225F05E
S214012BD84EFD2B7823F010032B7003B030BD00BFD9
S214012BE8255F0020E9350400DCB504003531040012
S214012BF8083F0020014B1879704700BFA0560020F7
S214012C0870B54C4E8EB0337803F0FB02A3F109057C
S214012C18022AEDB258D0042B41F6041257D0A3F17C
S214012C2808014B424B415B0013434348ADF80C3057
S214012C3826F014F948B9414B3F4A03F1100153F8FD
S214012C48040B8B4242F8040BF9D13D4B1B78002B41
S214012C583FD03C4B0DF10E0203F1100153F8040B63
S214012C688B4242F8040BF9D103A827F0F2FE232879
S214012C78044610D1012D49D80020334A334905F0BE
S214012C8899FDBDF80C3003A823F40053ADF80C30B9
S214012C9827F0DFFE0446002C41D14FF40C7027F0D4
S214012CA8D6FE044600283AD103F0FAFE012D36D89E
S214012CB8274A01AB1068516803C3264901A827F0C3
S214012CC82CFF78B319242AE043F60412A7E7022357
S214012CD8AAE73378042B0DD0082B0BD01E4B0DF129
S214012CE80E0203F1100153F8040B8B4242F8040B51
S214012CF8F9D1B9E7104A0DF10E0302F1100152F8A5
S214012D08040B8A4243F8040BF9D1ADE7337803F094
S214012D18FB03022B03D10020104905F04BFD20468A
S214012D280EB070BD044901A827F0F7FE0446002836
S214012D38C8D1F4E7255F0020F95E0020B636040006
S214012D481B5F00200B5F0020DCB504000D36040075
S214012D58C7360400CCB50400D03604006836040033
S214012D6870B5002686B00446252027F058FE1622A0
S214012D78002116480AF010FA154B1E60154B1878F4
S214012D88FFF76AFD022814BF0123042303208DF8E8
S214012D98083027F092FE04238DF810300E4B02A857
S214012DA80593039403F030FD05460C4B0C4A19684D
S214012DB80C4B3046A14208BF134600940A4A0B49F9
S214012DC805F0F8FC284606B070BD00BFA0560020E6
S214012DD8283F0020255F0020C930010040680020F8
S214012DE8E8340400F0340400DCB50400E1360400DD
S214012DF808B5134A1378042B09BF124B01331B7805
S214012E08C3F10603DBB2137003F0FD02092A04D1ED
S214012E181720FFF735FE172008BD0A4A1278002A40
S214012E2814BF052206229A4207D1074B18680028C4
S214012E38EED0FFF795FF4D20EEE70020ECE700BF48
S214012E48255F00201B5F00203C68002073B51E4CE0
S214012E581E4E23683268134334D01D4B1B6853B388
S214012E681C4D2B783BBB03F0EBFFF8B94FF48060A1
S214012E7827F056F9184B24681B7894B1C3F102035E
S214012E882B7003F047FD2046FFF76AFF0446002033
S214012E98124B134A1349009405F08CFC204602B0E5
S214012EA870BDC3F1060334682B70EAE70121B4202C
S214012EB804F040F9EAE70020094A0B4905F07AFCD4
S214012EC80224E4E70224E9E7406800203C68002081
S214012ED8CC410020255F00201B5F00202937040015
S214012EE8DCB50400353104000F3704002DE9F3473B
S214012EF8384D394E00202A792B88384905F05AFC76
S214012F083268287922FA00F010F0010002D134491B
S214012F1805F050FC334F3C783CB10822324933481F
S214012F280AF086FC041E18BF0124DFF8DC80DFF8EF
S214012F38A490DFF8B4A014E098F8000049460130E0
S214012F48C0B288F8000027F05CFD002835D13C782F
S214012F583CB10822514625480AF06AFC041E18BFEF
S214012F6801242A793368D340DB07E5D5002CE3D161
S214012F7800922B881E4A1F49204605F01BFC1E4B53
S214012F881878FFF769FC01230322124927F03FFD51
S214012F981A4A054613780133137010B902B0BDE812
S214012FA8F08720462B46124A154905F003FC2846A9
S214012FB802B0BDE8F047FFF763BD0020114905F0F0
S214012FC8F9FBFFF715FF0028E8D102B0BDE8F04786
S214012FD800F01CB8A0560020283F00202F37040018
S214012FE860370400245F00201C5F0020AE560020D6
S214012FF8DCB504002F380400255F0020095F002097
S214013008D0370400F9370400F85E00202DE9F041B6
S214013018214C224D2378002055F82330204A214997
S21401302805F0C8FBFFF7ECFD03461D4E1E4FDFF803
S21401303874802BB92378042B15D8B3B91B4B15E02C
S21401304832463946002005F0B5FBFFF7D1FE00BB36
S2140130582378324655F82330414605F0ABFBFFF797
S214013068CFFD0346E5E7092BE8D1114B00201B6885
S214013078104A11491360114B187027F0C2FC20B191
S214013088BDE8F0410120FFF7FBBCBDE8F041FFF7C2
S2140130982DBFBDE8F08100BF255F002044680020F1
S2140130A8DCB504004F3804005C3804003C68002096
S2140130B840680020283F0020A0560020F85E002027
S2140130C870B51C4C23789BB3838913F4407F2FD0AB
S2140130D8056835B12A46BDE870400020164905F056
S2140130E869BB27F08CFC154E03463070144A2846F7
S2140130F8144905F05FFB33781BB1BDE87040FFF754
S21401310885BF2378082B0CD8042B0CD80E4B1B78BC
S214013118C3F1060323700D4BBDE870401868FFF72E
S2140131281FBE0A2BF2D1BDE870401820FFF7A8BCD5
S21401313870BD00BF255F0020873804000A5F0020A5
S214013148DCB50400B43804001B5F00203C6800208E
S21401315830B5464D03460446454A0020454987B0E2
S21401316805F028FB2B782BBB01A827F0D8FC0223F7
S21401317801A88DF8043027F0C0FCB0B93E4901A873
S21401318827F0BDFC88B1152C0FD127F06AFC47F251
S2140131983153B0FBF3F202FB130000F51C5010305C
S2140131A880B203F0BFFB07B030BD162CFBD103F08D
S2140131B8F3FBF8E7152C2AD100202D4A2F4905F0F4
S2140131C8F9FA2B78042B11D0082B0FD02C4B1B782F
S2140131D8DA070BD401A827F036FC18B9BDF8043075
S2140131E89B0703D42B7843F010032B7027F039FC88
S2140131F84FF4FA63B0FBF3F2FF2102FB1300C21887
S214013208204892B207B0BDE8304025F030BA27F022
S2140132185AFC04460028C6D12B78013B092B1ED838
S214013228134A194905F0C6FA184A19491378013399
S214013238D8B2107027F0E5FB60B12046154905F0B5
S214013248B9FAFFF7D5FD0028ADD107B0BDE8304083
S214013258FFF7DCBE07B0BDE83040FFF747BE40F6D3
S2140132681C4007B0BDE83040FFF70ABC255F0020C8
S214013278DCB50400D8380400CCB50400EF380400E7
S214013288F75E0020083F002002390400F85E00209F
S214013298A0560020F93704002DE9F0410B4686B008
S2140132A804460E4617463A490246002005F082FAB9
S2140132B84FF000080123CDE901380DF116030093FC
S2140132C8424640230621204626F068FE054640B1C0
S2140132D802463049404605F06DFA284606B0BDE874
S2140132E8F0819DF816202AB936B900202A4905F03A
S2140132F861FAF2E7012EF8D082F00103002027498F
S2140133088DF8173005F056FA9DF817300DF11706A7
S21401331833B310230022CDE900630621402320465B
S21401332826F007FE064630B1324600201C4905F055
S21401333841FA3546D1E74FB90821204626F05BFC0D
S21401334820B120469DF8171026F036FF05212046A5
S21401335826F051FC0028C0D0204626F02AFFBCE7FC
S2140133684FB90821204626F046FC20B120469DF894
S214013378171026F021FF10230022CDE9006306214D
S2140133884023204626F0D5FD06460028DED0CBE7AA
S214013398313B04004D3B0400663B0400863B0400B9
S2140133A8A63B0400002208B5034B11461B681B68A0
S2140133B85879FFF771FF08BD9042002008B5044B05
S2140133C800221B6801211B685879FFF765FF08BDB5
S2140133D89042002008B5044B00221B6802211B6896
S2140133E85879FFF759FF08BD9042002010B5012310
S2140133F8002488B001A88DF80430CDE90244F5F719
S214013408E5FE20469DF80420124905F0D3F920462A
S214013418039A114905F0CEF92046029A0F4905F09C
S214013428C9F910220E4B0DEB0201188840F06040D6
S21401343840F48010FBF718FC20460A4905F0D4F939
S21401344804A826F039FF2046074905F0B3F908B065
S21401345810BD00BFBF3B0400DE3B0400FD3B04007B
S214013468ACB504001C3C0400EC64040008B525F067
S21401347826FD0020024905F09DF9012008BD00BF80
S214013488393C04000023054A8360C360044BC0E945
S214013498002311B14FF6FF730B80704749100F27B1
S2140134A80130021110B5044660B10020064905F046
S2140134B881F9052C06D002F0CBF904490246002012
S2140134C805F078F9012010BD4D3C04005E3C04006F
S2140134D837B500216A4601AB054625F0B1FD04461D
S2140134E868B100220F49104605F064F902F0B0F9F8
S2140134F80D490246002005F05DF903B030BD0B49C1
S21401350805F058F9012024F0B4FC01F099FF431C9A
S21401351802D008F025F8F0E721462846FFF7A6FF6F
S214013528EBE700BF873C04005E3C0400CF3C040088
S21401353838B5054601F084FF044626F005FE4DB170
S21401354800200E4905F036F9631C14BF20460020FA
S21401355807F0C8FF25F0C1FC0228044605D001285B
S21401356805D10020064905F025F9204638BD00207A
S214013578044905F01FF90024F7E700BFEC3C0400F6
S214013588063D04001F3D040008B50020034A04490F
S21401359805F010F9BDE8084000F050BDC94C04001C
S2140135A8383D040008B50020034A044905F002F92D
S2140135B8BDE8084001F0CAB9573D0400383D04008B
S2140135C81FB5D0E9023253F8223068461C782146E6
S2140135D801F0D0FB684601F073FC28B9224604497D
S2140135E805F0E8F804B010BD6846FFF771FFF9E783
S2140135F85D3D04000020014905F0DCB8793D040072
S2140136087FB50DF1060102A8FFF73CFF0020264909
S21401361805F0D0F80020BDF80820244905F0CAF8BE
S2140136280020BDF80A20224905F0C4F8039A0020B4
S214013638204905F0BFF800201F4905F0D5F84FF6D8
S214013648FF73BDF806209A4229D000201B4905F0D1
S214013658B1F800201A4A1B4905F0ACF800201A4AAE
S2140136681A4905F0A7F800221949104605F0A2F8EC
S2140136780020154A174905F09DF80A220020164928
S21401368805F098F80A220020144905F093F80A2252
S2140136980020134905F08EF807B05DF804FB0020FA
S2140136A8104905F087F8D4E7883D0400A03D0400DA
S2140136B8B93D0400D23D0400EB3D0400F63B04008E
S2140136C8E0930400013E0400C0270900203E0400E0
S2140136D83F3E04005E3E04007D3E04009C3E04001E
S2140136E8BA3E0400FE3D040008B50020034905F073
S2140136F861F8BDE80840012001F0FAB9D83E040097
S21401370808B50020034905F055F8BDE80840002033
S21401371801F0EEB9F13E040030B5104B104D1B5CBC
S21401372885B08DF80F302B780446834206D00D4BB2
S2140137380D4953F82020002005F03CF830232C7062
S2140137480A4801930DF10F030093062280231921DD
S214013758007826F0EEFB05B030BD00BFF3B50400D7
S2140137682D5F002000B60400093F0400F36C00201A
S2140137781FB5232303900193064803AB0093012248
S21401378880231921007826F0D4FB039805B05DF84C
S21401379804FB00BFF36C002073B5164D04462B7866
S2140137A8154ECBB125F0BAFB012815D0346040F68A
S2140137B8B244124B1B78072B17D02D78C5B925F0C4
S2140137C8ADFB031E18BF01230D480095224619219B
S2140137D8007825F032FF03E000233360002CE8D19F
S2140137E8201E18BF012002B070BD02250123EBE799
S2140137F80025FBE72A5F00202C3F00202D5F0020D4
S214013808F36C002008B50448FFF7C6FFBDE808407A
S2140138180220FFF781BF00BFC027090010B5064C7C
S214013828208826F0CAFC608826F0C7FC6068BDE8D8
S214013838104026F0D1BC00BF303F00207FB52323BF
S2140138488DF813300DF113030293042306480193F0
S21401385805AB0093012280231921007826F09EFBF0
S214013868059807B05DF804FBF36C00202DE9F047D6
S214013878DFF84C91044699F8000090460F4626F06A
S2140138889CF90B2899F8002005D9BDE8F0470020D7
S2140138983F4904F08FBF00263E4B3F4D1E803F4BED
S2140138A8DFF820A103EB00135B8801202B802A7127
S2140138B804F0A8FE05F050FF04F0A4FE204604F02C
S2140138C8A1FE0123042C8AF800300BD8022C45D817
S2140138D89C4216D02346BDE8F0470020304A3149BD
S2140138E804F068BF062CF5D130462F4904F062FF74
S2140138F8384604F087FEFFF791FF97B18AF8006013
S2140139080FE04FF6FF76294F3888801B18BF012035
S21401391804F078FEFFF782FF3888B04201D026F01F
S2140139284CFC19236B8099F8003000202B71204B32
S2140139381B786B71EB8843F04003EB801D4B1988AD
S21401394826F0E8FB034620B1224600201A4904F077
S21401395831FF4046BDE8F047FFF71EBF304604F08A
S21401396851FEFFF75BFFFFF769FF26F035FC134BA7
S2140139781B78002B0CBF3F20202004F043FE042CAC
S214013988CFD14FF4806026F018FC3220C7E700BF7D
S2140139981C3F0400C4560020C856002000410020E1
S2140139A8102F0400683F04004B3F0400B85600205F
S2140139B8F26C0020906C0020813F0400295F0020F3
S2140139C8F36C00202A5F002038B5044605200D4612
S2140139D8FFF7A2FE184B1A884FF6FD739A4207D1D5
S2140139E80020164904F0E6FEBDE83840FFF70ABF96
S2140139F865B1134A13780133DBB2092B137014D956
S214013A080A2200200F4904F0D5FEEDE7012C0ED15D
S214013A180B4B1D700C490D48FFF734FDBDE83840C7
S214013A28002101200A4AFFF721BF012CF2D0BDE888
S214013A3838400748FFF7B0BE906C0020BB3F040033
S214013A482C5F0020E63F0400B8560020303F0020D7
S214013A58E093040008B50649002004F0ABFE0548CB
S214013A68FFF736FDBDE8084000210846FFF7ACBF62
S214013A782A400400303F0020814237B503461546E8
S214013A8808D2002000910F4A0F4904F093FE002047
S214013A9803B030BD0C1A224600200C4904F08AFEF9
S214013AA840F6BB5322460020094904F083FE4FF432
S214013AB87A735C43074B01209C4294BF2C602B60B1
S214013AC8E6E700BF102F04003B40040078400400DE
S214013AD89340040080EE360010B504460820FFF730
S214013AE81BFE0D4B3CB91C700021BDE8104006209A
S214013AF80A4AFFF7BBBE1B78092BF5D90A22002014
S214013B08074904F057FE0020064904F053FEBDE8B5
S214013B181040FFF79FBF00BF2C5F0020C027090099
S214013B28BF4004000041040073B51F4D2C7834B122
S214013B3800201E4902B0BDE8704004F03BBE0220DA
S214013B48FFF7EAFDFF221A4E1A4B30781A7026F054
S214013B5834F80B2807D920463278174902B0BDE851
S214013B68704004F027BE154B1549009301EB001170
S214013B78012319224FF6FD70498805F091FA70B1B4
S214013B882046104904F016FE00220F4B0F481C7001
S214013B980F4B1A7002B0BDE87040FFF7FDBD012457
S214013BA80C492C70EEE700BF2B5F00201141040082
S214013BB8F36C0020F26C00201C3F0400C13E01009B
S214013BC800410020524104002A5F0020C027090056
S214013BD82C5F00207841040038B5144D04462B7834
S214013BE8052B21D91249FFF75DFC24B918B91149EB
S214013BF804F0E0FD0424104B195D21B9BDE83840F6
S214013C080846FFF769BF032C06D02B78052B03D08F
S214013C1806200A4AFFF72AFE0021094B08461970B2
S214013C28BDE83840FFF7D0BE38BD00BF2D5F002085
S214013C38303F00209A410400E9B50400C027090076
S214013C482A5F002030B5044689B00720FFF764FDD7
S214013C58052C0AD100222A4B03A91A7002A804AA25
S214013C6801F0FEFD30B1022045E09CB90122244B4B
S214013C781A700224224D287878B1421E50422149F2
S214013C885041FFF755FC022304462B70022C0ED137
S214013C980A200FE0022CE6D1EBE7631F5A424FF0E9
S214013CA8050018495A4125F040F90446EEE7032C69
S214013CB804D10020FFF770FD09B030BD062C06D1EF
S214013CC80020114904F076FD01232B70E0E70F4A26
S214013CD80F4B2878002C18BF13460E490E4A00943D
S214013CE8002808BF0A4600200C4904F063FD201E80
S214013CF818BF0120400009B0BDE83040FFF76CBF8F
S214013D08285F0020303F0020D5410400CE41040042
S214013D18C7410400B6410400C04104001042040033
S214013D2813B51F4C0620FFF7F7FC2278092A09D994
S214013D3800201C4904F03EFD042002B0BDE81040F6
S214013D48FFF74ABF184B1B782BB3002024F0B5F8B1
S214013D5825F0E4F868B9FFF771FD144B196825F0EA
S214013D68D4F802460420002102B0BDE81040FFF74F
S214013D787DBD01A825F0D0F8FF2809D14FF4FA60D7
S214013D8823780133237002B0BDE81040FFF704BD65
S214013D980198FFF7EDFC4FF4FA620320E3E700BF52
S214013DA82C5F00202B420400295F0020403F0020A2
S214013DB8F023F0B589B0CDE900033448802300220A
S214013DC819210078324E334F26F0B3F800203249D5
S214013DD804F0F0FC3246394603A801F041FD0328F9
S214013DE804462E4D1CD10626039A2D49002004F0C0
S214013DF8E1FC0398FFF7BCFC0020396800F0ACFE34
S214013E082E7001F09FF900220446264B30461A70A0
S214013E18FFF782FC84BB09B0BDE8F040FFF780BF1E
S214013E2828BB7268204904F0C5FC214604A8FFF7A0
S214013E3829FB059B726893420BD020461B4904F068
S214013E48B9FC072305202B7009B0BDE8F040FFF741
S214013E58F9BE1A462046164904F0ACFC0523002193
S214013E6801202B7009B0BDE8F040FFF7ADBD00207A
S214013E78104904F09FFCF1E7042C05D0042009B092
S214013E88BDE8F040FFF7A8BE09B0F0BDF36C00200E
S214013E98303F0020403F0020634204002D5F002091
S214013EA8944204002C5F0020CF420400084304001B
S214013EB85C43040098430400F7B50446876800206D
S214013EC82378364D012B287004D0354B35491870A8
S214013ED804F070FC26785EBB334B1B78FF2B04D1AD
S214013EE803B0BDE8F040FFF78DBC304B1B78032BC1
S214013EF811D82F4C0320FFF70FFC6946208826F0BF
S214013F08CAFD002843D02B49208805F047F920B17F
S214013F182E70FFF777FC03B0F0BD0124204B26492D
S214013F281C7004F047FC0320FFF7F6FB2C70F2E741
S214013F38012E25D13B78002BEDD01B4D2B78FF2B7E
S214013F48E9D1A68802F0A4FF864206D100201B49C3
S214013F5803B0BDE8F04004F02DBC194BA2881B78CD
S214013F683BB132B11749002003B0BDE8F04004F078
S214013F7821BC7B6814491B782B700D4B1A80F2E71D
S214013F88032E08D108226846A16809F057F9684641
S214013F98FFF70EFFBFE700232B70A1E72A5F00207B
S214013FA82B5F0020B3430400F26C00202D5F002035
S214013FB8906C0020C13E010078410400D343040000
S214013FC8275F0020F9430400244404007FB5094B09
S214013FD81A78FF2A0AD1187001F088FB0022064BCE
S214013FE80DF1060102A81A80FFF74CFA07B05DF832
S214013FF804FB00BFF36C0020B6560020152838B520
S21401400817D10C4B1D78A5B926F02BFDC4B2012C8F
S21401401838BF01240120FFF77FFB284622460649C0
S21401402804F0C8FB4FF47A706043BDE83840FFF7E8
S214014038B3BB38BD2D5F002041440400034B1B78F9
S214014048022B01D8FFF770BD704700BF2D5F002017
S21401405870B5284C24F05DFF2578274EBDB10020A9
S214014068264904F0A7FB264A137801331370002368
S21401407823703378062B0AD1BDE87040214B1868A7
S214014088B0F5FA6F38BF4FF4FA60FFF785BB33789F
S214014098013B082B2CD8DFE803F005090D2B131973
S2140140A81D222700BDE87040FFF7C8BFBDE8704075
S2140140B8FFF73ABD00232370BDE87040FFF7A2BBA7
S2140140C82946BDE870400120FFF77EBCBDE8704078
S2140140D8FFF726BE0220BDE87040FFF7B3BD0120FA
S2140140E8BDE87040FFF7F8BCBDE87040FFF7B2BC0A
S2140140F870BD00BF2A5F00202D5F002070440400B9
S2140141082C5F00202C3F002010B90520FFF764BD66
S214014118034B1B78062B01D1FFF79ABF704700BFE8
S2140141282D5F00202DE9F0478E68054633189A78EA
S2140141380C46092A8EB008D90020A34904F03AFB98
S214014148852420460EB0BDE8F08750B98B899F4973
S214014158895C8B4205D200919D4904F02BFB802493
S214014168EFE79C4BE7881B889F4236D09A49097827
S214014178012932D932B13A460020984904F01AFB8F
S2140141887E24DEE7964B1A70934B26791B78052B0F
S21401419803D0012B3AD8FFF751FF5EB931462046C6
S2140141A826F02FF90346002851D030468D4A8E490D
S2140141B804F000FBD4F80880A48998F8037098F8EE
S2140141C80450002E4CD13046884A894904F0F2FA48
S2140141D800210120FFF7F8FB4FE00021804B197002
S2140141E8072A00F28A8301A353F822F091410100BD
S2140141F83F4301003F43010051450100514501007D
S21401420851450100E7470100E7470100022B17D196
S21401421802F03EFE8742B3D00020764A764904F083
S214014228C9FAFFF781FC46BB3146204626F0E9F875
S214014238034610B36B4A6C49002004F0BBFA1CE035
S2140142486E4A00206E4904F0B5FA012479E7A3689E
S2140142581B78DA06AED432466A4904F0ABFAA9E707
S21401426800210AA8FFF70EF9032F08D95F4B664A03
S21401427866490097002004F09DFA002461E76B1E4A
S214014288632B04D9594B604A61490095F2E7614BA3
S214014298E4B2DB5D9C4209D0CDE901430020534BD3
S2140142A8594A5D49009704F085FAE6E757B3A4B280
S2140142B822460521404625F0BDFFBDF82830834239
S2140142C803D04A4B554A5649B6E7012F1AD022461B
S2140142D80721404625F0AEFFBDF82A30834203D0B9
S2140142E8424B4E4A4F49A7E7032F0BD122460921D5
S2140142F8404625F09CFF0B9B984203D13B4B474A0F
S214014308494999E7642D3FF463AF26F0AAFB642375
S214014318C0B2B0FBF3F203FB12030133DBB29D42DA
S214014328BFF456AFCDE900530020304B3B4A3F4916
S21401433804F040FAA1E7284B1B78052B01D03C4A2C
S2140143487FE7EB1CDBB2277BF45C44B123460020F5
S214014358374A384904F02EFA00210C460BE00F2F95
S2140143680DD81023204634490093314A3B4604F0C1
S21401437821FA802401210020FFF726FBE1E6043517
S214014388EDB220462A4A2D4904F014FA7A1B71190F
S214014398D2B206A824F0D0FD05443A46E9B2304622
S2140143A825F045FF264D069A2B68264F9A42386017
S2140143B801D100284AD1244900201D4A04F0FAF9FF
S2140143C885240121D7E700BF8D4404002CB60400DC
S2140143D8A5440400906C00202D5F0020D4440400FE
S2140143E82A5F00204A45040052450400DA450400C5
S2140143F8EF45040018450400254504007A450400E5
S21401440887450400A4450400044604000C4604003D
S21401441826460400EFB5040044460400994A040001
S2140144287E460400A8460400D0460400F746040069
S2140144382B47040045470400744704008B470400D3
S214014448303F0020403F0020B447040000F08EFFB4
S2140144583E68B0420AD200F089FF9D4903463246BB
S214014468204604F0A7F98924012184E7079A6B6896
S2140144789A4205D12046974A974904F09BF96BE77B
S2140144889649097859B19A4209D22046944904F0C6
S21401449891F996210620934AFFF7E8F95CE7924AD4
S2140144A8924905A801F0DCF9079E48B96A68964260
S2140144B806D88F4904F07EF90520FFF7C3FB40E6CE
S2140144C8324600208B4904F075F939680027002028
S2140144D800F042FB00206E60FFF74AF9864B062083
S2140144E81F80FFF719F9854B1F7001F0B1F90646D1
S2140144F8F8B94FF6FF73824A0AA81188994214BF81
S21401450813463B466A88298801F012F90AA800F082
S214014518D7FC58B10AA801F0DDF938B13046794917
S21401452804F048F90420FFF757FB0AE6FFF7F8FB03
S21401453807E6042805D1744B1921187825F094F854
S214014548FFE538467149EBE7714B1B78062B01D01E
S214014558704A76E6DFF8A0A1EB1C94F80C90BAF83E
S2140145680080DBB22EB930466B4904F023F9872464
S214014578E7E5F75C2C1D972FE4B22FD025D8812FBD
S21401458871D0952F67D017BBB9F1100F7FF6E7AD3D
S21401459831194A460AA824F0CFFC0444E4B221465D
S2140145A84A46304625F043FE231DDBB2053416F88D
S2140145B803A0E4B2A9EB04035345054666DA009363
S2140145C838465346534A5549C7E5982F43D03B4684
S2140145D80020504A524904F0EDF8C8E7B9F10A0F2D
S2140145E87FF6BDAD1FFA89F721463A46304625F0D3
S2140145F81EFE05F1080104463A46C9B2304625F0C2
S21401460816FE0AAA01462046FFF736FA08B9454BB0
S2140146180A93B9F10C0F12D905F10C013A46C9B241
S2140146283046DDF8288025F005FE044602463E4958
S214014638002004F0BFF8AAF8004044440A940A9CF3
S2140146483A492246002004F0B5F82046FFF7A4F8B8
S21401465824F06AFC11E63649002004F0ABF8032082
S214014668FFF7BAFA09E6334C23786BB124F04FFC0E
S21401467850B10020304904F09DF80023237024F03F
S21401468853FCFFF74DFBF8E52C49E5E7DFF8A49066
S21401469899F8003043B9FFF7D1F88542034607D0A9
S2140146A81C4A27490095E5E524F038FC0128F2D193
S2140146B810220D480AA909F0BBF810B9BAF13F0F44
S2140146C842D9144A1F49002004F074F84FE700BF86
S2140146D8D34704002B4704000B480400265F00203C
S2140146E840480400C0270900303F0020403F002012
S2140146F8CF42040081480400B65600202C5F0020F3
S214014708B8560020A3480400F36C0020C2480400F1
S2140147182D5F0020E8480400FD4804002A4A0400EA
S2140147280C4A0400E0930400384904006349040075
S21401473882490400295F00209E490400DD490400DF
S214014748664A0400A24A04006D4B187099F80030B6
S2140147584BB124F0DCFB30B1284624F0DBFB0428FF
S21401476807463FF48AAD51462846321924F015FD0E
S21401477828B10020634904F01DF8042070E799F871
S2140147880030554463B124F0C2FB48B1FF2FF4D082
S214014798012F3FF472AD032F16D124F0C3FB054653
S2140147A82846FEF7E5FF044602460521564824F04A
S2140147B8EAFB564B1B689C420AD3204624F0E8FCC9
S2140147C80520FFF73FFA58E524F0AAFB8046E7E7FD
S2140147D84046FEF7E1FF00287FF44FAD51E74C4B0A
S2140147E81B7803F0FD03082B01D04A4A29E5A48962
S2140147F835B1F27822B10020474903F0DBFF2EE7F6
S214014808E4B22246F11C0AA824F096FB434BBDF8F5
S21401481828201988054691420DD04FF6FF718A4225
S21401482809D03C4A00203E4B3E4903F0DDFFBDF867
S21401483828203D4947E7BDF82A20598891420CD0DF
S2140148484FF6FF718A4208D0324A0020374B354965
S21401485803F0CAFFBDF82A20EBE70B9A5B689A4279
S2140148680AD0013208D02B4A2E490020304B03F0DB
S214014878BBFF0B9A2F4926E7A4B2E91C2246C9B208
S214014888304625F0D4FCE91DC9B207462246304613
S21401489825F0CDFC431C014606D10820FEF73CFF57
S2140148A82548FEF779FFE8E4384606AAFFF7E4F854
S2140148B8A8B9214B0693214B00221978204B18786A
S2140148C824F016FB069C2046FEF766FF22460020CB
S2140148D81C4903F06FFF0920FEF71EFFCDE440F6E2
S2140148E8B733069A9A42E6D840F6B83200201649F7
S2140148F803F060FF40F6B833DCE7812421E400BF0B
S2140149082C5F0020D54A0400F84A0400403F0020E6
S2140149182D5F0020014B0400164B0400303F002099
S214014928984604003D4B0400F63B0400C2460400CA
S214014938584B04005553040080EE3600F26C0020F4
S214014948F36C0020904B0400654B040008B5042066
S214014958FFF742F90020FEF7DFFE0023054A19217A
S2140149681370054A1370054B1878BDE8084024F003
S2140149787BBE00BF2A5F00202B5F0020F36C00205F
S21401498810B5164B164C1A78164B002053F82220F1
S214014998154903F00FFF2178144B154A002000290A
S2140149A818BF1A46134903F005FF23782BB1124B9B
S2140149B800201A68114903F0FDFEFEF73FFF044682
S2140149C8FEF73CFF0E4B196824F0D0FA2246BDE8E4
S2140149D8104003460B49002003F0ECBE2D5F002073
S2140149E82A5F002000B60400AC4B04008252040083
S2140149F863520400B94B04002C3F0020D34B04003B
S214014A08403F0020EC4B040038B501460446002020
S214014A18FFF788FB054698B1E37C00200A4A0B4954
S214014A2803F0C8FE2379042B0AD02946204625F030
S214014A38E8FC034620B10020054A064903F0BAFE01
S214014A486FF0FF0038BD00BF102F0400144C04009F
S214014A584A4504005245040010B51346094A12781F
S214014A6882420DD163B1084A002014680A460749F4
S214014A7803F0A0FE2146BDE810400120FFF752BB17
S214014A8810BD00BFF36C002090420020364C040095
S214014A9810B50D4B1C782CB1BDE8104000200B4911
S214014AA803F088BE6420FEF763FE4FF6F0716FF0E0
S214014AB80F02074B0320C3E9001222462146BDE830
S214014AC81040FEF7D3BE00BF2D5F00206F4C0400D8
S214014AD8303F0020014B1870704700BF295F002047
S214014AE800210620014AFEF7C1BE00BFC027090003
S214014AF8014B1870704700BF265F0020114B2DE947
S214014B08F04107460D4618680F49101A096824F03F
S214014B182DFADFF840800D4E98F800400346FF2C2A
S214014B28307004D0A8420AD32C44A04207DB3A4688
S214014B380020074903F03EFE337888F800303078C5
S214014B48BDE8F081483F0020443F00202E5F00204A
S214014B589D4D0400F46C002050EA010208D0FF22A3
S214014B68054B091A1A70054B1860054B19607047F2
S214014B7811461046FFF7C2BFF46C0020483F0020DC
S214014B88443F00202DE9F04FAFB006AD284600F0AF
S214014B98FDFD0026624FDFF8D091284600F090F917
S214014BA8044648B900F0BEFD5E490246204603F0B9
S214014BB801FE2FB0BDE8F08F39460020F2B203F0AF
S214014BC8F9FD284616A900F0FFFD044620B156490E
S214014BD8002003F0EFFD8FE0BDF85820534903F09D
S214014BE8E9FD49462046BDF85A2003F0E3FD204674
S214014BF8BDF85C204E4903F0DDFD2046BDF85E2079
S214014C084C4903F0D7FD2046BDF860204A4903F019
S214014C18D1FD2046199A494903F0CCFD2046BDF836
S214014C286820474903F0C6FD204646490DF16A0249
S214014C3803F0C0FD44492046239A03F0BBFDBDF8A6
S214014C485C30D90705D520469DF890203F4903F0EA
S214014C58B1FDBDF85C309A0714D500203C4903F035
S214014C68C3FDBDF85830B3F5807F4FD1002025F03D
S214014C7828FB18B10DF1910003F01EFD00203549FF
S214014C8803F098FDBDF85C305B070BD50020BDF836
S214014C98B220314903F08EFD0020BDF8B4202F491B
S214014CA803F088FD062228460DF116030AA924F00A
S214014CB88CF9044690BBBDF81620294903F07AFD05
S214014CC8DFF8A8A0DFF8A8B00DF12808BDF816107F
S214014CD8A2B2914210D9B8F800205146002003F03C
S214014CE869FD0134D8F804205946002003F062FD16
S214014CF8062C08F10808E9D16C46204600F05AFD52
S214014D0894E80F00013685E80F0046E701232022C4
S214014D1800200DF1910103F0B1FCAFE7114957E707
S214014D28AF4D04007C4F0400B84D0400DC4D040070
S214014D38104E0400294E0400424E04005B4E040047
S214014D48744E04008D4E0400A24E0400BE4E0400AC
S214014D58D74E0400EC640400EA4E0400034F040036
S214014D681C4F04004F4F0400F54D04002D4F04005E
S214014D783D4F04002DE9F04188B004AD04462846AD
S214014D888846002700F002FD6E46474507D195E89C
S214014D980F0084E80F00204608B0BDE8F0813046D1
S214014DA800F008FD96E80F0085E80F00284600F099
S214014DB887F801370028E8D1014B0FCBE9E700BF98
S214014DC8A4B804001FB5D0E9023253F82230684669
S214014DD81978FFF7CFFF684600F07CFD48B1042834
S214014DE809D1074A0020074903F0E4FC05B05DF83D
S214014DF804FB054AF6E70020044903F0DBFCF5E767
S214014E0818590400974F0400CE520400A348040022
S214014E1810B5D0E9023203EB8201496853F8223013
S214014E2898B00C6804A81978FFF7A4FF03AB4022D2
S214014E380093214608AB04A800F0E2FC024628B11C
S214014E4800200E4903F0B6FC18B010BD039808A957
S214014E5800F007040122C0F3C70003F055FC0399CC
S214014E6808A8091B0144064801232246008803F0C6
S214014E7805FC044803F03EFCE6E700BFA74F040024
S214014E88D4560020EC640400F0B504460D460B4BDE
S214014E98EF880FCB84E80F00AB882E899B0741BFAC
S214014EA8D5F83900D5F83D1004F1080303C3EA68BC
S214014EB82046278066806260F0BD00BF38B60400D1
S214014EC8102208B5034908F0B3FC003818BF0120C2
S214014ED808BD00BFA4B8040008B526F049FAC28880
S214014EE8FF219208012A38BF0122024823F0BFFB9E
S214014EF8012008BD583F002038B5134690B101205F
S214014F08274A1070274A00201160274A13600A466C
S214014F18264903F04FFC02F09DFB254B1870022032
S214014F2802F09EFB26F03FFAE8B91D4D1D4C2B7882
S214014F382BB926F01DFA2268C368134423601A4B5E
S214014F4824681B689C4229D226F012FAC1682046BA
S214014F5806F0AAF8002402462C7050B926F023FA67
S214014F68FFF7BAFF03E0FFF7B7FF0028DDD00120FF
S214014F7838BD20460F4903F01DFC0D4B187802F08A
S214014F886FFB00200C4903F015FC00F091F908B9F5
S214014F9800F0AEF92046FFF7B7F8E8E70124ECE79A
S214014FA8305F0020503F00204C3F0020CE4F0400C9
S214014FB82F5F0020FA4F04001A50040038B500F09D
S214014FC84BFA044600F042FA241A26F0D1F90546AF
S214014FD818B9B1211B482BF0BCFFAB8803F00303BB
S214014FE8032B03D0B22117482BF0B3FF00F02EFA9B
S214014FF8054624F05DF801238340013B2B4203D08C
S214015008B42110482BF0A5FF24F052F80123834061
S214015018013B234203D0B5210A482BF09AFF05F03D
S21401502819FE054624F044F84FF48063B3FBF5F304
S214015038C440A34205D2BDE83840BA2101482BF046
S21401504888BF38BD30500400FF2108B5044823F056
S2140150581FFBBDE80840002211461046FFF74CBF6B
S214015068583F0020F7B504460E4600F089F8054675
S21401507826F07EF9C3682B449C4220D324F018F806
S2140150882C44C440013C114F3B68DEB1A34219D100
S21401509801340023ADF8043000F0E4F9054605F0C4
S2140150A8D9FD103504FB005405F0D4FD01A90246CC
S2140150B8204605F021FE24F00BF8386004E04FF096
S2140150C8FF34E0E7A342E4DB03B0F0BD70680020DC
S2140150D84FF0FF320A4B10B51A600022094B1A70BE
S2140150E800F0B4F9044600F0B7F92146024601205B
S2140150F8FFF702FF00280CBF0120042010BD00BFE7
S21401510870680020315F002038B500F0D1F808B982
S214015118002038BD094D0A4C2B7823B923F0D8FF57
S214015128012320602B70246823F0C2FF01348440D9
S214015138EED000F025F82044EBE700BF315F0020F1
S2140151487068002070B50D4C2368002B01DA012029
S21401515870BD00F07BF9054626F00AF92468C66892
S21401516823F0A6FF013404FA00F1294401208A1924
S214015178FFF7C2FE0028EAD00420E9E7706800209D
S214015188024B18680C3023F0D3BF00BF74680020A8
S214015198FF2307B50021044A04480093FBF75EFF86
S2140151A803B05DF804FB00BF51500100583F0020D2
S2140151B80E4B70B51C680546036804F582641C44EA
S2140151C80E46FFF7DDFF2B68834208D232681A4481
S2140151D8824208D9C31A012033602C6070BD044A84
S2140151E8126813441C1A0020F7E700BF74680020F1
S2140151F8543F00202DE9F04FB3F5803F87B00F46A6
S2140152089846019003D3002007B0BDE8F08F03A9A4
S21401521804A8CDE90332FFF7CBFF0024824600F14C
S2140152280109DFF888B05FFA89F9019BDDE90356C1
S214015238AAB27BB13046109926F0A1F80028E2D12F
S214015248B9F1020F2BD1DBF800300493019B03BBA5
S2140152582F4421E03946304605F04EFD0028D2D1CC
S214015268BAF1000FECD0002CEDD105F0F3FC2E447A
S214015278B6FBF0F303FB10600028E4D005F0EAFC67
S21401528805A902463046059405F036FD0028DAD011
S214015298B9E7109B2B441093A8EB05050395631CEF
S2140152A84B454FF00104C0D32046ADE7543F0020DC
S2140152B87FB56B460C4A1068516803C390680C2288
S2140152C818600A4B0DEB0201186826F058F80C22F4
S2140152D868460DEB020108F0ABFAB0FA80F0400917
S2140152E807B05DF804FB00BF48B6040074680020E8
S2140152F81FB5084A01AB1068516803C3906801A935
S2140153081860054B0C22186805F0F6FC05B05DF828
S21401531804FB00BF48B6040074680020F7B50446CD
S21401532815460E4681B9072A03D80024204603B03D
S214015338F0BD0D4B80791968E379063000EB032040
S2140153480C3180B223F0FEFE002721462B4632465A
S21401535838460097FFF74EFF04460028E5D0394641
S2140153687019FFF77FFEE1E774680020024B1868A2
S214015378A0F50060704700BF8068002010B58AB0AD
S214015388684606F09DF810F0FF0027D1009BFBB198
S214015398174C01A9206006F00BF810F0FF001DD18C
S2140153A82268009B9A4204D34FF4DD7111482BF012
S2140153B8D0FD019B104A11491360029A13440B60F1
S2140153C80F49A3F500630A600E4A1360009B63B990
S2140153D840F2CF1107482BF0BCFD06E0044A03460D
S2140153E812680020084903F0E5F90AB010BD00BFAD
S2140153F878680020E3500400543F00207C680020B1
S21401540880680020746800208B51040008B5FFF7F7
S214015418B5FF25F0ADFF50B125F0AAFF064B02698E
S2140154281B689A4203D2B32104482BF092FDFFF77A
S214015438C5FD012008BD00BF80680020E3500400B8
S214015448014B1868704700BF78680020014B186840
S214015458704700BF543F0020014B1868704700BFD3
S2140154687C680020014B1868704700BF74680020EC
S21401547810B5FFF749FE04462849002003F09AF9BB
S2140154880020274903F096F90020264903F092F9EF
S2140154980020254903F08EF9244B00201A68244978
S2140154A803F088F922462349002003F083F9FFF721
S2140154B867FE21490246002003F07CF91F4B0020B5
S2140154C81A681F4903F076F91E4B1F4C1A6800200C
S2140154D81E4903F06FF9226800201D4903F06AF996
S2140154E84FF4806200201B4903F064F9226800200B
S2140154F81949103203F05EF92268002017490C3268
S21401550803F058F922680020154902F5826203F073
S21401551851F9BDE8104005F0D1BA00BF0A5204009F
S2140155284752040066520400865204007868002038
S214015538B1520400D0520400F3520400543F002034
S214015548165304007C680020746800203953040050
S2140155585C5304007F530400A2530400C55304009F
S214015568E85304002DE9F04194B004460D460020A6
S214015578482102AA23F0F7FD18B9534903F01AF98E
S21401558819E060220021204607F006FE04224F4952
S21401559802A808F04DF990B16DB19DF80B300020C6
S2140155A801939DF80A309DF80820009348499DF814
S2140155B8093003F0FFF8012014B0BDE8F081BDF80A
S2140155C80C20B2F5807F228003D0424903F0F2F81E
S2140155D8F1E7BDF81420BDF80E102281DDF816207B
S2140155E86180E2600499BDF81A206160228284F81D
S2140155F8320007AD04F112020FAE2B4603CBB342BD
S214015608106051601D4602F10802F6D10F9B324A1E
S21401561863631360314B10221846002107F0BCFD66
S214015628E288A388028022894280E26842600BB938
S2140156380020C1E700263546A388D90709D536B123
S21401564805F150026A4412F8482C84F838200135CE
S214015658EDB29A0714D5208823F09BFC07466EB155
S21401566802AB03EB05080246414604F1390007F090
S21401567823FF3A4641461A4807F01EFF2F44FDB25B
S214015688A3885B070DD556B105F150036B4433F873
S214015698482C33F8463CA4F85A20A4F85C30043564
S2140156A8EDB2002EC4D1482D02D930460D4965E722
S2140156B82946382002AA23F056FD08B90A495DE7AB
S2140156C838250126B8E700BF0B54040054B6040079
S2140156D83D54040073540400783F00207C3F0020AA
S2140156E8843F00208E540400DE54040030B50B4C71
S2140156F899B025786DB9FFF789FE68B129466846DD
S214015708FFF730FFB0FA80F0054B40091870012307
S2140157182370002019B030BD0120FBE7325F00205E
S214015728335F0020014B1878704700BF335F0020B5
S21401573870B51E46134B044618881D46884298B015
S21401574802D15B88934206D00F4B0FCB84E80F003B
S214015758204618B070BD96B100216846FFF702FFD3
S2140157680028F1D1BDF804305B0708D53388BDF8A9
S2140157785A209A42E8D8BDF85C209A42E4D395E8C4
S2140157880F00E3E77C3F0020A4B80400064B10B5E1
S2140157981B7804462BB9054B0FCB84E80F0020462F
S2140157A810BD034BF8E700BF335F0020A4B8040020
S2140157B87C3F002010B50446024B0FCB84E80F004F
S2140157C8204610BDA4B804000B4B10B51B78044640
S2140157D808467BB10021FFF7C5FE48B910222146CD
S2140157E8064808F025F8003818BF0120C0B210BDD9
S2140157F80120FBE70120FAE7335F00207C3F002009
S2140158082DE9F0410E4690460E4910221F4608F033
S2140158180FF8044670B90C4B3A461D683046AD1B66
S214015828454528BF4546294623F09DFC28B9074922
S21401583802F0C0FF0120BDE8F081069B20461D60EE
S214015848F9E700BF7C3F0020783F0020DE540400C3
S2140158580022024B1A70FFF73BBC00BF335F0020E3
S2140158682DE9F0419CB00F4616468046FFF74CFCE2
S214015878054602461549002002F09CFF382D20D91E
S214015888012104A8FFF76EFE0446D0B9119B04A9AE
S2140158983B606F463846FFF7F7FA97E80F0086E849
S2140158A80F00119BAB4297BF01210324084AC8F891
S2140158B8003094BF1170C8F8005020461CB0BDE8EF
S2140158C8F0810022024B01241A70F6E710550400F5
S2140158D8335F002070B5084D00262B7853B1FFF7CB
S2140158E8F7FB04461022002104482E7007F054FCEA
S2140158F8204670BD3446F5E7335F00207C3F002024
S21401590808B50020064902F055FF064B00201A7814
S214015918054902F04FFFBDE80840FFF7A9BD00BFE3
S2140159282F550400335F0020595504000346012013
S214015938024AC3E9032000221A7070470100FEFFDD
S2140159482DE9F0410024264E264FDFF8A88088B0BE
S21401595800F0D4F9A5B2854202D308B0BDE8F081BB
S214015968284603A923F035FCA2B23146002002F0EE
S2140159783BFF9DF80D2012B39DF81210BDF81030AC
S214015988402914BF6E2179210020CDE9003139461E
S214015998BDF80E3002F028FFBDF814201AB1002019
S2140159A8114902F021FF9DF80C00BDF8182070B9C6
S2140159B8079B0E490093BDF81A3002F015FF002028
S2140159C80B4902F0F7FE01342BF0D0FAC0E7BDF818
S2140159D81C304146009300209DF81A30EDE700BFC1
S2140159E872550400785504009B550400A55504001B
S2140159F8EC640400CC55040010B500F0ABFABDE821
S214015A0810400346024A0020024902F0D3BE00BFF6
S214015A184761040065200400D0E9023253F82230B9
S214015A2810B5188800F086FABDE810400346024A09
S214015A380020024902F0BEBEF455040065200400A9
S214015A4810B5D0E90232002486B08DF8044053F828
S214015A58221003EB8203097801A88DF805105A680D
S214015A681288ADF806209A681288ADF80820DA6818
S214015A781278ADF80C40A24214BF402280228DF85D
S214015A880A201A691288ADF810205A699B6912888B
S214015A98ADF812201B68059300F0D0FB034A0346B5
S214015AA80349204602F086FE06B010BD963404006F
S214015AB86520040038B50024064D2BF043FA45F856
S214015AC824000634C02CF8D10020BDE8384002492D
S214015AD802F070BE80100020FB55040030B500208F
S214015AE887B0204902F066FE00201F4902F062FED8
S214015AF800201E4902F05EFE2BF024FA002405461B
S214015B08A0B201A9013423F064FB202CF8D12BF0B4
S214015B1819FA1749421B002002F04CFE15490020CD
S214015B2802F048FE2BF00EFA0446012000F09EF81B
S214015B382BF008FA0E49021B002002F03BFE0E4924
S214015B48002002F037FE2BF0FDF9044623F032FB65
S214015B582BF0F8F9021B0020054907B0BDE83040D4
S214015B6802F028BE2756040056560400865604003E
S214015B78A3560400B2560400CC56040010B50C46D1
S214015B8803F07CFD08B9032C12D101F059F9042859
S214015B980ED001F055F905280AD0064802F0BAFCDD
S214015BA81C2801D124F0B3FABDE8104002F0C2BCAB
S214015BB810BD00BFC79103002DE9F04F00274FF035
S214015BC8FF36DFF8A4B0264C87B0BBF80030B8B271
S214015BD8834209D8731C3BD03246FF21214807B0BF
S214015BE8BDE8F04F22F043BD01A923F0F2FA9DF873
S214015BF8050001F05BFFF8B19DF80480B8F1000FCD
S214015C081AD1BDF810A0BDF812902BF09BF91821F7
S214015C180246BBB24B43E018E158007C4FF47A7356
S214015C28A2EB010C50B103FB0AF363450ED30B44F8
S214015C38981A864228BF06460137C6E74D466B4383
S214015C48FAD06345F5D31944881AF2E74046F0E7D7
S214015C58FF21044807B0BDE8F04F22F019BD00BF88
S214015C68801000208C3F0020BA5600202DE9F04114
S214015C78014688B058B1022810D023F0C4FA78B388
S214015C88D221194808B0BDE8F0412BF062B9FF23CC
S214015C98164A17480093FBF7E1F9EEE700244FF0A0
S214015CA801082746134EA5B2284603A98DF80D709C
S214015CB823F08FFA9DF80D0068B101F0F7FE20B1C8
S214015CC89DF80C300BB986F810800134202C06F1AB
S214015CD81806E8D12546084B1D80FFF76DFFCCE76F
S214015CE808B0BDE8F08100BFEC5604002960010049
S214015CF88C3F002080100020BA560020014B1888DF
S214015D08704700BFBA5600202DE9F04F634A077D59
S214015D1889B004466249002002F066FD002024F09E
S214015D28D0FA20B12368218A588803F0F5FC0020B0
S214015D385C4902F03FFD637DDFF87491002B236810
S214015D4808BF08205988574B18BF00200093228A9D
S214015D584FF0090314BF4FF080084FF0400802F0D7
S214015D6889FBA289BB1C93420CDB24F044FB034647
S214015D7820B100204C4A4D4902F01CFD012009B013
S214015D88BDE8F08FA068791C89B2C55D24F052FA87
S214015D980337012D0646BFB213D823683246598801
S214015DA85879238A0093434623F08CFE82460028BE
S214015DB83ED1862002F026FC284602F023FC304617
S214015DC868E08520F6E703A923F003FA9DF80C306E
S214015DD8AB4223D123689DF80D105A7991421DD103
S214015DE8BDF80E105A88914218D1BDF81020B2425B
S214015DF814D19DF81220424510D1BDF81410228AFC
S214015E0891420BD1002D38D0BDF81810E288914286
S214015E1804D19DF81A201B799A422ED00BF1010B5A
S214015E28B9F800305FFA8BF08342CCD88B20C1E7F3
S214015E384FF0000BF4E79AF8020002F0E3FBBDF816
S214015E48180024F0BAF9BDF81A0024F0B6F99AF841
S214015E58020003F081FE002883D19AF8020001F0BF
S214015E68F7FC0546079E002D3FF47BAFF0B2013DD7
S214015E7802F0C8FB360AEDB2F5E7002002F0C2FBD5
S214015E88284602F0BFFB304624F097F9012DD2D1FF
S214015E98BDF81C0024F091F963E700BF7B570400A6
S214015EA8534B0400EC64040088570400A55704000B
S214015EB8BA5600202DE9F04391B06946804623F092
S214015EC888F90023194F8DF801303888431E98B297
S214015ED88045388009D16946404623F082F96846EC
S214015EE823F066F911B0BDE8F0834FF0180905A94B
S214015EF823F06FF90E4C3E880AAD09FB06460FCE15
S214015F080FC596E8030009FB084485E803000AAEB6
S214015F18404605A923F065F90FCE0FC495E803009E
S214015F2884E8030069463888D7E700BFBA560020D8
S214015F388010002008B5064B1B88834205D9FFF759
S214015F48B9FFFFF739FE002008BD2720FCE700BF90
S214015F58BA56002038B5074D2C882CB9FF210648BB
S214015F6822F096FB204638BD601E80B2FFF7A2FFDE
S214015F78F2E700BFBA5600208C3F00202DE9F34710
S214015F889A4618239DF82890244FCDE9001203FB62
S214015F9809731446D3E9022324F00CFB064620466F
S214015FA80D4603F0D9FD04F0FD03382B80460FD1CA
S214015FB8009432462B460021DAF8100023F034F913
S214015FC8B8F1010F1BD135431ED102B0BDE8F087E9
S214015FD8392CDAF810300BD107EE906A07EE103A32
S214015FE8F4EEC77AF1EE10FAACBF01200020E7E71D
S214015FF89E4275F100032CBF01200020E0E7B8F1AE
S214016008000FE2D10028E0D0182303FB097701230B
S2140160183B7402B0BDE8F047FFF7CEBD8010002004
S2140160282DE9F04F00252E46A846AA462C46DFF84D
S214016038BC91D1B0694BA8B21B88834209D81CB160
S21401604861882079FFF79AFDFFF7B6FD51B0BDE8E4
S214016058F08F0BA923F0BDF82AF074FF1823AFB20E
S2140160687B4309EB030B59F8033005909DF82D0087
S214016078049301F01BFD002800F0AE809DF82C105B
S214016088002940F0A980DDE90432D01A4FF47A726B
S214016098BDF838305343834200F29E809BF8103097
S2140160A843B9BDF83A30002B00F09680534383423B
S2140160B800F29280FD230022CDE9013210AB009355
S2140160C80DF119020DF11A03E9B20BA8F0F720F940
S2140160D8002877D1BDF81A30DA1C0493D2B214B36B
S2140160E83F4B9DF82D101B8813442279914214D1F9
S2140160F8BDF82E10628891420FD19DF83220B8EB78
S214016108D21F0AD1BDF83420524506D1B3424DDD1F
S2140161180020344902F04EFB01E0B342F8DC618806
S2140161282079FFF72BFD02F041FA04469DF932006B
S2140161382D4BC043C00F0093BDF834200A23BDF889
S2140161482E10C0009DF8328002F094F99DF82D308B
S2140161584FF0000B23714FF48A53FF26BDF834A085
S2140161684FEAD818E38007A95FFA8BF024F0D1FB31
S214016178C0B2B0B99DF81D109DF82D20914210D1DE
S214016188BDF81E10BDF82E2091420AD122469DF870
S21401619829109DF81C0024F037F9B04228BF304674
S2140161A8C6B20BF1010BBBF1200FDCD1BDF83000F4
S2140161B824F003F89DF8190002F024FA049910A8AF
S2140161C802F034FA182300225F4309EB07031A7416
S2140161D82AF0B8FE49F8070001352BE7BA56002021
S2140161E8C456002064580400EC64040080100020A3
S2140161F870B500240126104D8AB02B88A0B28342C0
S21401620804D80AB0BDE87040FFF7D6BC05A922F04D
S214016218E0FF9DF8150001F049FC50B19DF81430D7
S2140162283BB91A46CDE901360093E1B205A8F0F765
S2140162386FF80134E1E700BFBA5600202DE9F043B4
S2140162480389DFF858818BB0B8F8009000930446AC
S214016258837982884188407823F034FC002800F04E
S2140162689580E78927B1A389BB4200F29180002770
S214016278B8F80030BDB2AB4214D84D4601264FF6E9
S214016288FF73E2899A4226D146B9B8F80030AB4284
S21401629802D92846FFF70EFEFFF78EFC00200BB04A
S2140162A8BDE8F083284605A922F093FF9DF814302F
S2140162B87BB92268059B5340FF2B0AD86368069E64
S2140162C85E4036F07F4604D1BDF81C2023899A42E9
S2140162D8D5D00137CCE7E2689A422BD0002E53D1AD
S2140162E8D4E90323CDE9082305A822F061FF002895
S2140162F8D5D1B8F80030AB4204BF6B1CA8F8003003
S2140163082AF020FE18236B43234AE9B2D050D4184A
S214016318002305A81A46CDE901330093EFF7F8FFE5
S21401632818B100220023C4E90223284605A922F051
S21401633858FFB1E7234605AA04F1100C174618685A
S2140163485968083303C763453A46F7D11868386071
S21401635805A822F030FF0028C0D01F2D1AD8002328
S2140163688DF8143063788DF815306388ADF81630DB
S214016378A388ADF81830A3798DF81A302389ADF8BB
S2140163881C300028B0D1ABE70020E6E7862086E778
S214016398872084E7892082E780100020BA560020EB
S2140163A82DE9F04FB04A90F814908DB00446AF49E5
S2140163B8002002F019FA002023F083FF20B1236899
S2140163C8218A588803F0A8F90020A94902F0F2F9B1
S2140163D8637DDFF8B8A2002B14BF80234023029305
S2140163E8236808BF08205988A14B18BF00200093CE
S2140163F8228A072302F03EF800230393A28909F1B3
S2140164080305954211DB039B13B9184602F0FAF807
S21401641823F0F1FF034620B10020964A964902F080
S214016428C9F901200DB0BDE8F08FA06809F1010196
S21401643889B210F8096023F0FDFE3246804603460D
S2140164488E490020ADB202F0B5F98EB1012E00F0EA
S2140164588A808527384602F0D5F8304602F0D2F809
S214016468404623F0AAFE852FD2D00123039376E077
S214016478A06809F10401A28989B2475D23F0DAFE12
S21401648809F10601A289049089B2A06823F0D2FE18
S2140164983A4605900090049B3046794902F08AF9FD
S2140164A809F1080938461FFA89F503F055FB002853
S2140164B857D1384601F0CCF9294603468146A289C8
S2140164C8A06823F0A8FE6F498346304602F08CF98F
S2140164D8A1684A4629443346304602F0CFF830468A
S2140164E8634902F067F9A9441FFA89F52368424609
S2140164F859885879238A0093029B23F0E3FA18B146
S2140165088378BB4240F0AC80483FFFB2092F05D8DC
S21401651840F21133FB40DB0700F1A48000238DF81D
S2140165281C30236807A85A798DF81D205B88ADF8BA
S2140165382080ADF81E30029BCDF82CB08DF82230A5
S214016548238AADF82430049BADF82830059BADF8B6
S2140165582A30FFF773FE074600287FF47BAFA9466B
S2140165684CE7B346C2E72946A289A06823F062FE33
S2140165784FF0000B024607464349002002F01AF97D
S21401658809F10509BAF800301FFA89F5BAF80020AA
S2140165981FFA8BF94A4503D81F2B31D9892759E7A2
S2140165A8484607A9049322F014FE9DF81C20049B74
S2140165B8012A22D122689DF81D00517988421CD1F2
S2140165C8BDF81E005188884217D1BDF820104145F4
S2140165D813D19DF82210029881420ED1BDF82400ED
S2140165E8218A884209D1BDF82800E188884204D169
S2140165F89DF82A10127991421BD00BF1010BC5E7C1
S214016608012299468DF81C20226851798DF81D10B3
S2140166185188ADF82080ADF81E1002998DF8221029
S214016628218AADF82410E188ADF8281012798DF882
S2140166382A2007A8ADF82C7022F0BAFD07460028D4
S2140166487FF408AFBAF800304846994508BF09F103
S214016658010307A908BFAAF8003022F0C2FD7EE7A9
S2140166688D27F7E68C27F5E68F580400534B040070
S214016678EC640400F0580400A55704009758040079
S214016688B4580400D5580400E0580400BA5600204F
S2140166982DE9F04F074688469146002589B09A4667
S2140166A8BDF848B09DF84C60149C224B1A88A8B2D5
S2140166B8824235D903A922F08CFD9DF80C201D4B8A
S2140166C8B2BB9DF80D10B94232D1BDF80E10414546
S2140166D82ED1BDF8101049452AD19DF81210514502
S2140166E826D1BDF81410594522D13046029201F040
S2140166F8AFF8A6F14103012B01460AD8204623F03C
S2140167089FFD0D4B0D4A204484420CD1042102936F
S21401671802ACEDB232462046009503ABFFF72EFCDD
S21401672809B0BDE8F08F14F8011F4B405343EBE75F
S2140167380135BBE7BA560020C59D1C8193010001AF
S2140167481FB50F4C2478C4B142EA03229DF81830CD
S2140167588DF8051042EA43220A4BADF80C201A7848
S214016768094B8DF80610079903EB021300908DF874
S2140167780400DB6868460291984704B010BD00BF64
S214016788345F0020365F0020AC3F002073B51A4DF9
S214016798FF211A4821F07CFF2B7853B3184C194E69
S2140167A82378180106EB03131A7A5968305C24F02B
S2140167B83CF94D281DD0E0B1012300212278CDE90E
S2140167C800311201B25CC0B2FFF7BAFF0A22237881
S2140167D80A480133DBB2B3FBF2F102FB1133FF21A6
S2140167E823702B78013B2B7002B0BDE8704021F076
S2140167F847BF02B070BD00BF345F00204C40002088
S214016808365F0020AC3F0020F8B5104F3E780A2EC0
S2140168181AD00FC8DFF840C00D4D9CF8004001366D
S21401682805EB041585E80F000A230134E4B2B4FB2E
S214016838F3F203FB12440748FF218CF800403E7030
S21401684821F01EFF0020F8BD0120FCE7345F002080
S214016858AC3F00204C400020355F00200021024A52
S2140168680248FAF731BC00BF956701004C4000208A
S214016878002337B50C46124D12492A78CDE9003364
S21401688812018A5C01230146E0B2FFF759FFA4B959
S2140168980D490A788AB10A202B78013A0133DBB20E
S2140168A8B3FBF0F40A70FF2100FB143307482B7082
S2140168B803B0BDE8304021F0E3BE03B030BD00BFF1
S2140168C8365F0020AC3F0020345F00204C4000209B
S2140168D808B500F0BDF850B1054B064A064905282B
S2140168E808BF1A46BDE80840002001F063BF08BD8E
S2140168F804590400EC6404002559040008B5032073
S21401690824F0ADF810B90122014B1A7008BD00BF7A
S214016918375F00200022024B18781A70704700BFB4
S214016928375F00200246FF21014821F0A0BE00BFC4
S2140169386C400020114B37B51D78C5B9FF211048AA
S21401694821F0A6FEFFF7DAFF044600900D4B284615
S2140169580D4A0E4901F02EFF4CB10D4B1B78DB0694
S21401696805D5284624F055F8204622F092FA094B18
S214016978186803B0BDE83040FFF7D4BF375F002082
S2140169886C40002042590400705904003531040057
S214016998255F002084680020FF21014821F078BE89
S2140169A86C40002070B51A4E054633780C466BB31A
S2140169B80020184A184901F017FF032C01D0652C4E
S2140169C820D11649002001F00FFF22460020144965
S2140169D801F0F0FE0020134901F006FF01232946C5
S2140169E80822002001F04AFE00200F4901F0E2FECD
S2140169F8032C88BF0023204688BF3370BDE870404B
S214016A08FCF7BEB8012CE0D00849DBE770BD00BF33
S214016A18375F0020705904001F35040083590400AD
S214016A28D63B0400A1590400EC64040099590400FB
S214016A38014B1860704700BF846800200021024A95
S214016A480248FAF741BB00BF3D6901006C400020CF
S214016A58054B10B51C782CB90448FF2121F010FE0F
S214016A68204610BD0520FCE7375F00206C4000205B
S214016A78F8B50024074B084E1D68084FE3B29D423F
S214016A8804F1010400D8F8BD394656F8230020F071
S214016A98B6FFF3E710D4040014D4040050690020AC
S214016AA810B5044C23780BB123F0C9FF01232370DA
S214016AB810BD00BFF56C00202DE9F743254B0D46A8
S214016AC816460446019350B14AB1042301AA12F8A6
S214016AD8011BA94235D0013B13F0FF03F7D1212052
S214016AE803B0BDE8F08317F8010F90FAA0F0000E86
S214016AF821F0C1F9014608EB07039945F3DCCAB250
S214016B08C1F30F2392FAA2F293FAA3F3120E1B0E05
S214016B1803EB0223DB43621912F8020C99B2DBB2CB
S214016B2898420CD112F8013CB3EB112F07D132462B
S214016B382146284603B0BDE8F04323F0E0BE2320F3
S214016B48CEE74FF6FF71671EA5F10209C4F10108E9
S214016B58D1E700BF080A0E12F0B515468FB00E46EB
S214016B6807462AF09BFA254B02A81C7823F06BFFF0
S214016B7815F0FD0F3BD028B9BDF808309B0701D5A5
S214016B88032D36D01DF02EFE58B309A823F0C7FFF3
S214016B980323306871688DF824300AAB03C39DF867
S214016BA83130012D43F002038DF8313019D105A992
S214016BB809A823F0ACFF002818BF022423F055FBD0
S214016BC8032D18D80E4B0F4A0020CDE9004753F87D
S214016BD8243052F825200C4901F0ECFD20460FB070
S214016BE8F0BD032DEAD1042C08BF0024E6E70324F0
S214016BF8E4E72C46E2E70324F0E700BF385F00200D
S214016C0848B8040038B80400A8600400014B18709E
S214016C18704700BF395F0020024B1A68186082600F
S214016C28704700BF88680020024B186800B14068AA
S214016C38704700BF8868002070B5044600250A4BD7
S214016C481B687BB100211E8807E05A6802EB011019
S214016C58013145B9021B554255418AB29642F4D8CC
S214016C689B68EEE7184670BD886800202DE9F04F4E
S214016C781E46002393B0022E074688461446DDF8C2
S214016C8870909DF874A0ADF81A3040F2C08099F85B
S214016C9800305A0729D5042E40F2B98099F804B075
S214016CA800255F4B33F83520002A00F0B680013501
S214016CB80A2DF7D1209B002B40F0AD80FF2500233D
S214016CC8207908AA0DF119018DF8193023F045FA33
S214016CD870B1BDF82C309DF81900238023F0C0FA56
S214016CE80790C0B113B0BDE8F08F99F802B0D7E7A6
S214016CF8207922F062FF0B28059000F28A8020791D
S214016D0823F0BFFA07900028ECD1464A059B02EB10
S214016D1803135B8823804FF6FF73002F08BF434693
S214016D2862880021CDE9002358465246238802F09E
S214016D38FDFD18B1E38843F02003E380209B07A9F3
S214016D480DA8CDE90D34CDF83C90ADF84080ADF8EE
S214016D5842608DF844708DF845A023F00FFA08B10B
S214016D680798BFE7484602F025FDA01D02F010FD72
S214016D7822464146384623F047FBB04227D3E388EC
S214016D882246C3F30E03E3809DF87C304146039305
S214016D98BDF87830384602930DF11A03CDE9009311
S214016DA8F3B222F07DFC209B079003B3F8B9BDF837
S214016DB81A2042B1092D06D81B4B03EBC5018A8060
S214016DC8209A43F83520112023F0AAF91CE0BAF1DD
S214016DD8000F0AD10DF11A03CDE9006322464B468E
S214016DE841463846FAF778FFDDE73820DBE705281D
S214016DF807D1E388DB0607D5002301200793FFF7B1
S214016E0805FF079B002BDED023F02FFAA8E7012009
S214016E1868E7212066E71C2064E7EDB24FE700BF6C
S214016E289440002000410020904000204FF6FF7259
S214016E38024B1A805A809A80704700BFBC560020C1
S214016E4810B5044C2379FF2B02D123F026FE2071BE
S214016E58207910BDBC56002010B50C4C2379FF2BA9
S214016E6808D1002023F0FCF920B923F016FE207182
S214016E7823F0FBF92079022805D00438012894BFAD
S214016E880020012010BD0020FCE700BFBC560020F2
S214016E984FF6FF7310B5044C22889A4202D123F0AC
S214016EA8F2FD2080208810BDBC56002010B5FFF7E3
S214016EB8BDFF40F61D439842044607D8B0F5416F1A
S214016EC805D2182826D8152848D829D010BDA0F5E7
S214016ED841630D2BFAD801A252F823F0296F01005D
S214016EE8296F0100D56E0100D56E0100D56E01002F
S214016EF8D56E0100D56E0100D56E0100796F0100CF
S214016F088B6F0100256F0100256F0100256F0100B9
S214016F18256F010040F606439842D7D11C4920E068
S214016F28FFF7B6FF1B490246002001F043FC152C6B
S214016F3805D123F092FDBDE8104023F028B9164B81
S214016F48164A1749B4F5416F08BF1A46002001F0E2
S214016F5831FC23F01BF923F01AF9ECE71628DDD1EA
S214016F681049002001F026FCBDE8104023F034BA91
S214016F7822F07DFCBDE8104002460B49002001F0D6
S214016F8819BC0020BDE81040084901F013BC00BF39
S214016F98CC61040079610400EC64040074610400A7
S214016FA895610400B5610400E1610400096204000A
S214016FB807B5094A0346108831B9084A084903B093
S214016FC85DF804EB01F010BC0091064A064901F091
S214016FD80BFC03B05DF804FBD45600206C2E0400AD
S214016FE829620400102F0400353104000D4B37B513
S214016FF81B68044693B11D780389012D08BF022535
S2140170080093C37A084A0020084901F0D3FB2146B9
S214017018284603B0BDE8304023F0F7BC022003B091
S21401702830BD00BFCC4100209E6204004D620400C2
S214017038002010B523F014F90D4B1B6863B15A787C
S214017048052A03D862B1052402220AE0FF2AFAD0EB
S2140170580020084901F0AEFBBDE8104023F005B951
S2140170681446104623F02DFD204623F028FDF3E7AD
S214017078CC410020A362040013B5134C002023F072
S214017088EFF8FFF7D3FE23689BB101A822F0E2FBD5
S21401709878B923681A789DF804309A4209D0D91E1F
S2140170A8032906D9D11E012903D9012A07D1022BA2
S2140170B805D1032301A8ADF8043023F0ACFC02B0D7
S2140170C8BDE8104023F0D1B8CC4100200023194672
S2140170D8034A01330A2B918042F8081BF9D17047FD
S2140170E8904000207FB50E46054623F096FC2A46BA
S2140170F8044603460D49002001F05CFB96B10C4B93
S21401710836211A889B78ADF80C208DF80E300323AB
S214017118002200934FF6FC7003AB8DF80D5023F058
S214017128BDFB0446204604B070BD00BFC46204001F
S214017138B4B80400FF2810B50C4604D10020044951
S21401714801F038FBFE202146BDE81040FFF7CABF14
S214017158DD620400F8B51E460B8807460C46154640
S214017168002B64D14A88B1F9021000200029B8BF63
S2140171786B78304901F01EFB6288132A1DD002F590
S214017188FF437F339BB2052B23D8A2F50042013A71
S214017198052A1ED8DFE802F0193F1D033C09264AD6
S2140171A82649002001F006FB13E0254A2349002062
S2140171B801F01AFB2A792349F3E7022E94BF4FF60A
S2140171C8FF72B5F801202049EBE700201F4901F0BE
S2140171D8F1FA33462A462146384624F099FC70B916
S2140171E833462A462146384624F094FC48F22103C1
S2140171F862889A4203D13846697822F0B7FF6388D5
S214017208B3F5004F02D9082022F0C7FF0120F8BDC8
S2140172182A790F49C5E70F4A0849002001F0E4FA20
S214017228032E94BF4FF6FF726A880B49B9E7002010
S214017238EDE700BF186304004063040047630400D9
S214017248586304005E6304006C63040084630400EE
S2140172589E630400C0630400C56304002DE9F04181
S21401726816888AB0DFF88C80ADF80E300DF10E0363
S214017278C8F8002015460093324610AB07460C4660
S214017288FAF7BCFD90BB109B8DF824000693BDF859
S2140172980E3004A8ADF81C30AB898DF81070ADF827
S2140172A820306B890594ADF81E60ADF8223022F0C7
S2140172B863FFD8B921463046BDF80E30109A01F062
S2140172C8C9FF98B921463046BDF80E30109AFFF727
S2140172D841FF58B9CDE9006039462046BDF80E3061
S2140172E8109A02F049FB08B9C8F800000AB0BDE8D0
S2140172F8F08100BF8C400020F0B585B004AB03E9EF
S214017308030000231C469DF80D609DF80E70154A73
S214017318D9B202EBC1004568EDB99DF80C30284694
S21401732800939DF80A209DF80B300F4901F05CFA8E
S21401733826B1324628460D4901F056FA0C4A002075
S214017348002C18BF2246BDF808300A4905B0BDE82A
S214017358F04001F02FBA12F831100133B94208BFD4
S2140173682C46D5E75CB80400D7630400E86304003C
S214017378DB2D0400EC6304004FF6FF7310B5084CD0
S21401738888B062889A4207D102A90DF1070022F057
S2140173985FFABDF810306380608808B010BD00BF82
S2140173A8BC5600202DE9F04F85B0894692461C460A
S2140173B80746BDF83850BDF83C80109E002833D0EB
S2140173C80346464A0020464901F00EFA2388002B58
S2140173D876D040F20912934274D0424A4249B3F534
S2140173E8827F08BF0A46CDF8048061880020009194
S2140173F83E4901F0F9F9238893B1B8F1020F0FD984
S21401740833783B4913F0010F3A4A18BF0A46590721
S2140174184FF000004CBF3379B378374901F0E4F9EF
S2140174280020364901F0C6F90023354931F83320E2
S214017438AA4249D1334A52F833B0002331F833000F
S214017448DA00A84246D100202E490A44908041F825
S214017458330047B9238833B9B4F90230002B02DB6D
S214017468082022F05DFE012022F097FE9EB13578B5
S214017478EB0710D515F0040004D04246012130462A
S21401748822F0D8FECDE901704346224651464846C9
S214017498009622F0EFFBBBF1000F06D043462246CA
S2140174A851464846CDE90067D847434622465146E5
S2140174B84846CDE9006722F0A3F805B0BDE8F08F8D
S2140174C8114A90E7114A8EE701330A2BAED14FF0E5
S2140174D8000BB2E701330A2BB0D1BAE7182504002E
S2140174E813640400DC2D0400016404002164040014
S2140174F8046404000C64040052640400EC64040090
S2140175089440002090400020FA630400FE630400C3
S2140175180D4BF0B54FF00C0C1F88054600230B4E9B
S214017528DCB2BC4201D30020F0BD0CFB04F43019D8
S214017538345DAC4205D144888C4202D10479944228
S214017548F2D00133ECE700BF926C00209868002067
S21401755873B501262B4D2C4C2A462046FF230021C5
S2140175680096F9F77BFD2A462046FF230021009660
S214017578F9F774FD2A462046FF2300210096F9F7FD
S2140175886DFD2A462046FF2300210096F9F766FD81
S2140175982A462046FF2300210096F9F75FFD2A4672
S2140175A82046FF2300210096F9F758FD2A46204673
S2140175B8FF2300210096F9F751FD2A462046FF23AE
S2140175C800210096F9F74AFD2A462046FF230021A6
S2140175D80096F9F743FD2A462046FF230021009628
S2140175E8F9F73CFD2A462046FF2300210096F9F7C5
S2140175F835FDFF232A46002120460096F9F72EFD81
S21401760802B070BD378F0300E04000202DE9F84333
S21401761800244FF00C090C4B0C4F1E78DFF8308015
S2140176283A88E5B2954202D33046BDE8F88309FBAD
S2140176380585FF21A86821F032F818B9AB799E4272
S21401764838BF1E460134EBE73A5F0020926C0020F3
S21401765898680020014B1878704700BF3A5F0020F1
S214017668014B1870704700BF3A5F0020F8B5064610
S2140176780C4622F070FD0546C8B9304622F09DFA40
S2140176880B2815D80B4B03EB00131F7B87B95A88B9
S214017698012122809A88304662809B79237100F006
S2140176A837FA39466071304600F032FAA071012582
S2140176B82846F8BD0041002070B504460E4615461A
S2140176C822F07BFA0B2802D94FF6FF7070BD094BE2
S2140176D803EB00131A7B002AF6D146B90122294684
S2140176E8204600F03DFA0028EED00088EEE7012E8D
S2140176F8EAD1F4E700410020FF2313B50DF1070195
S21401770804468DF8073022F024FD18B19DF80700CD
S21401771802B010BD074B03EB04131B7B0BB1FF2014
S214017728F6E7204600F03AF90028F8D0204600F09F
S214017738E9F9EDE70041002013B5F6F765FC0446C4
S214017748F6F768FC224603461249002001F032F893
S21401775800F084FFFFF7BAFC00F0A6F802210846FD
S21401776802F074FDFFF764FC41F2490023F0C3F907
S2140177784FF0FF130093FF2368468DF8043023F07B
S21401778898F94FF4004023F076F9002023F093F996
S21401779802B010BDA164040038B5054622F0F9FC14
S2140177A890B9284623F0B3F8044628B140F60443B6
S2140177B8984214BF88248D2423462A46002003496C
S2140177C800F0F8FF204638BD8D24FBE7B9640400B5
S2140177D82DE9FF4705460E4617469846BDF83090F0
S2140177E8DDF834A0BDF83840CDF80090CDE9014A5F
S2140177F8E4B2FFF7D7FD43463A4631462846CDE977
S2140178080094CDF808A024F04CF9FF21034B044A54
S214017818044804B0BDE8F04700F01ABEC856002078
S214017828C456002012610020044B01461888102215
S21401783840F0404040F48010F7F716BAAEB50400A1
S214017848024B18685968FFF757BD00BF821005003C
S2140178580123064AD15C814202D1054AD05C7047B1
S21401786802335F2BF6D10020704700BFB6B804007C
S214017878B7B8040070B500220446094B1D78094BB9
S214017888D0B2854201D8FF2070BD1E78A64204D129
S2140178980029F9D05E7BF607F6D401321033EFE7FC
S2140178A83B5F0020004100202DE9F04198B06B466F
S2140178B8304A1068516803C390680CAA18602E4BAA
S2140178C814469C4603F11806154618685968083385
S2140178D803C5B3422A46F7D112AA1746274B03F126
S2140178E81806154618685968083303C5B3422A4668
S2140178F8F7D1234A03AB106851684FF0010E03C352
S214017908906871681860DCF83000002206AB03C383
S2140179180C21EC46B068CDE909221860194BDFF84E
S2140179286C801970184B0DEB01060B9206AD09A970
S2140179381CF8010B0132187034F8020B0C2A588017
S21401794837F8020B83F80DE0988016F8010B03F15F
S214017958100303F80A0C15F8010B08EBC00043F8EE
S214017968080C11F8010B03F8040CE1D118B0BDE8B6
S214017978F08100BFD364040026BC04003EBC0400AA
S214017988E06404003B5F00200041002020B90400A9
S214017998014B1878704700BF3B5F0020034B03EB91
S2140179A80013587B00F00100704700BF004100201B
S2140179B8F0B504460846D9B100220E4B11461F7889
S2140179C80D4B1D46D6B2B74201D8002010E01E78EE
S2140179D8A64206D09E68F688314489B20132103331
S2140179E8F0E75E7BF607F9D505EB02150180A86876
S2140179F8F0BD00BF3B5F0020004100202DE9F347A2
S214017A08894690461D46074618B9002002B0BDE8CB
S214017A18F0870029F9D0002AF7D0002BF5D00024EA
S214017A2800780DF10601ADF80640FFF7C1FF002802
S214017A38EBD039460DF10602BDF8066021F0B2FF1B
S214017A4807460028E1D00DF10602BDF806A021F090
S214017A58D0FF0028D9D0C9F80070C8F8000003790B
S214017A6813F0200219D1DB0614D4BDF806300C4AEF
S214017A78564413FA86F612FA86F20BE01A790C3394
S214017A88920642BF13F8092C891889B29842F5D88C
S214017A98044A0A4401202A60B8E72146024BF5E762
S214017AA85E6000203C5F002060BB040008B5002132
S214017AB8FFF7E0FEFF2817BF044B084603EB001349
S214017AC8587B18BF00F0010008BD00BF0041002028
S214017AD82DE9F0410D4616461F4622F06EF80B2892
S214017AE80AD8074C3B4604EB001032462946BDE847
S214017AF8F041806822F02EB80020BDE8F08100BF72
S214017B0800410020014B0001185C7047004100202D
S214017B1870B50C4622F051F80B281BD80F4B03EB17
S214017B2800139A68C2B10023142618461579D9B2EB
S214017B388D4200D870BD116806FB0311097B34B964
S214017B4811F0800F1CBF0130C0B20133EFE711F00E
S214017B58400FF7E70020EDE71046EBE7004100206D
S214017B68F8B50D46164622F028F80B280BD80F4B09
S214017B784FF0140C03EB00139A6800231C46177980
S214017B88D9B28F4201D80020F8BD10680CFB03005B
S214017B98017B46B911F0800F03D0AC42F4D0013412
S214017BA8E4B20133ECE711F0400FF5E7004100209D
S214017BB82DE9F04F064600243A4B87B01B783A4F1A
S214017BC80093009B9C4207D2FF2E08D0304621F036
S214017BD8F4FF0B28044606D907B0BDE8F08F07EB7B
S214017BE804131B7B2BBB23014FF00008019307EB03
S214017BF8041A14E014221B6802FB05352B89B3F519
S214017C08967F01D929F0B2F94FF000094FF00C0B15
S214017C1829891FFA89F291420ED808F10108019BB9
S214017C285FFA88F5FB189B681A79AA42E2D8FF2EF4
S214017C38D2D10134E4B2C4E71FFA89F00BFB00F095
S214017C486B6819180A7912F0100F23D19AF800E018
S214017C5812F0400F8DF80CE0B5F800E0185AADF8B0
S214017C680EE00CBF4FF0400E4FF0800EADF812003C
S214017C7828468DF810E021F061FE5307ADF8140090
S214017C88C8780AD50228896800D90968002203A895
S214017C9821F030FF09F10109BAE702288CBF89688B
S214017CA80831F3E73B5F002000410020052370B54B
S214017CB8094A06881488B44208D19578047B2C4072
S214017CC83F2C03D90D4201D0506870BD013B02F12B
S214017CD80802EFD11846F8E7D0BB040070B50024B7
S214017CE8074D084E2B78E0B2834200D870BD06EBEC
S214017CF80010437BDB0701D522F03EF80134F1E79B
S214017D083B5F002000410020F8B50C4600210546DF
S214017D18FFF7B0FDFF2829D0154A060102EB00132C
S214017D285B7B03F001016CB143F001031644A142E9
S214017D38737305D0C4B100B202EB001022F01CF830
S214017D480120F8BD2346F1E77B4311682846CA1887
S214017D58127BC95AD20921F07BFC0134B268E3B21E
S214017D6811799942F0D8EBE71427F7E70846E8E7D0
S214017D7800410020F0B59446497D20B339B3012966
S214017D8818BF042100254FF6FF702F462A46144EC9
S214017D983488644511D196F803E01EEA010F0CD029
S214017DA8B4789C4209D30AB1BC4206D81EF0100F1B
S214017DB803D08AB1BC420CD370B90135072D06F140
S214017DC80406E5D1F0BD002908BF0821D8E702213D
S214017DD8D8E727460020F0E727460122FAE700BF42
S214017DE8B4BB04002DE9F04F0A9FBDF824E09DF8C6
S214017DF82C809DF830904C7D78B394B3012C18BF35
S214017E0804240025194800F11C0C068896421ED148
S214017E1890F803B01BEA040F19D08678464516D3A6
S214017E281BF0100F91F80FA004D0BAF1000F0ED076
S214017E38B1F810A0BAF1000F09D1A94513D0AE4583
S214017E4811D95E553E88013501363E80ADB2043003
S214017E586045DAD10120BDE8F08F002C08BF082460
S214017E68CDE70224CDE70020F5E700BFB4BB040048
S214017E782DE9F04F0024B1F57C4F0E4638BF4FF080
S214017E88010BA246A1464FF6FF781F4628BF274B8F
S214017E9885B028BFB3F800B0009001925C4503D3C3
S214017EA8404605B0BDE8F08FB6F57C4F0CD3204BA5
S214017EB83A4603EB840331465B880098FFF708FED1
S214017EC8054680B300232AE03A463146009821F059
S214017ED8A4FEF5E70C229CB254436A680199105B2C
S214017EE802EB040C884219D3B9F1000F01D05045B2
S214017EF814D861462846CDE9023221F01FFD029BBF
S214017F0860B1039A125BB9F1000F03D0524501D351
S214017F18804503D9924680464FF0010901332A89E4
S214017F289CB2A242D6D80134A4B2B7E716B9040067
S214017F3818B904002DE9F04F91461A4600238BB074
S214017F488DF82020BDF850208DF81C00ADF81E10C5
S214017F58ADF8242005460F461A4604A907A8159C1D
S214017F689DF858609DF85CA09DF860B09DF8648007
S214017F780493ADF8229021F069FD049850B92B4678
S214017F88CDE90079644A654900F014FC86200BB0F7
S214017F98BDE8F08FBAF1000F14D18378B34206D04A
S214017FA850465D4A5E4900F005FC8D20EFE70379EF
S214017FB813F0010306D11846574A5A4900F0FAFB4E
S214017FC88820E4E703795B072CD583685A689B68A1
S214017FD805920693807822F0CFFA049B0546DF784F
S214017FE82146022F03463A4610D805A822F080FA01
S214017FF881462B463A46214606A822F079FAB9F177
S214018008010F01D001300DD18720C0E7059822F075
S2140180186FFA0128F8D02B463A462146069822F0F0
S21401802867FAEFE7BBF1000F6FD1049F4FF6FF72B7
S2140180382146B87821F020FC00286BD0BDF8243002
S214018048C5B20093CDE902549DF82030BDF8222030
S214018058BDF81E109DF81C00019622F089F800282C
S21401806895D1BDF82430CDE902540093BDF82220FD
S2140180789DF82030BDF81E109DF81C00019621F0D1
S21401808855FE002883D121469DF8682007A821F0CF
S21401809831FD00287FF47BAFB8F1000F07D03B46CF
S2140180A82046BDF81E209DF81C1021F0C6FDBDF81F
S2140180B82430BDF82220BDF81E109DF81C00009340
S2140180C8CDE901649DF82030FEF7E2FABDF82430C8
S2140180D8BDF82220BDF81E109DF81C000093CDE9BE
S2140180E802549DF82030019622F041F8BDF824305C
S2140180F8BDF822200093BDF81E109DF820309DF88B
S2140181081C0021F0EBFD002041E70020064900F0A5
S21401811851FBF8E701203AE7ED640400F96404002E
S21401812825650400396504004D6504007FB5002502
S2140181388DF80830BDF820308DF80400ADF806102B
S214018148ADF80A20ADF80C306946BDF82830099A12
S21401815801A80B9E009521F079FC044630B916B1AA
S214018168009B9B783370204604B070BD8928FAD1ED
S2140181782846024900F01EFBF5E700BF6A650400C1
S2140181882DE9F04F4FF0000AC7B0FFF701FC5FFA80
S2140181988AF6B04202D847B0BDE8F08F5B4B36018D
S2140181A89A5D00205A4900F005FB0020594900F065
S2140181B801FB00230593554B9DF8144033449B68F7
S2140181C81A79A24202D80AF1010ADEE714224FF010
S2140181D800091B6802FB043422891FFA89F39A42B4
S2140181E802D8059B0133E5E70C231FFA89F803FB40
S2140181F808F8D4F804B028F0B9FE0BEB08052B797B
S214018208454913F0400F3BF8083022884FF000002C
S2140182180093424B18BF0B46414900F0E5FA294640
S214018228204621F08BFB074600283CD13D4900F04B
S214018238DBFA2979DFF814C111F0010F3A4818BFA3
S214018248604611F0020FAA78EB7832D1DFF800C148
S21401825811F0100F354918BF6146CDE9000100201D
S214018268334900F0C1FA2B793BF8082013F0400F88
S2140182784FF0000B4FF0FD030DF118082188CDE9EA
S214018288023BCDE9007821480CBF40238023805D5E
S214018298FFF74CFF86280ED12649002000F08AFAFF
S2140182A809F1010998E702462349002000F09CFAE3
S2140182B8BFE72249D1E7A87821F030FBD8B140467C
S2140182C821F0BEFF421C92B201234146002000F075
S2140182D8D5F93946208801F001FA4FF6FF7398421E
S2140182E807D0174B174903EBC0035A68002000F064
S2140182F861FA1549D1E7A87821F016FB20B1404666
S21401830821F0A3FF821CDEE7EA78DDE700410020C2
S214018318BC650400CA6504009465040099650400F8
S2140183280A66040081560400A1650400A4650400D9
S2140183381E6604003A660400DB6A0400AC650400A5
S214018348A0BC040061350400EC6404009E650400CA
S214018358B46504002DE9F04FC7B0BDF844A1064640
S214018368BAF1040F0D4614461F46BDF840B163D94D
S214018378CDE9013B00920B4602463049002000F049
S21401838819FAFD230DF117090DF118083046029365
S21401839822463B462946CDE900B8CDF80C90FFF7B2
S2140183A8C5FE0646B8B9FD22414699F8000021F0F7
S2140183B863FA0746C0B1AAF10403834238BF892687
S2140183C8204621F0FAFE8EB1304600F01BF9304601
S2140183D847B0BDE8F08F009023462A46002018498A
S2140183E800F0E8F90027EBE78926E9E7DFF85CA063
S2140183F8BA1CBAF80030C3F1FF039A4219DA3046BC
S21401840800F000F999F8000000F0FCF8BAF80090BE
S2140184180C483A4641464844B94405F04DF8AAF88E
S214018428009023462A4630460749009700F0C2F9CD
S214018438CDE7892000F0E6F88926C8E746660400F5
S2140184488166040012610020A8660400C456002054
S21401845810B5044C20600448018004490A60044AA7
S214018468136010BDC8410020C2560020C441002038
S214018478C041002030B587B00AAC0D4654F8041B3D
S2140184880093CDE9011413460949024609480988AB
S2140184980068059421F091FD4FF48A52064B1B683B
S2140184A81880064B1B685D80DA8007B030BD00BFB8
S2140184B8C2560020C8410020C4410020C041002007
S2140184C808B410B587B009AB0C4653F8041B0092E4
S2140184D8CDE9011302460B490B4805930988002389
S2140184E8006821F06AFD4FF48A52084B1B68188011
S2140184F8074B1B685C80DA8007B0BDE8104001B006
S214018508704700BFC2560020C8410020C441002061
S214018518C0410020044A034611680448044A0988F1
S2140185281268006821F022B8C4410020C04100202A
S214018538C8410020044B054A1B6812681988044B79
S214018548186820F086BF00BFC4410020C84100203B
S214018558C041002007B5074B1B681B880192064AD5
S21401856812680092054A126820F0D4FF03B05DF83D
S21401857804FB00BFC4410020C8410020C0410020C0
S2140185881FB51446064A12681288CDE901430091C0
S214018598044B05491B68096820F098FF04B010BD14
S2140185A8C4410020C8410020C0410020014B186882
S2140185B8704700BFC0410020024B1B6818715971F3
S2140185C8704700BFC041002010B50024084B1C703E
S2140185D8FEF75EFC074BFF2218802146064804F08A
S2140185E8DBFD064B1C80064B1C605C609C6010BD66
S2140185F81C620020C656002012610020C4560020C6
S214018608C856002007490B88FE2B9FBF064AD05440
S214018618581C80B29DBF088000F1FF3080180020EA
S214018628704700BFC456002012610020F8B5094FF4
S2140186380D463B885C18FE2C0ADC074E0A46A4B297
S2140186480146F01804F0FAFD3C80641BA019F8BD39
S2140186580020FCE7C456002012610020024B034AA2
S21401866800201A60704700BFCC4100201CB90400E6
S214018678014B1878704700BF0041002030B4044D04
S214018688044C002B0CBF2B46234630BC21F001BE00
S214018698082604007B67040070B5054608460C46A4
S2140186A821F0CEFD611C0246024B2846BDE870400B
S2140186B821F0EFBD9A6E040000B5037889B00693E1
S2140186C843783E220593837808490493C378039335
S2140186D8037902934379019383790093C379044814
S2140186E8008800F081F809B05DF804FBD66604003E
S2140186F8D4560020024B02460249188800F05AB8A0
S214018708D4560020742C04002DE9F04705460E4681
S21401871817460024DFF84480DFF844A0DFF84490C9
S214018728AC4201D1BDE8F087B8F8000006EBC401F9
S2140187385346082221F0ADFD0134B8F800003FB9D0
S214018748044AA54208BF4A46034900F04DF8E7E740
S2140187584A46F9E7EC640400732C0400D45600205A
S2140187687B670400FD1604002DE9F0410E4E044611
S214018778308821F0A6FDA8B100250C4FDFF830801F
S214018788E3070AD518B94146308800F02DF8308835
S2140187982A46394600F028F8002001351B2D4FEAF5
S2140187A85404EDD1BDE8F081D4560020CD52040022
S2140187B81E6404000EB417B505A9044651F8040B47
S2140187C8019103F0DFFB01210220054AF8F766FF55
S2140187D8044B1C8003B0BDE8104003B0704700BFCF
S2140187E8EC640400D45600200EB417B505A9044657
S2140187F851F8040B019103F0C5FB034B1C8003B031
S214018808BDE8104003B07047D456002013B503687E
S2140188180446587900F032FF90B923685A88032A2B
S2140188280ED0E17C5B79CDE900211649164AFFF79F
S214018838C1FF0121204621F0E4FD012002B010BD50
S214018848637D012B0AD0637D33B92368228A598850
S214018858587921F0BEF948B9C3200AE02368228A6C
S2140188685988587921F0BEF90028ECD0204621F025
S2140188782AFD064B1B78002BDFD110F5807FDCD054
S214018888C1B2D7E703670400FB6604001362002041
S214018898002970B50F491D460F4B14460CBF6E22B2
S2140188A87922002808BF0B4600200C49FFF79CFFD9
S2140188B80B4E2544AC4205D1BDE87040002009495D
S2140188C8FFF778BF3146002014F8012BFFF78CFF1D
S2140188D8F0E700BF3C670400326704004567040000
S2140188E8796704000A4A04002DE9F04FC27C8BB070
S2140188F80592427D0368002A14BF80224022077D24
S2140189080446856886895879B846B3F8029006926F
S21401891800F0B4FEA0B9059B052B05D86FF02D0312
S214018928059A1341DB070BD5B9F1030F08D0AB49FC
S2140189380020FFF73FFF0121204621F062FD76E087
S214018948E37B1BB1228A002A00F0B781607D0022F2
S214018958B0FA80F05B4203F00403DFF88CB24009FA
S21401896843EAC000ABF80020FFF74CFEE37B1BB3DD
S214018978208A21F022FC8246A07CFFF743FE059A56
S214018988162A00F29A81DFE812F019009E016C009F
S2140189985600D2016C009201D9019A01E001E70163
S2140189A8EE01390102029801980198011402580251
S2140189B814027002390102029A46DDE700204B468E
S2140189C8874A8849FFF7F6FE0120FFF71BFE08F1E4
S2140189D80207B74229D841463246284621F02AFCE2
S2140189E88046236842465879BBF800304946C3F1A9
S2140189F8FF039BB20193238A0093069B23F08BF80F
S214018A0810B11FFA87F8E2E7236842465879BBF89F
S214018A1800304946C3F1FF039BB20193238A0093B2
S214018A28069BFFF797FC8928EBD121F0E4FC01208F
S214018A380BB0BDE8F08F4FF0000B0420FFF7E2FD06
S214018A48F31E0893089B984552D3BBF1000FECD14F
S214018A58E37B94F81480002B0CBF02220422624B9D
S214018A681A804FF0000B0420FFF7CCFD5F4608F193
S214018A78030A564540F29D8032464146284621F073
S214018A88D9FB05EB08039B78F21EAA44A2EB080261
S214018A9807905146184692B2099320F0EDFE0890C9
S214018AA8002879D02268099B5079CDE901A3238A49
S214018AB849460093DDE9063221F00DFA82464A4618
S214018AC80020079B4949FFF78FFEBAF1000F55D1E1
S214018AD80BF10103504646495FFA83FBFFF76AFE2E
S214018AE8089B08F1030813FA88F81FFA88F8BEE706
S214018AF832464146284621F09DFB05EB08039F7840
S214018B08089B08F10301A3EB08022944824692B2A6
S214018B183846099120F0B0FE079068B32368099992
S214018B28587902970191238A524600934946069B33
S214018B3821F021FA0746B8B10BF1010338465FFA6E
S214018B4883FBFFF75FFD504621F037FB53464A4645
S214018B5800202649FFF72EFE3A4600202549FFF752
S214018B6829FE802F3FF471AF079B08F1030813FA1B
S214018B7888F81FFA88F865E78027DDE75046FFF78B
S214018B8841FD079821F019FB013752460020194983
S214018B98FFB2FFF70FFEA3E78720FFF733FD07981D
S214018BA821F00BFB0137872212490898FFB2FFF71D
S214018BB801FE059B052B3FF43AAF002F7FF435AF36
S214018BC8BBF1000F05D10C495846FFF7F3FD80218C
S214018BD8B2E63846FFF716FD27E700BFC61C0400B5
S214018BE886670400D3670400C45600209067040013
S214018BF8D3660400AC670400B66704000599A84A62
S214018C08A84B0020152918BF1346CDF80090A64A90
S214018C18A649FFF7CFFD059B0C2B14BF16200D2088
S214018C28FFF7F0FC32462846394621F003FB059B40
S214018C383D440C2B0646AD7835D1192D28BF19258C
S214018C48E37BB3B14FF6FF73278A9F4211D12068A1
S214018C5832464946069B4079FFF70AF9B84208D0DA
S214018C68BAF1000F05D020828AF80000000A8AF8B7
S214018C7801000020BBF80070FFF7C4FC23683246E9
S214018C885879059B4946A3F1150CDCF1000343EB23
S214018C980C03CDE90153238A0093069B21F08FF834
S214018CA8834BD855C1E6132D28BF1325C8E72046A0
S214018CB8FDF776FB00287FF4BAAE81213CE6204614
S214018CC8FDF722F8F6E7B9F10A0F05EB0708A6EB58
S214018CD8070A21D1DFF8DCB19BF80030E3B1E37B6A
S214018CE8D3B9BAF1080F17D132463946284621F0CA
S214018CF8A1FA88B998F8023073B998F80320E22ADD
S214018D080AD13246391D2846059321F090FA21F0FA
S214018D185DFB059B8BF80030414648461FFA8AF2F0
S214018D2822F0FBFE00287FF482AE002104E6F21B47
S214018D38484692B2E91921F03AFAF3E7F21B484697
S214018D4892B2E91921F0F6F9ECE7F21B484692B21D
S214018D58E91921F019FAE5E7F21B484692B2E91932
S214018D6822F0DDFEDEE72368EE5D5879238A0137B7
S214018D78ED5D0193069B3246494600932B4620F04B
S214018D885DFF2A463146484621F0D6F94FE6059852
S214018D987A1CE95DB31AA0F11606704270410039D3
S214018DA8009018BF012148469BB22A4421F0C6F913
S214018DB8B8E7059BEE5D112B3D446F7838D112203C
S214018DC8FFF720FC0025E37BB3B14FF6FF73B4F839
S214018DD81080984510D133464A4621462846FEF764
S214018DE8C9FF404508D0BAF1000F05D020828AF89D
S214018DF80000000A8AF80100BBF80080DFF8B0A07E
S214018E08C8F1FE0292B208F10103009253444A46A1
S214018E1821462846CDE90267CDF804B0FEF7E2FF01
S214018E28BBF800300AF808000133ABF80030FCE55F
S214018E381420FFF7E7FB0125C5E77B1C9E422CD3D0
S214018E48EF5D1D44003F18BF0127F31A9EB2334653
S214018E582A4639460020FFF71BFD00962B463A4660
S214018E684846218A21F06EF95CE77B1C9E4214D3A2
S214018E78EF5DF61A003F18BF01271D44B6B2334608
S214018E882A4639460120FFF703FD00962B463A4647
S214018E984846218A21F054F944E70020C8E500BF76
S214018EA8EC64040081670400C7670400D167040006
S214018EB8126100201162002038B54FF6FB75044692
S214018EC8A9424FF001019DF8100098BF43F40043F2
S214018ED8217023816260A07202230020084A094992
S214018EE8FFF768FCE07A084B40F6CA0203EB40102D
S214018EF8FF211FF0BCFBBDE83840042021F010B963
S214018F08E1670400EC6704001042002030B505460E
S214018F1885B028B91D4905B0BDE83040FFF74ABC01
S214018F280024007B21F09CF92046194A19492C7027
S214018F38FFF740FC184BE87AFF2103EB40101FF0BF
S214018F48A7FB2046154B02019A5C22B9013004287A
S214018F58F9D121F022F9696899B1B5F908302A8959
S214018F689B1303F002038DF80430C2F30E03ADF829
S214018F7806304FF6FF73ADF80830002301A80393B7
S214018F88884705B0BDE8304021F06FB9176804007E
S214018F98E16704004968040010420020D04100201F
S214018FA80948037873B91946084AD3720133042B62
S214018FB81173117051601181917202F11002F4D18E
S214018FC801230370704700BF12620020D0410020C1
S214018FD808B5FFF7E5FF002305491A018A5C01EB8E
S214018FE803101AB10133042BF7D1002008BD00BFC6
S214018FF8D041002070B50D460646FFF7D1FF002385
S214019008094800EB0514A17AB14205D1217819B1B6
S2140190182B4400EB031070BD0133042B04F110043C
S214019028F1D10020F7E700BFD041002010B5044673
S214019038FFF7B6FF0E4B9C4212D003F12002944272
S21401904810D003F1400294420ED060339C420DD1F9
S2140190580323084800EB0310BDE81040FFF756BF8E
S2140190680023F6E70123F4E70223F2E70020F3E7FB
S21401907810420020D041002070B50024064D074E4E
S2140190882846324600210134F8F71EF8042C05F16B
S2140190982005F5D170BD00BF1042002035900100B3
S2140190A82DE9F34105460C4617469846FFF790FF0B
S2140190B8064640B91C4A1D49FFF77CFB0224204698
S2140190C802B0BDE8F0814FF6FB739D420AD94FF610
S2140190D8FD739D4204D00020134A1549FFF76AFB29
S2140190E84FF6FD75434621463A46284621F056F97D
S2140190F8044600F02FFE804634B1234600200A4A73
S2140191080C49FFF757FBDAE73B462046064A0A4969
S214019118FFF750FB062329463046089ACDF800800B
S214019128FFF7CAFECBE700BFE167040056680400F4
S21401913880680400B5680400DE680400F7B50646D2
S2140191480C461746FFF744FF054638B9104A114939
S214019158FFF730FB0224204603B0F0BD21464FF44A
S2140191688A52304621F0E2FA044600F0F3FD34B1A3
S21401917823460020064A0849FFF71CFBEBE7009048
S21401918804233A4631462846FFF796FEE3E700BF32
S214019198E16704005668040006690400F7B5064648
S2140191A80F46FFF715FF054638B9104A1049FFF76D
S2140191B801FB0224204603B0F0BD002240231146DD
S2140191C8304621F092FC044621F08DFC34B123464A
S2140191D80020064A0749FFF7EDFAEBE7009001235E
S2140191E83A4631462846FFF767FEE3E7E16704009B
S2140191F8566804003969040073B504460E46FFF73D
S214019208E7FE054638B9104A1049FFF7D3FA022493
S214019218204602B070BD00222046114621F067FCA8
S214019228044621F060FC34B123460020064A08496A
S214019238FFF7C0FAECE70090234632464FF6FC717A
S2140192482846FFF739FEE3E7E1670400566804009D
S214019258676904002DE9F0418846107800219EB020
S21401926814461D46FFF7C6FE0646002800F0FD8098
S2140192780778002F7BD0B8F80010002940F0F58059
S2140192880389B8F8022043F40040824240F0ED809A
S214019298617800296BD1A2F50042062A00F2E58022
S2140192A8DFE812F0A100A100E300E3000700B80020
S2140192B86900E3880D3DADF82430238915F00105D2
S2140192C8ADF8263063798DF82830E37A03F1060283
S2140192D814F812208DF814308DF81C2042D10BA9F1
S2140192E88E46069104F10C005FFA85FC9C4500F158
S2140192F8020009D210F8018C10F802CC01350CEBEB
S214019308082C2EF802CBEFE701EB43011A4408912B
S214019318D2B2590001F10D009A42C0B20BD02518FD
S2140193286D78205C7831694400EB0520013321F81B
S2140193384C0CDBB2EDE7B6F908203389002AACBF3E
S21401934801220322C3F30E038DF808206288ADF8C4
S2140193580A3005ABADF80C20049302A9304621F07B
S21401936808F804E0424A43490020FFF723FA384642
S2140193781EB0BDE8F081042D02D83D4A3E49F3E708
S2140193882379053DADB29D42B4F8028002D0384A31
S2140193983A49E9E73A4A3B4B0020002D08BF1346F5
S2140193A83949334ACDF80080FFF704FA05348DF8B9
S2140193B81450B6F90830069485B1002BACBF0123CA
S2140193C803238DF82C303389ADF83080C3F30E03B0
S2140193D8ADF82E3005AB0D930BA9BFE7002BACBF3C
S2140193E806230523EDE70B2DC7D9D4F80200D4F8D8
S2140193F8061013F4004F05AA03C20CBF0422032269
S2140194088DF82C206289C3F30E03ADF83020ADF831
S2140194182E30DFE7042DB0D96388ADF830302379D4
S2140194280533DBB29D4206D00020114A1749009544
S214019438FFF7C0F99BE70E4A00201549FFF7BAF96E
S214019448B6F908203389002AACBF01220322C3F3E8
S2140194580E03ADF82E3005AB0D93631D06932379E5
S2140194688DF82C208DF81430B6E700277FE700BF6B
S214019478E167040094690400BC690400D06904002B
S21401948884240400EC640400F7690400146A0400E8
S214019498556A0400304BF0B5B0FBF3F24FF4616542
S2140194A803FB1200B0FBF5F3DCB205FB13033C2506
S2140194B8B3FBF5F3DBB2A0EB04104B71C3EB03135C
S2140194C8A0EB83004FF4FA630B8040F201134B8044
S2140194D801230C711F4600246425204E887194428E
S2140194E800D1F0BD91F802C013B1BCF1020F2BD028
S2140194F806EB0C0010F801ECC87870450BBF01208C
S21401950801300CF1010CC0B208BF81F802C0C87066
S21401951888780D2816D10B888F7001339BB298076F
S2140195280B8014D1B3FBF5F005FB103080B280B97F
S2140195384FF4C870B3FBF0FC00FB1C339BB2B3FAC4
S21401954883F35B090134CAE74FF01D0ED4E7002305
S214019558F8E70123F6E700BF8051010062BC04006A
S21401956810B5044688B006A9FFF794FF9DF81E308B
S2140195780A4803939DF81D30049402939DF81C3005
S2140195889DF81A200193BDF8183005490093008804
S2140195989DF81B30FFF70EF908B010BDD456002011
S2140195A86E6A0400026808B51188154B198051883F
S2140195B8598051791971117959714FF48A51D980A5
S2140195C8D28812F0200F0CBF0A464FF48B528169DD
S2140195D8DA800C4A137831B9C0880B4923F00203A4
S2140195E80880137008BD43F002031370074B152259
S2140195F81846013103F022FE002200F8012CF1E79B
S214019608C85600201C620020C6560020D7560020E7
S21401961810B5184C2368587920F0CFFA0B2822D8B1
S214019628154B03EB0010027B237F9A421BD123685C
S214019638428819888A4205D04FF6FF70814212D1B6
S214019648120410D42279023A012A06D9A37B63B9F7
S214019658BDE810400748FFF747B9198958791FF040
S214019668E2FB0028F2D1002010BD0248BDE81040F8
S214019678FFF7CCB8944200200041002008B520F03E
S2140196889CFA0B2896BF024B0020185C08BD00BF49
S2140196982162002008B5002020F0E2FDFF2020F01E
S2140196A8BFFA20F0E2FD20F087FCFEF771F90121F0
S2140196B80246064803F070FD054BFF21054A064899
S2140196C8FEF7C6FEBDE80840FEF708BB216200208B
S2140196D8C8560020C456002012610020F0B50022AA
S2140196E804464FF6FF750B4F90B237F830600346C5
S2140196F8AE4201D12846F0BDA64209D1B4F57C4F49
S214019708F9D307EBC3035B888B42F4D00029F2D068
S2140197180132E9E7A0BC040010B50446FFF7DEFFF6
S214019728094A034610884FF6FF72934214BF074A48
S2140197382246BDE8104017BF02EBC30304495A6826
S2140197480449FFF751B800BFD4560020A0BC040056
S214019758916A040061350400034B18780130C0B2E1
S214019768187000F07F007047F76C0020044A1378E1
S21401977818B143F001031370704703F0FE03FAE7CC
S2140197881C620020014B1870704700BF1F62002042
S21401979838B1074B1B78012B04D1038843F04003EB
S2140197A803807047022BFCD1038823F04003F7E7B8
S2140197B81F62002068B1074A1378012B07D1064BB0
S2140197C81B781370037843F01003037001E0022B33
S2140197D8F8D070471E6200201D6200207FB5012167
S2140197E8264B274E197033780246D90744D42549A3
S2140197F8096881B10868C1888D0641BF224CE18895
S21401980841F02001E180C1884C0641BF1E48C1884D
S21401981841F04001C1801D4D1D492878097840074F
S2140198284CBFE97069701B4913F00204098809D016
S214019838164A194820F096FC337823F00203337051
S21401984804B070BD154B18884FF6FB73984208D8BC
S2140198580B46CDE9005201460B4A20461FF05AFE38
S214019868EEE74FF6FF73CDE9014200930A46074B30
S21401987805491FF02BFEE3E70020E1E7136200200D
S2140198881C62002090420020C85600201261002069
S214019898F86C0020C4560020D6560020C656002074
S2140198A870B503790446012B0D46164631D88368F0
S2140198B81B78DB0600D561B3A37B13B9E37C0B2BBE
S2140198C827D00022144B1A80637DB3FA83F35B0911
S2140198D8D800E37BABB9FEF795FEA07CFEF792FEB7
S2140198E80B20FEF78FFEE07CFEF78CFE2846FEF77F
S2140198F889FE2046FFF756FE3046BDE87040FFF762
S2140199086DBF40F00400FEF77DFE208A20F055FC6E
S214019918E3E7002070BD00BFC4560020024B0A468C
S21401992801461868FFF7BCBF90420020F0B4054610
S21401993818460F4B0C461B78BDF81010012B0D4E20
S21401994801D0377827B1002333700020F0BC704768
S2140199580CB9002AF9D143B14FF65743994204D0BE
S2140199682B462246F0BC20F0E3BB0120EEE700BF01
S214019978F96C0020206200202DE9F04F684C4FF06A
S214019988000A25468446964698460F46654B664E17
S21401999883F800A00FCE0FC596E80F0085B085E8BE
S2140199A80F00DDF83C90BDF8383072460093394612
S2140199B843466046CDE9019400F0DCF8DFF8908173
S2140199C8064670B90025FEF7FFFD16220021574806
S2140199D803F0E2FB00232846C8F8003005B0BDE8CE
S2140199E8F08F534BA27CC8F800401A70514B1B7875
S2140199F8002B36D020F0ECFC4F4902465046FEF7C5
S214019A08F3FE22685046537952884C490092A2893F
S214019A18FEF7EAFE504620F054FC20B12368218A5E
S214019A285888FFF779FEE37B23B10020228A444950
S214019A38FEF7DAFEA36800201A78E37C4149009312
S214019A48A37CFEF7D1FE207DA289A168121A0144E3
S214019A580123002092B2FEF711FE00203A49FEF7D4
S214019A68A9FE2F48FFF79EFD2D4822F04FF8054620
S214019A7830BBB9F1000F25D12168E0880B88019029
S214019A884988BA1E032A00918CBF002201220121AF
S214019A98E07CFFF74BFF38B923685B79FF2B3AD098
S214019AA8FFF7B6FD05468EE72368DB889A06F3D4EA
S214019AB80121264C1A48217020F0A3FC84F8009056
S214019AC8354680E7B9F814309B07E5D47AE7584657
S214019AD8FEF718F882465846FDF760FF88B12368F6
S214019AE85046228A598820F06BF850B13846FFF75D
S214019AF859FD236889F804A083F805A0FFF788FDB7
S214019B0800B9284605460136FDF742FF5FFA86FB8F
S214019B185845DCD857E70026014FDFF83890F3E7B9
S214019B28944200201362002080BC0400D656002010
S214019B38F86C0020F66C0020AA6A0400B36A0400D8
S214019B48D46A0400E06A0400D51D040020620020DF
S214019B5890420020C85600200023054AD15C814265
S214019B6802D31A44507870470233DBB2F6E700BFD7
S214019B786EBC040073B515462E781A4616F0040F07
S214019B880CBF032605269E42089C08D9224A23496B
S214019B9800960020FEF70EFE002002B070BDBDF84C
S214019BA8183021712060E380A560A2812B7803F02C
S214019BB80103A3732B7803F00403002B14BF0121C0
S214019BC80021E1732978C1F3C00161754FF00101E5
S214019BD8217518D0284620F02DFB237D20820233DC
S214019BE82375227D531CDBB22375A95C0232D2B2DF
S214019BF8A1742275EB5CE374A3899A4205D9009295
S214019C080749054AC5E72382EBE7079B0120A361BD
S214019C1800232377C1E700BF18250400236B04003F
S214019C283F6B04002DE9F7430024204FDFF89C80A2
S214019C38DFF89C90E0B220F08CFEFF2805460FD195
S214019C482346012102201A4AF7F728FD194B013449
S214019C5818781EF00EF9152CECD103B0BDE8F08388
S214019C6846B238EA260328BF4B4601210093022054
S214019C7857F82430104AF7F711FD002EE6DA0923C3
S214019C88E340DB070AD50D4A0D4B15F0010F18BF47
S214019C981A4601210220F7F701FDD7E70A2CD5D18C
S214019CA8084A094B15F0010FF1E700BFB8BC0400DC
S214019CB8986B0400FA6C0020C06B0400716B0400FA
S214019CC85B6B04008D6B0400836B04008424040022
S214019CD8EC64040008B554220021024803F05CFA3B
S214019CE8002008BDC457002008B55422FF210248A9
S214019CF803F052FA002008BD70570020024B23F8E3
S214019D0810100020704700BF70570020002310B4C1
S214019D18074ADCB2A14203D85DF8044BFFF7DABF65
S214019D282A2BF9D032F8024B20F813400133F0E71A
S214019D38C4570020002310B5054A994201DD2A2B95
S214019D4800D110BD32F8024B20F813400133F4E776
S214019D58C4570020024B187800F07F00704700BFF8
S214019D682D620020034B18780130C0B2187000F03D
S214019D787F0070472D62002030B51C4600238BB04B
S214019D88ADF82220021D92B2012A0E9DADF82030B0
S214019D98ADF81E10ADF81C3003D94FF6FF7290428D
S214019DA80FD10022CDE90352CDE90124094B014622
S214019DB81B784FF6FF70009307AB20F0E8FD0BB059
S214019DC830BD0146CDE901531846009407AA20F094
S214019DD8FAFDF4E7FB6C002038B505464FF48050D1
S214019DE80C4603F0DFFB4FF480532860236030B93C
S214019DF840F2A511BDE83840014827F0AAB838BD99
S214019E08AF6C040000487047A25A0020014B18782E
S214019E18704700BF176D0020014B1888704700BFB8
S214019E289A6C0020014B1878704700BF106D00200F
S214019E38014B1878704700BF076D0020014B187852
S214019E48704700BF0A6D0020014B1878704700BFA5
S214019E5832620020014B1870704700BF3262002042
S214019E68014B1878704700BF31620020014B18700B
S214019E78704700BF31620020014B1878704700BF59
S214019E880B6D0020014B1888704700BF986C0020A6
S214019E982DE9F74F414B424A0193424BDFF8449173
S214019EA81B78DFF84481DFF844E1DFF844C13E4F10
S214019EB83E4E3F4D3F49404802EB431A019B5245EF
S214019EC803F1200309F1200908F120080EF1200EFC
S214019ED80CF1200C07F1200706F1200605F12005F4
S214019EE801930FD100221146344B324D1C78344E63
S214019EF8344B314FD0B2844203F1200346D803B025
S214019F08BDE8F08F304B314C5360002349E90743D5
S214019F182F4CDFF8E0B048E907432E4CC2E902307F
S214019F284EE907432C4C11604CE907432B4C13614F
S214019F3847E907432A4C49E9050348E905034EE979
S214019F4805034CE9050347E9050349F8201C48F8C9
S214019F58201C4EF8201C4CF8201C47F8201C46F8FC
S214019F68201C46E90743019C45E907B3DFF888B09A
S214019F7846E9050345E9050344E907B344E905034A
S214019F8845F8201C44F8201C203297E743E9085678
S214019F9843E9061743F8101C0132ABE7DC450020FD
S214019FA8FC4600201E6D00203C4600201C46002072
S214019FB8FC450020B0540020EC640400156D002018
S214019FC819E502007C460020718E020087D2030044
S214019FD8D1A20200F92D0300E1E20300B9C502008F
S214019FE805A90300DC460020BC4600209C4600204C
S214019FF85C460020295B0300758B0200002208B529
S21401A008074B1A605A6020F060FC064B187020F067
S21401A0185CFC054B1870054B1A78054B1A7008BD81
S21401A028525400208D6200208C620020086D0020AA
S21401A0388B620020002100B593B008466A460AF0F4
S21401A04885F90146C8B90E4B0E4A09930E4B0D9277
S21401A0580A930E4A0E4B0E920B930E4A0E4BCDE9FF
S21401A0680F230C930D4B6A4611930AF025FC003812
S21401A07818BF012013B05DF804FB0120FAE700BF02
S21401A0889BCD03006D9C02009FCF03009D650200D7
S21401A09847A903006DB30200FFCF0300BD96020077
S21401A0A8084B1878112806D8012809D9064BC34049
S21401A0B803F001007047A0F1430358425841704726
S21401A0C8002070478F6200203400020008B5064B56
S21401A0D81B78013B022B05D80020FFF7E1FF01386A
S21401A0E8C0B208BDFF20FCE790620020044B00F1D7
S21401A0F8100250F8041B904243F8041BF9D170472C
S21401A10891620020044B03F1100253F8041B93429A
S21401A11840F8041BF9D170479162002030B500243D
S21401A12891B0114B0546214614220BA8CDE90943E7
S21401A13803F032F8102209ABCDE900440693CDE9C5
S21401A1480452CDE90252094B09490AA8F2F77AFFE7
S21401A15804460AA821F083FA1CB1A021054826F076
S21401A168F8FE11B030BD00BF002480000044400452
S21401A178916200203A6D040070B5002490B0154B2A
S21401A18805460E46142221460BA8CDE9094303F0DD
S21401A19803F8102209ABCDE9004406933146CDE910
S21401A1A80452CDE902520C4B0AA8F2F74BFF0446BB
S21401A1B80AA821F054FA1CB1BA21084826F0C9FEAB
S21401A1C8099B102B03D0BB21044826F0C2FE10B011
S21401A1D870BD00BF00248000004440043A6D0400AE
S21401A1E830B50D4600218FB0124B0446142209A83B
S21401A1F8CDE9071302F0D0FF102207ABCDE90242E2
S21401A208CDE90042049329460B4B08A8F2F7CEFF86
S21401A218044608A821F023FA1CB1D121074826F0E4
S21401A22898FE079B102B03D0D221044826F091FEF6
S21401A2380FB030BD00248000004440043A6D04008D
S21401A248014B93F95A007047E85300200022034B4C
S21401A2581870034B1970034B1A707047A2620020DE
S21401A268A3620020A16200202DE9F04FDFF890805C
S21401A278064698F800300D4685B0002B3AD04FF6C2
S21401A288FB73984236D84FF0000B1C4FDFF874A0CA
S21401A2983C7898F800305FFA8BF94B459AF800003D
S21401A2A811D9484402AA0DF10601C0B216F0B2F956
S21401A2B8082229460DEB020003F0BAFA0BF1010B4E
S21401A2C80028E6D14C463B78A34208D198F80020EE
S21401A2D8631CDBB29A423B7004BF00233B703246D4
S21401A2E829469AF800301C44E0B205B0BDE8F04FA4
S21401A2F816F07EBA05B0BDE8F08F00BFA162002057
S21401A308A3620020A26200202DE9F74F06460D46FB
S21401A31814461F464FF0010BDFF8789003F10C0A3C
S21401A32815B903B0BDE8F08F102DA84628BF4FF029
S21401A33810083A46164B5FFA88F152F8040B524554
S21401A34843F8040BF9D101919AF8002011481A70C4
S21401A358002389F80F4089F800B089F80E30FFF716
S21401A368DDFE324601340B480199E4B212F801CBFE
S21401A37810F8013B83EA0C0302F8013C931BDBB29D
S21401A3888B42F3D3A5EB080816461FFA88F5C7E7EC
S21401A398A5620020A46200202DE9F04F9046914660
S21401A3A885B00090981A029383B20193009B0F46DA
S21401A3B8354903F10C0453F8045BA34241F8045BE6
S21401A3C8F9D11B78314E0B7049233370019BF0731A
S21401A3D81B0A3046B373FFF7A1FE0221BB460D46A2
S21401A3E8737888EA030373704FF0000A1DE0C5F11D
S21401A3F81004A9EB0A039BB2A4B29C4228BF1C46D0
S21401A40800231FFA83FCE8186445C0B21FD8254408
S21401A418EDB2A344102D54441FFA84FA05D1002541
S21401A42830460391FFF77AFE0399D145DFD807EB4B
S21401A438080B25B115480391FFF770FE039901290A
S21401A4484FF000050DD00121DDF80490CCE71BF88C
S21401A45803C016F800E001338CEA0E0C06F800C0BB
S21401A468CFE7029B09491F44094B38461C78224608
S21401A47803F022F82A4621463846009B05B0BDE877
S21401A488F04FFFF741BF00BFA5620020A46200207D
S21401A4981F6D002030B540780C4601284FF0110397
S21401A4A887B001F1100516D1144A01A90AF08CFFEC
S21401A4B8234601AC224618685968083303C2AB42E2
S21401A4C81446F7D111230D4A002001A90AF07CFF92
S21401A4D8002007B030BD0120094A01A90AF074FF1F
S21401A4E8234601AC224618685968083303C2AB42B2
S21401A4F81446F7D11123024AE6E700BF75E40100C6
S21401A50879EB010030B50C46407887B001284FF04A
S21401A51811030DBF0B4A0C4A012001A918BF01A956
S21401A5280AF052FF234601AA05AD144603CCAC42F5
S21401A53818605960224603F10803F6D1002007B0D7
S21401A54830BD00BF75E4010079EB010010B50C467B
S21401A55888B01A230C4A01A901200AF035FF2146C2
S21401A5680DF10E0304F1100251F8040B914243F861
S21401A578040BF9D11A230020034A01A90AF024FF83
S21401A588002008B010BD00BF24E10100F0B58BB073
S21401A59804460D4622F072FBA8B101A813F00CFE82
S21401A5A888B1667B271D16F0020F05D008223846AB
S21401A5B801A903F03DF9D0B901AB46F0020603CB79
S21401A5C86060796066731A230A4A03A901200AF0B3
S21401A5D8FBFE29460DF116030DF1260253F8040B6E
S21401A5E8934241F8040BF9D100200BB0F0BD2D20A1
S21401A5F8FBE700BF24E10100F0B50546071D002270
S21401A6080C463846082193B022F0CAFA6A7B0646F9
S21401A618D0070BD5687808A920F03EFEDDF83D3056
S21401A6286B60DDF841307B6080B10BE0910709D59E
S21401A638D2000121384602F0800220F03AFEFF28B7
S21401A648687002D12D2013B0F0BDD6B1687801A983
S21401A65820F0B7FD9DF81C305B0604D54FF4C67193
S21401A6680A4826F076FC234603AD07AC2A4603CAF9
S21401A678A24218605960154603F10803F6D1002076
S21401A688E1E708A920F008FECEE700BFB86D040090
S21401A6982DE9F04106468AB01F480F4615460024A4
S21401A6A8FFF730FD002C01A914BF4FF05C0C4FF0EA
S21401A6B8360C10238846184A12F8010B013B8CEA1F
S21401A6C8000013F0FF0301F8010BF5D105A823F0EC
S21401A6D8CDF84246102105A823F0CCF8C4B939466E
S21401A6E8324605A823F02EF92A460DF1140C0DF171
S21401A6F8240E634603CB7345106051609C4602F1F5
S21401A7080802F6D114B10AB0BDE8F0810124C9E700
S21401A7182A461021E5E700BFD46200202DE9F0475C
S21401A72891460D46C0B09DF82041DDF828811E46A9
S21401A738DFF87CA09DF82431074622464946404664
S21401A7488AF8003002F0B8FE9DB1234632464146EB
S21401A7583846FFF721FEB44207D9A11B3B46012222
S21401A76889B208EB0600FFF7CFFD002040B0BDE830
S21401A778F087A11B3B46012289B208EB0600FFF7CA
S21401A788C3FD22464146684602F096FE32466946B1
S21401A79838462346FFF700FE9AF800200DEB040121
S21401A7A809EB040003F044F80028DED02C20DDE78E
S21401A7B81F6D002038B50346104601F1100451F804
S21401A7C8045BA14242F8045BF9D104491BB1FFF7C7
S21401A7D8D3FC002038BDFFF703FDFAE7D46200205A
S21401A7E830B5054689B0694620F060FB6B8804AC35
S21401A7F8ABB122462946684620F0F8FA0E4A08AD5B
S21401A808234603CBAB42106051601C4602F1080296
S21401A818F6D10948FFF76AFC002009B030BD6B463F
S21401A828054D1A4603CAA24228606960134605F117
S21401A8380805F6D1EDE700BFD462002050B10B4BF6
S21401A8480B4A03F1100153F8040B8B4242F8040B30
S21401A858F9D17047064B054A03F1100153F8040B6A
S21401A8688B4242F8040BF9D1704700BFD46200202E
S21401A878B462002008B51022024802F0DFFC00206E
S21401A88808BD00BFC462002008B508461022024968
S21401A89802F0D4FC002008BDC462002010B50446AE
S21401A8A886B001A9114A112301200AF08DFD9DF8F1
S21401A8B8143001A8E37023F0CFFB80F001000C4AA6
S21401A8C801A96070112301200AF07EFD9DF814305D
S21401A8D801A8A37023F0C0FB80F00100207011F0DE
S21401A8E8F7FF6060002006B010BD00BF75E40100E8
S21401A8F879EB010010B5044686B01123134A0120EE
S21401A90801A90AF061FDA3789DF814209A4207D0A0
S21401A9188DF81430002011230C4A01A90AF054FDC1
S21401A92811230B4A012001A90AF04EFDE3789DF890
S21401A93814209A4207D08DF8143000201123044AB7
S21401A94801A90AF041FD06B010BD00BF79EB010070
S21401A95875E401002DE9F04186B0064603A80C46C9
S21401A96814F078FC054600284AD1BDF80C30980644
S21401A97846D510222946204602F00EFC01A813F0FF
S21401A9881BFCC0B1777B06F1040817F0020F06D04E
S21401A9980822404601A902F04BFF00282ED101AB40
S21401A9A847F0020703CB7060C8F804107773238852
S21401A9B843F008032380238843F00203238012F020
S21401A9C8CBFF606022F05AF930B10E4B1B68A360CA
S21401A9D8238843F0040323800B4B1A68D1035EBF18
S21401A9E8238843F010032380130203D5238843F4F6
S21401A9F800632380284606B0BDE8F0812D25F9E7D7
S21401AA082425F7E72C4700203047002010B5D0E969
S21401AA18023253F8223090B01C684022694620461C
S21401AA2820F0ADFC034630B1224600200549FDF76B
S21401AA38C1FE10B010BD012269460820FDF764FE6C
S21401AA48F7E700BF4E6E040070B500F0B1F80028B5
S21401AA580CBF6E22792200201349FDF7ABFE00F0E9
S21401AA68A7F8F0B120F09FFC00280CBF6E227922CF
S21401AA7800200E49FDF79EFE082200200C49FDF72E
S21401AA8899FE00250B4C0C4E234654F8042C3146EF
S21401AA9800200335FDF78EFE182D04F10C04F3D1C2
S21401AAA870BD3F22E4E700BF866E04009D6E040079
S21401AAB8AD6E040054480020CC6E040070B520F03A
S21401AAC857FC044621490020FDF774FE2CB92046A0
S21401AAD8BDE870401E49FDF76DBE00F0BBF805469F
S21401AAE81C4B62690020002A08BF1A461A492668C4
S21401AAF8FDF760FEA28800201849FDF75BFE18499D
S21401AB08E2880020FDF756FEA388228913F010007C
S21401AB181ABF002013491449FDF74CFEE2680020CD
S21401AB281249FDF747FE226900201149FDF742FE4A
S21401AB38104A114B0020B6F5817F38BF13460F49DE
S21401AB482A46BDE87040FDF735BE00BF016F040018
S21401AB580E6F0400FE3D04002F6F04004D6F0400C5
S21401AB686E6F04008B6F0400A86F0400C66F0400A4
S21401AB78E46F0400F96E0400EF6E0400027004002E
S21401AB8838B5014600230C25084A05FB03F4A0182E
S21401AB981459013404D10C2202F050FB002038BDB0
S21401ABA80133082BF1D10120F9E700BF50480020F6
S21401ABB8034B1878012894BF00200120704700BF76
S21401ABC8E662002038B50446044D2878A04203D032
S21401ABD8214620F0ADFB2C7038BD00BFE662002090
S21401ABE800B58FB03422002101A802F0D5FA01A8D9
S21401ABF8EEF7D2FC0598D0B182680E4BB2F5803FCD
S21401AC0834BF92B2C2F38F2241881A81028828BFC4
S21401AC1841F010011A6042689980DA80C268DA60E9
S21401AC2802691A6142695A61027E18461A760FB09D
S21401AC385DF804FBD4470020054B1B7820B1012B97
S21401AC4804D80220FFF7BEBF012BFBD8704700BF10
S21401AC58E662002010B5084C237853B920F088FB2B
S21401AC680123237028B10368B3F5817F24BF037ECF
S21401AC782370207810BD00BFE562002070B5184B20
S21401AC881B78012B2BD820F056FB164D0246164989
S21401AC980020FDF78FFD0120FFF7CEFF2E78FF2E4F
S21401ACA81DD1FFF79DFFC8B1848860223146C4F3E1
S21401ACB840040E482C7002F06FFA602231460C48A8
S21401ACC802F06AFA5CB1FFF7C5FF042807D9BDE8A8
S21401ACD8704040F22B11074826F03BB9287070BD2A
S21401ACE8E6620020206D00202570040050480020F0
S21401ACF8F0470020377004002DE9F04FDFF8849202
S21401AD088DB003AB07468846144699E8070083E8E2
S21401AD180700FFF7B3FFFFF79DFF944B06461D7824
S21401AD284B46012D40F07081012840F27281B7FB35
S21401AD38F0F200FB1272002A00F06B818C490022A7
S21401AD488B46D1F800C0BCF1FF3F04D0087A6044B6
S21401AD58874200F019810132082A01F10C01F0D16D
S21401AD6893E8070006AE0DF1240A86E807008AE88C
S21401AD780700FFF76FFFB7FBF0FB00FB1B7BA0EBA1
S21401AD880B094A46414606460AA809978DF82C90AB
S21401AD9802F092FB00224FF00C0E764902E00132D7
S21401ADA8082A0ED00EFB02F000EB010C0858013001
S21401ADB8F5D19AE807008CE807006F490A7801324E
S21401ADC80A70A14504DD4FF4E2716C4826F0C1F81B
S21401ADD8A41B5C444F44A1B217FA84F4B4FBF6F200
S21401ADE806FB1242C8448E1A91B1A41A08EB060152
S21401ADF807A88DF82020069402F05EFB06A8FFF748
S21401AE08BFFEFF2804D140F2D9115C4826F0A1F80C
S21401AE18B6B2B6B10320FFF7D5FE802E0AD8324661
S21401AE284146574802F048FB32463846544920F016
S21401AE388AFA05460220FFF7C5FE28460DB0BDE88A
S21401AE48F08F0025F9E74FF40E714C4826F081F88B
S21401AE58464B1B78012B00F0E380002C36D00320EC
S21401AE68FFF7B0FE802C2FD822464146444802F010
S21401AE7823FB22463846424920F065FA0546022059
S21401AE88FFF7A0FEDFF8F09099F8003093B1039C25
S21401AE98FFF7E0FE374B002798461A68511C04D086
S21401AEA8197A411A521A944224D00137082F03F10D
S21401AEB80C03F2D1002DC0D1039B0133C1D003A8E6
S21401AEC8FFF75EFE0546B8E70125D8E72546D9E728
S21401AED840F26D21294826F03CF8012524E0012D91
S21401AEE830D0802E2FD832462549039820F02BFAE9
S21401AEF8054628E0002DA0D10C247C4308EB04036A
S21401AF089DF814A093F808B00AEB0B03802BDFDC3E
S21401AF181B4B524604A9184602F0CEFA211D5A4682
S21401AF284144504402F0C8FA0C2303FB07839DF8FA
S21401AF3814201B7A13449E42D1D040F273210F4845
S21401AF4826F007F801250220FFF73CFE99F80030A5
S21401AF5813B1013B89F800304FF0FF3308EB0402C8
S21401AF6848F80430C2E9013367E700BF206D0020C6
S21401AF7850480020F0470020E462002037700400A3
S21401AF88544700201CBD04004FF00C0A0AFB02B30C
S21401AF98187AA6EB00095FFA89F9A14501D35FFA89
S21401AFA884F90AFB02FA0AF1040528444A4641468E
S21401AFB8584402F081FA0BEB0A031A7AA4EB090447
S21401AFC84A44D2B2B242A4B21A7219D103200193EA
S21401AFD8FFF7F8FD32460BEB05015BF80A0020F097
S21401AFE8B2F905460220FFF7EDFD4FF0FF32019B4F
S21401AFF84BF80A20C3E90122002D7FF41EAFC8448E
S21401B008002C3FF41EAF4F44104B1B78012B7FF4E6
S21401B01824AFB7FBF6F306FB1373002B7FF413AFCD
S21401B028E319B3FBF6F506FB1535002D3FF415AF0E
S21401B038641B5B1B08EB04012A4604A80393A4B20D
S21401B04802F03AFA8DF8145007E700BF206D002089
S21401B05870B5134B1B78012B0CD1FFF70FFE00269A
S21401B068104D55F8043C013306D10336182E05F168
S21401B0780C05F6D1002411E00320FFF7A3FD55F8CF
S21401B088044CFFF7E7FD29460246204620F05BF907
S21401B09804460220FFF796FD002CE6D0204670BD38
S21401B0A8206D00205448002070B505460C46FFF771
S21401B0B8E5FD0520FFF786FD2146284620F051F9D3
S21401B0C806460220FFF77EFD00220A4B2C4419682B
S21401B0D8481C08D0A94206D3A1423EBF4FF0FF3113
S21401B0E8C3E9001199600332182A03F10C03EED163
S21401B0F8304670BD50480020D0E9023253F822305D
S21401B10810B51C68204600F095FA28B12146BDE81E
S21401B1181040024800F022BF10BD00BFB570040001
S21401B12808B5D0E9023253F82230186800F06CF9F5
S21401B13820B1BDE80840024800F010BF08BD00BFB6
S21401B148D77004002DE9F041D0E9023253F82210F5
S21401B15803EB82035B680F681D789AB0642D04D9E7
S21401B1686421114800F0FAFE64252A46384601A9EA
S21401B17800F002F9044698B90C4800F0EFFEDFF833
S21401B188348001AE013DA54202DC1AB0BDE8F0816B
S21401B1983919404616F8012B00F0E0FE0134F2E7B3
S21401B1A8034800F0DBFEF0E7FA7004001A710400A9
S21401B1B844710400317104002DE9F04700252D4F34
S21401B1C8DFF8E080DFF8E0908CB0284603A900F0AD
S21401B1D8EFF810B10CB0BDE8F087049B2946039A36
S21401B1E80093384600F0BAFE404600F0B7FE0599CF
S21401B1F810290CD810290CD8DFE801F00F14320BEF
S21401B208340B0B0B360B0B0B0B0B0B0B3A002029D5
S21401B2182CD0194800F0A2FE07E0184800F09EFE60
S21401B2280135D2E7164800F099FE0699484600F01F
S21401B23895FE0799134800F091FE134800F08EFE1C
S21401B2481024DFF868A00DF11F06504616F8011FF6
S21401B258013C00F083FE14F0FF04F6D10B48DDE74D
S21401B2680B48E0E70B48DEE70B48DCE70B48DAE774
S21401B2780B48D8E75F71040004720400B471040037
S21401B288C47104002A72040042720400FE16040007
S21401B298CC710400D4710400DD710400E871040067
S21401B2A8FF710400A37104001372040053720400B2
S21401B2B810B50B4C8EB023785BB9EEF7E7F801466C
S21401B2C850B9012301A82370EEF766F9054B049AD5
S21401B2D81A6020780EB010BD034800F03FFEF8E76C
S21401B2E8E7620020244B00205972040000B58FB095
S21401B2F8FFF7DEFF002829D001A8EEF74DF9059BD8
S21401B3081448198800F02AFE059B13485969134BFF
S21401B318002908BF194600F021FE059B10485988E8
S21401B32800F01CFE059B0F48196900F017FE059BE7
S21401B3380D48D96800F012FE059B0C48197E00F0EE
S21401B3480DFE0B4B0B48196800F008FE0FB05DF8B0
S21401B35804FB00BF96720400A8720400FE3D0400B8
S21401B368BA720400CE720400E2720400F672040097
S21401B378244B00200A73040070B5064615460C4691
S21401B38879B172B1FFF794FF68B121462A46304673
S21401B398EEF70CFA014618B1044800F0DFFD01206B
S21401B3A870BD2120FCE71120FAE700BF1C730400DA
S21401B3B837B505460C46FFF77BFFE0B1114B1B6816
S21401B3C8AB421AD9CCB100212422204601F0E4FE72
S21401B3D8214628461BF0DCFA88B9284601AA04F15A
S21401B3E80801EEF795F920B140F20643C01A18BFD6
S21401B3F8012003B030BD1120FBE72120F9E7012029
S21401B408F7E700BF244B0020F0B593B00546FFF7D9
S21401B4184FFF002845D0254B1A68AA4207D8294667
S21401B4282348013A00F09AFD212013B0F0BD05A883
S21401B438EEF7B2F8284603A91BF0AAFA98BB049AB5
S21401B44822F4FF57C2F30C0327F01F072BB14FF462
S21401B45800532946174800F081FD039E7FB125F069
S21401B46885FD30464FF40051EEF72CFA3346044674
S21401B47806F5005650B9039BF31ABB42EFD32A468A
S21401B48839460D4800F06AFD002406E000902A4679
S21401B4984FF40051094800F061FD201E18BF012035
S21401B4A8C3E71120C1E70120BFE700BF244B0020F6
S21401B4B84A730400F8730400B77404006674040041
S21401B4C810B5044638B1FFF7F3FE30B10020044B3F
S21401B4D81B68236010BD2120FCE71120FAE700BF96
S21401B4E8244B002010B50446FFF7E2FEB0B10C4B22
S21401B4F81A68A24206D821460A48013A00F02EFDEB
S21401B508212010BD25F032FD40F251222046064981
S21401B518EEF7BEF8003818BF0120F2E71120F0E771
S21401B528244B00204A730400D048002010B5044676
S21401B538FFF7BEFE70B121460848EEF7C9F840F29B
S21401B5480323984208D040F2012398420CBF0520F5
S21401B558012010BD1120FCE70020FAE7D0480020A2
S21401B5682DE9F0412D4D04462F68FFF7A1FE00286E
S21401B57851D02968A14207D84A1E2948214600F019
S21401B588EDFC2120BDE8F0812648EEF761F8DFF8EA
S21401B59894800246B0B943462E68964222D1BE42EE
S21401B5A814BF3A4606F1FF3212BB31461D48C8F8A9
S21401B5B80040EEF72DF8014600B31B4800F0CEFC1C
S21401B5C80120DFE72046EEF703F8044638B10146C6
S21401B5D8164800F0C3FC201E18BF0120D2E7EDF77D
S21401B5E80BFEF8E753F8041B8C42DDD00132D4E792
S21401B5F80C499200081D01F021FED6E72968094882
S21401B608EEF726F8044610B101460948D6E7EDF7E5
S21401B618F3FD2046B6E71120B4E700BF244B00200F
S21401B6284A730400B0480020FD740400D374040073
S21401B63830750400F8B50446FFF73AFE002845D0F1
S21401B648234B1A68A24207D821462248013A00F03D
S21401B65885FC21242046F8BD1F4800F07FFC25F014
S21401B66885FC40F251221D492046EEF711F840F2BA
S21401B6780327054625F07AFC184E65B140F20323E8
S21401B6889D421AD02946164800F068FC0124154840
S21401B69800F064FCDEE725F069FC29463046EEF743
S21401B6A817F8B84209D040F20123984203D10E4850
S21401B6B800F054FCE1E70546DFE721460B4800F0B9
S21401B6C84DFC2046FFF74CFF0446E0E71124C1E78E
S21401B6D8244B00204A73040067750400D0480020F4
S21401B6E887750400FE1604000A4A04009F750400C4
S21401B6F80322024B186019615A6370470000025C06
S21401B7083F22034B1A631022DA6103229A637047B9
S21401B7180000025C024AD36B9B07FCD4704700BF4B
S21401B7280000025C044B9B6A13F0240F14BF01202F
S21401B73800208000704700BF0000025C08B5FFF7D4
S21401B748F1FF084BDB6B23F47F4323F0EF03003B49
S21401B75818BF012350EA83001EBF0122024BC3F81B
S21401B768FC2F08BD0000025C00F0FF3F4368182B61
S21401B7780AD0202B1DD0102B2BD1174BD3F804340D
S21401B788DB010AD401207047134BD3F804349A011D
S21401B798F8D50B6843F008030B6003680F4A934219
S21401B7A810D10B6843F040030B6000234360002070
S21401B7B87047094BD3F804345B01E3D50B6843F0B3
S21401B7C80403E9E7064A9342F1D10B6843F0800384
S21401B7D8EAE70720704700BF0000025CE962002024
S21401B7E8E86200200B4607B50749D1F80414C907D3
S21401B7F808D5002100920246084600F043F803B037
S21401B8085DF804FB0120FAE70000025C0B4607B569
S21401B8180749D1F80414C90708D500920121024640
S21401B828002000F02FF803B05DF804FB0120FAE7CA
S21401B8380000025C13B5084CD4F80444640709D523
S21401B848CDE900230B4600210246084600F044F8DD
S21401B85802B010BD0120FBE70000025C13B5084CDE
S21401B868D4F80444640709D5CDE900230B460246FB
S21401B8780121002000F030F802B010BD0120FBE7DE
S21401B8880000025CF0B51C465B6815468DB01A07C9
S21401B898129E1AD1CBB17268934216D10C4B0D4A3F
S21401B8A853F8217009AB07CA83E807001A462946E8
S21401B8B8CDE90533CDE90333CDE90163009447F4B7
S21401B8C880701FF0C1FD0DB0F0BD0720FBE700BF7B
S21401B8D834BD040028BD0400F0B51D4616466A6846
S21401B8E88DB0DDE91273E2B17868824219D15A68DF
S21401B8F8102A16D10C4A09AC52F821C00B4A07CABD
S21401B90884E8070022463146CDE90544CDE90344DB
S21401B918CDE9017400954CF480601FF095FD0DB0DB
S21401B928F0BD0720FBE700BF34BD040028BD0400B6
S21401B93810B50A46044619B1024B00211B68984700
S21401B94810BD00BF3CBD040010B5114C2378580744
S21401B95844BF23F0040323702378990705D500F024
S21401B9685DF8237823F00203237063781BB1002364
S21401B978084A636053600023082106486370FFF78E
S21401B988D7FF2378DA0744BF23F00103237010BDDD
S21401B998284B00202C4B002038B51A4C62782378A7
S21401B9A8022A01D1072B11D0DD0712D52378980773
S21401B9B807D400F02BF82378054643F002032370DA
S21401B9C880B96278237882B15A0716D500252846A9
S21401B9D838BD1BF04FFE2378054643F0010323705C
S21401B9E80028E3D0FFF7B0FFF1E7D907ECD5064901
S21401B9F862604A6002226270E6E743F0040323703D
S21401BA08E4E700BF284B00202C4B00200122024B04
S21401BA18002083F8F0207047344B00202DE9F041D0
S21401BA280A4C002526464FF0010803272046C4F88D
S21401BA381C80277601351FF0F5FD062D04F1280434
S21401BA48F4D1002386F8F030BDE8F081344B0020AD
S21401BA582DE9F04F984691B00B1E0A93B44B9146C8
S21401BA6814BF83469B4600251A9E98F8000070B9B5
S21401BA784D4538BF2A464B464FF000000A9928BF65
S21401BA8809F1FF32D847284611B0BDE8F08F2528BE
S21401BA9808F1010806D02A464B460A996C1CD84775
S21401BAA82546E2E70023414611F8012B2B2A16D03A
S21401BAB80AD8202A16D0232A17D0A2F1300009283E
S21401BAC834D800270A2418E02D2A05D0302AF4D1C4
S21401BAD843F001038846E6E743F00203FAE743F03A
S21401BAE80403F7E743F00803F4E743F01003F1E72C
S21401BAF8884604FB0722A2F13007414611F8012BBC
S21401BB08A2F130000928F3D998F800202E2A52D13C
S21401BB1898F8011008F10102A1F13000092843F450
S21401BB2880633ED800244FF00A0E11E02A2A08D175
S21401BB3856F8047B8846002FBCBF43F002037F42B9
S21401BB48E2E70027E0E702460EFB0411A1F1300404
S21401BB58104610F8011BA1F1300CBCF1090FF2D9FF
S21401BB689046424612F8011B6C292DD025D8682923
S21401BB7833D06A293BD04246904618F8010B67280D
S21401BB8860D8572836D8452808D084D9462800F0E2
S21401BB98188147287FF47FAF43F4006343F02003FE
S21401BBA827E12A2906D156F8044B08F1020824EAA7
S21401BBB8E474D6E790460024D3E7742901D07A299D
S21401BBC8D9D143F48073D7E798F801106C29F8D1D6
S21401BBD843F4407308F10202CEE798F80110682989
S21401BBE802D043F08003C7E743F0C003F2E743F40B
S21401BBF80073C1E7A0F158020F2A3FF64CAF01A126
S21401BC0851F822F0ADBC01009FBA01009FBA0100AD
S21401BC189FBA01009FBA01009FBA01009FBA0100AE
S21401BC289FBA01009FBA01009FBA0100ADBC01008E
S21401BC3819BE0100ADBC0100EFBD0100CFBD01007A
S21401BC48EFBD0100A0F16901C9B20F293FF623AF84
S21401BC58012249F2410C8A4012EA0C0218D10A293B
S21401BC6800F0158107297FF416AF43F021030593E9
S21401BC780823CDE903431023CDE9012356F8043BF5
S21401BC882A46009358464B460A991FF0BBFDA8E082
S21401BC986F2800F05E8110D9782808D1102223F089
S21401BCA80C0310E0582839D0622800F054810A2283
S21401BCB823F01003642806D0F1E769284FF00A023A
S21401BCC823F01003F6D1590548BF23F0010369286C
S21401BCD803F4007101D0642840D111B3073626F069
S21401BCE80706B24670685AF8081BCDE907730023A1
S21401BCF80593C30F0028029306940B46049202DAB2
S21401BD084B4260EB4000CDE900304B462A46584688
S21401BD180A991FF0B9FD05465646A6E643F02003E4
S21401BD28BCE7D90506F1040A04D5316805E000BF69
S21401BD386FB6030058060CD53178CDE90224CDE953
S21401BD48047300294FEAD1730193B8BF49420091A1
S21401BD5820E01906E9D5B6F90010EEE779B1CDE984
S21401BD6807730023CDE9042306F1070A2AF0070A18
S21401BD7806940293FAE80223CDE90023C5E7D8051D
S21401BD8806F1040A0DD5CDE90473CDE90224019123
S21401BD98336800934B462A4658460A991FF032FDE7
S21401BDA8B9E7590607D53178CDE904730023CDE9FB
S21401BDB802240193CBE7316813F0800F18BF89B2CC
S21401BDC8F2E743F02003CDE90173073626F00706AC
S21401BDD80094B6EC020B4B462A4658460A99EAF7EF
S21401BDE8F7FC054641E600F0DF00472801D143F499
S21401BDF80063CDE90173073626F007060094B6EC12
S21401BE08020B4B462A4658460A99EAF725FBE8E705
S21401BE1813F0020426D04FF0010A6B1C0B932A4636
S21401BE284B460A9916F8040BD84774B354460B9A2E
S21401BE3821E04B4620200A99D8470AEB05020AF169
S21401BE48010A5745F5D83A1E18BF0122002A07F1FC
S21401BE58FF3308BF002307F1010A1D4408BF4FF04E
S21401BE68020ADAE7A246E8E7551C4B4620200A995B
S21401BE78D8472A460134BC42F6D3A7EB0A035745EE
S21401BE8838BF00230B9A1A440B920B9DEDE53246F8
S21401BE98002C52F8046B14BF21464FF0FF310B9269
S21401BEA832463144107808B1914211D1A2EB060A04
S21401BEB813F480620C9202D0A24528BFA24613F062
S21401BEC802030D931BD1AAEB05032A460F9308E03C
S21401BED80132E7E7531C0E9320204B460A99D847B0
S21401BEE80E9A0F9BD318BB42F4D3A7EB0A03574508
S21401BEF838BF00230AF101021D4403EB020AAB1BFB
S21401BF080E9304E01C464B462A460A99D8470E9BD0
S21401BF18F51816F8010B28B10C9B002BF3D0631EFD
S21401BF28002CEFD10D9B93B12A46AAEB050405E038
S21401BF38561C4B4620200A99D84732461319BB424D
S21401BF48F6D3A7EB0A03574538BF00231D440B9EBB
S21401BF588BE50822A3E60222A1E600BF0FB41FB5AF
S21401BF6806AA52F8043B02A90392009204484FF02D
S21401BF78FF32FFF76DFD05B05DF804EB04B07047BE
S21401BF8831B903001FB5034600914FF0FF3203A9EC
S21401BF980248FFF75DFD05B05DF804FB31B9030003
S21401BFA81FB5CDE90201009302A9134603484FF0D5
S21401BFB8FF32FFF74DFD05B05DF804FB39B9030004
S21401BFC81FB5094B094A1868094B01A91860094B9E
S21401BFD81360094A0192094A1268CDE902231BF047
S21401BFE86CFB05B05DF804FB38690020683C00204E
S21401BFF86C3C00202C69002008AC0400E44E0020AC
S21401C008014B18681BF06DBB3869002038B5F1F78D
S21401C01827FF0446064D2B68D3F8B002F1F714FF44
S21401C02828681BF071FB2046BDE83840F1F70CBFC5
S21401C0383869002010B5234CF0F702F8F0F70EF92E
S21401C048236F012023F0070343F003032367F0F768
S21401C0582FF91D4B00209B6A9B075EBF01221B4BD5
S21401C0689A62D4F8203123F0030343F00203C4F89C
S21401C0782031D4F8243123F0070343F00203C4F82F
S21401C0882431D4F8403123F0030343F00103C4F804
S21401C0984031D4F8603123F0030343F00103C4F8B8
S21401C0A86031D4F8403223F0030343F00103C4F8A7
S21401C0B84032D4F8003223F0070343F00103C4F8F2
S21401C0C8003210BD0080005000C0005000E0005053
S21401C0D8064B1B681A7A022A01D81AB97047032A2E
S21401C0E800D070471B68024A136070473C690020FD
S21401C0F8E44E00200022024B5A60DA601A6070474C
S21401C108E84E002008B501F011FD0022014B1A7017
S21401C11808BD00BFEA6200200A4601491FF070BC4C
S21401C12859D504000A4601491FF06ABC54D50400D3
S21401C1380A4601491FF064BC4DD504000A46014968
S21401C1481FF05EBC4AD504000A4601491FF058BCD8
S21401C15847D504000A4601491FF052BC42D50400DF
S21401C1680A4601491FF04CBC3DD504000A46014960
S21401C1781FF046BC38D504000A4601491FF040BCEA
S21401C18831D5040081F0004102E000BF83F000438E
S21401C19830B54FEA41044FEA430594EA050F08BF54
S21401C1A890EA020F1FBF54EA000C55EA020C7FEA18
S21401C1B8645C7FEA655C00F0E2804FEA5454D4EB95
S21401C1C85555B8BF6D420CDD2C4480EA020281EA5F
S21401C1D8030382EA000083EA010180EA020281EA97
S21401C1E80303362D88BF30BD11F0004F4FEA0131E9
S21401C1F84FF4801C4CEA113102D0404261EB4101F8
S21401C20813F0004F4FEA03334CEA133302D052427D
S21401C21863EB430394EA050F00F0A780A4F1010439
S21401C228D5F1200E0DDB02FA0EFC22FA05F2801873
S21401C23841F1000103FA0EF2801843FA05F3594159
S21401C2480EE0A5F120050EF1200E012A03FA0EFCD8
S21401C25828BF4CF0020C43FA05F3C01851EBE37102
S21401C26801F0004507D54FF0000EDCF1000C7EEB1F
S21401C27800006EEB0101B1F5801F1BD3B1F5001F5D
S21401C2880CD349085FEA30004FEA3C0C04F101047C
S21401C2984FEA445212F5800F80F09A80BCF1004FA5
S21401C2A808BF5FEA500C50F1000041EB045141EA27
S21401C2B8050130BD5FEA4C0C404141EB0101013CF0
S21401C2C828BFB1F5801FE9D291F0000F04BF0146DF
S21401C2D80020B1FA81F308BF2033A3F10B03B3F1B1
S21401C2E820020CDA0C3208DD02F1140CC2F10C0241
S21401C2F801FA0CF021FA02F10CE002F11402D8BF9F
S21401C308C2F1200C01FA02F120FA0CFCDCBF41EA6A
S21401C3180C019040E41AA2BF01EB0451294330BD39
S21401C3286FEA04041F3C1CDA0C340EDC04F1140416
S21401C338C4F1200220FA04F001FA02F340EA0300ED
S21401C34821FA04F345EA030130BDC4F10C04C4F133
S21401C358200220FA02F001FA04F340EA0300294613
S21401C36830BD21FA04F0294630BD94F0000F83F45D
S21401C378801306BF81F480110134013D4EE77FEA40
S21401C388645C18BF7FEA655C29D094EA050F08BF8C
S21401C39890EA020F05D054EA000C04BF194610466D
S21401C3A830BD91EA030F1EBF0021002030BD5FEAB1
S21401C3B8545C05D14000494128BF41F0004130BDD9
S21401C3C814F580043CBF01F5801130BD01F000452D
S21401C3D845F0FE4141F470014FF0000030BD7FEAA0
S21401C3E8645C1ABF194610467FEA655C1CBF0B469B
S21401C3F8024650EA013406BF52EA033591EA030FB2
S21401C40841F4002130BD00BF90F0000F04BF0021A9
S21401C418704730B54FF4806404F132044FF00005DC
S21401C4284FF0000150E700BF90F0000F04BF002155
S21401C438704730B54FF4806404F1320410F00045BB
S21401C44848BF40424FF000013EE700BF42004FEAB6
S21401C458E2014FEA31014FEA02701FBF12F07F4333
S21401C46893F07F4F81F06051704732F07F4208BFEA
S21401C478704793F07F4F04BF41F40021704730B5F1
S21401C4884FF4607401F0004521F000411CE700BF3D
S21401C49850EA010208BF704730B54FF000050AE0C0
S21401C4A850EA010208BF704730B511F0004502D5C1
S21401C4B8404261EB41014FF4806404F132045FEAC3
S21401C4C8915C3FF4D8AE4FF003025FEADC0C18BF6C
S21401C4D803325FEADC0C18BF033202EBDC02C2F15E
S21401C4E8200300FA03FC20FA02F001FA03FE40EAF0
S21401C4F80E0021FA02F11444BDE600BF70B54FF0F4
S21401C508FF0C4CF4E06C1CEA11541DBF1CEA1355D1
S21401C51894EA0C0F95EA0C0F00F0DEF82C4481EA39
S21401C528030621EA4C5123EA4C5350EA013518BF59
S21401C53852EA033541F4801143F4801338D0A0FB46
S21401C54802CE4FF00005E1FB02E506F00042E0FBF3
S21401C55803E54FF00006E1FB03569CF0000F18BFF9
S21401C5684EF0010EA4F1FF04B6F5007F64F54074A1
S21401C57804D25FEA4E0E6D4146EB060642EAC62134
S21401C58841EA55514FEAC52040EA5E504FEACE2EA1
S21401C598B4F1FD0C88BFBCF5E06F1ED8BEF1004FA4
S21401C5A808BF5FEA500E50F1000041EB045170BD20
S21401C5B806F0004646EA010140EA020081EA030164
S21401C5C8B4EB5C04C2BFD4EB0C0541EA045170BD60
S21401C5D841F480114FF0000E013C00F3AB8014F1DA
S21401C5E8360FDEBF002001F0004170BDC4F1000423
S21401C5F8203C35DA0C341BDC04F11404C4F12005A4
S21401C60800FA05F320FA04F001FA05F240EA0200FE
S21401C61801F0004221F0004110EBD37021FA04F634
S21401C62842EB06015EEA430E08BF20EAD37070BDEE
S21401C638C4F10C04C4F1200500FA04F320FA05F04D
S21401C64801FA04F240EA020001F0004110EBD3704F
S21401C65841F100015EEA430E08BF20EAD37070BDBF
S21401C668C4F1200500FA05F24EEA020E20FA04F398
S21401C67801FA05F243EA020321FA04F001F0004147
S21401C68821FA04F220EA020000EBD3705EEA430EB8
S21401C69808BF20EAD37070BD94F0000F0FD101F0E7
S21401C6A80046400041EB010111F4801F08BF013C20
S21401C6B8F7D041EA060195F0000F18BF704703F05E
S21401C6C80046520043EB030313F4801F08BF013DE5
S21401C6D8F7D043EA0603704794EA0C0F0CEA1355A1
S21401C6E818BF95EA0C0F0CD050EA410618BF52EA5B
S21401C6F84306D1D181EA030101F000414FF0000061
S21401C70870BD50EA410606BF1046194652EA43066E
S21401C71819D094EA0C0F02D150EA013613D195EAE2
S21401C7280C0F05D152EA03361CBF104619460AD12A
S21401C73881EA030101F0004141F0FE4141F4700134
S21401C7484FF0000070BD41F0FE4141F4780170BD24
S21401C75870B54FF0FF0C4CF4E06C1CEA11541DBF89
S21401C7681CEA135594EA0C0F95EA0C0F00F0A7F88B
S21401C778A4EB050481EA030E52EA03354FEA0131B8
S21401C78800F088804FEA03334FF0805545EA1313CB
S21401C79843EA12634FEA022245EA111545EA106593
S21401C7A84FEA00260EF000419D4208BF964244F12A
S21401C7B8FD0404F5407402D25B084FEA3202B61A49
S21401C7C865EB03055B084FEA32024FF480104FF41D
S21401C7D8002CB6EB020E75EB030E22BFB61A754691
S21401C7E840EA0C005B084FEA3202B6EB020E75EB24
S21401C7F8030E22BFB61A754640EA5C005B084FEA8C
S21401C8083202B6EB020E75EB030E22BFB61A754658
S21401C81840EA9C005B084FEA3202B6EB020E75EB63
S21401C828030E22BFB61A754640EADC0055EA060E24
S21401C83818D04FEA051545EA16754FEA06164FEA67
S21401C848C30343EA52734FEAC2025FEA1C1CC0D113
S21401C85811F4801F0BD141EA00014FF000004FF0A0
S21401C868004CB6E711F4801F04BF01430020B4F161
S21401C878FD0C88BFBCF5E06F3FF6AFAEB5EB030C19
S21401C88804BFB6EB020C5FEA500C50F1000041EB16
S21401C898045170BD0EF0004E4EEA113114EB5C04E3
S21401C8A8C2BFD4EB0C0541EA045170BD41F48011B6
S21401C8B84FF0000E013C90E645EA060E8DE60CEABE
S21401C8C8135594EA0C0F08BF95EA0C0F3FF43BAFDB
S21401C8D894EA0C0F0AD150EA01347FF434AF95EA92
S21401C8E80C0F7FF425AF104619462CE795EA0C0F76
S21401C8F806D152EA03353FF4FDAE1046194622E743
S21401C90850EA410618BF52EA43067FF4C5AE50EA1C
S21401C91841047FF40DAF52EA43057FF4EBAE12E70C
S21401C9284FF0FF3C06E000BF4FF0010C02E000BFED
S21401C9384FF0010C4DF804CD4FEA410C7FEA6C5CD0
S21401C9484FEA430C18BF7FEA6C5C1BD001B050EA73
S21401C958410C0CBF52EA430C91EA030F02BF90EA5E
S21401C968020F0020704710F1000F91EA030F58BF1D
S21401C978994208BF90422CBFD8176FEAE37040F07F
S21401C988010070474FEA410C7FEA6C5C02D150EA1D
S21401C998013C07D14FEA430C7FEA6C5CD6D152EAD8
S21401C9A8033CD3D05DF8040B704700BF844610469D
S21401C9B862468C461946634600E000BF01B5FFF79C
S21401C9C8B7FF002848BF10F1000F01BD4DF808ED6C
S21401C9D8FFF7F4FF0CBF012000205DF808FB00BF3D
S21401C9E84DF808EDFFF7EAFF34BF012000205DF897
S21401C9F808FB00BF4DF808EDFFF7E0FF94BF0120E4
S21401CA0800205DF808FB00BF4DF808EDFFF7CEFFE4
S21401CA1894BF012000205DF808FB00BF4DF808ED23
S21401CA28FFF7C4FF34BF012000205DF808FB00BFF4
S21401CA384FEA410212F5001215D211D56FF4787338
S21401CA48B3EB625212D94FEAC12343F0004343EADB
S21401CA58505311F0004F23FA02F018BF40427047B6
S21401CA684FF00000704750EA013005D111F0004040
S21401CA7808BF6FF0004070474FF00000704700BFD6
S21401CA884A0011D212F5001211D20DD56FF478733F
S21401CA98B3EB62520ED44FEAC12343F0004343EA94
S21401CAA8505323FA02F070474FF00000704750EADF
S21401CAB8013002D14FF0FF3070474FF00000704749
S21401CAC853B94AB9002908BF00281CBF4FF0FF31E7
S21401CAD84FF0FF3000F08CB9ADF1080C6DE904CECB
S21401CAE800F006F8DDF804E0DDE9022304B070473B
S21401CAF82DE9F04F099D0E4604460F46002B47D1F7
S21401CB088A429446B2FA82F35AD943B102FA03FC2E
S21401CB18C3F120029F409C4020FA02F217434FEAD5
S21401CB281C461FFA8CFE220CB7FBF6F106FB1177A2
S21401CB3801FB0EF042EA0742904208D91CEB0202BA
S21401CB4801F1FF3702D2904200F23C813946121AAF
S21401CB58A4B2B2FBF6F006FB102200FB0EFE44EA76
S21401CB680244A64508D91CEB040400F1FF3202D2A0
S21401CB78A64500F22A81104640EA0140A4EB0E04BD
S21401CB8800211DB1DC400023C5E90043BDE8F08F54
S21401CB988B4205D90DB1C5E9000100210846F5E724
S21401CBA8B3FA83F100294FD1B342C0F00281824221
S21401CBB840F2FF800846002DE8D0C5E90047E5E7C2
S21401CBC8002B40F0AF808A1A4FEA1C4E1FFA8CF7EA
S21401CBD80121B2FBFEF60EFB1620220C42EA0042A9
S21401CBE807FB06F090420FD91CEB020206F1FF384C
S21401CBF82CBF4FF001094FF00009904203D9B9F153
S21401CC08000F00F0DC804646121AA4B2B2FBFEF012
S21401CC180EFB102200FB07F744EA0244A7420FD98D
S21401CC281CEB040400F1FF322CBF4FF0010E4FF04D
S21401CC38000EA74203D9BEF1000F00F0C9801046C6
S21401CC48E41B40EA06409CE7C1F120048B4006FA43
S21401CC5801FC00FA01FE22FA04F7E6408A401F4367
S21401CC6820FA04F34FEA174843EA0C031FFA87FC35
S21401CC784FEA1349B6FBF8F008FB106649EA064680
S21401CC8800FB0CF9B1450ED9BE1900F1FF3A2CBFCD
S21401CC984FF0010B4FF0000BB14503D9BBF1000F64
S21401CCA800F0A2805046A6EB09061FFA83F9B6FBE8
S21401CCB8F8F308FB136603FB0CFC49EA0646B44581
S21401CCC80ED9BE1903F1FF382CBF4FF001094FF0FA
S21401CCD80009B44503D9B9F1000F00F08280434634
S21401CCE843EA0040A6EB0C06A0FB028C66454346C9
S21401CCF8E14602D307D1C64505D2B8EB02036CEB71
S21401CD08070C0138E1465DB1BEEB030266EB090686
S21401CD1806FA04F422FA01F3CE401C43C5E900469C
S21401CD28002133E702FA03FCC3F1200299409C4034
S21401CD38D6404FEA1C4E20FA02F21FFA8CF7B6FBD1
S21401CD48FEF00A430EFB1066110C41EA064100FB91
S21401CD5807F68E420ED91CEB010100F1FF382CBFF5
S21401CD684FF001094FF000098E4202D9B9F1000FC0
S21401CD7834D04046891B92B2B1FBFEF60EFB161163
S21401CD8842EA014206FB07F191420ED91CEB020268
S21401CD9806F1FF382CBF4FF001094FF00009914208
S21401CDA802D9B9F1000F16D04646521A46EA004192
S21401CDB80FE7841A66EB030201201746FBE6023EDC
S21401CDC8624421E702396244C1E664440238D3E684
S21401CDD86444023834E7023E6244E6E702386144B6
S21401CDE8C8E7023B3E447BE702383E445BE700BFA8
S21401CDF8704700BF2DE9F04F924685B089461E461A
S21401CE080D46554A0390294615F8014B135D13F054
S21401CE180803F8D12D2C7CD02B2C4ED04FF0FF31A7
S21401CE2802936FF00043CDE9001336F0100851D095
S21401CE3837464FEAE6783A464346DDE90001FFF70A
S21401CE483FFE002383468E4618461946A44613E03D
S21401CE58ACF13704A6421FDD002B09DB83457EEBC8
S21401CE68010305D38E4508BF83453BD1A24239DA73
S21401CE784FF0FF3315F801CBACF13004092CE9D992
S21401CE88ACF14104192CE3D9ACF16104192C03D88F
S21401CE98ACF15704A642DFDC5A1C2FD0029A12B115
S21401CEA8404261EB4101BAF1000F03D0002B48D193
S21401CEB8CAF8009005B0BDE8F08F4FF0FF30029336
S21401CEC836F010086FF000432C7801F10205CDE921
S21401CED80003ADD1302C25D0002E3AD10A27B04612
S21401CEE83E46A8E700FB08F307FB0133A0FB070152
S21401CEF80B44201843EBE4710123BBE72223039A72
S21401CF081360BAF1000F17D005F1FF39DDE900010A
S21401CF18CEE74FF00047009301232C788D1CCDE90E
S21401CF28017382E72B7803F0DF03582B0CD086B900
S21401CF380827B0463E467EE7DDE9000105B0BDE8B4
S21401CF48F08FCDE90001DFE710276C7802353E4601
S21401CF5871E710273E466EE761D504004AE700BF31
S21401CF6810B4044C13460A46014620685DF8044B83
S21401CF7840E700BF6C69002010B4044C13460A460B
S21401CF88014620685DF8044B34E700BF6C69002051
S21401CF9820F0030110F00300C0F1000051F8043B33
S21401CFA800F1040C4FEACC0C6FF000021CBF22FA09
S21401CFB80CF213434FF0010C4CEA0C2C4CEA0C4CC7
S21401CFC8A3EB0C0222EA030212EACC1204BF51F8C0
S21401CFD8043B0430F4D0C2F1000102EA0102B2FABD
S21401CFE882F2C2F11F0200EBD20070472DE9F0472A
S21401CFF880460C464548264614F801EB10F80EC044
S21401D0081CF0080CF7D1BEF12D0F5BD0BEF12B0F2B
S21401D0183AD0654633F010003ED04FF0FF379A46B7
S21401D028B7FBF3F703FB07F96FEA09090026304651
S21401D0380EE0AEF1370C63451DDD002E04DBB84269
S21401D04802D833D1CC4531DD4FF0FF3614F801EB69
S21401D058AEF1300CBCF1090FEDD9AEF1410CBCF1C3
S21401D068190FE6D9AEF1610CBCF1190F03D8AEF170
S21401D078570C6345E1DC731C1CD005B140420AB16C
S21401D088F6B91160BDE8F08733F0100094F800E0B7
S21401D098654606F10204C0D1BEF1300F17D06BBB4E
S21401D0A80A234FF005091A4F9A46BFE700FB0AC044
S21401D0B80126CBE722233046C8F80030002AE1D003
S21401D0C8611EDEE794F800E00125B41CA2E720788B
S21401D0D800F0DF00582807D083B908234FF0070966
S21401D0E86FF060479A46A1E7102394F801E04FF0E5
S21401D0F80F0902346FF070479A4697E710234FF0EE
S21401D1080F096FF070479A4690E700BF61D5040093
S21401D118999999196AE700BF10B4044C13460A4650
S21401D128014620685DF8044B60E700BF6C69002083
S21401D13810B4044C13460A46014620685DF8044BB1
S21401D14854E700BF6C6900200F4B70B50F4DAB421A
S21401D158A3EB050607D0B6100024013455F8043BA6
S21401D1689847A642F9D80A4D24F006F9094B5E1BE2
S21401D178AB424FEAA60606D00024013455F8043B14
S21401D1889847A642F9D870BD546D0020546D00200A
S21401D198546D0020586D002070B5860747D0541E80
S21401D1A8002A3ED0CAB2034601E0013C39D303F84F
S21401D1B8012B9D07F9D1032C2CD9CDB20F2C05EBE9
S21401D1C8052505EB054535D9A4F1100C03F1100E1C
S21401D1D81A462CF00F064FEA1C1CB644C2E9005545
S21401D1E8C2E9025510327245F8D10CF1010214F069
S21401D1F80C0F04F00F0C03EB021213D0ACF104036E
S21401D20823F003030433134442F8045B9342FBD12F
S21401D2180CF003042CB1C9B21C4403F8011BA34249
S21401D228FBD170BD64461346002CF4D1F9E70346DA
S21401D2381446C0E71A46A446E0E700BF88420ED95E
S21401D2488B1883420BD900EB020C002A6ED062467B
S21401D25813F801CD994202F801CDF9D170470F2A8A
S21401D2680FD8034602F1FF3C002A5FD00CF1010CEF
S21401D278013B8C4411F8012B614503F8012FF9D1C4
S21401D288704740EA01039B0751D1A2F1100301F14F
S21401D298200C70B523F00F0501F1100E00F11004F3
S21401D2A81B09AC445EF8105C0EF1100E103444F8FD
S21401D2B8205C5EF81C5C44F81C5C5EF8185C44F85C
S21401D2C8185C5EF8145CE64544F8145CEAD1013350
S21401D2D812F00C0F02F00F0C01EB031100EB031315
S21401D2E829D0ACF1040C1C1F8E462CF003064FEA1D
S21401D2F89C0C1E445EF8045B44F8045FB442F9D102
S21401D3080CF1010402F0030203EB840301EB840130
S21401D31802F1FF3C4AB10CF1010C013B8C4411F8B7
S21401D328012B614503F8012FF9D170BD704702F151
S21401D338FF3C03469AE76246EAE700BF2DE9F04F4D
S21401D34882468E463F4875461EF801BB10F80B40CC
S21401D35814F00804F7D1BBF12D0F5BD0BBF12B0FEE
S21401D3686FF0004904BF9EF800B005F1020E33F0D5
S21401D378100010D1BBF1300F04D0002B5ED10A2368
S21401D3881F4609E09EF8000000F0DF0058284ED03E
S21401D398002B53D108231F460025B9FBF7F628466C
S21401D3A807FB16980EE0ABF1370C63451DDD002D23
S21401D3B804DB864202D321D1E0451FDA4FF0FF3560
S21401D3C81EF801BBABF1300CBCF1090FEDD9ABF17E
S21401D3D8410CBCF1190FE6D9ABF1610CBCF1190F80
S21401D3E803D8ABF1570C6345E1DC6B1C0AD004B1DA
S21401D3F840420AB1CDB91160BDE8F08F07FB00C005
S21401D4080125DDE72223CAF800305AB10EF1FF31B3
S21401D4184846F0E79EF800B04FF0004905F1020EC5
S21401D4280124A4E74846BDE8F08F8146EEE71023BD
S21401D4389EF801B00EF1020E1F46ADE710231F46F7
S21401D448AAE700BF61D50400242B02D8012B00D01F
S21401D45874E710B500F02EFA16230360002010BDFD
S21401D46810B5242A084C1346246807D8012A05D083
S21401D4780A4601462046BDE810405FE700F01AFA62
S21401D48816230360002010BD6C69002010B5242AFD
S21401D498084C1346246807D8012A05D00A460146CF
S21401D4A82046BDE8104049E700F004FA1623036059
S21401D4B8002010BD6C690020844641EA000313F081
S21401D4C8030349D1403A23D30B6803604B68436092
S21401D4D88B688360CB68C3600B6903614B694361E2
S21401D4E88B698361CB69C3610B6A03624B6A4362CA
S21401D4F88B6A8362CB6AC3620B6B03634B6B4363B2
S21401D5088B6B8363CB6BC36340304031403ADBD2CD
S21401D51830320BD30B6803604B6843608B688360BB
S21401D528CB68C36010301031103AF3D20C3205D3F1
S21401D53851F8043B40F8043B043AF9D2043208D0C7
S21401D548D2071CBF11F8013B00F8013B01D30B8839
S21401D55803806046704700BF082A13D38B07B1D0F3
S21401D56810F00303AED0C3F10403D21ADB071CBFC5
S21401D57811F8013B00F8013BA4D331F8023B20F82F
S21401D588023B9FE7043AD9D3013A11F8013B00F868
S21401D598013BF9D20B7803704B7843708B78837014
S21401D5A860467047024B014618681AF06CBE00BF09
S21401D5B86C690020024B014618681AF067BE00BF66
S21401D5C86C690020CAB384460B4630B50446084346
S21401D5D8800719D09CF800000C78A04212D150B3ED
S21401D5E8012A28D0E64603E01CEB030F23D010B32C
S21401D5F81EF8010F11F8014FA2EB0E03A04203F12A
S21401D608FF33F1D0001B30BD032A07D8E2E7043AFE
S21401D61811D01EF0803F0ED1032A10D92068194672
S21401D62853F8045BA446A0F1013E0434A8422EEA4E
S21401D638000EECD0CEE7002030BD10467047A44659
S21401D6481946C7E780EA010C1CF0030F37D110F022
S21401D658030C20F0030021F0030150F8042B08BF47
S21401D66851F8043B0ED08CF0030C6FF07F434FEA61
S21401D678CC0C23FA0CFC51F8043B42EA0C0243EAB0
S21401D6880C0300BFA2F1013C9A4201BF2CEA020C2E
S21401D6981CF0803F50F8042B51F8043BF2D04FEAB7
S21401D6A802604FEA1222012828BFB0EB036F08BFB9
S21401D6B81B0AF4D003F0FF03000EC01A704710F0DF
S21401D6C8030F0AD010F8012B11F8013B012A28BFD5
S21401D6D89A42F4D0A2EB030070474DF8045D50F867
S21401D6E8042B01F0030521F0030151F8043B022D38
S21401D6F826D04DD822F07F45B5EB132FA2F1013C79
S21401D7082CEA020C0DD11CF0803C08BF51F8043BF2
S21401D7180AD185EA0205B5EB036F0CD150F8042B44
S21401D728E8E74FEA13235BE03CF07F4C54D10B78D3
S21401D7384FEA126554E04FEA126503F0FF034FE023
S21401D7484FEA0245A2F1013C4FEA15452CEA020CC4
S21401D758B5EB134F18D11CF0803C08BF51F8043BB9
S21401D76807D185EA0205B5EB034F09D150F8042B1A
S21401D778E6E75FEA0C4C2FD10B884FEA12452FE0FB
S21401D7884FEA03434FEA12454FEA134328E000BF26
S21401D79802F0FF05B5EB136FA2F1013C2CEA020C6F
S21401D7A80DD11CF0803C08BF51F8043B0AD185EA2C
S21401D7B80205B5EB032F0AD150F8042BE8E74FEA28
S21401D7C813630DE012F0FF0F06D051F8043B4FEA41
S21401D7D8122523F07F4303E04FF0000020BC70477A
S21401D7E805F0FF0203F0FF00012828BF904204BF9E
S21401D7F82D0A1B0AF4D0A2EB000020BC704700BF1C
S21401D80808B5064B044613B1002100F0AFF8044BE7
S21401D8181B6803B19847204619F02BF975D9010002
S21401D82830500020002301461A46184600F048B832
S21401D838032A30B415D941EA000484460B46A407E6
S21401D84804D0541E0FE0043A032A08D91946604644
S21401D85853F8044B5CF8045BA542F4D0F1E7604644
S21401D8681946541E7AB1431E0139021901E09A423B
S21401D87809D013F8010F11F801CF6045F7D0A0EBD6
S21401D8880C0030BC7047002030BC704738B5074DD7
S21401D898074C2C1BA41005D0013C55F8043D9847AD
S21401D8A8002CF9D1BDE8384023F06CBD5C6D002032
S21401D8B8586D0020014B1868704700BF6C6900203E
S21401D8C8F0B5264C83B006460F46256805B36C6846
S21401D8D81F2C3FDCA6B1D5F8880048B3D0F8001154
S21401D8E84FF0010C40F82420022E00EB84020CFABB
S21401D8F804FC4CEA0101C0F80011C2F8803010D0CF
S21401D908631C002002346B6045F8247003B0F0BD38
S21401D91813491448216010B10068C1F88800104DF9
S21401D928D5E7D0F8043143EA0C03C0F80431E7E739
S21401D9380D49CDE9002369B14FF48470FFF732FE33
S21401D94840B100216C68C0E94011DDE90023C5F843
S21401D9588800C5E74FF0FF30D8E700BFC050002069
S21401D9683450002000000000ADD501002DE9F04F2D
S21401D978DFF8B49083B0D9F8006096B38846019072
S21401D9887568D6F888706C1E2BD4013507F1800BA4
S21401D99806EB8505B8F1000F26D173682A68013BA6
S21401D9A8A3423BD000232B60BAB1D6F804A05FB3DC
S21401D9B80123D7F80011A3400B4225D0D7F804015C
S21401D9C857F8241003422BD1019890477368D9F869
S21401D9D8002053451ED1B2421CD1013C043D631CB4
S21401D9E8D8D103B0BDE8F08F4FB15BF8243043457A
S21401D9F8D3D0013C043D621CF3D0002FF5D1013C85
S21401DA08EFD3013CFBD2ECE790477368D9F80020C6
S21401DA185345E0D0002AE4D01646B1E77460C3E760
S21401DA2808469047D2E700BFC050002013B5044609
S21401DA3869461EF0D2F820461EF016FAFF2802465E
S21401DA4806D020469DF80010EFF764FA02B010BD24
S21401DA580048FBE70080FFFF2DE9F0418AB001ACE2
S21401DA6805460B462746194A02F1200C2646106839
S21401DA785168083203C662453446F7D1002B08BF01
S21401DA883B46002710681C463060384603F10C06F2
S21401DA9890B95FFA87F84246284621881EF006FBA9
S21401DAA850B942462846E1881EF011FB20B9424685
S21401DAB8314628461EF01DFB0137032F06F10806DE
S21401DAC804F10204E4D10AB0BDE8F08178D6040076
S21401DAD8F0B589B005460E4601F034FE044600BB93
S21401DAE801AC06F10C070FCF0FC497E8070084E8CE
S21401DAF8070001A9284605F0F1FC2846311D1EF04D
S21401DB0893FD044648B92846074901F05DFA0446DC
S21401DB1818B9284601F0E0FD044628463168FFF7A3
S21401DB289BFF204609B0F0BD70D6040001491EF0DF
S21401DB38A7B800BFD1F6010070B5164E03280446F3
S21401DB480D4633781ED023FA04F202F00102AA42E7
S21401DB581DD053B10122A240A54023EA02032B435C
S21401DB68DBB233704BB1012070BD2DB10A4B0120D9
S21401DB781B6898473378EDE73570074B00201B681C
S21401DB889847F0E79A07DED003F0FC03E9E70020A0
S21401DB9870BD00BFEC62002000530020F8B50546B2
S21401DBA80C4623F042F9104F06463B7833B1012D57
S21401DBB804D01CB90D4821F059FE3C702146284670
S21401DBC8FFF7BAFF0A4B04461B783BB93B782BB9DB
S21401DBD81EF040FA10B1074B1B689847304623F0F1
S21401DBE81FF92046F8BD00BFED620020D452002080
S21401DBF8EC620020BC690020054A0B46117831B159
S21401DC0800211170034A012152681878104770479D
S21401DC18ED620020BC69002038B5074D04462B7814
S21401DC28834207D001F0B8FC20462C70BDE8384086
S21401DC38F0F708BC38BD00BFEB62002038B50446D3
S21401DC4880B123F0F2F801210446084621F082FA51
S21401DC5801210B4A08461AF0EAFB2046BDE838407F
S21401DC6823F0DEB823F0E1F805462146012021F02D
S21401DC7871FA01202146024A1AF0D9FB2846EDE737
S21401DC88ECAC04001B4B022910B5187002D003290E
S21401DC9804D010BD184B1B78002BFAD105F08CFB6D
S21401DCA80028F6D04FF00052144BC3F88020BFF37B
S21401DCB84F8FBFF36F8F01F047FC0028E9D001F0C2
S21401DCC83BFA0028E5D10E4B1C6834B12368984707
S21401DCD8BDE81040002001F053BC1DF0CDFF094BF4
S21401DCE8186023F08EF9084B1860204601F034FCC2
S21401DCF8EEE700BF226D0020EB62002000E100E0A5
S21401DD0824530020FC520020F852002038B504465F
S21401DD180D4605F051FB80B14FF00052124B1A60C8
S21401DD2801F012FC48B9012D07D8012001F028FCA2
S21401DD380E4B1B6823B15B6898470D4B1C7038BDAA
S21401DD4823F05FF90B4B1A68801A186021F03CFE25
S21401DD584FF47A72084B1B6802FB00301DF08EFFE9
S21401DD68012001F0F9FBE8E700E100E02453002078
S21401DD78226D0020F8520020FC520020F0B585B034
S21401DD8823F053F8344D04462B7823B1334821F059
S21401DD986DFD002852D121F0F3FD02AA03A91EF059
S21401DDA843F90346002838D01EF052F9029B9842E0
S21401DDB81CD100202A4B03991B682A4E99423070C1
S21401DDC820D90027C91A012324482B70264A33462E
S21401DDD8CDE9007723F0F1F8002837D1234A1378E4
S21401DDE8D90701D53178F9B1204611E01EF02EF990
S21401DDF8029B984228D0002318461949194A0968EF
S21401DE08137003910121FFF797FE002320462B701C
S21401DE1823F006F8002005B0F0BD20462B7022F04E
S21401DE28FFFF212005B0F0BD03F0FE031370002BA1
S21401DE38DAD10F4B1B6898472046E9E7204622F0BF
S21401DE48EFFF0E2005B0F0BD0220B3E703232046FE
S21401DE582F703370F3E700BFED620020D452002024
S21401DE68F4520020216D002001DC0100EC62002044
S21401DE780053002070B522F0D8FF184D04462B78C1
S21401DE8823BB174A17491370174B184A18481A60C4
S21401DE98184A194E5A60F0F779FA18491848F0F7EF
S21401DEA875FA184B80203360EEF730F8052804BF62
S21401DEB8154B3360154B5B6F03F44073B3F5007F66
S21401DEC802BF0222124B1A6001232B70F0F7C6FB21
S21401DED8204622F0A5FF002070BD00BFEE6200209C
S21401DEE8ED6200209CD60400BC69002085DD010097
S21401DEF8C4520020A5DB010000530020A4D604006C
S21401DF08CC52002021DC010045DC01000040005015
S21401DF18F45200202DE9F0438F7880460F2F0C46E7
S21401DF2885B003D9212005B0BDE8F08327B90123C0
S21401DF38374A00201370F6E70D784E78EDB9002EB3
S21401DF48F0D194F90310E08802F00CFE2128E9D0FC
S21401DF5855EA0603A088DFF8C89013D002F066FEDB
S21401DF684FF60403B9F8002001469A424BD1AE4257
S21401DF78334638BF2B4600262DE0082DD2D8082E6A
S21401DF88D0D8DEE702F052FE4FF6040501464FF6FA
S21401DF980500204A136E9BB2AB4208BF0346B1F593
S21401DFA8803FA9F800300FD902230825136680237D
S21401DFB80126C2F880302B4649084FF6FF72013910
S21401DFC8914228BF114608E08023012608251666D7
S21401DFD8C2F880302B460029EFD100220292012296
S21401DFE8013FFFB2009201972A4608F1F80002F0B5
S21401DFF8C7FC1EB14FF48012074B5A65074BA2683F
S21401E0081A60022394E703480266A9F80030AEE7CF
S21401E018EF62002000C001B800D001B80C53002000
S21401E028A26C002010B50446D0F818210B4B4FF40B
S21401E0380061C3F8CC2090F82420D20102F40062D3
S21401E04805F0D6F894F8243013F0100F4FF4007347
S21401E05814BF034A034A136410BD00BF003E00B054
S21401E068001002B8002002B8431C07D06FF0FF0268
S21401E078034B10405A62A3F580535862704700BF9D
S21401E08800E000B8F8B504460F46164622F0CDFE65
S21401E0980546A047044620B1284622F0C1FE204680
S21401E0A8F8BD04F05FFA04220549D1F8F03E23EAE8
S21401E0B807033343C1F8F03E024B1A64ECE700BF8E
S21401E0C8003000B0002002B800F01803182B0AD060
S21401E0D803070AD440F2011310F0100018BF1846BF
S21401E0E8034BD86770470020FAE70120F8E700BF1E
S21401E0F8003F00B0044B1868830654BFC0F30F20D6
S21401E1084FF6FF70704700BFB053002038B1036860
S21401E118044A002B08BF1346034A13607047014B95
S21401E128FAE700BFCFBC0300C869002010B4D0E9E5
S21401E138524122400B4052EA030104D003495DF8DC
S21401E148044B096808475DF8044B7047C869002006
S21401E1580F2938B505460C460ED801F033FA0128C2
S21401E1680CD1074A2846936E23F00F032343936680
S21401E1781DF0CEFF002038BD2120FCE70220FAE77B
S21401E188003F00B0014BD86E704700BF003F00B09B
S21401E198014B0020D9667047003F00B003282DE9DF
S21401E1A8F347884655D82C4B13F800902B4B1E5C2A
S21401E1B82B4B13F800A022F038FE074604F01EF990
S21401E1C8054640B100230022CDE900330120002393
S21401E1D8002103F03FFF04F019F948B1002300229B
S21401E1E8CDE90033002000234FF4004103F032FF4D
S21401E1F86EB31C4BDC6C04F008041B4B3146DC6424
S21401E208484604F00DFA52463146484604F096FA56
S21401E218164BDC646DB1164B1868D0F89010F830C0
S21401E22803F008F813490868FFF71EFF4FF0FF339D
S21401E2380B60B8F1000F04D00F4B002103205B6878
S21401E2489847384602B0BDE8F04722F0E9BD3446A3
S21401E258D3E702B0BDE8F087B4D60400B0D6040010
S21401E268ACD60400004000B8006000B8005000B802
S21401E278BC530020C4690020BC6900200F4A136CF7
S21401E28813F0A00F15D1506C10F0040013D10C4BED
S21401E298D3F8F03E23F07F4323F0FF035BB1D36846
S21401E2A8C3F30362092A07D0B2F10C0018BF012094
S21401E2B87047002070470120704700BF000002B871
S21401E2C8003000B070B50D46064620B91A4B1B68DB
S21401E2D8A3B10E2011E001F075F9012829D1174BD9
S21401E2E893F90040C4F12704641BC4F11C03002BF6
S21401E2F8B8BF5B42232B0CDD212070BDA1F10B03B7
S21401E308002BB8BF5B42232BF6DC0C4B19700020A0
S21401E318F3E786F8265022F088FD094AE402136AD4
S21401E32804F4FF2423F4FF231C43146222F078FD2F
S21401E338EDE70220E1E700BFBC530020F0620020B1
S21401E34800C000B818B9034B93F90000704790F95C
S21401E35826007047F062002010B5FFF763FE03F051
S21401E368A7FB22F062FD0A4A0121D2F8C83E0446FC
S21401E37823F02003C2F8C83E0222064B08469A60DC
S21401E388054B5B689847204622F04AFD002010BDE1
S21401E398003000B0001002B8BC690020094B0846DE
S21401E3A85A6A91020BD4D3F80021D20708D4D3F8BD
S21401E3B8803013F4706F14BF0120002070470120CD
S21401E3C8704700BF004001B8F8B50D46D0F8903048
S21401E3D802EA010423EA01032343C0F890303D4AC8
S21401E3E801F00B0323EA0401D1642340A2F580520D
S21401E3F86F070646D36410D50121FFF7CFFF60B13A
S21401E40804F0B0F84FF4007314F0040F14BF324A46
S21401E418324A53620422324B1A64E90606D514F0CE
S21401E428100F14BF00221B222E4B5A652A061DD533
S21401E438230616D54FF40012274B1A62012203F55C
S21401E4488053C3F8002122F0F0FC0E210746032072
S21401E45802F040FE40F20122224B3846DA6222F0F0
S21401E468DFFC214606F1F80002F0E4FEEF0503D5CD
S21401E478E00529D502F0FEFDA90503D5A20526D596
S21401E48802F004FE15F0600F09D0D6F8E410304605
S21401E4981DF01AFC8022144B9867144B1A612B0541
S21401E4A810D504F05FF8124A14F4006FD2F8F03E63
S21401E4B814BF43F0006323F00063C2F8F03E042261
S21401E4C8074B1A640020F8BD02F0CEFDD4E702F02F
S21401E4D8D7FDD7E7006000B8005001B8006001B862
S21401E4E8002002B8004000B8003F00B0000002B8A3
S21401E4F8003000B0014B1868704700BF1853002061
S21401E50837B522F092FC002401230022CDE900341D
S21401E518002305461946104603F09CFD022002F02A
S21401E52803F9064B21461C60054B02205B68984799
S21401E538284622F075FC204603B030BD2053002043
S21401E548BC6900202DE9FF4102290D46164698466A
S21401E558039004D1FFF7D4FF04B0BDE8F08122F0A0
S21401E56864FC1E4F04463B683BB1B34205D022F01B
S21401E57857FC002321203B60EEE7194B0022C3F825
S21401E58800803E60002301264FF000081046194619
S21401E598CDE9006603F05EFD124B022083F8008089
S21401E5A802F0C2F843462A46022003A902F0DAF826
S21401E5B80D4B039A1A6008B92046D8E70B4D2B680D
S21401E5C89847212804D0204622F02AFC0020C3E7D9
S21401E5D831466B6802209847F5E700BF20530020B4
S21401E5E81C530020F262002018530020BC6900204A
S21401E5F8044B5B6E5B054EBF0120034B187800F099
S21401E6080100704700C001B8F26200200A78022AA9
S21401E61811D0101F4242424152004B781201022B80
S21401E6280BD0191F4B424B415B000549054842EA8E
S21401E6388312FFF727BD0122EFE70123F5E700BFA5
S21401E648F0FFFF0015F601000B78022B10D0181FFB
S21401E658434243415B004A78022A0BD0111F4A42C3
S21401E6684A4152000F21044843EA8202FFF70ABDD5
S21401E6780123F0E70122F5E741F601002DE9F84309
S21401E6880E780446042E0D4690F824810BD10027F7
S21401E6985FFA87F9484601F0BBFC08B14E4602E02E
S21401E6A80137042FF4D1304601F0B2FC002849D0D6
S21401E6B894F82431B34209D1AA88D4F8A4309A42EE
S21401E6C804D16A88B4F826319A4238D084F824618D
S21401E6D8AB883046A4F828316B88A4F82631AB8875
S21401E6E804F59275C4F8A430FF2384F829301DF088
S21401E6F88DFD84F82800284601F04AFC18BB2846F8
S21401E70801F07CFCF8B9D4F8E03053B194F8241140
S21401E718414506D02046B3F91220EEF783FB84F86C
S21401E7282D01204601F0B8FC0949A4F82801012367
S21401E738084AD1F8FC1004F1F80003F083FA002027
S21401E748BDE8F88321200C2384F82431F8E700BFBC
S21401E758004F00B0A43F00B070B5054690F82401FC
S21401E7680C460C281FD0FF2901D1212070BD1AB1F3
S21401E7784FF0FF320D4B1A601DF048FD064695F81E
S21401E788240101F07BFC844228BF0446E4B2B4426B
S21401E79838BF3446E0B285F8290001F079FDFF2834
S21401E7A8E3D00020E2E70220E0E700BFCC690020C2
S21401E7B810B590F8243104460C2B44D0D0F8E0303C
S21401E7C880F82810DBB3D0F8F020D2B990F82D31B4
S21401E7D88B421CD300222046FFF7BEFF48BB1B4BCB
S21401E7E81B7813F0FD0F23D1204601F055FC18497C
S21401E7F80123184AD1F8FC1004F1F80003F022FAB4
S21401E80816E0B0F94020B3F912309A42E2DD002250
S21401E818204694F82D11FFF79FFF50B9C4F8E00081
S21401E82820461DF09DFE4FF6FF739842014601D122
S21401E838002010BD2046BDE8104004F077BFFF2336
S21401E84880F82930F4E70220F3E700BFA66C002021
S21401E858004F00B0A43F00B0F0B51D46144B044667
S21401E8681B780F46164685B05BB1D0F8E030E3B1A9
S21401E87802AAB3F912300092002218F0EDFE05B094
S21401E888F0BD02A91DF0A9F99DF808103A462046E0
S21401E898EEF7C8FA014626B92A462046FFF75CFF76
S21401E8A8EDE72046FFF784FFE9E71846E7E700BFEC
S21401E8B8D3AE0400D0F89830012B01D10020704760
S21401E8C870B5054650498EB01DF0F3FCD5F8E060EA
S21401E8D80146AC8DC5F8E40026B1336813B15B6810
S21401E8E8002B6BD122F0A1FA22F09AFA0123D5F86F
S21401E8F8E4108DF80E30B389D6E90120E31A9BB2ED
S21401E90800FB03224148ADF80C3003680292994295
S21401E91807D028461DF0D8F980223D493D4B886727
S21401E9281A613D4C3B4E00F04DFE0128FBD1236C8D
S21401E938D907F8D4336CDA01F5D4D5F8E4102846AB
S21401E9480D919DF80E20029908AB02F037FE0028BB
S21401E95831D100F037FE0128FBD12E4A2E49136C1F
S21401E968DB01FCD40B6CDE07F9D408A901A803F077
S21401E97847F800BBAA8D294B5A6495F8243060F3F2
S21401E988410385F824301DF0E8FBD5F8E03002464F
S21401E9985B691968431EDBB2FD2B049114D9CC1CA4
S21401E9A812D91F4B01311B6815D0D81C10D8284620
S21401E9B804A904930AE002200EB070BD1A68032A5F
S21401E9C890D99B6A5B0E94E7284604A91DF0AFFB15
S21401E9D800200EB070BDD91C04D8284604A904939B
S21401E9E81DF0A5FBD5F84C319B0506D495F82430C7
S21401E9F843F0020385F82430EAE728464FF48031CD
S21401EA081DF0DEFDE4E700BFFC4F00B00853002010
S21401EA18003F00B0000002B800C002B8008001B88C
S21401EA28D869002010B50C4619B11DF03CFB00B1A1
S21401EA380434204602F0FAF8024B4042C3F8E00ECE
S21401EA48002010BD003000B0438E70B593420C46CE
S21401EA5815461CD3436C8B4208BF002422F0E5F907
S21401EA684FF49C530B490646CA68C2F30362D34067
S21401EA78DA0702D50B6C9B0304D4012229462046EB
S21401EA8801F05CF8304622F0CBF9002070BD212059
S21401EA98FCE700BF000002B82DE9F84F0746154607
S21401EAA80B4611B92120BDE8F88F002AFAD00329B0
S21401EAB805D8002201F0ACF903460028F2D01C88DC
S21401EAC89A78B4F5804F02F0070180F0CE80A1F164
S21401EAD8070C187993F805B0DE88DCF1000343EBE0
S21401EAE80C0305292B7394BF0023C2F30013C2F34A
S21401EAF8801C6B73930985F810C003F00203C2F3F8
S21401EB08C00C43EA0C03C2F34012E8746B74AA748F
S21401EB18D7F89030AE82D80600F1938006390129DD
S21401EB2800F28F80B7F81290D7F81C8009F1FF39E8
S21401EB384F4B083C04EA09045B6D18F804300021C1
S21401EB48802B0CBF6FF07F03323B04F1010418BF22
S21401EB585BB204EA0904AB73631D03EA09035A1C92
S21401EB68A96002EA090218F8022018F8036097F863
S21401EB7825A046EA022636B2BAF1000F5FD1F104A3
S21401EB8856D5D7F8E43013B11B68022B05D841F2E5
S21401EB984D724C21002004F0F7FDD7F8E420C6F3A7
S21401EBA80B0392F82420DB000AB1B3FBF2F39B4572
S21401EBB808D83BB1CBEB0B2BBBFBF3FB6FEA0B0B7C
S21401EBC85FFA8BFAD7F8EC3023B1504695F90E1058
S21401EBD898478246013485F80FA004EA090418F814
S21401EBE80410013404EA090418F80430013404EA6C
S21401EBF8090441EA032118F80430013404EA090437
S21401EC0841EA034118F8043041EA036116F48043E7
S21401EC1805D0184BDB6EB3FA83F35B095B00384605
S21401EC286A7C03F0CBF806232860AB7100203AE72C
S21401EC3818F804A04FEA4A0A5FFA8AFAC2E78A462F
S21401EC48C8E700230020EB730B4BDA69C2F30723EE
S21401EC58120448BF63F0FF035AB212F1800F1CBFBB
S21401EC68323B5AB2AA730346DEE702201BE700BF0F
S21401EC78004000B8003F00B000C000B806238B7102
S21401EC8890F8253043B1054BD3F8C4200B6802F041
S21401EC981F0203EBC2030B6000207047003E00B062
S21401ECA811F5004F1FBF01F30E01044BC1F30E010E
S21401ECB8002014BF99642120704700BF008001B866
S21401ECC8F8B504460E4619B990F824305A0647D4C2
S21401ECD84FF6FF73218ED4F8E470994204D0354B71
S21401ECE81B680BB120469847334D2B68BB4255D05D
S21401ECF8324B1B683BB11FB13A68002A50D0BF6837
S21401ED083946204698470727204601F0C5F9002EC0
S21401ED183AD004F0C7FA0620294B94F9262093F92D
S21401ED2800302849C3F127039B1A0A6ADB0222F43A
S21401ED38FF2203F4FF2313430B62D4F8E420224B8B
S21401ED482A60986701F01CFB002501211F4A204B09
S21401ED581170204683F884501DF0DAF92846F8BD6C
S21401ED684FF6FF71144DD0F8E4702A6866F38613DF
S21401ED789742018680F8243017D0104B1B68002B69
S21401ED88B9D101F089F9072712493B46124AD1F849
S21401ED98FC1004F1F80002F055FFBAE70127B3E7C3
S21401EDA81746204639469847ADE701F075F9012719
S21401EDB8EAE700BF14530020085300201053002030
S21401EDC8F062002000C000B8006000B8F1620020C0
S21401EDD8003F00B0004F00B0A43F00B0054A1268DB
S21401EDE81AB190F81E1119B91047084602F092B9DF
S21401EDF8014870470453002000FEFFFF334B2DE9FE
S21401EE08F7431C6801F4007900F00103174653EA3A
S21401EE18090206460D4632D04FF0000823B30023F8
S21401EE28002201200021CDE9008803F013F94146AC
S21401EE382046FFF7D3FF01224146E08510461DF024
S21401EE4841FBD4F8901004F1F80002F0F3F92049D8
S21401EE580868FFF709F94FF0FF330B6094F8243080
S21401EE6843F0040384F82430B9F1000F07D00121D8
S21401EE7820461DF0A5FB25F4007506430D432B46D9
S21401EE8832462046FFF752F9FB070FD51149124AB9
S21401EE9808680021136811600121104A117003B136
S21401EEA898470F4B002102205B68984717F00E0F12
S21401EEB808D04FF409723B21002003B0BDE8F043A7
S21401EEC804F062BC03B0BDE8F08300BFBC53002069
S21401EED8C46900201C53002020530020F262002041
S21401EEE8BC69002008B5582200210648FEF754F9E7
S21401EEF81022FF210448FEF74FF904F0D3F9002049
S21401EF0808BD00BFF43E00B0383F00B073B57421A9
S21401EF180C236D22A0F81411822180F824314FF6B3
S21401EF28FF734FF0FF35C0E941120026C0F80021F3
S21401EF3864220446838580F82A301E4BC0E94322A2
S21401EF48C36300F1480343641B4B80F82660C0E99D
S21401EF580C35C0F8A450058503F060FA2046FFF783
S21401EF68C1FF94F926102046FFF7ACF96023134A2F
S21401EF7840F6FF71D3644FF03A4211631167104AA5
S21401EF882946D36440220F4B20461A64D4F89020B1
S21401EF98FFF71AFA0E230022CDE9003340F20223C6
S21401EFA81046194603F056F801F046F8304602B006
S21401EFB870BD00BF0700FFFFFFFF4000004000B81C
S21401EFC8005000B8002002B810B50C46FFF78AFFBB
S21401EFD8CCB1A378082B18D8E278082A15D843EAC2
S21401EFE8021313F0FF030CBF19466168084AC2F8FA
S21401EFF8F410217882F84811617882F84B3182F84A
S21401F008491104F04FF9002010BD2120FCE700BF8C
S21401F018003E00B0012A10B512D8032B10D803EB16
S21401F02882020123074C934094F84A01DBB221B1CE
S21401F0380343002084F84A3110BD20EA0303F8E7A9
S21401F0482120F9E7003E00B0044BD3F8F03E13F058
S21401F058806F14BF23200020704700BF003000B027
S21401F0680246F8B5B0F8284100F1F805FFF7ECFFBD
S21401F0780B688E68013304BFD2F800310B604B6809
S21401F088013304BFD2F80C314B60771C3BD1D2F860
S21401F0980831CF688B607E1C3CD1D2F804610F69B9
S21401F0A8CE60013704BFD2F8F8700F614F69013797
S21401F0B804BFD2F8FC704F618F69013704BFD2F8DC
S21401F0C810718F618F6967BBC0F1640408688C6131
S21401F0D810B16D2838BF6D20C2F808314B68C2E9F7
S21401F0E84006C2E943340B692846C2F8F8304B6932
S21401F0F80F49C2F8FC30D1F8FC1007230D4A02F07C
S21401F108A1FD0020F8BD04F16D031B1AB34238BFF8
S21401F1183346BEE704F17406361ABE4238BF3E4689
S21401F128BDE76D34241ABC4238BF3C46CEE700BF63
S21401F138004F00B0A43F00B070B521F076FE05463A
S21401F1480B4E00F03FFA012805D0284621F068FE4C
S21401F1580224204670BDF36813F0706FF1D1F4688D
S21401F16814F08054EDD1284621F05AFEF1E700BF8D
S21401F178000002B838B521F058FE4FF6FF710A4A6A
S21401F18813888B4203D121F04BFE0E2038BD074C65
S21401F198074D1B046566A4F580546366118021F04B
S21401F1A83FFE0020F2E700BFA46C0020006001B813
S21401F1B80000FFFF2DE9F74304460F4615461E4695
S21401F1C8FFF75CF838B3A38A2BB320461CF047FD3B
S21401F1D878B9744BD3F8F02E1EB10E2003B0BDE8F3
S21401F1E8F08302F03003102BF7D002F0C002402A59
S21401F1F8F3D0DFF8E08102F05BFCD8F81430DE07C4
S21401F208EBD521F012FE0646032001F08BFB20B158
S21401F218304621F005FE0220E0E7D8F8142012F067
S21401F2280608F5D1304621F0FBFD5E4B4FF4006130
S21401F2382046D3F8F09ED3F8D06E03F0EDFF40B128
S21401F2484FF400720121584B08461A6442461DF0D5
S21401F25839F93946204604F069FA524BC3F8F09E4C
S21401F268C3F8D06E0028B9D194F82430980601D492
S21401F278002D57D0C5F3400003F03AF9022315F4E0
S21401F288807F1FBF494A002113644FF03A420BBFE3
S21401F298454A91611364536303F064F94FF480633C
S21401F2A815F0040F14BF424A424A15F0400F536244
S21401F2B84FF004023C4B28461A644FF0400314BF33
S21401F2C83D4A3E4AC2F88830FEF7FEFE20461CF04C
S21401F2D8F0FD38B14FF4807315F0010F14BF334AAF
S21401F2E8314A1364A90646D54FF6FF72E38F934257
S21401F2F80FD0334A3349526E100CC2F30112013251
S21401F308B3FBF2F308802A4A2A492F481B044866A9
S21401F3185366003D18BF012594F8243065F345135C
S21401F32884F8243020461CF0BEFEF0B120461CF0BE
S21401F338C0FDD0B14FF40031204603F06DFF431CE9
S21401F34803229BB2214801A91CF04DFF9DF8042019
S21401F35802F00703052B9DF8053015D112070DD4C9
S21401F36843F480731A4AC2F8D830002003B0BDE8C7
S21401F378F0431CF045BFFFF7FDFECAE713F0040F84
S21401F38809D19DF80630EBE703F03002202A05D1B3
S21401F39813F0010FF4E74FF48073E3E79DF80630A6
S21401F3A8E0E700BF003000B0002002B8001002B845
S21401F3B8005001B8006001B800D000B800E000B8FD
S21401F3C8004001B8A46C00200000FFFF0C0000BA42
S21401F3D8003E00B000C001B82DE9F3410646884654
S21401F3E815461F4621F021FD0446032001F09AFA2E
S21401F3F838B1204621F014FD0E24204602B0BDE89F
S21401F408F081042001F08EFA0028F2D1204621F07E
S21401F41807FD01232A4641463046FFF7CBFE044640
S21401F4280028EAD1DFF8C8805FB388F800003946BB
S21401F4383046FEF76FFD00284CD198F80030012BB6
S21401F4481CD02022244B1A64244B9B6FB3F5817F72
S21401F4581FD201201CF0EDFE21F0E7FC204B0646EA
S21401F4681B680193CBB901F0DDFA15F0800526D1AA
S21401F47801F01CFB284603F00FF825E003F022F8FC
S21401F488BBE798F80030012BF8D0002BD9D12124FE
S21401F498B3E78022134B1A61DBE7042001F044F935
S21401F4A800230122042001A901F05CF90028DAD121
S21401F4B803F070F82124304621F0B2FC9DE70022C3
S21401F4C8094B9A6701F0F2FA084B01215B680020A4
S21401F4D89847F0E7044690E7001002B8003F00B0EE
S21401F4E80C530020000002B800C001B8BC69002017
S21401F4F8EF62002008B50B4BD3F84C114B1C10D00B
S21401F50811F080410DD1084B1B6813B10320FEF79B
S21401F51845FE4FF08062054BDA6401225A610222E9
S21401F5289A6208BD0080E00FBC530020001002B8A4
S21401F5384FF40022034B186C03F500531A64C0F30A
S21401F548C0407047000002B8024B586900F001003D
S21401F558704700BF00C001B8084B5A69D10707D5E4
S21401F56808B901F0BDB85B69DA0706D401F0AAB894
S21401F5785B69DB0701D40028F8D1704700C001B8E1
S21401F5884FF0806310B1024A53617047014AFBE7A6
S21401F598001002B8002002B8202350B1064AC2F86B
S21401F5A8F433064B196C11F0010104D1032002F063
S21401F5B893BA034AF3E77047001002B800C002B8CE
S21401F5C8002002B80F4BDB68C3F30363013B0B2B28
S21401F5D80FD8DFE803F006060C06060606080A0832
S21401F5E8080802207047042070470520704703204A
S21401F5F87047054B5B6913F0060F0CBF012004200A
S21401F608704700BF000002B800C001B8094AD368B5
S21401F618C3F303630B2B08D06FF49050184100F026
S21401F628010080F0010040007047106C10F4803033
S21401F638EDD17047000002B80C4AD368C3F30363E0
S21401F648062B07D8042BD8B20BD8C31E58425841EC
S21401F65840007047072B06D1D2F844010028ECD1A8
S21401F6687047022070470020704700BF000002B8AC
S21401F678094BDB68C3F303639A1E012A8CBF002279
S21401F6880122012B02701EBF4FF4026222FA03F315
S21401F69803F001030B707047000002B8094AD368EB
S21401F6A8C3F30363032B01D0072B08D1536CDB0686
S21401F6B805D4906C80F00800C0F3C00070470020A5
S21401F6C8704700BF000002B8024B002219681CF000
S21401F6D8CDBC00BFF4D6040010B5FF224FF6FF716B
S21401F6E804461CF0E3FC68B9FF224FF6FF7120467A
S21401F6F81CF0EDFC30B92046BDE81040FF22024957
S21401F7081CF0F7BC10BD00BFBCD6040010B55B07E3
S21401F71843EA02439DF8082043EAC163520502F012
S21401F728BC621A43064942F4C872044603F060FDF7
S21401F738002220461146FFF787F9002010BD00BFBA
S21401F7489007E12D37B50C460546094A09490A4886
S21401F75801F038FB94F828302846009394F82B30AB
S21401F76894F8292094F82A10FFF7D0FF03B030BD8B
S21401F77858D7040060D7040028D7040008B5FFF757
S21401F7888DFF88B1094BDA6912030DD5186C10F490
S21401F798003009D19B6C13F0100F4FF010030CBF0B
S21401F7A8034A044A936408BD0220FCE7000002B835
S21401F7B8001002B8002002B8034610B500B3124A7A
S21401F7C8D16909031ED5546CC4F38114032C15D0D2
S21401F7D8022C17D122460D49B1F8D40001F1006177
S21401F7E8801A01F5357101441846FDF765FE064A8B
S21401F7F80472926C120A4272002010BD0822EAE7CF
S21401F8082120FAE70220F8E7000002B8003E00B01F
S21401F8180A68064B12F0802F1CBF42F20101C3F89A
S21401F8282812C3F88822C3F88C227047004001B812
S21401F838F0B585B06C460E460B4B074615460FCB02
S21401F84884E80F00094BD3F84822009226B16B1EB4
S21401F858DBB2FD2B88BF32602A46214638461CF0AB
S21401F86866FC05B0F0BD00BFC4D604000080E00FFA
S21401F878F0B585B06E460D4B07460D460FCB86E8AC
S21401F8880F001CF06AFC31460446024638461CF056
S21401F898B0FD4DB140B9FF2C1BBF04AB03EB84048C
S21401F8A8009B54F8103C2B6005B0F0BDC4D604008C
S21401F8B830B50823054685B080B9094AC2F8FC3335
S21401F8C851B96C46074B0FCB84E80F00064B2A4606
S21401F8D821461868FFF7ACFF05B030BD034AEDE7CF
S21401F8E8001002B8D4D60400BC530020002002B889
S21401F8F84FF03A43D3F81421D2031ED54FF4803281
S21401F9080E49C1F81421A1F58051C1F818215A6D84
S21401F918D1B2C2F30722C3F8A410C3F8A420042264
S21401F928C3F8A4200022C3F8A420C3F8A420C3F86F
S21401F938A420C3F8A420C3F8A4207047002000BA66
S21401F948F0220B4B01219A64A022A3F580539A64F6
S21401F9584FF03A43426CC3F8F410FC21C3F8CC10BC
S21401F968C3F8D0204FF40052C3F8F020704700BF08
S21401F978006000B8F8B50D464FF03A4417460646FB
S21401F98821F053FA01230421074A6363E7602661DD
S21401F9986561C2F81411054AC2F8843121F040FAAB
S21401F9A80DB102236363F8BD002000BA00E100E050
S21401F9B82DE9F04105460124006800F007000630ED
S21401F9C804FA00F3A868EC685E1EA04262D000EA5A
S21401F9D8060E6C6810441E430640A3EB0E000EEBA1
S21401F9E8040C8242644618D9D31A0EEB030298B166
S21401F9F8431E052B04D94B1CACEB0303022B59D829
S21401FA080B460844ACEB010E03EB0E0113F8014B51
S21401FA1883420C70F8D101466C688AB1531E052BD7
S21401FA2801F1010302D9E01A022812D80A44611E1C
S21401FA3800E0013313F8010C934201F8010FF8D1E5
S21401FA4821F0F3F90223AE60AB62BDE8F04121F084
S21401FA58E7B90B46204622F0030E8E4453F804CB32
S21401FA68734540F804CBF9D122F00303D01A920764
S21401FA7801EB030C04EB0307E2D0CA5C0128E2544D
S21401FA88DED09CF8013002287B70D9D09CF8023071
S21401FA98BB70D5E7042A35D90878043AA8614878AE
S21401FAA80431A86111F8020CA86111F8010CA861CB
S21401FAB8A8688CE70B4620F003070F44ACEB010E51
S21401FAC81C684EF803400433BB42F9D120F0030307
S21401FAD810F0030F01EB030EA0EB03040CEB030776
S21401FAE828D011F80380012C0CF8038022D09EF848
S21401FAF80130022C7B7018BF9EF80230084418BFEC
S21401FB08BB7088E7013A032A12D8DFE802F00F151E
S21401FB1807020B4613F8012B1946AA610A4612F882
S21401FB28013BAB61114611F8013BAB610B78AB6148
S21401FB38BDE8F08108446EE70A46F3E738B50B4698
S21401FB48154601464FF03A4468B101221048C4F8F8
S21401FB58F4201A46FFF72CFF25B14FF03A4304224A
S21401FB68C3F8F42038BD73B1D4F8D8209A4284BFBC
S21401FB780122C4F8F4204FF03A42C2F8D4300223E6
S21401FB88C2F8F430E8E70123C4F8F430E4E700BF2C
S21401FB98CC0000BA38B5044621F047F94FF03A428E
S21401FBA80121238F054651674BB3B3FA83F3C3F19B
S21401FBB81903DBB2A069C2F8B410C2F88C30072367
S21401FBC8C2F89000C2F8B0304FF4A02302F50052F4
S21401FBD8C2F81431A2F58052C2F8183100220C4B33
S21401FBE81A600C4B1B6C5B0209D54FF480020A4B5A
S21401FBF804F1F8001A64D4F8901001F01BFB0023F6
S21401FC08638707232846A387BDE8384021F008B94B
S21401FC1828530020000002B8002002B82DE9F84356
S21401FC2805460C46B1B1D0F81880078F21F0FDF8CB
S21401FC38B5F83AC0791E01EA0C0323F00702032C33
S21401FC480646DFF8F8E042445ED1DEF8004024B903
S21401FC5821F0E6F80E20BDE8F88324F00104DEF86A
S21401FC68000020F00100A04253D10023CEF8003056
S21401FC78238894426FEA43436FEA534323803ED175
S21401FC88AB8F08EB07091846083880B202F108045A
S21401FC984C4528BF4446082804D9B4F800E0BEF508
S21401FCA8804F40D263440F431B1A3B409BB26B877D
S21401FCB8A887947811884FF03A42C1F30C019165F0
S21401FCC8C2F89830C2F8B0004FF48022174B04F0FF
S21401FCD80704C3F814210122154BC3F88421FFF742
S21401FCE807FE042C0BD14FF48002124B05F1F800E5
S21401FCF81B6C114B1A64D5F8901001F09BFA30462C
S21401FD0821F08EF80020A6E7601E012898BF144649
S21401FD18A5E7A88F4344E31A48BFDB190838984279
S21401FD28A6DC304694E72246AEE700BF002000BABC
S21401FD3800E100E0000002B8002002B828530020C5
S21401FD48154B10B519688A8F4B8F088F13440138E5
S21401FD58073B8C69034023F007031C4402F10803A0
S21401FD684FF03A429BB28B87C2F8B0304FF48022EC
S21401FD780A4BC3F814210122094BC3F88421A07841
S21401FD8800F00700042803D1064AD3681B03FCD4F5
S21401FD98054B1C6010BD00BFBC530020002000BAF4
S21401FDA800E100E0000002B82853002010B5064C18
S21401FDB8216839B1CB0703D4044B1868FFF72EFF27
S21401FDC80023236010BD00BF28530020BC53002029
S21401FDD84FF480320C4B0D49C3F818214FF03A43C3
S21401FDE8C1F81421D3F8AC10D3F88C20012302F003
S21401FDF8070206329340C1F30C01083B994201D829
S21401FE08FFF776BD704700BF002000BA001000BAA1
S21401FE182DE9F04780460C4616468769058F21F07E
S21401FE2804F8B8F83A2005F1FF3C02EA0C0323F07F
S21401FE380701032C82463944B8F83C0019D14A4CCC
S21401FE4824689CB90244073A02EA0C0222F0070227
S21401FE58BC183B44E31A48BF5B19834210DB504683
S21401FE6820F0DEFF00242046BDE8F08724F00104D8
S21401FE78EFE7012C02D0022CEBD108380C46E8E754
S21401FE88002E3FD08C4241D14FF03A42D2F85890DA
S21401FE984FF03A41D1F8AC20B8F81270C2F30C0210
S21401FEA8934247DA2588B5F5804FD8D2A378C5F3AB
S21401FEB80C0503F007037A1EA5EB09053A43052B43
S21401FEC8337005EA02052DD82DB2E84340F24142C7
S21401FED80421C00F03F058FC7580E3783374D8F812
S21401FEE81C207B1E03EA0903D118B160A9B213FAD4
S21401FEF885F5AF422FBF0023FF1AB780F26024BFF3
S21401FF08B180F360504620F08BFFACE7A4F10802FD
S21401FF18974284BFED0802EBC502B2F80090C9F318
S21401FF280C09B5E7114B5B6D003B18BF0123A5EB28
S21401FF38C305C9E74B6D7A1EA3EB09033A431A407A
S21401FF480B4915B2002DCB680BDCC3F30363D81E2F
S21401FF5843424341DB0033708B6C72801B0A337457
S21401FF68BDE70823F7E700BF28530020004000B884
S21401FF78000002B8054BA822D3F84C013121431CD6
S21401FF880CBF0120C0F3807003F0FEBB0080E00FB9
S21401FF9838B5134D0446297819B920221148FDF7BA
S21401FFA8FBF86188104A23785180002113700F4AA4
S21401FFB8022BC2F8CC104FF0FF010D4A0D4B117001
S21401FFC84FF007010C4A4FF00000C2F8FC130CBFB3
S21401FFD804220122C3F8FC2301232B7038BD00BF7D
S21401FFE8F3620020E03F00B0A66C0020004001B894
S21401FFF8256D0020001002B8002002B8034B1A68CD
S21402000802609B8883800020704700BFA66C002091
S21402001810B5044600F03AFF064BD3F8F83724B971
S21402002883F40033C3F3404010BDA31E5842584120
S214020038FAE700BF000002B84FF63F720A4BD3F841
S214020048FC37934206D0094AC3F301131370E02221
S214020058074B1A7041F66A02064B1B68B3FBF2F3AB
S214020068054A1360704700BF000002B8266D0020DC
S214020078276D0020485300202C53002020B1022868
S21402008804D1034B18787047024BFBE700207047F1
S214020098266D0020276D00202DE9F74FD0F8A42002
S2140200A84C21022A38BF0222064690F824B16B4831
S2140200B8013A036AD0F8CC506948C3F38213D94090
S2140200C80368DFF8C0A19342DFF8BC91654BDFF8FE
S2140200D8BC8101F0010116D11C788C4213D19AF822
S2140200E800405C450FD1D6F8A84064B1AC420AD1AC
S2140200F896F8295099F80040A54204D1B8F80400A9
S21402010803B0BDE8F08F98F80040026020461970E8
S214020118FFF7B4FF002900F0888004234FF07F40E1
S21402012800255149C1F8B830504BC3F8B80096F8C4
S21402013829301B06C1F8B8304FF080514A4B2C04C0
S214020148C3F8B41040F27121494B1B68B3FBF1F3B4
S21402015819215343182BB3FBF1F173D8002C7BD02B
S214020168B4FA84F2C2F12002C2F10F03012B38BF9F
S2140201780123D440A14201D2013B64086A1C03F061
S2140201881F0152008A403B4F121B9208C7F8B02044
S2140201981A0242EA03121343019305EB052305EB01
S2140201A80325354B40F6970218682B21003818BFEE
S2140201B8012003F0E9FAFA222F4B02FB04F01B682F
S2140201C840F6FF72B0FBF3F00A2358432B4B00F5B8
S2140201D87A74C3F8C420019AA3F58053C3F8C420DE
S2140201E8A3F58053C3F8CC50D3F8CC3000F58C5026
S2140201F8C7F8FC30C6F8A850214D14302C6001F020
S214020208ABFC4FF47A72C7F8A400C7F8F8002B685C
S214020218B4FBF2F0B3FBF2F3A8F8043096F82930F0
S2140202288AF800B089F800306AE7002C14BF102557
S214020238202596F82930834294BFED182D1805F02C
S214020248FF0579E7B1FA81F234B1B4FA84F3D21A27
S214020258002A89DC0F238DE70F238FE7004001B8B9
S214020268CC690020F4620020001002B8002002B810
S21402027848530020003F00B02C530020006001B80D
S21402028830530020246D0020236D0020A66C002029
S21402029810B5114B01461B78104C0C2B02D1FF20CF
S2140202A8207010BD18461BF0B1FF02461846FFF72D
S2140202B8E5FE884228BF0846C0B2904238BF1046BC
S2140202C82378C0B28342ECD0054B20701868FFF73B
S2140202D8E3FE2078E5E700BFA66C0020256D002027
S2140202E8BC53002010B5044603F066F878B1154BE7
S2140202F81B786BB964B1144B1B784BB1134B1B7844
S214020308013B012B04D84FF40042114BDA6410BDAE
S214020318104BDB6C1B04FAD420F087FD044602F06F
S21402032821F94FF400420C4B2046BDE81040DA642F
S21402033802220A4BC3F87C240422054B1A6420F0D6
S2140203486FBD00BFF5620020F6620020345300201D
S214020358002002B8000002B8001002B800D003500D
S2140203680122024B00201A70FFF7BCBFF56200207C
S2140203780022024B01201A70FFF7B4BFF562002074
S2140203884FF48022014B9A64704700BF005000B8B1
S214020398F7B50646544C00F079FD01213A20EBF7F2
S2140203A857FC524B2578524F1E7085BB2846FFF7DE
S2140203B899FF2378013B012B19D8E37B01A88DF816
S2140203C80430237C8DF80530E9F748FCC7F87C54DE
S2140203D84FF6FF72474BC3F88420F822A3F58053E2
S2140203E8C3F884200022424BC3F87C240DE04FF663
S2140203F8FF72404BC7F87C54C3F88420F822A3F552
S2140204088053C3F88420C7F87C543B4B5BE000203B
S214020418FFF768FF2378013B012B08D8E37B01A886
S2140204288DF80430237C8DF80530E9F717FC002395
S214020438C7F87C34002ECBD062685AB32F4B1B68A1
S21402044803EB5203B3FBF2F3013B1B0243F0F80340
S21402045826782849022E2A4A1ED0032E4FF6FF7502
S214020468234826D0012E38D143F00203C1F884501F
S214020478C2F884300723C0F87C34E37B01A88DF8E1
S2140204880430237C8DF80530E9F7BCFB0120FFF722
S21402049829FF17E0F823DBE74FF6FF7043F0010366
S2140204A8C1F88400C2F884300622114BC3F87C24B3
S2140204B8E3E743F00503C1F88450C2F88430042306
S2140204C8C0F87C340F4B4FF080420020DA644FF4B9
S2140204D880220B4B9A6403B0F0BDC1F88450C2F870
S2140204E884300023ECE700BF34530020F662002075
S2140204F800C00350006000B8002002B8485300202D
S214020508005000B8001002B8F0B52B4F06463D461C
S21402051804460FCE0FC5336885B02B6000F0B6FCD4
S21402052801213A20EBF794FB0022244BC3F87C24E3
S214020538A17A627A42EA0142C3F88824217CE27BE5
S21402054842EA0142C3F88424217B627B41EA0240E4
S214020558C3F880043B78032B2AD8DFE803F022028C
S2140205680C178DF8041004218DF805200DEB0100F8
S2140205780022E9F713FBE37B00228DF80830237C80
S214020588042102A88DF80930E9F708FB637A0122EC
S2140205988DF80C30A37A042103A88DF80D30E9F7FC
S2140205A8FDFA074B187805B0BDE8F040FFF7F0BE35
S2140205B8212005B0F0BD00BF3453002000C0035010
S2140205C8F6620020034BDB6C002BBCBF024BC3F861
S2140205D888007047000002B8004000B82DE9F047CE
S2140205E800F0AEFC4FF47A762D4BB0FBF6F61860A8
S2140205F84FF4FA73734307462A48190E1B02181853
S214020608294A4FF0000341F10001FCF759FA274B3B
S214020618A0F5807205461A6320B948222B2103F0FA
S214020628B3F801254FF47A724FF0000A6A4353462C
S21402063850083102FCF744FA1C4B1D4AB7F57A7F7C
S2140206489A601C4B4FEA056819601B4B894604469C
S21402065818604FEA152505D29B222B21504603F037
S21402066893F801264FF47A73A8FB030103FB0511DE
S2140206787308C01841F1000100233246FCF720FA3D
S2140206880E4B023419600E4B49F10009A408186093
S21402069844EA8974054B013C9C63BDE8F08700BFB9
S2140206A84853002020A1070040420F0000C001B8AE
S2140206B802110100585300205453002050530020C2
S2140206C84C5300201022044BC3F884215A6001229E
S2140206D8024BDA60704700BF00E100E000C001B8D4
S2140206E81022064BC3F88421C3F88420BFF34F8F29
S2140206F8BFF36F8F0422024BDA60704700E100E016
S21402070800C001B810B50446A242A2EB0000A3EB53
S214020718010104D2034B01399B6B0133184401F0E3
S214020728030110BD00C001B838B501250A4B020105
S2140207389D504FF480730446084A8340536620F05F
S21402074874FB074AA540137823EA05031370BDE82D
S214020758384020F065BB00BF00E101B800E001B8F0
S214020768FF6200202DE9F84F164605468A461F46C0
S21402077820F05BFB022E00F09180804620F062FBA0
S2140207885A4B5B4AD3F8209092F891405A6EE4B2DC
S214020798520744BFD3F82090013404F0030420F033
S2140207A84CFB4846214600F02FFA8446DAF8000049
S2140207B8012E04BF01306044ACEB000C08BFCAF837
S2140207C80000BCF1804F7DD300F030FA8145A1EBE2
S2140207D8040188BF454BDFF838C188BF01F1FF31F5
S2140207E801F0030188BF9B6BA0EB090E0CF80510FD
S2140207F8A1B1F90742BF41F61F723E4B5A67BA07C4
S21402080842BF3C4B3C4A5A677B0742BF0022374BE3
S2140208189A673C0742BF0022344B9A6511244FF070
S214020828010A324B05F11002120103EB051BCBF845
S2140208380C0132499C501A6A0AFA05F4586E0B786B
S214020848A2EB0902E4B2234372450B7025D34FF498
S2140208588073AB40034220D11CF80520002A40D101
S2140208680EB3274AF807536607D541F61F7140F2BA
S2140208780110204B596750675967B90706D51D4BB3
S2140208881D4A1F491F485A6748675A677A0742BF70
S21402089801221D4B1A613B071AD4404620F0C0FAC3
S2140208A80120BDE8F88F194A2D0142F805A042F842
S2140208B89C3C20F0BAFA11490B7823EA04030B7021
S2140208C820F0AEFA404620F0ABFA0020BDE8F88FDA
S2140208D82120FFF777FE4FF48032044B4046DA6059
S2140208E8DCE7074A40465366D8E700BF00C001B8AF
S2140208F8003E00B000E001B800001F1FFF620020A3
S21402090800D001B800000101000002B800E101B8F9
S214020918F7620020024B1878003818BF012070478B
S214020928FF620020034B10300001185800F0010047
S214020938704700BF00C001B870B50646FEF704FE51
S214020948044608B1FFF7CCFE00230A4D3046AB61D9
S214020958EB612B6200F06AF9074BC9B283F8911073
S21402096828622CB1FFF7AEFE4FF08062034B1A6482
S214020978002070BD00C001B8003E00B0002002B8DA
S2140209882DE9F0419DF818800D46B8F1000F08BF12
S2140209980022214EB5F5803FB168074621F4700162
S2140209A841F4A001B1609DF820409DF81C104FEA62
S2140209B8042444EA016444EA031444EA084444EA80
S2140209C802044FF0180140F2E9222CBF0020012051
S2140209D8746502F0D9FE3564B8F1000F1AD00F4BD1
S2140209E8BC68D3F888306D2C38BF6D245B0606D5F4
S2140209F800F082FB18B10A4BB3FBF0F31C44204606
S214020A0800F014F90130854238BF0022024B34BF89
S214020A185A645864BDE8F08100C001B800C000B846
S214020A2800093D0038B51A4B5D6C35BB10242020F2
S214020A38FFF7C8FD174B9C6002F04EFB2022164BB0
S214020A48C3F8842101F0D2FC48B12A4600200821C6
S214020A58FEF7D4F9114B5C66A3F580531C67104A5F
S214020A68D36803F07063B3F1807FF9D9084B0D4A57
S214020A785A6741F201429A6738BD01F0B7FC00286E
S214020A88F4D0094B054A5366A2F580521367EDE780
S214020A9800C001B8001002B800E100E000E001B8AA
S214020AA8000002B8011B01181000002008B521201A
S214020AB8FFF788FD4FF48032014BDA6008BD00BFAD
S214020AC800C001B8F8B5184D04466B6A1B0426D553
S214020AD800F086FB6B6AA0FB044613F0787F4FEAA9
S214020AE89367C3F34450C3F3044505D140F25A4210
S214020AF82B2102F049FE0120AD01B5FBF0F010EB08
S214020B08871005D140F25F422B2102F03DFE0120FC
S214020B180246002320463146FBF7D2FFF8BD00F016
S214020B28EBFAA0FB0401F9E700C000B80246012070
S214020B3830B50B4CA0F12003C0F1200524FA05F5C8
S214020B4804FA03F32B4304FA00F595428B4100D3CB
S214020B5830BD0F2801D00130ECE7FF20F8E700BFD0
S214020B6840420F0010B50C46FFF7ACFFC30943EA34
S214020B784163C01A61EBD111FFF7D8FFFF2814D0E2
S214020B880F220C4B40F01000C3F88820A3F58053C0
S214020B98C3F88800A3F580535B6ADBB2802B06D0C5
S214020BA82046BDE8104000F007BB212010BD0220F9
S214020BB8FCE700BF00E000B838B520F043F9084B60
S214020BC8084A1D6A92F891405A6EE4B2520744BF28
S214020BD81D6A013420F031F9284604F0030138BDB5
S214020BE800C001B8003E00B00346064A103302EBC6
S214020BF800111B01D1F80C01D158C1F340011BF0BA
S214020C0823BB00BF00C001B8064B1B68434303EB77
S214020C188171054B1B68A3FB003013F1004341EBBF
S214020C2800007047505300204C5300200C4A20F016
S214020C384043014610B5002014684FF00042E4FB1A
S214020C480320084A890F126802FB0300064B9B6BB7
S214020C58984204D901330131C01A01F0030110BDCC
S214020C68545300205853002000C001B8044B01F02A
S214020C78F071103041F0030100011950704700BFAF
S214020C8800C001B808B52220FFF79CFC4FF480226A
S214020C98014BDA6008BD00BF00C001B870B5164641
S214020CA8054600B3F9B1F2B14268104B0068033248
S214020CB81B68920800F130409847044688B9EA68EB
S214020CC8A86803323146920800F130401BF0D5FA84
S214020CD8044630B9D5E90402214600F13040FCF753
S214020CE85BFA204670BD2124FBE700BFD4690020CA
S214020CF870B50C68651C15D0C4F302669E42C4F330
S214020D08074530D1A4B294422DD804EB8506B242E8
S214020D1829D2141BA50824F003040E59340F04D054
S214020D28012C08D00022212402E06B1C51F8232053
S214020D38C0E9002470BD0E4C34F8133042EA03436F
S214020D481A686B1C51F8234001EB83014B6822405A
S214020D585E4036F0704404D11B0F032B04BF8B6829
S214020D681A430024E4E7013501EB8501C1E700BF19
S214020D78ECD6040007B501A8EBF766FF9DF8053028
S214020D88022B02BF40220B4BC3F8FC23C8220A4B95
S214020D985A650A4B0A4AD3F86032DBB2FF2B08BF01
S214020DA803239B0043F47F53C2F8F83303B05DF87D
S214020DB804FB00BF001002B8008001B80080E00FF4
S214020DC8000002B8836810B4074C03F13043246865
S214020DD81B689C4203D15DF8044BFFF75FBF0020F7
S214020DE85DF8044B704700BFE86900200022012125
S214020DF808B51E4B1A645A649A641D4A5161022148
S214020E089162DA68C2F303620D2A01D0002AF8D189
S214020E18112218499A631848184AFFF73FFF00F04C
S214020E28E9FF174A93685BB9164A93689BB94FF06D
S214020E3880620F4B5A61012203F580535A6108BD3E
S214020E481149D268096803F13043032AECD943F8FA
S214020E58041B043AF9E70C49D268096803F13043DF
S214020E68032AE4D943F8041B043AF9E7000002B857
S214020E78001002B858DC040040D704005CD704000F
S214020E8828D7040010D70400E8690020012341F699
S214020E98FF710D4AC2F8803291660C4A53600C4ABA
S214020EA853600C4A5360A2F580425360A2F5404252
S214020EB8536002F5C032536002F580425360A2F5D1
S214020EC800425360704700BF0090005000D000B840
S214020ED8001000BA005001B838B50324FFF7D6FF51
S214020EE8114A124B124DDA64FFF744FF114BC3F84E
S214020EF8E0400123EB6400F0DBFD4FF460736B61A6
S214020F084FF40073EB641BF028F90021FEF7D0FCBF
S214020F188022094B1C64A3F580535C64074BC3F814
S214020F2884215A6038BD00BF0048F000000002B8AD
S214020F38001002B8005001B800A002B800E100E0B4
S214020F4808B51EF00BF8044B1B6FC3F300430133BE
S214020F58B0FBF3F008BD00BF0080005070B5044631
S214020F6898B1B1B13A4A52F8043B834213D10023EE
S214020F78384A116CC907FCD4374800EB83001BF0CB
S214020F8885F9364B106001221A6470BD01330C2BAA
S214020F9802D1334D2CE0012352F8041BA142F5D1AD
S214020FA8304A32F81330E3E7C2F3016335F8130028
S214020FB8110C93B211F0FE0F43EA0043606820D08A
S214020FC80434CAB2022A216808D9D4E90160033A6D
S214020FD8C3E9001698600C340C33F3E704D1626850
S214020FE8C3E90012083403E0012A01D10434196067
S214020FF82268531CD8D10022164B1A6003F5805378
S214021008C1E7120F072AEDD8DFE802F00704090D38
S2140210181013181DC04303F500531860E2E71A6858
S21402102842401A60DEE703F58053F6E71BF001F943
S214021038D8E7012203F580538240F2E7012203F53E
S21402104800538240EDE71A6830EA0202FBD1C9E78C
S2140210585C53002000C002B8404000B000D002B87E
S214021068ECD60400965B00200122014BDA64704736
S214021078001002B80122014BDA647047002002B859
S2140210884022014BDA647047002002B84022014B26
S214021098DA647047001002B80B4B1B68D3F8E430CA
S2140210A823B11A68022A01D9186A7047074B9A6D43
S2140210B890B238B1064BC2F307421B68DB085343AB
S2140210C8B3FBF0F0704700BFBC530020004001B8E5
S2140210D848530020064BDB68C3F30363984206D1E5
S2140210E8044A936E23F0F00343EA011191667047AF
S2140210F8000002B8003F00B0054B1B68D3F8E43086
S21402110813B11A680A2A01D8FFF7C6BF186C7047C7
S214021118BC5300202DE9F74306461BF083F800244B
S2140211288046DFF890901FF080FE0DF10701054615
S2140211380DF10600FEF79CFA9DF806308BB9721C74
S21402114829D01BF06FF8A0EB080428461FF068FEAB
S2140211589DF8063013B99DF807303BB3A642E2D88D
S21402116824E0D9F80C3013F4603FE8D0D9F8180018
S2140211781BF0DFF8731C074603D01BF053F8A0EBEE
S214021188080428461FF04CFE17F5007FE0D03846C4
S21402119803B0BDE8F08328461FF042FE9DF80630ED
S2140211A8002BC0D19DF80730002BBCD1004FEEE7CC
S2140211B800FEFFFF00C000B810F1800F04D04D28D3
S2140211C8CEBF7F20323040B2FF22044BC0B25A62F2
S2140211D8A3F5805358620020704700BF00E000B8AD
S2140211E80B4A10B5136E0B4C116E03F00703E35C43
S2140211F8C1F3CD0101FB0333126E0748C2F3454221
S21402120802FB033300688001B0FBF3F010BD00BF99
S214021218004001B8E4D6040048530020044BD3F833
S214021228AC3010B1C3F30332027003F00F007047FC
S214021238000002B8094B01F080011B6C03F480031E
S2140212480B4309D14FF40012054B1A62837F1BB178
S2140212580122044BC3F80021704700BF000002B801
S214021268006001B8005001B82DE9F04F404F8046A3
S21402127885B038680C461AF0F2FC20B900242046DD
S21402128805B0BDE8F08F224600214046FBF784FFF2
S214021298384B5D6915F00105F0D102F019F90646DA
S2140212A80028EBD03F6838461BF05AF94FF6FF7312
S2140212B8984234D04FF060512F4E304B304AD3F814
S2140212C82090D6F88C3011624FF00061A2F5805259
S2140212D8116224220421C6F88C202A4A4FF4804B35
S2140212E891604FF480520027DFF8A4A0CAF868B0CD
S2140212F8F262A7421ED30421234A9160A2F5F03275
S214021308C2F88C304FF060521D4B1A6209EA02038B
S2140213181E4A13624FF480421D4B9A66AFE7314667
S21402132838461BF0C1F80146384602F0FFF9002895
S214021338C0D0A3E7B26E5104FCD5B268D205F9D57F
S214021348CAF868B0D6F890200135012D0392D0D994
S214021358E21B042AA8BF042208EB070003A901938C
S2140213680092FCF7A9F8009A019B3A4497B2C0E7A4
S214021378BC530020000002B8004000B8004001B884
S214021388006001B8001002B8002002B8005001B888
S214021398006000B84FF604014FF60502044B012020
S2140213A81B6C9BB28B4208BF1346024A13667047F1
S2140213B80080E00F00C001B82DE9F74F81460F46BE
S2140213C84FF0FF35FFF7F8FB002601908A462C46B9
S2140213D83046DFF8D8B006F110031B015BF803307D
S2140213E803F00308B8F1010F15D13046FFF7FCFBEE
S2140213F802460B4601985146FFF784F9DBF864303B
S21402140806F10802D340DB0739D5002F40D0002565
S2140214182C463E6040460136082EDCD160B3234A8D
S2140214280027D2F808C0916B0CF440330131A4FBB4
S2140214380141641941F10001B3F5003F30D1536B05
S2140214480CF4405C013347F10006BCF5805F22D1FC
S214021458156B15F5807505FB06F647F1000203FBCA
S2140214680266A5FB03323244594304FB0212A3FB6D
S21402147804341444C9E9003403B0BDE8F08FA84226
S21402148871EB0403C6D207B13E6005460C46C1E7B7
S2140214983D463C46BEE7320242EA13621B02E3E7D7
S2140214A8136B13F5807347F10002DDE700C001B83D
S2140214B808B51AF052FF0122054B93F88D30023315
S2140214C85B00DBB202FA03F3024A536108BD00BFAF
S2140214D8003E00B0002000B82DE9F34105460F464D
S2140214E868461146FFF768FF0646B0B1AFB1DDE9B8
S2140214F800321B0A43EA0263A5FB0384094B120A5D
S21402150805FB02441A6812B9FFF71AFD02460023C1
S21402151840462146FBF7D4FA3860304602B0BDE8AA
S214021528F08100BF485300204FF00052014B1A606A
S214021538704700BF00E100E04FF00052034BC3F8CB
S2140215488020BFF34F8FBFF36F8F704700E100E034
S214021558F8B50B46002213F8044B944225D91D68A9
S214021568854224D106245A791D79124B88181E689A
S21402157804FB0503104F33F8063C7B43B3420ED9EF
S21402158800238A5A7A43964202D804FB0300F8BD1F
S2140215989D42FAD9013304FB03F2825AF2E740F27B
S2140215A844423D21002002F0EFF80020EFE708331E
S2140215B80132D2E78C53002040420F0000202DE96A
S2140215C8F84FA2FB018BC74EC74F18EB0606994683
S2140215D86BF10003B74270EB030307D240F23E22D8
S2140215E80E2102F0D1F80220BDE8F88FD9F814A02F
S2140215F80C461546BAF1000F04D0DAF80030032B71
S21402160800F21B81B94BBA4A9F6BA3F58043D3F805
S214021618EC30C7F314075E00B64B48BF47F4001712
S2140216281B6ED2F8FCA058074EBF4FF440039B052A
S21402163803F0E0731F43B04BD3F8E430990748BF72
S21402164847F0807747EA45671DF0BCFC012D064641
S214021658C9D10028C7D0A94B984200F0FD8003F5EF
S214021668122303F5F863984200F05A81A44B984275
S21402167800F0A781002502462B4600204FF0007195
S214021688FBF71EFA2B46013008FB03F3C7F31301D8
S21402169800FB0B33A1FB0662A8FB008001FB0522B8
S2140216A8034420339B09C9F80030F60C954B46EAEA
S2140216B84236FA021C6058BF7642934B934D344426
S2140216C81E602C60BAF1000F00F00881FB014FF093
S2140216D800038F49C7F381528A5C194648BF6408DB
S2140216E8002EB8BF764292066008C2FB0601224662
S2140216F8FBF7E6F9DAF800100E2908D97D4B7B4A83
S214021708926BDE69D3F80C31F60600F12881C0F335
S214021718130017F40017C9F8040014BFC42040F2D7
S21402172807107C4ADAF81860A2FB04C24FEA521283
S21402173800FB02F24FF4FA73B2FBF6F218BF002768
S21402174802FB03F3A4FB00C0FA33A3FB063604FB32
S21402175807006345864138BF0132D2B242F4006CB4
S214021768C9F808C0002A00F0BB80DAF81C70A2FB91
S214021778070624B1B4FA84F30E2B40F3D880E303A9
S214021788002E40F0D180B3FBF0F6700000FB02207A
S214021798A0FB07834FEA044EC6454FEA144474EB8F
S2140217A8030309D352001044A7FB0083C64574EB13
S2140217B8030306F10106F6D2C6F30E034CEA033C0F
S2140217C84CF000630629C9F8083049D9DAF83030EF
S2140217D8002B45D00023C9F80C30C9F810301DF08C
S2140217E8F1FBDAF83010FFF7B3FE044618B1837837
S2140217F8002B40F0CC801DF0ABFBDAF83010FFF778
S214021808A7FE0446002869D08378002B66D0407964
S2140218184FF4AE62003818BF01203D2101F0B4FF34
S214021828207940F2715200384FF03D0118BF01206E
S21402183801F0AAFF237962794BE0042BDAF82870C4
S2140218487FF402AFFB014CBF4FF4400307F0E0738E
S21402185827F0E0771F43F7E600232F481D4613E7D5
S2140218681DF0B0FB2C68002C00F0AF80B4FA84F3AD
S214021878D3F1020358BFDC40284B9C4288BF640859
S214021888002875D0B4FBF0F3642100FB134201FB79
S21402189802F2904203F1FF3200F2A6805D08530876
S2140218A8013D1B0243EA0515C9F80C501DF056FB0C
S2140218B8002800F09080B4FBF0F2642100FB12448A
S2140218C801FB04F4A04200F28D80531E52085B0806
S2140218D8013A1B0243EA0213C9F81030002083E6D5
S2140218E8212081E6006CCA88807C814A008001B883
S2140218F8004F00B0004001B8000002B800F04902EC
S214021908005A620294530020905300208C53002001
S214021918F8D60400D34D62100A3BB2DF3FBE40251C
S214021928002335481D46AFE61046002630E7C3F1C9
S2140219380F0E03F1110806FA08F820FA0EF040EA2C
S2140219480800AEF1200826FA08F840EA080026FA47
S2140219580EFE013004FA03F34EF1000610E702F415
S214021968801203F400131A4308BFC0F58010CEE6AF
S214021978631EA51E5B086D08013B2D0245EA03158A
S21402198840F2C2422B21002001F0FEFE8CE740798D
S21402199840F25552003818BF01203D2101F0F4FEEE
S2140219A8207940F25652003818BF01203D2101F036
S2140219B8EBFE237962791B0243EA0213C9F80C305C
S2140219C819E700230D481D465EE66FF01F0500283E
S2140219D87FF46AAFD4E740F2E5422B2101F0D4FE49
S2140219E8621E72E71446FBE79D1E6D085308013B0C
S2140219F82D0245EA031557E7313641DCD694BFD6A1
S214021A0810B5044686B059B9214B4168D3F8FC3064
S214021A18827A2048059300686B46FFF7CFFD694631
S214021A281D4B0A685A631A4BD3F8FC3033B34B681B
S214021A3843B11A4B1A4AC3F80C214A68A3F58053D5
S214021A48C3F80C218B6843B1144B164AC3F8EC2032
S214021A588A68A3F58053C3F8EC20134AC868D2F8FC
S214021A68743123F4EE630343C2F87431D2F86C314E
S214021A78096923F4EE630B43C2F86C31002022890D
S214021A880A4B9A6203F5A033186406B010BD00BF6D
S214021A98004F00B0BC530020008001B8006001B8B7
S214021AA8FFFF0F00FFF8FF0F000002B8004000B863
S214021AB8064B9A6E920607D55B6E002B4FF4804350
S214021AC8B4BF034A034AD36400207047008000501C
S214021AD8002002B8001002B8064B1A6C9207FCD413
S214021AE8022240EA01205860034B1A640122034B83
S214021AF81A70704700C002B800D002B8006300200F
S214021B0840B10368012B05D90069034B002808BFBA
S214021B18184670470048704700D7040010B590B1C1
S214021B280468012C0FD902696AB11168094B102C96
S214021B38196051685960916888BFD268996094BFE5
S214021B48D960DA6010BD102200210248FBF724FB98
S214021B58F8E700BF9C530020084BC1171A68A2FB7F
S214021B68000302FB013310F1807043F10003400EBC
S214021B7840EAC310803820EAE0707047AC53002071
S214021B880722194B70B5DA63184B194A1D68194BA8
S214021B98EC08E005C0184FEA153141F100010023B0
S214021BA8FAF78EFF144B154E18601548FFF7D4FF48
S214021BB84042C6F8DC0049F65800FFF7CDFFC6F8E3
S214021BC8A8001048FFF732F8024660B1E301500851
S214021BD818184FEA15714FF0000341F10001FAF7A1
S214021BE86FFFC6F8B40070BD000002B84853002064
S214021BF865CD1D00B2E60E00AC530020003F00B0D3
S214021C087011010040420F0010B5044698B10B4B04
S214021C18D3F8FC00FFF782FF4FF47A7303FB04F055
S214021C28074BA0F57A60DA689B681044C01ABDE8CC
S214021C381040FFF791BF49F64040F8E7004F00B062
S214021C489C5300202DE9F8430546084614461E46CE
S214021C58FFF764FF05B306F0020716F004061DD167
S214021C68D7B14FF47A706B685843002B40F08C80DB
S214021C78FFF772FF20636B69002B00F08C804A4ADC
S214021C88D0684FF47A7202FB0300A0F5FA50FFF709
S214021C9863FFE062002E58D1BDE8F8832869002861
S214021CA869D04FF47A7358433F4BA0F57A609B6825
S214021CB8C01AFFF751FFA062A88B00285ED04FF427
S214021CC87A735843384BA0F57A609B68C01AFFF7B8
S214021CD843FFE061354BE968D3F80080002950D00D
S214021CE84FF47A735943304BA1F57A619A685B6868
S214021CF8891AC91A2E4BC8171A68DFF8BC90A2FBB5
S214021D08011302FB003311F1807143F10003490EFF
S214021D1841EAC3118039274B2162D3F8C430636283
S214021D28D9F8003053B140461AF0BDF930B1224610
S214021D38D9F800301C49D8F8D80098470021A86975
S214021D48FFF762FF6063002F8BD1A86830BB47F2AB
S214021D583050FFF701FF60614FF47A702B685843E2
S214021D682BB1114B1B6803F51C5310331844FFF7AD
S214021D78F3FEA06190E749F640409AE749F64040EC
S214021D88A5E749F64041B5E7074B1B6803F51C5320
S214021D98103318446CE747F2305078E74FF47A73FA
S214021DA85843A0F5FA50D4E79C530020BC530020B1
S214021DB8AC530020003F00B09853002038B50546C3
S214021DC808461C461AF051FA0246D5F8E400FFF710
S214021DD897FE4368A018002B044AA8BF4FF4FA726D
S214021DE81A44034B92FBF3F2104438BD0CFEFFFF75
S214021DF818FCFFFF70B588B06D46124C0FCC0FC5A5
S214021E0894E80F0085E80F00D82200210E48FBF759
S214021E18C3F9AC2200210D48FBF7BEF920220021A7
S214021E280B48FBF7B9F91AF048FC0A4B1B783BB18A
S214021E386D46044E0FCD0FC695E80F0084E80F00D6
S214021E4808B070BDE03F00B07C3E00B0543F00B022
S214021E58E04F00B0F362002008B51EF0E6FF0E4B16
S214021E681A78A2B90D4A126812F4843F0FD10C4AA6
S214021E781021D1641B7863B9084B1B68DB0508D4AC
S214021E88074B2022DA64BDE808401EF0C9BF054A9F
S214021E98EEE7044BF5E700BF06630020A81400200F
S214021EA8002002B8001002B80A4B197801F0FF02A7
S214021EB829B10021197008499202C1F804215978FB
S214021EC801F0FF0229B1002159709302024AC2F8B2
S214021ED80831704701630020005000B8064BD3F85B
S214021EE8F00E064B5B6C1A0103D4054B9B6E1B0463
S214021EF801D500F580707047003000B0000002B8C7
S214021F08004000B810B51EF090FF0E2104460320CC
S214021F18FFF7E0F840F20122034B2046BDE81040E6
S214021F28DA621EF07DBF00BF004000B838B51EF06A
S214021F387CFF4FF00043244C0546C4F88030BFF3BC
S214021F484F8FBFF36F8F0123C4F88430BFF34F8FD0
S214021F58BFF36F8F0223C4F88430BFF34F8FBFF3EB
S214021F686F8F0423C4F88430BFF34F8FBFF36F8F8D
S214021F780823C4F88430BFF34F8FBFF36F8FFFF781
S214021F88DBFA1023C4F88430BFF34F8FBFF36F8F8A
S214021F982023C4F88430BFF34F8FBFF36F8F4023DC
S214021FA8C4F88430BFF34F8FBFF36F8F4FF480634C
S214021FB8C4F88430BFF34F8FBFF36F8F2846BDE84F
S214021FC838401EF02DBF00BF00E100E038B51EF015
S214021FD82CFF05464FF000430A4C2360012363603A
S214021FE80423636008236360FFF79EFA1023636086
S214021FF820236360402363602846BDE838401EF00D
S2140220080FBF00BF00E100E0012370B5074C237044
S214022018074B1E68074B3240D3E900531940284045
S214022028FCF7ECFE0023237070BD00BF046300209B
S214022038B4530020A81400200022044B1A70044B44
S214022048197811B11A70FFF707BF704705630020A9
S214022058066300202DE9F047DDF820A003EA010810
S214022068099B06460D4602EA000703EA0A09BAF180
S214022078000F40F05281031F0B4300F0128105281F
S21402208871F1000380F0E88050EA010300F07881DD
S214022098431E0B4300F02881FFF748FFB94AD2E9EE
S2140220A8004323EA050324EA06043C4343EA0807F6
S2140220B8B54BC2E900471E6826EA0A0646EA09063A
S2140220C81E60FFF7C9FE14F02A4F14BF48F2020337
S2140220D84FF40043AD4AB007D26EAD4848BF43F44A
S2140220E8005383EA020122EA0302C266A94A0B40A7
S2140220F88166D366C4F380421203210348BF42F4C2
S2140221088072E30648BF42F40052A34BA50648BFB6
S21402211842F400726006D3F80C3248BF42F480627A
S214022128210648BF42F400629C4882EA030123EA79
S2140221380203C0F80C329A4B0A4017F4007FC0F824
S2140221480812C3F80C22974B07F4007200F00481B9
S21402215801224FF4802583F88820E30448BF45F41B
S2140221688035A00348BF45F48015A10748BF45F44B
S214022178001514F4001FDFF8688206D0D8F80000AD
S2140221881AF099FA08B945F40025E20248BF45F460
S2140221980035FB06844B48BF45F480051A6A834916
S2140221A885EA020323F001031A400A621D40CB6146
S2140221B87F4B16F0010F1D627E4B7F4A18BF1A46E8
S2140221C87E4B7D071B6F48BF42F000627C4882EA5E
S2140221D8030123EA020303677A4B0A4041661A6739
S2140221E8794A04F00103926CA0F5803083EA020172
S2140221F822EA03028264754A0B4041649364D8F863
S2140222080020200248BF724B92F8F62058BF714B46
S214022218610748BF43F4806322B114F4C06F18BF45
S21402222843F4807332074FF03A42BDE8F047D2F8DB
S214022238181148BF43F0004383EA010222F4A022A1
S21402224865481140C0F818111340C0F81421634AB3
S214022258C2F81831FFF7BABEA0F580630B4306D062
S21402226820F48063A3F500730B437FF415AF1EF0CA
S214022278DCFD4449D1E9003223EA060322EA0502D4
S21402228842EA08023B43C1E90032554A126892F80C
S214022298F610514A09B313F4C06F1ED04FF4807378
S2140222A811E01EF0C2FD374AD2E9003123F00403DA
S2140222B83B4341EA080157EA0807C2E900314FF4EE
S2140222C88063454A0BD0C2F81431A2F58052C2F890
S2140222D81831BDE8F0471EF0A3BD4FF48073C2F86C
S2140222E81831C2F81431F4E71EF09FFD254AD2E9E8
S2140222F8003123F001033B4341EA0801C2E90031F9
S2140223080123384A57EA08071BBF5364A2F58052CE
S2140223189364936408BF5364DBE750EA01037FF4CF
S214022328BBAEBAF1010F7FF4B7AE1EF07EFD164AB9
S214022338136823F0010343EA090313604FF480632A
S2140223481F4AB9F1000F04D05366A2F580521367EC
S214022358BFE713675366BCE793F8881071B183F832
S2140223688820214BD3F8A41003F50053C3F8A41011
S214022378C3F8A0104FF05023C3F8A4200025ECE6BB
S214022388BDE8F087A8140020B4530020004000B827
S214022398006000B8005000B8004001B8006001B8FC
S2140223A8005001B8003F00B0000002B8002002B892
S2140223B8001002B8041C00030418000300C001B889
S2140223C800E001B800D001B800C000B800D000B8DC
S2140223D80D0A0A09090A0A09002000BA001000BAFA
S2140223E8BC53002000E000B800400050024B58687A
S2140223F8C0F3C000704700BFA8140020024B18683C
S21402240800F00100704700BFA8140020024B58686D
S214022418C0F3C030704700BFA814002010B50446A9
S214022428FEF75AFDFFF782FD2046FDF789FAFEF70A
S214022438DDFCFEF7D3F8FEF745F9FFF7A1FB1349D3
S2140224480723134AD1F8FC1004F1F800FFF7FAFB49
S2140224584FF080710020FEF709FC4FF000720D4B1A
S2140224684FF400110120C3F80021FEF7FFFBFEF728
S21402247891FF20B940F29232142101F085F919F041
S21402248875FFBDE810400120FDF782BF004F00B07F
S214022498A43F00B000D001B88023074A136408237B
S2140224A840B11364054AD2F8C83E23F02003C2F8A6
S2140224B8C83E7047024AF4E7001002B8003000B07F
S2140224C8002002B810B51EF0B0FC01210446002018
S2140224D8FFF7E2FF044B1961044B5B6898472046F6
S2140224E8BDE810401EF09CBC000002B8BC69002083
S2140224F8F8B5194C0546207840F2E442B0FA80F066
S2140225083E21400901F040F955B9607840F2E442AC
S214022518BDE8F840B0FA80F03E21400901F034B92F
S2140225284FF440660D4F0E4DD7F8043140F2E442A0
S214022538C3F381232370C5F8046160783E21B0FA9C
S21402254880F0400901F020F9D7F80831C3F3812357
S2140225586370C5F80861F8BD01630020004000B842
S214022568006000B8F8B5084C084D236C0423084FE1
S2140225782B64236C5B0300D4F8BD042602203E6459
S21402258819F057FE2E64F4E7000002B8001002B8ED
S214022598002002B8A82238B51A4B1D6C03F5005362
S2140225A81A6410229A60A3F5804302F100521A6751
S2140225B85A66FFF779FC144B1B7813B90320FEF70B
S2140225C8B3F80024114B9C67FFF7CCFF104A114B57
S2140225D8D2F8F01E0B40C2F8F03E04220E4B1A64E4
S2140225E80E4BAA06C3F8D04008D503F580739B6F36
S2140225F8B3F5817F22BF8022024B1A61BDE83840BC
S214022608FCF7B8BD000002B80363002000C001B89A
S214022618003000B0DF0000FF002002B8003E00B025
S21402262810B551B920B3154BDB681B0E13F00E0F0D
S2140226381ED1134B1B6CD9071AD4FFF763FC0F4C39
S2140226480020FEF7EBFD032801D0092805D1A36A6E
S214022658DA07F5D4636CDB03F2D4FFF783FF0122B3
S214022668084B5A6102229A62042203F580531A64BE
S2140226784FF4C062044BDA6210BD00BF000002B815
S21402268800C002B8001002B8006001B808B50321FD
S2140226980920FEF71FFD2022014B1A6108BD00BF64
S2140226A8000002B80D4A10B5D2F8A030D2F8A4102D
S2140226B80B40B3F1804F0CD34FF040400849094C09
S2140226C8C1F8A400D467C1F8A0004FF48021064AD6
S2140226D8D161034AC2F8A03010BD00BF00400050C6
S2140226E8006000500000FF01001002B838B5054629
S2140226F81EF09BFB0E4B04461868FDF74BFA35B1E5
S214022708FFF79AFC2046BDE838401EF089BB094B05
S2140227181B78002BF6D0084B1D78002DF2D1FFF758
S2140227288BFC2A464FF480400021FFF76DFCE9E750
S214022738BC53002005630020046300202DE9F84FEF
S2140227485A4B06460D4614461B6C002A40F0AB80D0
S21402275813F0A00F14BF4FF001094FF00009FCF761
S21402276809FDA0234FF0000ADFF85C810320C8F8B1
S2140227784030FDF7D9FF0420FDF7D6FF4C4FFFF790
S2140227885BFC4C4B4FF0040B7B67C7F878A0FFF74F
S214022798E9FE494B4FF48071D3F8C82E42F0200266
S2140227A8C3F8C82EFF22C8F80820404A1161D3F899
S2140227B8F02E42491140C3F8F01EC8F840B0C3F8DC
S2140227C8D0AE7B6913F0060F04D0FEF75BFA5846C4
S2140227D8FDF7AAFFB9F1000F08D04FF40062384B94
S2140227E81A644FF40042A3F5E0339A6666B1354B95
S2140227F8DB6C180701D4FFF785FBFFF747FF0420B9
S214022808FDF792FFFFF750FB284B5A69D10748D5C8
S214022818DA6812F0706FFBD12B4B2C4A1A642C4ADA
S214022828936E23F0F003936615B12046FFF75EFF1A
S214022838284BD3F84C315A1C01D05B0002D5012232
S214022848214B5A616CB31F4BDA6E03F500539A6636
S21402285803F5D0331B6A1C4A23F00103D3611E4BCF
S214022868D3F80C1203F50053C3F8081203F5005305
S214022878D3F8841003F5005399674FF03A43D3F818
S214022888181103F50053C3F81411144B996C03F589
S21402289800535964124903F5803359664FF60843C4
S2140228A81364BDE8F88F4FF0000958E7000002B835
S2140228B800C001B800000101003000B0DF0000FFD0
S2140228C8001002B8004000B8002002B8100030001D
S2140228D8003F00B00080E00F004001B800C000B81A
S2140228E85000002F9D4B2DE9F04F9F6EDB6E85B092
S2140228F81F409B4B9F664FF03A43D3F81451D3F8C8
S21402290818311D40974BC3F81451974BD3F8082239
S214022918D3F80C3202EA0309944BC3F8089203F57B
S2140229282043DA691B6A02EA0308914B08F4770225
S214022938DA61904BD3F80422D20605D4D3F80431D0
S214022948C3F30016DB0653D51EF06FFA8A4B5A6994
S2140229585E6E1B6F12F0060F06EA0306874A26F01B
S214022968007314BF4FF0010A4FF0000A23F4006305
S2140229787407536606D5824A92F891300133DBB261
S21402298882F891301EF04CFA002F00F0E48017F41B
S214022998004300F0D5801EF048FA0146FFF79EFA7B
S2140229A80446784BD3F800B0DBF80020DBF800309A
S2140229B89A42FBD0DBF800209A42FBD0FFF78EFA49
S2140229C8A04217D108461EF02BFA6F4B1C606F4BBD
S2140229D8D3F840B01BF4E0520ED124F07F4424F022
S2140229E8DF040CB9FFF7D6FD4FF0807B002414E015
S2140229F8B246C9E70446D7E70192FFF7CBFD5C4B20
S214022A08019A1BF480541A6440F09C801BF4806F71
S214022A180CBF4FF0805B4FF0806BB80715D55B4A4A
S214022A285348126C02F460410164002900F08D805C
S214022A38110400F18D8012F4005F0CBF4FF00052B3
S214022A484FF0006200244BEA020BC7F340377F00C0
S214022A584F4A2A40002A4BD015F4206F0AD040F677
S214022A68A3120621002000F08FFE0020FFF73EFE8C
S214022A7825F48025EB0506D5FF213D4A4BF4C06BAD
S214022A889160FFF73FFA15F0090F0BD040F6B8121F
S214022A980821002000F078FEFFF7F8FD4FF03A42D2
S214022AA80121516315F0106F0CD040F6C1120921AE
S214022AB8002000F069FEFFF7E9FD002211461046E5
S214022AC8FDF73CF815F4202F0AD040F6C912072164
S214022AD8002000F059FE0020FFF708FE25F48025A6
S214022AE8E80301D5FDF774F9002DB8BF47F00807CB
S214022AF869070ED54FF03A42126B12F4005F4FF494
S214022B08005217BF174923490A634BF4000B08BF44
S214022B180A636A0548BF4BF0040B15F48023019339
S214022B2800F0A480FDF70CF90138062834D8DFE84F
S214022B3810F01A011D011A0120012301260126019F
S214022B489B4653E74FF0804B50E74FF0007279E709
S214022B584FF0004276E7BB463C4679E7004000B8AD
S214022B68006000B8002000BA004001B8006001B852
S214022B78002002B800E100E000C001B800E001B899
S214022B88003E00B0B8D60400B0530020000002B8D9
S214022B98090B0B89001000BA40F6FA12032100202E
S214022BA800F0F2FD4FF03A400121D0F88C20D0F820
S214022BB8AC3002F00702063201FA02F2C3F30C0C3A
S214022BC8A2EB0C0292B2072A12D9774A126C530267
S214022BD80ED4764BC26CC06E5B6D5BB102F0070218
S214022BE806329140C0F30C00091A89B2072901D8A7
S214022BF84BF4007B6E4A1278002A37D04FF03A42DE
S214022C08D2F8142112F4A02F30D16A4A6A491278EF
S214022C189AB9F20411D40A787AB14FEADB02674805
S214022C2842EA447282F00102D0F8F00E02F0010283
S214022C38520020FA02F2930718D10420FDF774FD19
S214022C485F4A60485067FFF7F7F95B490A784AB95E
S214022C585D4A127832B15D4A5D4912680BEA020291
S214022C680A4201D14BF4804B26F48056B9F1000F84
S214022C781DD019F4805F18BF4BF4802B19F4807F9F
S214022C8818BF4BF4002B19F4005F18BF4BF0100B5B
S214022C9819F4007F18BF4BF0200B19F4806F18BF89
S214022CA84BF0400B19F4006F18BF4BF0800BB8F1CD
S214022CB8000F3AD018F4802F18BF44F4007418F4A2
S214022CC8803F18BF4BF4805B18F4801F18BF4BF484
S214022CD8003B18F4001F18BF4BF0020B18F4003F15
S214022CE818BF4BF4801B18F4800F18BF44F010046A
S214022CF818F4002F19D0314AD2F8C82E12F0C00F95
S214022D0813D02949CA68C2F30362032A01D0072AE4
S214022D1805D14A6CD00602D48A6C110732D54FF414
S214022D2800212C4A28F40028D161002E00F01881D0
S214022D38320540F18A802848DFF88490C27827490D
S214022D48002A51D04FF40063013AD2B24B66C270E1
S214022D5832B9234A1278C2B140F60141214A516774
S214022D68002200216EE04BF4803B1BE74BF4006B1D
S214022D7818E74BF4806B15E74BF4807B12E74BF0B1
S214022D88080B0FE74BF4001BCFE7D9F8782012F4AC
S214022D98A05F15BF4FF4807240F60142C9F858206A
S214022DA8C9F87820DCE700BF000002B8004000B887
S214022DB8066300200563002008630020003000B088
S214022DC800C001B80000010107630020A814002013
S214022DD8088D0100002002B8F762002000E001B862
S214022DE80363002000D001B80320FDF79DFCD9F844
S214022DF81420A34B12F0060F04BF41F61F72A14916
S214022E08A14808BF4A674FF400619E4A5166D9F83E
S214022E18142012F0060208BFC9F87820B3F88E20EC
S214022E2812F400615DD022F40062A3F88E200278C4
S214022E3802F0FF09002A58D1FDF724FFFFF7AAFB84
S214022E484A4620214BEA020B0C43B30009D52E2032
S214022E58FDF7B8FB4FF000518A4A44F008041167A0
S214022E685166F00606D52B20FDF7ACFB1021854AE5
S214022E781167516616F0306F05D1F1045DD5BAF1C7
S214022E88000F00F0A780320111D52920FDF79AFB22
S214022E98FFF7ACFA48B17D4A7D487A494A66026726
S214022EA800F54050C068430422D444F0040416F0E7
S214022EB8007A28D00420FDF737FC2720FDF782FB8E
S214022EC8FFF768FB4FF000716E4A5166714AD2F8F6
S214022ED8F01E490678D4704A0221916044F0020432
S214022EE828E002784FF40052ACE74FF4004238E785
S214022EF80A6720204A66FDF765FB2D2044F00C047D
S214022F08FDF760FBD3E716F0807FDFF8909146D096
S214022F180420FDF709FC2820FDF754FBD9F8782091
S214022F28002A39D1FFF736FB564A584944F00104BD
S214022F38116751660021594A9165320405D5584AE7
S214022F48126890474BEA000B0C43730508D555499F
S214022F588A78002A00F08E80013A8A700022174387
S214022F683A4658462146FFF74FF8019B0BB1FCF745
S214022F781DFF01224C4B05F00435C3F814514B4B88
S214022F8818F4002FC3F884211EBF4FF40022424BC8
S214022F98DA6105B0BDE8F08FC9F878A0C4E7F00496
S214022FA8C8D50420FDF7C0FB414AC9F87420FDF7CE
S214022FB869FED9F8642012F0407FBBD12A20FDF7BB
S214022FC801FBFFF7E7FA81E7D2F8C82E930685D405
S214022FD8384A81E733490A7952B1013AD2B20A71BC
S214022FE812B92B4A3449516700224BEA020BA4E76E
S214022FF80420FDF799FB0320FDF796FB274A2C4988
S21402300851671DF012FF81460DF10F00FEF706F913
S2140230182A4A824612780AB1FEF774FFBAF1030FFB
S2140230280ED1DFF8A0A00020FEF7F8F8032807D193
S214023038DAF82820D007F6D4DAF84420D103F2D4F6
S2140230489DF80F20032A06D101211D4A4846117011
S2140230581DF0E6FEC8E74FF03A42D2F8142112F401
S214023068A02FF1D1FEF7E8FF48461DF0D9FE4FF42F
S2140230788042BAE70220FDF757FB01226FE700BF3E
S214023088003E00B000E001B80363002010000020F4
S21402309800D001B8003000B0002002B800C001B865
S2140230A8D0690020F7620020002000BA00E100E0A4
S2140230B800000101001002B80000010D096300209B
S2140230C805630020000002B80122024B1A62DA6188
S2140230D8704700BF002002B8094A08B5D369116ACA
S2140230E80B40084923F47F00DB07C86106D5D16880
S2140230F84FF0FF30C1F3036119F042F908BD00BF73
S214023108000002B8002002B80C4A08B5536C926C4C
S21402311813400B4A5364DB070FD50A4B40F663424B
S2140231281878122100F0010000F02EFBBDE80840D6
S214023138002201200021FEF767BF08BD00C000B8C4
S21402314800E000B8A814002070B5174D2C6C6B6C04
S2140231581C40164B24F00202E1071A6405D540F615
S214023168CA420020296800F00FFBA2071AD50222DD
S2140231780E4B1A646B68DBB2A3B9FDF71DFD044655
S2140231880D460B4ED6F8F433DB060BD5FDF714FDC9
S21402319802460B4620462946FDF7B4FA652871F121
S2140231A80001EFD370BD00BF008002B800A002B8CD
S2140231B8000002B838B50B4C0B4DD4F88430DB0748
S2140231C806D4A36FD4F884201340084A936738BD00
S2140231D8D5F804311A06F0D5FFF7B6FF8023C5F8EE
S2140231E88431EAE7008001B800E100E000A001B8F7
S2140231F870B514460D461DF018FE064BD3F8C86E79
S21402320874402C407440C3F8C84E1DF009FE06EA06
S214023218050070BD003000B0034BD3F8C83E994392
S2140232280CBF012000207047003000B02DE9F041A5
S21402323817460A43012A1D469DF818409DF81C6049
S214023248DDF8208029D8B44227D2082E25D8032BA9
S21402325823D8B8F1000F20D00A460021FBF7DAFE81
S214023268FF21EB009940C943DFF834C008F1FF3864
S214023278FF00E2B2964202D80020BDE8F0813D196E
S2140232880CEB8505D5F8F82018F8010F0A40984087
S2140232981043C5F8F8000134EBE72120EDE700BF3C
S2140232A8003E00B01E4BD3F8C83E13F001001ED0F5
S2140232B81C4B93F84C001C4A40F08073C2F8CC3082
S2140232C84FF480131949C1F8B430A1F58051C1F8FA
S2140232D8B830D2F80C31DBB2FF2B1FD0984294BF1D
S2140232E80020012040F61F623C2100F04DBA1A0663
S2140232F8E1D40F4A92F84B1121B1DB0602D592F8B7
S2140233084801D8E74FF480120020084B0649C3F854
S214023318B820C1F8CC00C3F8B42070470120E1E712
S214023328003000B0003F00B0004000B8006000B8AF
S214023338003E00B0034B1868034B002808BF184627
S214023348704700BFB8530020940F05002DE9F843D4
S214023358DFF860900646D9F8008008461746B8F1A6
S214023368000F03D00E242046BDE8F88306B3336860
S21402337801331DD1E1B100F073F805460028F1D0FB
S214023388C9F8000000F092F8284619F052F80446E8
S21402339840B14046C9F8008000F088F8284619F07F
S2140233A843F8E0E73560002FDDD02846B847DAE76D
S2140233B82124D8E7BC530020024B1868003818BFEF
S2140233C801207047BC530020002108B5024B08466E
S2140233D85B689847002008BDBC690020431E03337B
S2140233E806D8044B984228BF1846642838BF64207B
S2140233F8704700BF40420F0038B505460C4641B13B
S2140234080B6833B11B68013303D0CB680BB18B68EA
S2140234184BB918F0F1FE00204FF4C172412100F0BA
S214023428B3F9212038BD0846FCF7A4FD00230A4A52
S21402343885F83031C5E93743C2E9003363694BB1D1
S214023448064A422110684FF4D272C31A58425841AB
S21402345800F09AF90020E5E7E865002048530020C6
S214023468F8B504461DF0E1FC002607460E4B1B681D
S21402347893B19E68AEB196F82420D20711D4354689
S2140234880FCC0FC50FCC0FC523682B6096F82430D7
S21402349843F0010386F8243038461DF0C1FC304656
S2140234A8F8BD1B68E4E700BFF869002010B50446BB
S2140234B818B9054B054A136010BDFAF727FED4F86B
S2140234C8E830002BF6D1F4E719C40300F4690020AB
S2140234D8014B1868704700BFE865002008B5024629
S2140234E80868FFF77BFF08604868FFF777FF4860C1
S2140234F88868FFF773FF8860C868FFF76FFF0B6975
S214023508C860581C03D00B48834228BF03460B6189
S2140235184B69581C03D00748834228BF034688696C
S2140235284B61FFF75BFFBDE8084088611046FBF772
S21402353897BD00BF40420F00D0F8E0302DE9F041B9
S21402354805460C4613B1838D8B424CD0D5F8DC3039
S214023558002B4BD09E68002E48D0D868002845D04D
S214023568013800B200281ADB002106E0128A591C2C
S214023578A24217D209B2884211DB0B1803EBD373A7
S2140235885B1003EBC30206EB8202B2F80EC003F12D
S214023598FF3EA445EAD90FFA8EF08842EDDA2120DA
S2140235A8BDE8F0814FF6FF7299B29142F7D09BB20E
S2140235B803EBC30306EB83062846B6F9122095F8F2
S2140235C82411D5F8F080E9F72DFC0746B8F1000F6C
S2140235D804D00023324628461946C047AC85C5F8AB
S2140235E8E06085F82D710020BDE8F0810E20BDE868
S2140235F8F08100BF2DE9F04782B004460F46164612
S214023608FBF796FF00285ED1454D2B68D4F8DCA060
S214023618D4F8E0800BB1534562D04FF00009AF6092
S214023628FBF7D0FF0128074651D12B68DAF80010BD
S214023638D8F8002013B1186888425CD0204618F0E3
S214023648E7FCC5E900A8D4F8F0508DF80760002D0D
S21402365858D00022204611460DF10703A8472046F7
S214023668FBF728F90546B9F1000F0FD076B9D4F85A
S21402367888300BBB012F05D025B12A4B0021032029
S2140236885B689847284602B0BDE8F087B5FA85F029
S21402369840F207523321400900F076F831462046B8
S2140236A8FBF70EFB204B05461B684146204698470B
S2140236B8D4F88830002BDDD000224FF40073204661
S2140236C8FAF734FDD6E70023154D6B609DE7002117
S2140236D80120FAF763FDFBF775FF0128FBD1A4E783
S2140236E86B68002B99D0434597D1AB689F4215D09B
S2140236F84FF0010993E7696811B109689142A0D0B1
S21402370859689BE794F8281094F82D313246994266
S21402371828BF19462046FBF71FF8A0E70025B1E7A1
S214023728E8650020BC690020F4690020F8B50E465A
S21402373805461DF07AFB314607462846FFF7FCFE8B
S214023748044620B138461DF06BFB2046F8BDFBF751
S214023758D1FE224631462846FFF74CFF0446384635
S2140237681DF05EFB2046F8BD38B5044D044C054BEB
S214023778286021601A601CF0ADFF38BDC0530020D7
S214023788FC690020C453002010B550B90548064B02
S2140237980160064802601868054B18601868FFF74B
S2140237A8E3FF10BDFC690020BC530020C453002070
S2140237B8C053002010B51DF038FB084B04461B68A2
S2140237C83BB1984728B1002200204FF48061FEF7EB
S2140237D81BFC2046BDE810401DF022BBC853002043
S2140237E80023F0B585B0CDE901330393124B134D90
S2140237F81B78134E8DF804301DF024FB2A78337894
S21402380804469A420F4F0CD03178386801AA2970BC
S21402381818F0EBFD50B140F608210B481DF099FB55
S21402382804E0386818F0C1FD0128EDD020461DF0E6
S21402383804FB05B0F0BD00BFFC6C0020306D002014
S214023848316D0020E4530020F1AC0400F8B52B4B90
S2140238581B7823B140F6FC3129481DF07AFB1DF08F
S214023868F1FA284B07461C8814F0060409D00121F1
S2140238784FF480701CF09AFA3846BDE8F8401DF0FE
S214023888DCBA21464FF480701CF090FA204600F00D
S214023898ABFF022808D180221B4B8021186818F03B
S2140238A840F9FFF79DFFE7E7204600F09DFF054633
S2140238B838B1012807D040F6314111481DF049FBBE
S2140238C8DAE70246E8E7FF220F4E104B30681A7016
S2140238D8FFF77AFD306818F068FD0128CCD02A4632
S2140238E82946306818F063FD21462C201CF08AFA17
S2140238F821460A201CF086FABEE700BF0F630020A6
S214023908F1AC0400B25B0020E4530020306D0020C6
S214023918002101481DF090B8506A00207F2837B56C
S214023928044610D14FF6FF73022217480DF106011E
S214023938ADF80630EBF798F9BDF80640E2054CBF3D
S2140239486FF04A0464B21DF07DFA104B05461C70EF
S2140239580F4B1B88DB0710D50E4B1B78002B0E4B24
S2140239680CBF21466FF07F01186818F008F920B1DD
S21402397840F6786109481DF0ECFA284603B0BDE81F
S21402398830401DF05ABA00BF641002C0286D0020ED
S214023998B25B002010630020E4530020F1AC040060
S2140239A810B513F055FE60B113F054FE0B4A80B101
S2140239B841F20D03BDE8104041F20D0107481CF024
S2140239C847BB074B1A781B799A4204D10022002378
S2140239D8F0E70D23EEE7034AF9E700BF400D0300C0
S2140239E8FC6C0020488D0100F8B5164E0D4633785B
S2140239F802F0010423B140F2C53113481DF0A9FABA
S214023A08124B134F1D60134DA4B1134B997801B195
S214023A18012120201CF0CAF92B783B700F4B1C782A
S214023A280F4B00211C70042333700E48BDE8F84083
S214023A381DF002B8214620201CF0B8F92B783B70FE
S214023A48EEE700BF0F630020F1AC0400D453002059
S214023A580C630020326D0020D85300200D6300202E
S214023A680E630020506A00202DE9F8431DF0EAF99B
S214023A78DFF8A0810546B8F80030614C13F4807F61
S214023A8803D0237873BBFFF7E1FE002108461CF03B
S214023A98B9F95C4B1A78FF2A13D01A7802F0FF0697
S214023AA832BBFF221A702378052B0AD10023284638
S214023AB823701DF0C2F9304618F000FE1DF0C2F958
S214023AC805462378504E062B09D13378FF2B06D0AD
S214023AD83378022B15D100214C481CF0ADFFFF238A
S214023AE833702BE000214FF480701CF05FF9CCE7AE
S214023AF81A78012A4FF0FF0214BF33264C261A7092
S214023B08D4E7337813B13378012B22D11CF0EEF9BF
S214023B1807463E4896F8009001F0DCFBFF235FFA62
S214023B2889F9337077B1B9F1010F44D16421374866
S214023B3884F800901CF080FFFFF752FE28461DF01E
S214023B487CF906E0284627701DF077F9384618F003
S214023B58B5FDB8F800301B0605D5002180201CF0FC
S214023B6825F916F082FF01F0F1FA294E308000B3EB
S214023B782778012F42D11CF073FE054610B3013098
S214023B881DF0C5FA00F44060B0F5006F1AD10422A1
S214023B98394628461CF0A4FD28441DF0B8FA4FF60C
S214023BA8FF7398420ED10020318800F0FFFC0023F4
S214023BB83380BDE8F8830023284623701DF03DF9BC
S214023BC83F20C4E7114801F085FB00210846217012
S214023BD8012500F09DFC23780BB9FFF737FE00207D
S214023BE8318800F0E3FC00233380002DE1D02078F2
S214023BF80028DED1BDE8F84318F0ABBE0025EAE798
S214023C080F6300202F6D00202E6D0020506A0020C2
S214023C18B05B0020B25B002008B513460A46194678
S214023C28064B186818F038F830B1BDE8084040F27C
S214023C38F44103481DF08DB908BD00BFE4530020C7
S214023C48F1AC040008B513460A461946064B18682E
S214023C5818F01CF830B1BDE8084040F2FB410348B2
S214023C681DF077B908BD00BFE4530020F1AC04008C
S214023C78024B1878431E5842584170470F6300207B
S214023C8808B5064B1B7823B140F2255104481DF0AF
S214023C9860F9FFF7DBFD002008BD00BF0F630020B8
S214023CA8F1AC040008B5054B01EB81011868490020
S214023CB817F067FF002818BF212008BDE45300202C
S214023CC808B5044B1868F9F7B1FE0A2390FBF3F01F
S214023CD840B208BDE4530020014B1878704700BF75
S214023CE8316D002008B5044B186818F0FEFBB0FAD0
S214023CF880F0400908BD00BFE453002038B5124DD5
S214023D080C462B78012B04D940F246510F481DF079
S214023D1820F921460020FFF7E5FF90B10C4B1C70F6
S214023D282B785BB9FFF792FD0A4B93F900100A4B02
S214023D38C901186818F042FC002038BDFFF750FD8C
S214023D48F2E72120F9E700BF0F630020F1AC040078
S214023D58316D002011630020E453002008B5074B9C
S214023D68186818F0C0FB30B1054BB3FBF0F083B20D
S214023D780BB1184608BD0120FCE700BFE45300203B
S214023D8840420F002DE9F3475C4E01201DF0DEF895
S214023D983388990704D440F63F4159481DF0D9F8AC
S214023DA8DFF8808198F80030053B012B04D940F6ED
S214023DB8414153481DF0CDF8524F3B6823B940F6AF
S214023DC844414F481DF0C5F8348814F0200478D0D2
S214023DD8012122201CF016F84FF47A74FFF7BEFF72
S214023DE83B681B780933434304EBC30498F8003056
S214023DF8A5B2062B0BD11CF041FC0446FFF7AEFF1A
S214023E08602358430C2303FB0400284485B2D7F8E2
S214023E1800903D4B99F800801C7808F1FF381FFA8D
S214023E2888F8002C52D133885A0505D409F10100C6
S214023E381DF06DF9C0F340143449354A8878127873
S214023E484B7812FB00F2334F93423B70A4BF9B1A87
S214023E583B703B78CA78BD60934238BF13463B70C6
S214023E6813F0FEFB002833D013F0F8FB012814BF2A
S214023E781025082525430023DFF8ACA000938022EE
S214023E8843464946DAF8000017F0ADFE20B14FF473
S214023E983B611B481DF05DF81F4BDAF800001978E5
S214023EA81E4B197033889B0614D52A461C4B00975E
S214023EB818F099FAC0B9002002B0BDE8F0471DF024
S214023EC845B8214622201BF09DFF87E70024B3E76A
S214023ED82546D0E72A460F4B18F083FA014618B94A
S214023EE825201BF08FFFE6E7214626201BF08AFFD7
S214023EF840F6F43102481DF02CF8DCE7B25B0020ED
S214023F08F1AC0400D453002012630020FC6C00209D
S214023F180C630020006A0020316D0020306D0020FE
S214023F28D85300200F630020E4530020184B10B526
S214023F381B889B0704D440F6A66116481DF009F8AC
S214023F48154B1B78053B012B04D940F6A76111488F
S214023F581CF0FFFF114B1B6823B940F6A9610D48F8
S214023F681CF0F7FF00240E4B0E4921201C701BF094
S214023F7849FF014618B9BDE81040FFF703BF0228FB
S214023F8804D12046BDE810401BF0D2BF10BD00BFCA
S214023F98B25B0020F1AC04000F630020D45300206B
S214023FA80A6300204D410200F8B55A4C23889A0746
S214023FB804D54FF43E7158481CF0CBFF574801F021
S214023FC889F91CF03FFF238805465B070DD54FF09D
S214023FD8FF3017F04FFE524B1B68C01AB0F5717FC0
S214023FE803D9002104201BF0E1FE28464D4D1CF0A3
S214023FF824FF2B78042B32D11CF024FF2388064694
S2140240085F0708D5454800211CF016FD3046BDE876
S214024018F8401CF012BF1CF010FF1CF013FF424BB6
S21402402806461B78414F13B9238859050FD5052331
S214024038012102202B701BF0B9FEFFF777FF3046EE
S2140240481CF0FBFE3B68DA78394B1A70F8BD386804
S21402405801301DF05CF88206E9D50623E8E7062B50
S2140240684DD1344B1B78FF2BF0D1334E13F0FAFAAE
S2140240783378002B3DD01CF0E5FE238805465B0707
S21402408805D5264800211CF0D7FC2846BFE71CF0B9
S214024098D4FE3378013B33701CF0D4FE044601216B
S2140240A802201BF083FEFFF741FF20461F4C1CF040
S2140240B8C4FE206801301DF02AF800F44060B0F50E
S2140240C8006F13D124680121042220461CF008FB45
S2140240D820441DF01CF80146184B04201A78337841
S2140240E8D21AD2B2BDE8F8401CF0DABF4FF6FF711A
S2140240F8F2E740202B70BDE8F84018F0DFBA012B33
S214024108A4D100232B700E4B1868FFF75DF93F20E9
S214024118F1E700BFB25B0020F1AC0400506A002051
S214024128D05300200F63002012630020D4530020CF
S2140241380B6300202E6D00200C630020326D0020D9
S214024148E453002008B50A4B1A7882B901221028CF
S2140241581A7004D040F69D6106481CF0FAFE00214B
S21402416820201BF023FEBDE80840FFF70BBE08BD63
S2140241780A630020F1AC040008B5094B1B88DB066D
S21402418804D440F2C35107481CF0E3FE1020002175
S2140241981BF00CFE044B1868BDE8084018F01AB964
S2140241A8B25B0020F1AC0400E4530020012208B5FB
S2140241B8074B1146186818F0FAF800212C201BF055
S2140241C821FEBDE8084000210A201BF01BBE00BFE6
S2140241D8E4530020014B4008185C70472A6D002003
S2140241E808B513460A461946064B186817F05AFDCC
S2140241F830B1BDE8084040F6E94103481CF0A9BEC4
S21402420808BD00BFE4530020F1AC040008B5044B17
S214024218186818F0CAF8013818BF012008BD00BF90
S214024228E4530020054B10B54C0022460146186898
S21402423817F095FC031B5842584110BDE453002062
S21402424870B505461CF0FEFD0E4B0F4E1B88044645
S214024258DA07357008D50D4B0D4D1B78012B08D99A
S2140242680121286818F023FA2046BDE870401CF0A1
S214024278E4BD1BB113F0EAF9C305F1D4317881F035
S2140242880101EEE7B25B0020296D002010630020D2
S214024298E45300200C4B10B51B880446DB0711D5E7
S2140242A8FFF77EFB094B84F0010208211868D2004A
S2140242B817F037FC30B1BDE8104040F636710448B6
S2140242C81CF047BE10BD00BFB25B0020E4530020BE
S2140242D8F1AC040008B5044B0146186817F0EDFC6B
S2140242E8003818BF012008BDE453002010B50A4C58
S2140242F823787BB1FFF75AFF002104201BF056FDF6
S214024308002102201BF052FD00232370BDE8104056
S214024318FFF79CBA10BD00BF0F63002038B50948E6
S21402432800F0E8FC0024084D95F84430E0B28342D9
S21402433800D838BD05EBC000043000F0DBFC0134C1
S214024348F2E700BF88540020E853002008B510465C
S21402435802494822F9F7B0F8002008BD4054002068
S21402436808B505481CF069FF014620B9BDE80840B3
S21402437801481CF061BB08BD706A0020002238B5EF
S2140243881C4B15461C461A700132082A5D609D8031
S21402439843F8085FF8D1482200211748F8F7FCFED0
S2140243A84FF6FE73A4F868306FF48033E365134B58
S2140243B800211A88124B1868F8F7EEFE114BC4E96A
S2140243C81255C4E9283584F8445084F85050656577
S2140243D884F8A850E9F792FFFF220B4B01211870C8
S2140243E80A4B00201A70E2F76FFB0020FFF7B8FFAF
S2140243F8002038BDE8530020405400209C6C002062
S214024408286900200000FFFF13630020686300206D
S21402441810B5AC24084B04FB0030836C53B990F8F3
S21402442850403CB931B1C0E912122046FFF798FF56
S214024438204610BD2120FCE7E8530020AC2370B5C7
S21402444803FB00F5094E731993F850405CB92046F1
S21402445810F0AAFC735D204643F002037355FFF77B
S2140244687FFF204670BD0120FCE700BFE85300200E
S214024478AC235843024A135C23F0030313547047D1
S214024488E853002070B516461F4A04461278C2BB87
S214024498AC211E4D01FB00518A6C92BB91F850204C
S2140244A83AB1022B2DD191F84410072907D91C20BE
S2140244B826E091F844100729F9D8012B08D0AC2039
S2140244C800FB0450CA00011D0C30F8F7B7FE0021A5
S2140244D8AC2303FB04F000249DF8143000EBC10162
S2140244E82944CB71049B8E808B602B1893F844204A
S2140244F8204601328C7183F84420FFF731FF2046AC
S21402450870BD0120FCE700BF12630020E8530020BC
S214024518F8B5234B04461B780F46002B3ED1AC2336
S214024528204D03FB0053B3F8A03023B940F24531BF
S2140245381D481CF00EFDAC2202FB0452D2F8A46001
S21402454836B192F8A33039460020B2F8A020B04718
S214024558AC2300216343EA18A2F8A010C2F8A410FC
S214024568482192F8A82001FB02322A44D2F8982061
S214024578964213D0EB5C9B070CD5AC226243AB5C2D
S214024588204623F0020343F00103AB54BDE8F8408B
S214024598FFF7E6BE10F02AFC0028EED1F8BD00BFF1
S2140245A812630020E853002048AD04002DE9F04FBE
S2140245B889B0059008460D461CF052F9044618B90B
S2140245C8212009B0BDE8F08F28461CF065F9C0B274
S2140245D80838215C221892F802A00491D178526811
S2140245E8277803920022B4F80130ADF81E20434A19
S2140245F8029192F800B0BBF1000F08D0404B1B683E
S2140246081BB120464FFA8AF298470020D9E703F0F2
S2140246180703022B70D001340922594620461CF0A3
S2140246285FF8023F3F1A3B0606465FFA87F8C7D48A
S214024638344FD7F89090B9F1000F27D100210DF129
S2140246481E0B434622460846CDF800B010F0E4FAA0
S214024658C3B20546002B4BD1BDF81E0018F072F8FF
S214024668E0B9BDF81E0018F069F98146BDF81E00CB
S21402467818F068F8F0B906EB0802012321465846F6
S21402468892B200F07BFDD0B119209AE75B465A46F3
S21402469801212846C8470028D0D191E7D7F8943098
S2140246A8BDF81E00002BDCD0A11998470028D8D1E7
S2140246B8022086E742464846A119F8F7FDFEBDF8ED
S2140246C81E001CF0CDF8029B059A0372049B80F824
S2140246D809A08372039B1BBAC360AC2303FB027355
S2140246E893F85020BDF81E0022B1DB6C03B1984740
S2140246F8E8B266E7BB6FF9E7012062E712630020BB
S214024708CC530020E85300202DE9F84308460F460C
S214024718164602F1010918F016F98046384618F0CE
S2140247280AF8042856D1384618F029F848F66105DA
S2140247384FF6FF7248F64103294C904208BF1D46C1
S214024748B4F85C10301D1CF0E4FC384618F017F874
S2140247580146B01D1CF0DDFCB4F85E1006F1080038
S2140247681CF0D7FC06F10A0438460DF067FF10B1B4
S21402477845F01005ADB2294648461CF0CAFC384634
S21402478818F0DCF8424601462046F8F795FE384609
S21402479801211CF09DF84444074660B11CF07CF8E1
S2140247A8054638461CF05CF8EDB201462A46204615
S2140247B8F8F782FE2C440B4AA41B13780134591CC2
S2140247C81170F37034703046BDE8F84309220121AF
S2140247D81BF086BF48461CF09AFC4C460546C3E7C3
S2140247E8E853002013630020AC2210B54824504337
S2140247F8094B1A1892F8A81004FB0100034493F810
S2140248087700022806D092F850301BB9032818BF42
S214024818012010BD0020FCE7E853002070B508B15F
S214024828012070BD234C94F8A850002DF8D12946D3
S214024838B4F85C20FFF706FA29462846B4F85E2044
S214024848FFF7EAF92946284604F16002FFF7C8FC92
S21402485894F87730002BE3D0284694F85860FFF790
S2140248683BFA864215D1002094F95A50FFF728FAE7
S214024878854216D10020FFF7B7FF044600201BF03A
S214024888E5FE0028CDD02146BDE870400020FFF79F
S214024898F7B9284694F85810FFF730FA0028E2D0FD
S2140248A8BFE7002094F95A10FFF7FCF90028E1D078
S2140248B8B7E700BFE85300200346AC2010B51446FD
S2140248C8164A00FB032292F8770002280CD1E07FF2
S2140248D8022809D141B112490978012913D992F857
S2140248E85810227891420ED118462178FFF7FAF925
S2140248F890B1482221460B48F8F7DEFD00201BF04F
S214024908A5FE08B9002010BD044B93F8A80000289D
S214024918F8D1FFF783FFF5E72120F4E7E8530020F4
S214024928026D00204054002038B5AC230D4C0546D5
S21402493803FB004300205A6DD86483F8500012B176
S2140249485865FFF719FCF5F7C1FBFF281EBFAC2315
S21402495803FB054484F8A8000020FFF75FFF002049
S21402496838BD00BFE85300207FB51D4C94F8A83028
S21402497823B1002084F8A800FFF750FF94F85A30B5
S214024988B4F8A0608DF80F3026B940F2FD2115481C
S2140249981CF0DFFA144B31461D6800202A46FFF742
S2140249A8B3FEE46F02469CB10DF10F030193002398
S2140249B8294630460093A04702462C7854B920462A
S2140249C82146FFF7A5FD2046FFF7CAFC04B070BDD6
S2140249D80122F2E729460020FFF706F8F6E700BFAD
S2140249E8E853002048AD04002869002038B5494B32
S2140249F81C78002C58D1484800F06CFC20461BF066
S214024A0825FE002850D0454C2378D90733D594F88C
S214024A1850201AB123F00303237045E023F0010364
S214024A28237010F0CBF9237805469A0701D510F0C3
S214024A38BBF9294600200FF053FF40B923782846D1
S214024A4843F001032370BDE8384010F0ADB90023E7
S214024A58482284F8A33094F8A83084F8A25002FBBF
S214024A680343D3F89830A4F8A000C4F8A430BDE8ED
S214024A783840FFF779BF94F84400B0B104F1A003B8
S214024A88251D95E8030083E80300FFF76DFF94F8F9
S214024A9844202846D20004F10C01F8F7CFFB94F81C
S214024AA84430013B84F8443038BDA26C62B99B0797
S214024AB811D52378002023F0020343F00103237064
S214024AC8BDE83840FFF74CBC0123A06484F8503098
S214024AD8904723789EE710F089F90028E9D194F8E0
S214024AE8A83073B1F5F7F2FA94F85030002BDBD100
S214024AF8FF2818BF84F8A800BDE838400020FFF752
S214024B088DBED4F88C30002BECD098470028CBD139
S214024B18E8E700BF12630020706A0020E85300200E
S214024B2870B5044600201BF091FDAC235C430B4E87
S214024B38351995F850300BB1002070BD0028FBD00F
S214024B4807481CF07AFB0028F6D1335D002BF3D118
S214024B5895F84400B0FA80F04009EEE7E8530020E2
S214024B68706A002010B5084A034617F0FAFE146861
S214024B784FF6FF7203EB40039C42184603D901889E
S214024B8802339142F8D010BDA45400202DE9F04714
S214024B98204F05463B88A3B3B0F90230002B30DB22
S214024BA8DFF87C801C49D8F80000F8F74BFD20B9DE
S214024BB84FF4EA7119481CF0CCF90026DFF85CA01D
S214024BC8DFF860903A88B3B29A4204D84FF4EB7191
S214024BD850461CF0BEF9D9F80030B2B253F832008B
S214024BE8D8F8001003EBC20468B943F83210A38859
S214024BF828460133A38017F0B4FEE38803EB40038C
S214024C08E380BDE8F087F8F71DFD01360028D9D104
S214024C18EDE700BFB45B002015AD04001FAD04002D
S214024C28906A00209854002038B5094C094D22682D
S214024C382B689A4204D94FF4877107481CF089F901
S214024C4828682368C01A20F0010080B238BD00BF69
S214024C58A4540020AC5400201FAD040038B5124CF2
S214024C68124D21462846F5F7B7F823680BB12B688C
S214024C781BB9DE210E481CF06CF92A680D4B0E494A
S214024C881A60236823F0010313440B600B4B1A6067
S214024C982AB9BDE83840F82105481CF05AB9FFF78A
S214024CA8C3FF6428F5D938BD9C540020A0540020C0
S214024CB81FAD0400A8540020AC540020A4540020C1
S214024CC838B5094C094D22682B689A4204D34FF42A
S214024CD88A7107481CF03DF928682368C01A20F034
S214024CE8010080B238BD00BFA8540020AC54002092
S214024CF81FAD04002DE9F0411D4B04461B78012B1D
S214024D0824D100881BF08EFD0546D8B10426DFF8AC
S214024D1864802C461CF096F807462046FFF736FFB6
S214024D28638843EA08036380A05B1BF07BFD0446A6
S214024D3838461CF082F81CB1B4F90230002BE9DAC6
S214024D48062E01D1BDE8F0810626E2E7022BF9D14C
S214024D581CF078F8024620881BF064FD18B1038818
S214024D68C3F30E0323801046BDE8F0411CF065B875
S214024D78146300200080FFFF2DE9F04F0024BA4B91
S214024D8897B006461C801CF05DF80123DFF8EC821B
S214024D98B64F3B70B8F80030A8F80040ADF81630A9
S214024DA8B34B1B6801931CF048F8B24B21461A888D
S214024DB8B14BD2001868F8F7EFF90DF11600FFF7B5
S214024DC899FF002E3CD1DFF8B8924FF0000B012570
S214024DD8D9F80040019B9C4239D3BBF1000F39D168
S214024DE8002DF2D0D9F80040DFF898A225462246D0
S214024DF8019B9A4273D302230DF116003B70FFF70C
S214024E0879FF002E40F08F80D9F800603246AA4219
S214024E1880F0A28090881BF005FD18B10388C3F3C2
S214024E280E039380D0881BF0FDFC18B10388C3F3E9
S214024E380E03D3801046FFF795FE0246E7E798472B
S214024E48E3B256F823300134002BF8D1BBE7BBF1A6
S214024E58000F3ED00BF1FF335FFA83FB16AB03EB72
S214024E688B0252F8402CB2F9020051880028B1DAB7
S214024E784B04AFD4924641F48040931D2AF8020FA1
S214024E8802933AF8020F1BF0CDFCF0B1B0F902E03B
S214024E98B0F802C0BEF1000F17DB6FEA4C4C6FEA9F
S214024EA85C4CA0F802C00390FFF770FEBBF10F0F30
S214024EB88FBF002516AB039A03EB8B009EBF0BF140
S214024EC8010340F8402C5FFA83FB029B9A45D8D12F
S214024ED880E72046FFF746FE22460446C3E710460A
S214024EE817F03FFD8346B2F90200118800280AEA45
S214024EF8010108DA20461BF08BFC084381B204EB5A
S214024F084B0402EB4B0510461180FFF72BFE0246B8
S214024F186EE798475FFA8AF356F823300AF1010AD1
S214024F28002BF6D170E74FF0000AF3E73046FFF79A
S214024F3819FE82467EB1B6F902307188002B0ADA6B
S214024F483088C0F30E001BF06DFC864203462DD156
S214024F58C1F30D0171805646AE42E7D3DFF81CA1B5
S214024F681BF070FF00210646504617F05DFD1BF049
S214024F7859FC0546002800F0878030461BF05DFF86
S214024F88284617F0EEFC064620461BF041FC8146F2
S214024F987600324629462046F8F750F90022494656
S214024FA80DF116001CF021F93444D9E71BD9304616
S214024FB817F0D7FCC1F30D0142007180184631463E
S214024FC892B2F8F73BF9C6E75046FFF7CBFDD14653
S214024FD8854203D9B0F90230002B01DA824603E093
S214024FE8FFF7C0FDF4E7B146554507D9BAF8000001
S214024FF8C0F30E001BF016FC8245E5D3B9F1000F8C
S21402500830D0B9F80000C0F30E001BF00BFC0346C4
S21402501838B93346CB46994513D8B1459BD0D946BD
S214025028ECE7484617F09DFCB9F802204946C2F359
S2140250380D02A9F80220420092B21846F8F7FEF8C6
S214025048E7E718460193FFF78DFD019B9B468542CD
S21402505803D9B0F90230002B01DA0346DBE7FFF783
S21402506881FDF4E7CB46DAE7B65B0020146300203E
S214025078A4540020B45B002098540020B85B00209B
S214025088A85400200080FFFFBDF816303870A8F834
S2140250980030044B30461C601BF0CFFE17B0BDE84C
S2140250A8F08F00BFA45400202DE9F04105461BF0FE
S2140250B8B9FB0F460446D8B11CF081F820B940F275
S2140250C8FB4120481BF045FF28461BF0E5FB05463A
S2140250D82046FFF747FDBD42064609D004D840F2EF
S2140250E8035118481BF035FF2588ED0B02D027819F
S2140250F8BDE8F0816780204617F033FC074604EBCC
S21402510840081BF09FFE104B1A68B2420AD1C3F839
S21402511800801BF092FE2A464046BDE8F041FF2179
S214025128F8F73AB8A6EB0806B5B21BF086FE072DC6
S214025138F1D90023083D44F81730C8F80430A8F817
S2140251480250D5E71FAD0400A454002038B51BF062
S21402515879FE00210546044817F066FC04462846F0
S2140251681BF06BFE204638BDB85B0020024B188841
S214025178B0FA80F040097047B85B00202DE9F74F77
S214025188044600881F461BF04DFB88461546064611
S2140251981CF015F820B940F2FE613F481BF0D9FE14
S2140251A83388DB0B009306D033892B4433810020E7
S2140251B803B0BDE8F08F20881BF06EFB82463046AF
S2140251C8FFF7D0FC01901BF03DFEDFF8D0B0019B44
S2140251D8DBF8002081469A421DD1FFF725FDA8423A
S2140251E804D248461BF029FE1A20E1E70AEB05031B
S2140251F873803FB120881BF033FB2A464146504451
S214025208F8F75AF93046FFF7ADFCCBF800004846E7
S2140252181BF013FECBE71BF010FE20881BF03CFBAE
S2140252282844009980B21BF08FFB06460028DBD084
S2140252381BF016FB814620881BF012FB824620884C
S2140252481BF02AFB514602464846F8F735F930461F
S214025258AFB11BF005FB074620881BF01DFB2A464C
S21402526841463844F8F728F9012120881BF030FB1C
S2140252780121024630461BF03FFB268097E71BF0CB
S214025288EFFA804620881BF007FB2A463946404438
S214025298F7F782FFE8E700BF1FAD0400A45400201A
S2140252A8342101481BF055BE33AD0400036910B51E
S2140252B85BB18268064B9A4201D1002010BD446950
S2140252C81BF040FE201AF9D5F7E74FF0FF30F5E756
S2140252D8A952020082681C4B70B59A4204460568B9
S2140252E819D11BF0AFFD236923B1A34206D10022D0
S2140252F82A601A61BDE870401BF09FBD1A46114627
S2140253081269A242FBD12A68A24208BF29600B6131
S21402531800232361EEE7036993B198426E6803D1CE
S2140253289D210A481BF015FE2B46B44209D1226974
S2140253389D4218BF1A614FF0000308BF6A602361D6
S21402534870BD33463669F0E7A952020033AD040051
S2140253582DE9F047074600254FF0010A154EDFF8FB
S21402536858808AB0347914B90AB0BDE8F087D6F8FE
S214025378009087B900972A46B8F80010234603A873
S2140253881BF0CAFF2246484603A9E9F799FC2544BA
S214025398EDB20836E6E7224603A94846E9F764FC72
S2140253A8CDF800A023462A46B8F8001003A81BF03A
S2140253B8B3FFECE7CC0F0500BA5B00200148FFF705
S2140253C899BC00BFBA5B00209C46174BF7B505464A
S2140253D808461988164611B1144B1C78CCB10146FA
S2140253E862463046BDB103B0BDE8F040E9F73CBCC2
S2140253F81C44E4B208373B79002BF0D03A68964250
S214025408F6D185F00105224600951BF085FF03B00C
S214025418F0BD074FEFE7E9F753FCB0B203B0BDE8BB
S214025428F04015F026BB00BFBA5B0020336D0020A3
S214025438CC0F050010B5074C238843B10020FFF7B0
S21402544887FF0020FF22044B20801A7010BD02201E
S214025458FCE700BFBA5B0020336D0020142810B5A5
S21402546818D8082805D115F07DFBC401E4B22046F9
S21402547810BD0E2802D115F078FBF6E7064B53F856
S2140254882040002CF3D00A282478F0D107F0C2FB7B
S2140254980443EBE7FF24EAE71C100500014BB3F8C8
S2140254A868007047E85300200048704752540020AE
S2140254B8014B1878704700BF88620020014B1878A5
S2140254C8704700BF8B620020014B1870704700BF00
S2140254D88B620020204B022810B5204C187002D090
S2140254E80438012822D82378042B0BD000211C4824
S2140254F81BF0A2FA2378033B012B03D90021194893
S2140255081BF09AFA184B1B689A0022D513F0805F94
S21402551840F6114418BF4FF44164204615F0D7FEF2
S214025528C8B92046BDE8104015F0A1BA0C48FFF7E6
S214025538D1FE0C48FFF7CEFE17F0EFFC2378033BAC
S214025548012B03D815F0BDFE1624E6E70DF0BAFFC8
S214025558FAE71524E1E710BD8F620020906200206A
S214025568B46A00209C46002030470020024B187878
S21402557800F00F00704700BF8F620020034B1878B8
S21402558800F00F00831E5842584170478F62002071
S21402559808B517F0ADFCC0B117F0C3FCA8B10FF000
S2140255A81BFD90B90A4817F0F6F970B1094817F0CA
S2140255B8F2F950B115F0DEFA38B115F08AFE20B9C4
S2140255C8BDE80840044817F0A9BA002008BD00BF85
S2140255D8BC5B0020F05B0020B054002030B50546C6
S2140255E80C4693B081B910B9002013B030BD102311
S2140255F8214A69460120FFF7E7FE9DF805305A1E44
S214025608052A28D91720F0E7182200212046F7F79E
S214025618C3FD002DEBD1FFF7B1FF30B315F052F9F9
S2140256286A4601460020FEF791FEBDF80430204681
S21402563823819DF80230A3729DF80030E37217F0BA
S21402564835FE002304F11401237304F1100004F05C
S214025658F7FDE081C8E7094A9DF8041012789142DE
S214025668D0D12B70002CD6D1BEE7054B1B78033B56
S214025678022BD3D9C6E700BF64EE0100096D0020ED
S2140256888F62002030B593B005460C46FFF776FFCA
S21402569820B90C4B1B78033B022B10D815F012F9D5
S2140256A86A4601462846FEF751FE00209DF802305B
S2140256B8607023709DF80030A37013B030BD1720B9
S2140256C8FBE700BF8F620020054B1878012805D03B
S2140256D800F0FD00A0F1310358425841704700BF60
S2140256E88F6200202DE9F3410E46002105461BF085
S2140256F876FD0023124FADF806002B800DF106004A
S21402570817F049F9044610B102B0BDE8F081214607
S2140257180DF1060017F088F980461BF0A1F8438AB7
S214025728B34207D99B1B43822246414628461BF0B2
S2140257385CFDE3E743895B07E0D53B88F3E700BFF8
S2140257489E6C002008B50A48FFF7C4FD09484FF4C6
S2140257587A71FFF7C7FF074817F01DF930B9BDE899
S21402576808404FF47A7102481BF066B908BD00BFBC
S214025778946A0020AC6C00201FB50146002201A8DE
S2140257881BF02AFA064801A91BF08CFD20B11BF073
S21402579867F84089C0F3400005B05DF804FB00BF17
S2140257A8AC6C002030B585B00D460022014601A833
S2140257B81BF012FA084801A91BF074FD50B11BF041
S2140257C84FF80446014608222846F7F737FD60894F
S2140257D8C0F3400005B030BDAC6C002010B5044CD8
S2140257E8204617F00FF96388181A80B210BD00BF5A
S2140257F8AC6C0020F8B50546F8B100210F481BF03E
S214025808EEFC0446A8B10D4F20461BF029F80646C2
S2140258181BF0CEF9830705D4082229463046F8F746
S21402582807F838B1214638461BF0FDFC0446002826
S214025838EAD10024201E18BF0120F8BDAC6C002057
S21402584810B50C46014606481BF02CFD30B11BF07D
S21402585807F843891C4214BF0120002010BD00BF70
S214025868AC6C00201FB51446024601A81BF0B4F91A
S214025878074801A91BF016FD40B134B11AF0F0FF33
S214025888142201462046F7F7D9FC012004B010BDC1
S214025898AC6C00201FB50146002201A81BF09CF93B
S2140258A8094801A91BF0FEFC58B11AF0D9FF438932
S2140258B8024613F0020004D0507B80F00800C0F3C2
S2140258C8C00005B05DF804FBAC6C00200146014838
S2140258D817F0BEB9AC6C0020F8B504460E46142084
S2140258E800211BF031F80546204617F08BF863882E
S2140258F8834225D925B33146204617F0A9F908BBB5
S21402590828461AF0ADFF07460A223146F7F796FCF4
S214025918082206F10A0107F10A00F7F78FFC0A4B7C
S2140259281B887B82238823B94FF47A7107481BF0B9
S21402593883F82046002229461BF057FC0020F8BDB3
S2140259481C20FCE72E20FAE79E6C0020946A0020B2
S21402595810B5044686B0B0B11BF02AF910F0020062
S21402596811D1CDF80E006168CDF81200ADF8160018
S214025978206801AB03C32289044801A91A80FFF7ED
S214025988ABFF06B010BD2120FBE700BFAC6C0020C1
S214025998F8B50D4616461F46044648B31BF008F9E6
S2140259A830BB2046FFF792FFE0B1214611481BF0B4
S2140259B879FC1AF055FF438905734673877343F0DB
S2140259C8020321894381204601F0F2F9FF280446A2
S2140259D806D001F0F3F818B10022074B43F824204A
S2140259E8002004E02046FFF7B3FF0028DDD0F8BD0C
S2140259F82120FCE7AC6C00206C440020F7B59DF82B
S214025A0824400D4601949DF82040064600941F4601
S214025A180DF076FC4FF6FF718842044610D0BB079D
S214025A2811D4284600F0CCFF20461BF039F9FF288F
S214025A381FBF084A32F8103023F4804322F8103089
S214025A48204603B0F0BD02462946304617F007F94D
S214025A58EAE700BF805B002073B50E46014614488D
S214025A681BF020FC0546D8B11AF0FAFE4389044614
S214025A78334012D09B0736B20BD5002E09DAA17B2B
S214025A88437B0289007B0191012100912146FFF7A1
S214025A98B5FF638923EA06036381628912B101208E
S214025AA802B070BD2946024816F0DDFFF7E700BFD0
S214025AB8AC6C00200148FFF71DB900BFAC6C002093
S214025AC81FB50C460B4A014601A81BF085F801A82B
S214025AD8FFF7FCFE60B101A907481BF0E3FB1AF0CA
S214025AE8BFFE0368236043680020636004B010BDED
S214025AF82D20FBE78A100500AC6C002013B53E4C3F
S214025B0812F0B5F9D4F8FC311020C3F30743019319
S214025B18FFF7A4FC000650D50020FFF79FFC0106FD
S214025B284BD5019B802B3ED1236A9A0704D440F6B4
S214025B381544204602B010BDE3699B07F7D52F48E7
S214025B4816F070FC012016F0D4FD12F0A3F90446F4
S214025B580028EED100F086F9294816F0B9FF00F0C1
S214025B68F1F9E8F7CBF912F081F90AF0F1FC0AF03C
S214025B7843FDF4F78DF9F4F741FAF4F75BFA04F00B
S214025B8803FD14F0F1FF14F0F2FF15F0A5FB1D4813
S214025B980CF00CFC07F092FE15F05DFB0028C8D04E
S214025BA815F05BFBC5E7019B812BC0D1D4F80C31FD
S214025BB85B00BCD5D4F80C31BFE71020FFF74EFCCB
S214025BC80006BCD40020FFF749FC0106B7D5019BA6
S214025BD8802B05D1084B1A6AD207A8D5DB69ACE731
S214025BE8019B812BA3D1044BD3F80C21002A9EDA01
S214025BF8D3F80C31A1E700BF0080E00F690345EC3B
S214025C08B05400208157020010B517F083F970B31C
S214025C1801F0B8FB80F00104E4B20020FEF7F6FAC1
S214025C2844EA800424B217F063F910BB0220044346
S214025C3816481BF002FB44EA401415481BF0FDFA0E
S214025C4824B244EA001413481BF0F7FA24B244EAD2
S214025C58801411481BF0F1FA24B244EA40240F4893
S214025C681BF0EBFA24B244EAC02080B210BD01242D
S214025C78D3E70B4816F08FFE0028D7D0094816F04F
S214025C888AFE80F00100C0B24000D0E7F46A002025
S214025C98D86B002034470020586B0020B86B0020D1
S214025CA8BC5B0020F05B002008B501F047F90EF057
S214025CB8DFF8FDF7D9FE154816F06DFE08B906F0AE
S214025CC865F9134816F067FE08B907F0E1FD03F018
S214025CD859FC0CF01DFD0F4816F02CFF0E4B1B78D6
S214025CE8043B022B09D80D481BF0A7FA28B1FFF788
S214025CF88BFF102801D109F07DF914F03DFF16F04C
S214025D08BCFFBDE808400648FFF736B8BC5B002073
S214025D18F05B0020B054002090620020D86B002070
S214025D2894100500014B1868704700BFE453002022
S214025D38F8B54FF6FF77104B06461B780C46033B22
S214025D48012B0F8009D830460AF0BAFC4FF6FF73CB
S214025D58984220800ED000200DE00CF023FEB842B8
S214025D6805462080F7D1304600F002FDA842208082
S214025D78F1D1E8E72D20F8BD906200204FF6F773C0
S214025D8870B5984204460D4686B05AD816F076FF85
S214025D98A04207D108222C492846F7F74FFA0020D6
S214025DA806B070BD294EB6F86830A3420AD1002262
S214025DB8082106F16A0016F0F3FE18B9082206F161
S214025DC86A01E9E7ACB1224B1B78033B012B1AD8D0
S214025DD8002301221946204600930AF01BFBFF28DF
S214025DE823D1294620460AF0BFFC80F00100C0B243
S214025DF8D6E7184B1B689B07E5D4284608F0DCF95B
S214025E080028E0D0CBE7204600F06AFFFF2806D13C
S214025E1829462046FFF754FE0028D9D1BFE729466F
S214025E2800F080FF0028F3D0B9E702A918F054F969
S214025E380028D6D1DDF80D302B60DDF811306B6006
S214025E48ADE70120ACE700BF15630020E853002049
S214025E589062002030470020014B1870704700BF40
S214025E68096D002010B5054C082221460448E8F7BB
S214025E78FBFE204616F03CFF10BD00BF156300204F
S214025E8834B608C00048704715630020082208B5D3
S214025E980349F7F7CDFCB0FA80F0400908BD00BF09
S214025EA815630020014B1870704700BF83620020FC
S214025EB8074B44F6FF701A7840F6FF73012A18BF9C
S214025EC81846044B1B780BB140F40040704700BFDD
S214025ED89062002083620020F7B50D4604461646F7
S214025EE81F460021284601F0F1FF0B4B002183F8DC
S214025EF859402A463346204600970EF0AFFC014624
S214025F0830B10222204603B0BDE8F04000F006B8E1
S214025F18012003B0F0BD00BFE853002013B51346B6
S214025F280C461AB1022A0CBF134601230021044A62
S214025F38019100922246FEF7A5FA02B010BD00BFF4
S214025F48FFCF030000B5002093B0FEF717FA1E4BEA
S214025F5818880CF031FA1D4B1D491A7800200EF0ED
S214025F68A1FD342200216846F7F716F90B238DF8AF
S214025F7800306FF4803301934FF6FE73ADF810309D
S214025F8803238DF81D30134B134A0893134B1068DE
S214025F980993134B51680D93124B6A460E93124B94
S214025FA80F93124B1093124B119302AB03C30021AB
S214025FB80846FEF781FC6A4601210020FEF77CFCB3
S214025FC813B05DF804FB00BF966C00201C6D002021
S214025FD80CBD0400F5630200156300209BCD030088
S214025FE86D9C02009D6502006DB30200FFCF0300A0
S214025FF8BD960200014B1878704700BF1D6300204B
S214026008014B1888704700BFB06C00202DE9F74F87
S214026018814610460E4690461BF079F8DFF840B1E6
S21402602805469BF8003033B94A4B1B681BB94A4BE6
S2140260381B68002B7FD015F4406A05F040071BD179
S2140260489FBBB5F5804F61D24FF48074B9F1400F0B
S21402605873D0B9F1800F63D0B9F1100F6BD100235A
S2140260689BF800003D4AD9B2884264D932F8021B2E
S2140260780133A142F7D166E008F103001BF047F8A6
S2140260884FF6FF73984214BF0124022487B10527EE
S21402609805F44043B3F5004F44F0080425D0B5F59F
S2140260A8804F24D244F4807421E054460327EFE755
S2140260B8B5F5804F4FF00507F4D3BAF5406F14BF15
S2140260C802200820384440441BF021F8019016F0BC
S2140260D8F2FD019B05F4404598420CBF44F00804C3
S2140260E844F00404B5F5004F01D144F08004BAF533
S2140260F8006F0FD108EB07001BF009F8054616F0EB
S214026108BDFDA842A2D144F010049FE754460327D7
S2140261180220D7E7BAF5406F08BF44F0200495E797
S2140261280C4B1B683BB10022D1B233F8110033F98D
S2140261381110002903DA002008E0074BF1E7A04215
S21402614802F10102F0D106B13480012003B0BDE8A5
S214026158F08F00BFC0540020C45400201A5C0020F0
S21402616865630020034B1A78022A04BF09221A70B4
S214026178704700BF1E6300200C22034B1A211A70B8
S2140261880320002202F024B81E6300200C2208B561
S214026198054B1A211A700022104602F019F800223E
S2140261A8024B1A6008BD00BF1E630020CC540020B4
S2140261B80C2270B50D4B05461E781A7030B930465B
S2140261C8BDE8704000221A2102F002B8084B1C787B
S2140261D8E1B21A29F3D825FA04F3DB0703D54422D9
S2140261E8304601F0F5FF0134F2E700BF1E630020D7
S2140261F8356D00200C22024B1A7015F063B800BFEA
S2140262081E630020F0B50C8805460E468BB0E4B92E
S2140262184FF6FF77ADF8247015F067F810B902202C
S2140262280BB0F0BDCDE90340CDE90544134A02940C
S214026238B2F85C306032019300923B464CF601019C
S214026248FF2009AA18F091FA3080284616F0ACFE0C
S2140262580B4C70B1237863B1013BDBB2284623703E
S21402626816F0A2FE38B12078B0FA80F04009C0B223
S214026278D6E70523F2E70120F9E700BFE853002036
S214026288346D0020034B11461B6803B1184714F0FF
S214026298ACBB00BFCC5400200C22024B1A700AF08A
S2140262A8F1BC00BF1E6300200148FEF723BD00BFF5
S2140262B8BE5B00207FB505460C4616461AF0A0FDC2
S2140262C800286BD1062D03D85223EB40DB071AD4DD
S2140262D8B4F1006F05D3E30E1C3B032B18D94F20ED
S2140262E82EE000222F4B1A602F4B1D7016F081FCF1
S2140262F803460A2D54D8DFE805F02D183E4918251E
S21402630818535341360002F03BFCB4F1006FE2D258
S2140263180022244B042D1A60234B1D70E6D102205E
S21402632801F02EFC16F065FC0346012202921F4A73
S21402633801921F4A00921F4A314620460EF088FEF6
S21402634804B070BD314620461B4A04B0BDE8704012
S2140263580EF066BE31462046184B194A04B0BDE810
S21402636870400EF041BE00220292164A0192104A6E
S2140263780092154AE0E702220B4B1A7000221046DA
S214026388124904B0BDE87040FEF742B800220292F5
S2140263980F4A0192064A00920E4ACDE74D20CFE7F1
S2140263A80120CDE7CC5400201E630020B96102000C
S2140263B8F5630200EBCF0300A162020095610200BA
S2140263C88D620200FD6102000D6202006D6102002C
S2140263D881610200ADCF030008B50EF069FE0C22FB
S2140263E8014B00201A7008BD1E630020F0B585B068
S2140263F8ADF8060018B9762164481AF0AAFDBDF869
S214026408060016F098F90446BDF8060016F093F949
S214026418082846D00C2CBDF8060042D116F08EFA93
S21402642807461AF074FE0DF10F010646BDF806007F
S21402643814F083FB002879D00922002138461AF086
S2140264484FF99DF80F301033C518BDF806001AF03C
S21402645823FAEDB2854269D22946BDF806000EF047
S21402646835FF06F44C4416F44066054614D0F81C6C
S2140264781AF04DFE4FF6FF73984208BF44F04004E8
S214026488B6F5006F08D1781D1AF041FE4FF6FF7375
S214026498984208BF44F010049DF80F305BB3072DEE
S2140264A844D1BDF8060016F03CF90446BDF80600CD
S2140264B816F041F9082817D0A30615D524F02001AE
S2140264C889B2BDF8060016F017F9BDF8060016F0F0
S2140264D835FA002109221AF003F900F1100189B2EF
S2140264E80DF1060018F06AFA0022BDF806102848D0
S2140264F81AF07BFE1AE0082D16D8BDB1013D072D0D
S21402650814D801A353F825F06D65020079650200D8
S21402651835650200396502003565020085650200A8
S214026528AB6402008B6502007C2D24D005B0F0BD5A
S21402653824F48844A4B2B4F5084FF7D1BDF806008F
S21402654816F0F4F8BDF806100BF0D0FF0028A8D015
S214026558BDF8060016F055F90022014602201AF088
S2140265689FFDE3E724F48064A4B2B4F5484F97E7A6
S214026578B4F54C4F94E7B4F54C4F92D04CF6500312
S21402658801E04CF640439C428AE700BF41AD040056
S214026598BC5B00202DE9F7430F469046994606460F
S2140265A81AF05EF9044630461AF076F9C5B2083D86
S2140265B82C44E178094BA2781970094B31461A70B7
S2140265C8002043463A46CDF8009012F005F9003806
S2140265D818BF012003B0BDE8F08300BF4263002065
S2140265E8416300202DE9F04FDFF84081DFF8409143
S2140265F898F8002099F8003006469A4285B004D3E7
S21402660840F2191142481AF0A4FC30460DF10F0167
S2140266181AF0FAFA20B14FF48E713D481AF099FC36
S21402662898F800709DF80F403D1B15F0FF0530D016
S2140266384FF0FF3C374B01211B78A140184699F8CA
S21402664800304FF6FF790CFA03FC0023324A01F1B8
S214026658FF3E0193C1F1000A9DF80430984243D8E0
S214026668122004FB00002D4BA0F1120105EBC50217
S2140266785200194404F101091844F6F7DFFD4FEAFF
S21402668889092748A9F104010144AA004844F6F7F3
S214026698D5FD224904EBC40201EB420321F812603D
S2140266A8204A013712784FF6FF71DA731A745A7451
S2140266B812025A801C4A0D2012781A7110225A7138
S2140266C800229A73C3F80620C3F80A20144B43F82C
S2140266D8242088F800701AF0E3FC0EB908F05CFF74
S2140266E8204605B0BDE8F08F13884B450AD053689C
S2140266F80AEA030B03EA0E030B4403EB4B0343EAD3
S2140267080C035360019B083201330193A4E700BFD0
S21402671854AD0400166D0020C844002070590020AD
S2140267286C440020426300201F6300208962002018
S214026738146D00202DE9F041074600250A4B0B4E42
S21402674893F80080ECB2A04503D8FF242046BDE8A3
S214026758F08108223846B11DF7F76AF80135002895
S214026768F4D01236EEE700BF896200207059002086
S21402677808B5FFF7DFFFFF281DBF00B2044B00EB8A
S214026788C0004FF6FF7018BF33F8100008BD00BFF0
S2140267987059002007B50DF107011AF035FA30B125
S2140267A89DF80730034803EBC30300EB430003B02E
S2140267B85DF804FB705900202DE9F843294E04467B
S2140267C833785D1E2D1A8342EDB204D84FF4A171B8
S2140267D825481AF0BEFB0123A3404FF0FF305F1E88
S2140267E83B4400214FF6FF7E6FEA03081F4A92F8E1
S2140267F800C01F4A127890401E4ACBB29C4523D846
S214026808BDB127B204EBC4041B48640005EBC502FD
S21402681804F11201014452002044F6F70FFDBF00AE
S2140268281648AA00391D014402F0FC023844F6F75D
S21402683805FD33780022013B33704FF6FF71BDE841
S214026848F8430E201AF02CBC1388734507D05368F9
S21402685808EA03093B4003EB590303435360083233
S2140268680131CAE78962002054AD0400166D002083
S214026878146D0020C8440020705900206C44002083
S21402688810B50A4C207858B9094B1B781A2B03D92D
S214026898992108481AF05DFB0322074B1A7010BDAF
S2140268A80138C0B2FFF788FFECE700BF8962002014
S2140268B8146D002054AD0400856200202DE9F047CF
S2140268C805461AF005FDFF28044624D1DFF8849011
S2140268D81E4B99F800201B789A422BD22846BDE810
S2140268E8F047FFF77FBE38883B79504518D86F2B9C
S2140268F84FEA131214D85B0710D0123708F10108B2
S21402690899F800105FFA88F6B142ECD80023104ACC
S214026918DEB28E4214D32046BDE8F087022AECD9AE
S2140269280DF0E2F90028E8D129463046BDE8F047DE
S21402693816F07BBB4FF000084FF6F77A044FDFE7F6
S214026948107901338F28EFD81232E1E7146D002050
S21402695870590020896200204FF6F773984210B5E6
S21402696814D8FFF7ABFFFF2810D0134C00B200EB89
S214026978C00004EB400412F088F9104938B962885E
S2140269880B7802EB0313A3EB1213638010BD227C71
S214026998637C09789A42E2732374617407D98B423E
S2140269A803D213468B4228BF0B461B02EDE78A42E8
S2140269B8F8D31346F9E700BF705900204263002057
S2140269C82DE9F04106460F4600240E4DDFF83880C2
S2140269D898F80030A34201D8BDE8F081082229467B
S2140269E83046F6F725FF40B935F8063CBB4204D0D8
S2140269F82046FFF7E1FE013CE4B20134E4B2123568
S214026A08E6E700BF7659002089620020F8B50546F9
S214026A1808460E46FFF78EFEFF2830D01D4B294645
S214026A2853F820703046FFF7CBFF2846FFF746FF9D
S214026A38FF28044625D10CF083F8FF280AD1164C05
S214026A48207838B113F041FF2378B0FBF3F202FB4B
S214026A581300C0B2294616F0E8FA044623B20F4DD0
S214026A6803EBC30305EB430508223146A81DF6F7D8
S214026A78E5FB2B79204603F00F032B71F8BD0027A0
S214026A88D3E7074B1B78002B18BF0027014B43F8A8
S214026A982070E3E76C440020146D00207059002033
S214026AA8366D002038B50B4B04461B780D468342DC
S214026AB804D840F25A2108481AF04BFA074804EB61
S214026AC8C40400EB44002946BDE8384008220630D4
S214026AD8F6F7B4BB146D002054AD040070590020BC
S214026AE870B5044608460E461AF0F2FBFF2805461D
S214026AF810D02046FFF71EFEFF2807D0084B1B784B
S214026B0823B9084B53F8202043F825202146284667
S214026B18FFF7C8FF31462046BDE87040FFF750BF72
S214026B28366D00206C4400202DE9F8430024804688
S214026B3801272646114DDFF84C9099F80030A342FB
S214026B4810D83E430134E4B21A2C4FEA470705F13F
S214026B581205F2D14FF0FF30094B1B7898403043AC
S214026B68BDE8F8832B884345EBD0284616F0B5FADD
S214026B780328E6D82B796F2BE3D8E3E77059002071
S214026B88146D00208962002010B5084C00EBC00086
S214026B9804EB400423795B0707D1204616F09DFADA
S214026BA8237923F007031843207110BD705900207B
S214026BB8014B1878704700BF376D0020014B1878D4
S214026BC8704700BF366D002070B51A48FEF782FB84
S214026BD8194B1B78033B012B28D805F0A3FB03F0BF
S214026BE857FBBDE870404FF47A51124819F024BF9B
S214026BF823798F2B4FEA131111D80131204616F04C
S214026C089CFA062901D8032909D12379002223F000
S214026C1807034FF6FF710F2023711AF041FA123458
S214026C2801353278EBB29A42E2D8D6E70025034C11
S214026C38034EF6E7B46A00209062002070590020DE
S214026C48896200200022084B1878084BD1B2884285
S214026C5803F1120300D8704713F80D1C013221F015
S214026C68100103F80D1CF1E7896200207059002014
S214026C782DE9F04702261227DFF85C90DFF85C80E1
S214026C8899F8004000250CE007FB05F338F803A046
S214026C980021504616F036FA10B15CB1013CE4B257
S214026CA8013599F80030EAB29342EDD8A34204D1EE
S214026CB84FF6FF7A5046BDE8F08713F006FE99F8BD
S214026CC80030012EA3EB040390FBF3F202FB130041
S214026CD8C4B2EDD00126D5E789620020705900209B
S214026CE810B504461AF0F4FAFF2808D1204619F01F
S214026CF8D7FFFF281FBF024B1B78C018C0B210BDB3
S214026D08146D0020044B00211A78044B04481B78A3
S214026D181A449200F6F740BA146D00201B6D002044
S214026D286C44002010B5134B0C461B7886B0834281
S214026D3812D9114900EBC00001EB40010822204697
S214026D480631F6F77BFA00220821204615F028FFBE
S214026D5880F00100C0B206E0C01A01A9C0B20CF069
S214026D682BFA10B1002006B010BD01AB03CB206091
S214026D786160E8E7146D00207059002008B5074BDB
S214026D88024653F820308B4206D915204FF6FF717B
S214026D981AF086F9002008BD0120FCE76C440020A2
S214026DA8024B013143F82010704700BF6C440020A4
S214026DB82DE9F34781460C4600272A4EDFF8ACA099
S214026DC89AF80030FDB2AB4210D86946204617F052
S214026DD8B8FAC0B3082269464846F6F729FD90B3C2
S214026DE84946204616F04FFCFE2537E006F106080F
S214026DF8082241464846F6F71BFD90B94FF6FF7340
S214026E089C422BD03388A34228D0204619F048FF4C
S214026E18FF2814D14946204602B0BDE8F047FFF7DE
S214026E28F5BD14B912360137CAE73388A342F9D139
S214026E3800220821404615F0B3FE0028F2D1284663
S214026E48FFF7BAFCCCE74946002019F0F9FEFF28FE
S214026E58054603D0044B1B780344DDB2284602B02D
S214026E68BDE8F08770590020146D00208962002062
S214026E7808B5FFF7E7FE054B1B78013B012B03D845
S214026E88BDE808400CF084B908BD00BF9062002037
S214026E980F4B1B7883420CD8C01A0E4AC0B232F87F
S214026EA81030D90411D443F4805322F8103001204C
S214026EB87047094B00EBC00003EB40035A79D10632
S214026EC803D442F010025A71F1E70020704700BF5F
S214026ED8146D0020805B002070590020F0B5134B1B
S214026EE806461B78FBB100251148DFF84CC090F81F
S214026EF800E0104807781F44E8B2864501D800200B
S214026F08F0BD7C1B94FBF3F003FB10440CEBC400AF
S214026F183CF83440B44204D1002AF1D184788C4239
S214026F28EED00135E8E71846EAE700BF166D0020FE
S214026F381C47002087620020C844002070B510F065
S214026F4887FF14250F49104E0B78328830809B1A1B
S214026F5803449BB2B3FBF5F405FB14330B700B49E1
S214026F68E2B20B78934292BF00239B1ADBB2032A43
S214026F780B7088BF002306499EBFD2000B68D34019
S214026F880B6070BD22630020C05B00208662002072
S214026F981C470020084B1868084BC2B21B789A4256
S214026FA808D2074BC0F307201B78984234BF00204C
S214026FB801207047012070471C470020166D0020EC
S214026FC821630020F8B505461746FFF7E3FF064695
S214026FD810B9184B1A783AB9212001224FF6FF71D8
S214026FE81AF05EF80020F8BD1348DFF854C003789C
S214026FF80133B3FBF2F402FB143303700F48DCF8D8
S214027008002000EBC30420F8335002F10132A170CD
S2140270183846CCF80020FFF787FDE670606015F06A
S2140270282DFEA84201D10120DDE7E3780133E370A3
S214027038F9E700BF166D002087620020C8440020CA
S2140270481C47002010B50B4C0B4A2378063B1370DE
S21402705810F0FEFE0022094BFF211880084B094853
S2140270681A602278D200F6F797F80422064B1A70AE
S21402707810BD00BF166D002021630020C05B0020F3
S2140270881C470020C84400208662002048B139B157
S214027098044B1B780B70044B1B7803700120704757
S2140270A80846704720630020386D00202DE9F84313
S2140270B8074619F047FF05461A481AF0BEF81A4B53
S2140270C848B31C683C1B2C44A4B20022174BDFF8BA
S2140270D864901B78164D99F8006005EB03155FFA65
S2140270E882F8464509D9AB8805F11000A34215D99E
S2140270F8B21A29461201F6F7A1F8013689F8006095
S214027108AC80B8F1000F03D13946064819F094FC52
S2140271182846BDE8F8833C461D60D6E70546013298
S214027128DDE700BFD46A0020D05400202463002084
S2140271386C430020256300202DE9F74F19F002FF63
S2140271484FF0000E284D294F2978294C97F800A0B1
S21402715804EB011303EB0A120092F3465246DFF8D9
S21402716898801FFA80FC0646B8F80000ACEB0009C7
S214027178A0EB0C001FFA89F901900098984217D1E3
S214027188BEF1000F00D02970524503D200203A7093
S214027198FDF7E6F83B7823B32B78164804EB03147E
S2140271A8A188C8F8006003B0BDE8F04F19F044BCE7
S2140271B8B3F804C0CC450FD84FF0010E93F802C0BE
S2140271C801310CF1FF3C013AA3F804B083F802C07F
S2140271D8C9B2D2B21033D0E701988444A3F804C0E7
S2140271E8F8E703B0BDE8F08F24630020256300208B
S2140271F86C430020D46A0020D05400207FB56C4629
S2140272081E4B1F4D1E78013EF6B21E7095E80F0003
S21402721884E80F001B4B28461A7805F11001324401
S2140272281201F6F70BF89DF8026016F00F0511D159
S214027238BDF808000EF0C4F9360918BF29464FF003
S2140272480002BDF8000008BF039904B0BDE870400C
S21402725803F0F4BCBDF80400FFF728FF0346828853
S21402726804ADADF80420224603CAAA421860596043
S214027278144603F10803F6D104B070BD2463002057
S2140272886C43002025630020F8B50024084D094FFA
S214027298094E3B783178E2B20B449A4204F1010473
S2140272A800DBF8BD2846FDF725FD1035F1E700BFDF
S2140272B86C430020256300202463002070B5134B1E
S2140272C806460D46104612491A78124B09781B785C
S2140272D80B44934206DB1F204FF6FF7119F0E0FEBF
S2140272E8002070BDFFF7E2FE013506808570044671
S2140272F819F023FEE0800EF069F940F60243208179
S214027308E3600020FDF72CF80120EAE7136D002061
S21402731825630020246300202DE9F84386460023CF
S214027328144FDFF85C803E7898F8005012497219BC
S214027338DCB294421CDA4FEA041C31F80C90013392
S214027348F14501EB0410F3D1631CD21A0CF1100CB0
S21402735812016144F5F772FFA5428BBF05F1FF35AE
S21402736806F1FF3688F800503E700CB9034B1C70C5
S214027378BDE8F883256300206C43002023630020C1
S21402738824630020044B054A1B781278D3420CBFAC
S21402739801200020704700BF2463002025630020D8
S2140273A8024B1878003818BF012070472463002063
S2140273B8002108B5084B09481970094B1970094B82
S2140273C81970094B1A781201F5F7E6FEBDE808406F
S2140273D80648FDF77FBF00BF256300206C430020E8
S2140273E82463002023630020136D0020D46A002043
S2140273F810B50B4C23784BB10A4803F0ABFD58B1D5
S214027408084B0121188815F07BFD08B9002010BD2D
S2140274180122054B1A70FAE7FFF7F0FEEAE700BF0B
S214027428246300206C4300202363002010B50E4B13
S2140274381B78BBB10D4C238883424FF0000311D151
S2140274480B4AE160137049B9A3781033A37016F09B
S2140274584DF818B9A37823F00F03A370FFF7CEFEF2
S214027468012010BD1846FCE7246300206C43002068
S2140274782363002070B592B00C46064613F022FA33
S214027488E17A05460020FCF72DFC28B394F90A0099
S21402749815F094FB10BB134BE27A294683F8582062
S2140274A8A27A83F85A206A46FCF750FF4FF6FE7314
S2140274B89E420CBF4FF6FF7323896A462946002070
S2140274C8ADF80660ADF80430FDF7F6F940B9228942
S2140274D8054B5A8012B070BD5520FBE75620F9E7D7
S2140274E82120F7E7E8530020D454002010B50446BC
S2140274F8014608220948F5F7A1FE237B022B0AD883
S214027508002B14BF3122012205490B7017234B6149
S214027518044B1A7010BD00230122F5E7D854002048
S214027528D45400208F620020014610230120014A0D
S214027538FDF74ABF64EE0100014B5861704700BF71
S214027548D4540020014B1878704700BFD45400204A
S21402755810B5054C2378112B03D0E221034819F005
S214027568F8FC4123237010BD8F6200205FAD040033
S214027578064B01461B78042B04D1054A137E0533B5
S21402758813767047034819F057BA00BF9062002076
S214027598D4540020F46A002008B50648FDF7AAFB72
S2140275A80548FDF7A7FB13F0D4FABDE8084001F03A
S2140275B803BB00BFBC5B0020F05B0020064B1878BC
S2140275C8332806D000F0EF00A0F143035842584192
S2140275D870470120704700BF8F620020002208B55E
S2140275E8074B4FF6FE701A7015F054FB4FF6FF70F5
S2140275F815F06DFB034B5869BDE8084013F037BA1F
S2140276088F620020D454002008B5064B187838B18B
S2140276180548FDF74BFE4FF47A73B0FBF3F0C0B2A1
S21402762808BD00BF84620020DC4600202DE9F04336
S2140276388BB00746154698460E469DF8489049B9B7
S214027648104605AC19F02CFB21460BF0B5FD1728A1
S21402765818BF2646B9F1000F0AD1124B1B781BB980
S214027668284616F093FED0B92846FEF713F902E02C
S214027678284616F08BFE80F00104E4B29DF85030DE
S2140276882A4602939DF84C303146CDE90093384697
S2140276984346039415F092FD0BB0BDE8F0834C46C2
S2140276A8ECE700BF8B6200202DE9F04F97B09946B1
S2140276B89DF88830BDF880B0219D08939DF88C30DF
S2140276C80E4658460FA90492079317F0D9FA05B33F
S2140276D8002800F0208195F801A00FACCAF3400AF2
S2140276E88E4B19F0800F1B7814BF4F4649F080075F
S2140276F8022B17D04FF6FF78002D40F0878102251F
S214027708584615F013F82B464246214615F02FFB2D
S214027718BCE0584615F08BF80446002800F0FB80BB
S214027728AA46DDE71EB97E4B1B78002BE2D00DF188
S2140277383A012046FEF7FCFA584615F08BF801285F
S21402774838BF0120C3B2059395B3281D19F0DFFC94
S214027758804609F002032046069315F06AFA214687
S21402776809908146002019F06BFA069A099B12BB0B
S214027778FF2820D1F2F75CFB6A4A1278824200F0B0
S21402778832814FF6FF72099B934214D1FEF726F810
S214027798002800F028814FF6F773984523D915F08C
S2140277A842FF11A98146FEF7E9FA0028F7D02EE033
S2140277B8BDF83A80CDE74FF6F772904520D8934247
S2140277C811D898450FD0194622460AA819F004FA85
S2140277D80A980B9913AB03C3BDF83020022113A8ED
S2140277E81A80FEF739F9404611A9FEF7C7FA02468B
S2140277F828B9082111A815F0D3F9002866D0C14681
S2140278084FF6F67209F1FF339BB29342C7D8BAF124
S214027818000F03D1444B1B78002B60D1584614F056
S21402782885FF059B4A4601930123214600933B4662
S214027838FEF7E4F84FF6FF739842804600F0D380CE
S214027848014600220AA819F0C7F90A980B9913AB41
S21402785803C3BDF83020022113A81A80FEF7FCF8ED
S214027868002D3FF44DAF002E40F0D280454601234E
S214027878C7F3C0074246CDE9016321462B46049862
S2140278880397CDF800A015F099FCA846BAF1000FA8
S2140278980FD04FF6FF7398450BD0404619F000FA02
S2140278A8FF281FBF214A32F8103023F4804322F8FB
S2140278B81030089B7BB315F0E1F9249B0146009330
S2140278C84246234607980CF0EDFC24E008222046A0
S2140278D811A9F5F7ADFF00287FF461AF8FE7002DF9
S2140278E864D0134B1B68980727D5049B0F2B21D00F
S2140278F8281D19F00CFC02230121CDE901310023D1
S214027908C7F3C0070246009321464FF6FF73049852
S214027918039715F053FC17B0BDE8F08F8F6200206E
S21402792884620020886200208B620020805B002030
S21402793830470020079B012BDAD1281D19F0E7FBF8
S214027948804619F0ADF90990404619F0C1FC4FF689
S214027958FF71BDF83A208A4256D04245099B53D158
S214027968FF2B4AD0184616F027FD784010F0EF0F86
S21402797814BF01230023BDF83A00099319F090F9C1
S2140279880690BDF83A0019F0A3FC099B66B14FF6BB
S214027998FF7CBDF83A10614506D0414504D0069AE8
S2140279A80240D2B2FF2AA3D1002BA1D122464946D1
S2140279B80AA819F011F90A980B9913AB03C3BDF874
S2140279C8302058461A8014F0B1FE3A460146059B06
S2140279D813A8FDF7DDFF30B94FF6FF73BDF85480E4
S2140279E898457FF43DAF4FF6FF789DB10126281DD6
S2140279F819F08DFB4546804639E7FF2804D0069BDA
S214027A08B3FA83F35B09B6E70023B4E70226EEE788
S214027A180026ECE7012573E60022014B1A7670472A
S214027A28D454002008B50B4B1B78022B10D10A4BF6
S214027A381B78033B012B0BD9084B187800F0010082
S214027A48FEF730FA0023064AC2E90133538008BD1E
S214027A580020F3E78F6200209062002084620020F4
S214027A68D454002038B5174D2B78033B012B1CD86D
S214027A78154BB3F868204FF6FF739A4215D10320C8
S214027A88FDF728FD02F0CEFBFFF7CCFF2B78033B71
S214027A98012B01D909F0FCF8002018F0D7FD78B1BF
S214027AA8BDE83840002014F057BFFDF7FDFC044639
S214027AB8FDF7F4FC0146204608F05EFB0220DFE7ED
S214027AC838BD00BF90620020E853002008B5114A6E
S214027AD8114B58611378032B1BD0D3B1332B01D02B
S214027AE8432B10D10D4B1B78033B012B05D80323E0
S214027AF81370BDE8084012F0BABF12F0B8FFBDE82E
S214027B080840FFF7AFBF21231370BDE8084002F014
S214027B189DB908BD8F620020D454002090620020D0
S214027B2838B504461348FDF7D5FB134B1B78013BC3
S214027B38012B1DD8114D5CB92B7823B140F619409C
S214027B482C7012F094FF0024FFF76CFF204638BD15
S214027B58FF2C05D04FF47A710648614318F06CFF83
S214027B682B78002BEFD1012340F618402B70E8E75C
S214027B780224E9E7DC4600209062002084620020A6
S214027B8838B5114D04462B78834218BF287013F077
S214027B98A4FB80B124B9204613F0A1FB02220DE013
S214027BA8012013F09CFB2B781A1F012A05D9062BF5
S214027BB8F4D1032202E0002CF5D10122BDE83840B8
S214027BC80021084615F020BA9062002030B5044617
S214027BD885B068460D46FFF7A7FC94B100212846F3
S214027BE8144A02F043FB144B20681B7861688DF830
S214027BF80430124B1B788DF8053002AB03C306F02F
S214027C08B1FA0F4B93F8582093F85A308DF80320A0
S214027C188DF8023015F04FF8ADF8000015F02EF882
S214027C281023ADF8060069460020064AFDF7CCFB8D
S214027C3805B030BD00F8FF07096D002090620020ED
S214027C48E853002064EE010010B5144B04461A7877
S214027C58134B002083F8582018F0F8FC10B10020C7
S214027C6814F07AFE00210846FFF7B0FF0D4B1B788A
S214027C78033B012B0ED813F024FB2046FCF754FED8
S214027C8840F6174012F0F3FE0023074A1380074A0D
S214027C98138010BD0BF016FCEFE700BF266300202A
S214027CA8E853002090620020965B0020945B002038
S214027CB81FB504466846FFF737FC54B100238DF813
S214027CC80530102369460020064AFDF77DFB04B0FE
S214027CD810BD14F0D3FFADF8060014F0ECFFADF8B3
S214027CE80000EEE764EE010010B5014604460020E7
S214027CF8FBF7F8FF90B10C4B1B78023B032B0FD80F
S214027D080A4B1C7019F07CF860B9094A0949FCF755
S214027D187FFB003818BF0120800010BD5520FCE705
S214027D280220FAE74D20F8E78F620020266300203B
S214027D3815B40200517C0200F8B5064619F060F840
S214027D48044668B918F082FC50B1064D204695F8EC
S214027D58587085F8586014F0FFFD10B185F8587011
S214027D684D20F8BDE85300202DE9F041804618461C
S214027D78033B012B0E46174602D918B121243CE0D4
S214027D88FFF7FEFE294B1B78012B4CD0284B1D789B
S214027D98022D08D0032D46D1B8F1000F03D1254B8A
S214027DA81B689B073FD43320FDF794FB01F0E8FCE1
S214027DB8B6F1006F34BF204B052231464FF006005D
S214027DC838BF1A78FEF776FA044628BB1B4D287386
S214027DD8012000F029FF14F06EFF68802846B8F1EB
S214027DE8000F0DD0022300F8043B15F05FFA6C73FF
S214027DF82F613946304612F074FD2046BDE8F08100
S214027E08012300F8043B15F051FA6C732F613946CA
S214027E18304612F065FDF0E72846FDF75BFBB8F141
S214027E28000FF4D0E5E70224E7E700BF90620020DF
S214027E388F62002030470020396D0020D45400207D
S214027E48034B187818B9034B034A1B78D05C704763
S214027E588E620020906200208711050038B5174B05
S214027E6804461B78033B012B06D8437BDB0703D566
S214027E7890F9090013F024FA0025114B83F859509B
S214027E882079FFF759FFFFF7DBFF6188248803464E
S214027E9822462846FEF720F8044620B11720FFF7A8
S214027EA815FE204638BD1723064DC82106486B61C5
S214027EB818F0C2FD03232B76F3E700BF906200207A
S214027EC8E8530020D4540020F46A0020F0B51A4D76
S214027ED806460C4693B0A5F8680005F16A0729BB62
S214027EE8C5F86A10796012F0EDFC6A460146002071
S214027EF8FCF72CFAD5F86A30ADF81060CDF81230D7
S214027F087B68CDF8163012F0DDFC6A460146002082
S214027F18FCF7D2FC4FF6FF73B5F86800984203D018
S214027F2814B1064912F0E0FC13B0F0BD0822384638
S214027F38F5F784F9D7E700BFE8530020525400202B
S214027F482DE9F041DFF8B8801F4698F8003005465C
S214027F580C4616461BB102252846BDE8F081531E7C
S214027F68052BF8D818F04CFF0028F4D13B7B032BDE
S214027F7814D14FF6FE739C4212D1012E09D0022E5E
S214027F88E9D114F07BFE4FF6FB73984203D814F03F
S214027F9875FE044604E015F046FBFAE7012EDAD031
S214027FA8EDB939462046FFF765FA05460028D3D1CB
S214027FB898F80030332B03D0532B1CBF0E4B186196
S214027FC83046FFF7DDFD00214FF6FF70FFF77EFF14
S214027FD80A4B1B78002BBFD00BF048FABCE7397B5C
S214027FE8721ECB1E594259415042504107F054F96D
S214027FF805460028D5D0AFE7D45400203A6D0020B5
S2140280088F6200202DE9F84305468846914614F00B
S21402801835FE3F4E04463378033B012B06D86B7B6E
S214028028DB0703D595F9090013F04AF914F026FE82
S214028038384B394F188014F03EFE384B1880FDF73F
S2140280482DFA374B1880FDF72FFA082201463548D5
S214028058F5F7F4F814F0DBFD334B18702879FFF7C0
S2140280686BFE00216888FFF731FFFDF72DFB60B134
S2140280784FF6F672631E9BB2934206D915F0D3FAF0
S214028088B7F8683004468342F8D0204614F002FE59
S214028098288814F01CFE4946B7F86800C04704460C
S2140280A828B91920FFF712FD1920BDE8F883B7F89A
S2140280B8681014F07AFB00231C4D87F859302B7889
S2140280C803F0FB03022B02D0204615F067F80022C5
S2140280D820461146FFF7F2F80446A8B117236B614B
S2140280E83378042B09D1C821114818F0A5FC0323BC
S2140280F82B7684F00100C0B2D7E74FF416710C480D
S21402810818F09AFC0023F3E71720FFF7DFFCF0E7E6
S21402811890620020C65B0020E8530020C45B002063
S214028128C25B0020276300202F630020D45400205F
S214028138F46A0020F0B50C461E460B462049074650
S21402814889B004F1140053F8045B834241F8045BD7
S214028158F9D11B8802AD0B80D4F80E00D4F81210A1
S214028168238803C5ADF8103023798DF812208DF8D0
S214028178133000233A468DF814304FF6FE7101206C
S21402818802ABFFF7DDFEC8B902A8FFF7AFF9237BFB
S2140281984BB10C4D0C4B01AA29460120019313F052
S2140281A86BF82A781AB92046FFF758FE03E02046ED
S2140281B80199FFF727FF08B9044B1E7009B0F0BDF6
S2140281C8C85B0020D4540020CBD2030030630020C2
S2140281D801232DE9F341304E05460F4600202F496C
S2140281E81446737300F0EEFC13F06CF8DFF8AC80FC
S2140281F838B9012D01D9042D0FD12146384612F07F
S214028208FAFB102000210AF07FFC00283CD0002050
S21402821802B0BDE8F041FCF7A3B8002CF1D1204B20
S2140282281B78212B03D0062B01D0532B02D101F049
S2140282380DFEE6E7FDF748FA0028E2D000F0EEFC6D
S21402824828B9307BC0F11800FFF740FCD9E7154B78
S21402825841462046019300F0B5FC20B140F61901CC
S214028268114818F076FE01AA0B4998F80C0013F08C
S21402827803F832781AB90948FFF7F0FDC1E7019901
S2140282880648FFF7BFFEBCE7FFF78AF80028BED10C
S21402829802B0BDE8F08100BFD4540020C85B0020BD
S2140282A88F620020CBD203005FAD04001FB5144BCB
S2140282B804461B88DB0707D44FF6FF700021FFF73A
S2140282C805FE002004B010BD0A230E4A012001A9AB
S2140282D8FDF77AF84FF6FF73BDF80C209A42EBD0FA
S2140282E80822FF2101A814F05BFC0028E4D10CB98F
S2140282F80120E7E7BDF80C0001A9FFF7E7FDF7E75D
S214028308E05B002026E1010038B50C46154614F05D
S214028318C1FC03F0AFFE29462046FFF7D7FD00F062
S2140283287DFC48B1074BDB790E2B28BF0E230133A1
S214028338DBB2054A137038BD044B1B78013B18BFE5
S2140283480123F6E7C85B00204663002090620020FF
S21402835838B500220821044614F022FC0546C8B99E
S21402836814F08CFC2A464FF6FF71FFF7CDFF204625
S214028378217CFFF72BFC6269E189207C01F076FFFD
S214028388054B1B78012B01D107F0F6F8FFF76AFBBD
S214028398002038BD0120FCE79062002038B51D4653
S2140283A8FFF7CEFD0446C8B92B7B2846032B03D11C
S2140283B8BDE83840FFF7CCBFFFF798F8084B2546CC
S2140283C89C8114F024FC0121064B81401A78062071
S2140283D8FDF770FF044608B1034B1D70204638BDF2
S2140283E8D4540020396D00208F62002030B5012059
S2140283F887B0FFF75BFF6B460446144A106851685D
S21402840803C384B905F0BCFE02A8FFF78DF84FF641
S214028418FF752246BDF80E002946FFF775FF12F0D3
S21402842869FA07B030BD6B46094AD2F86A00D2F834
S2140284386E10B2F8685003C305F0A2FE02A8FFF752
S21402844873F86A46BDF80E00E6E700BFC7360400B2
S214028458E853002073B53A4B04461B781BB1022436
S214028468204602B070BD18F0CBFC0028F7D100F009
S214028478E5FB14B12288334B1A8000210DF1070060
S214028488FDF7ACF8002856D114F001FF0446002880
S214028498E6D12D4D9DF80700FFF772FB2B785A1E82
S2140284A8012A1FD8FFF7A2FF2B78033B012B01D81E
S2140284B801F014F9FFF7D6FA012014F06FFB034611
S2140284C800283AD12A78033A012AC9D81D4A1088C0
S2140284D810F0020521D0052201201C49FFF744FCB2
S2140284E80446BDE7033B012B04D82046FFF7DEFE11
S2140284F80028D7D12B78053B012BB1D8FFF776FF9A
S214028508FFF7B0FA2B78052B0CBF04200520FCF7E2
S214028518E1FF012014F042FBE2E70D4E022331464A
S21402852801200C4AFCF750FF33885B0798D528468B
S21402853801F0E8F894E7172492E7044690E700BFAC
S2140285488F620020E05B00209062002000F8FF07A0
S214028558925B002027E101007FB50024184E194DD2
S2140285683278E3B29A4201D804B070BD4FF6FF7370
S214028578B5F868209A421AD0134B1B88DB0714D525
S214028588124AB5F8683010685168ADF80C3001AB7D
S21402859803C30F4A0A23002001A9FCF715FF02238A
S2140285A800200C4A0C49FCF70FFF0134D8E70022DA
S2140285B80821064814F0F4FA0028F6D1DCE700BFD2
S2140285C8156D0020E8530020E05B0020525400207E
S2140285D826E1010027E10100925B002010B501F0B8
S2140285E8CFF802F013F8D8B10E48FCF773FE0E481F
S2140285F80E4C017A0E30FFF7E9FA23781BB100F029
S214028608BFFA002323700022094B1A73FFF72AFACF
S21402861808F056FD01F044F9BDE81040FFF79CBF8C
S21402862810BD00BFF46A0020C85B0020306300203B
S214028638D454002010B52548FCF74CFE01F0E6FF9E
S21402864830B1234B1B781BB9BDE81040FFF7C6BFF5
S21402865801F0DCFF78B11F4C237E83B1C8211B488A
S21402866818F0EAF90021237E0846013B2376BDE886
S2140286781040FBF7E3BEFDF727F80028EBD1FDF71D
S21402868823F8154B1B7858B9112B03D003F0FD03BA
S214028698412B19D1BDE810400E4B5869FFF716BAA0
S2140286A8332BF7D10D4B188814F0F4FA0C4B1888B4
S2140286B814F00DFB0B4B0C491888FFF707FC0B4B05
S2140286C81878FFF739FBE5E710BD00BFF46A00200B
S2140286D88B620020D45400208F620020C65B0020E4
S2140286E8C45B0020C25B0020276300202F630020A3
S2140286F82DE9F04F0F4685B002AD044629463846A6
S214028708914616F0BDFA4FF0000B82463846CDF871
S21402871804B014F013F94678022C804606F00206D6
S21402872809D85CB1FCF7D0FF0446002848D1754B3F
S21402873801241B7865E0043C022C3AD9FCF7C4FFF6
S214028748384614F074F800240546A046DFF8D8A187
S214028758384614F0F3F850F809300DF10500019385
S21402876818F0D5FC9DF807B00746B8F1000F4DD1B2
S214028778BBF1000F5BD0DFF88C9199F800300BB193
S214028788002E63D0002C61D05F4B1B78022B5DD184
S214028798BBF1000F53D1384614F07CFA58465946B6
S2140287A8FFF714FA08F08CFC40F6074012F05FF95F
S2140287B834E014F03BFDFCF787FF0446F8B15C464C
S2140287C84EB1524B1B78012B02D0043B012B0BD81F
S2140287D805B0BDE8F08F4B4B1B782BB14B4B1B7883
S2140287E803F0FB03022BF3D0BAF1000F404608BF92
S2140287F8002516F038FA4FF001088246A8E7414BE2
S2140288081B78002BF0D0002EEED1E1E7BAF1000F6C
S214028818AED05046FDF73AFB0028A9D1002017F043
S21402882815FF0028D4D0002014F096F8D0E74FF6AB
S214028838F7739F429FD91720FFF748F9EEE7FCF730
S21402884843FF48B13248FCF745FDF4E7FCF73CFF26
S21402885810B1BBF1000FF5D1FCF736FF0028DDD0CA
S2140288682846FDF767FFFF28DFF89CA0294C03D0AF
S2140288789AF80030012B04D12946B4F86800FEF7AE
S214028888C5F8FEF781F92A463846B4F86810FFF7A5
S2140288983BFD214B214A93F906301B0213809AF8B6
S2140288A80030012B19D0312B14BF432311238AF829
S2140288B800301B4B1648196818F0BEF800F00EFF79
S2140288C80023124C99F80010237641B9104818F084
S2140288D8B3F840F61B436361A0E71123E7E7B8F154
S2140288E8000F03D016B1FFF779FEF2E70D4B1B789F
S2140288F8042BEED10521064818F09EF809232376A4
S214028908E7E700BF8B6200208F620020D454002065
S214028918F46A0020E8530020C85B0020DE5B0020D3
S214028928146B002090620020156300202DE9F043A6
S214028938084693B00E4614F001F809220021804634
S21402894817F0CEFE0446304613F071FF052207469E
S2140289580DF1090330460AA912F0E3F80228814607
S2140289681DD09DF8093031461C440023E4B204F1B8
S214028978100218F8045001200093D2B20FF02CFF10
S21402898868B1072D09D855B1013D062D07D8DFE88D
S21402899805F00918068A062541007C2D45D013B035
S2140289A8BDE8F0835B4B1B78013B012BF7D83046BA
S2140289B813F0BCFE002332461946009414F03AFC23
S2140289C8EDE7554B1B78012BE9D1544B1878002854
S2140289D8E5D122463146FFF78BFEE0E74D4B1B7882
S2140289E8013B012BDBD8384609F0DCFF4FF6FF7354
S2140289F89842044606D0304613F098FE2246394678
S214028A0814F0A4F9444B1B78022BC8D1384611F04F
S214028A18F0FFC4E73F4B1B78013B012BBFD8494602
S214028A2830460AAA00F01EF9B9E73A4B1B78013B12
S214028A38012BB4D8A04498F8012098F80230652A89
S214028A48ADD16D2BABD1304617F026FF1334E4B206
S214028A588442A4D20822394603A8F4F7EFFB21463B
S214028A6830460DF10A0216F04EF8002897D1BDF8E6
S214028A780A30002B93D005A809F0B0FA0123284D36
S214028A88BDF80A002B7017F007FF0446BDF80A0067
S214028A9817F0E6FEE2B2034605A903A811F043FF63
S214028AA800232B707BE71B4B1B78013B012B3FF601
S214028AB876AF06220021404617F012FE404418F010
S214028AC826FB0746FCF758FE044600287FF467AFE5
S214028AD8304613F026FEC3047FF561AF46F2040360
S214028AE80121ADF8143038460223CDE9004405AA20
S214028AF816F058F8054600283FF451AF394613F0E9
S214028B0854FE304613F012FE22462946FDF706FAB0
S214028B1845E700BF906200208F620020D4540020F0
S214028B286163002008B5084B187050B1074B1B88C4
S214028B383BB14FF47A710648594317F07DFF00207F
S214028B4808BD0120FCE700BF82620020B26C00204C
S214028B58DC450020014B1878704700BF826200206F
S214028B68014B188000207047B26C002008B5FCF74D
S214028B78B1FB0022014B1A7008BD00BF82620020BA
S214028B8810B50024044B05481C80054B1C70FCF7E6
S214028B98A1FB204610BD00BFE25B0020186B002038
S214028BA83A63002008B50348FCF794FBBDE8084082
S214028BB8FFF7E6BF186B00200148FCF79BB800BF1A
S214028BC8E25B0020F7B5134B04461B780E46EBB162
S214028BD883421DD90021104818F001FB00250146E2
S214028BE80D4F09B9012009E0AC4209D10024162329
S214028BF822463046009418F08FFB204603B0F0BD9C
S214028C08384618F010FB01350146EAE71820F5E762
S214028C182720F3E73A630020E25B0020014B18782E
S214028C28704700BF3A63002025289DBF024B187084
S214028C3800202120704700BF3C6D0020012307B5A5
S214028C481846064A0DF10701FCF7BEFB9DF80720F9
S214028C58034B1A7003B05DF804FB00BF29E101005C
S214028C68B46C0020F8B507460E46144613F0DFFD2E
S214028C781A4B05461B78022B2FD1194818F0DDFA35
S214028C8858BB284611F06AFF38B3224631463846A2
S214028C9811F060FF08B311F018FE0446384613F0C8
S214028CA845FD104B012E1A784FF00F0303FA02F314
S214028CB89BB2B4FBF3F203FB124404F10104A1B223
S214028CC806D1094B094A1E702B6813606B685360FD
S214028CD80348BDE8F84017F0AFBEF8BD8F62002023
S214028CE8FC4600203B6D00203963002031630020DB
S214028CF884B010B502AC84E80F00082227480DF1AC
S214028D081601089CF4F794FD08BB9DF815309A07DF
S214028D1805D4234B1B7803F0FD03312B1DD12149C3
S214028D286378097803F00F028A4203D0012922D118
S214028D38022A12D1227882B91B09022B0DD11A4BAC
S214028D48A0781B78022B1AD1C0F3800006E0002216
S214028D580821124813F024FF20B90020BDE810406D
S214028D6804B07047114BBDF808205B889A42CCD0F5
S214028D78002BCAD0F1E70229EFD1012AD9E7030668
S214028D8809D40B4BB3F86820BDF80A309A42E4D1EE
S214028D98FEF714FCE2E70120E0E700BFD854002003
S214028DA88F620020096D002090620020D4540020B3
S214028DB8E8530020284BF0B55D88002387B08DF86D
S214028DC80830264B0DF10B001B7805F0010743F01F
S214028DD820038DF8093014F069FA6FF07F43ADF876
S214028DE813308DF8153014F0DFFA1D4B8DF8160087
S214028DF81B7805F01006DB00DCB2F1F719F8194B00
S214028E081B7883422CBF44F0040344F084032FB13A
S214028E18A9061ED426B143F0020301E0AA07F9D434
S214028E28002108468DF80A3017F08EFDADF80600C8
S214028E3858B101230F2202A90DF10600FCF79EF98C
S214028E4818B90DF1060012F014FABDF8060007B0BC
S214028E58F0BD43F00103DDE7B46C0020096D002085
S214028E68466300208862002010B5FCF733FA0A4BE6
S214028E781B78022B0CD1094B1B78033B012B07D915
S214028E88074C207828B1002011F06BFE00232370CF
S214028E9810BD13F02EFFF9E78F62002090620020C3
S214028EA83963002084B02DE9F0478EB016AC84E80A
S214028EB80F00DFF878C1594BBCF802009DF85DA098
S214028EC810F001049DF96220BDF870E09DF87590D7
S214028ED89DF976709DF878509DF97A109DF95E8016
S214028EE89DF860601B7835D09DF87D00C0F340047D
S214028EF8C0F38000002B4AD0494B1B78022B09D1BD
S214028F088A4244DB24D1A81BC0B280288CBF00202A
S214028F18012016E0434B1B78012B01D1002C7AD096
S214028F2878B19CF800301E335BB29F42D4BF00274C
S214028F3801279845D4BF00230123BB4206D18A42A3
S214028F48E0DA0EB0BDE8F04704B070473846F8E7F6
S214028F580020F6E710F0020F18D0C3B1490814BF74
S214028F6801200020520814BF012300238342E8D1BF
S214028F78AB1BDBB2802B0AD9AE42E9D1B84506DB79
S214028F8849D1CA452CBF00200120DAE70BB90120D7
S214028F98D7E7AE4216D002AC1CAF0FCF0FC497E885
S214028FA8030044F8040B2180DDE91A0116AB009091
S214028FB8ADF804100FCB12F056F90028E7D1AE42EE
S214028FC8A1D1BEE7BDF8583073451ED008AC0DF1E6
S214028FD8700CBCE80F000FC49CE8030044F8040BAE
S214028FE82180114C638873450FD10822211D0DF18B
S214028FF82E00F4F71DFC024638B90821201D13F08E
S214029008CFFD10B96388002BC1D1B845BFDBC2D1EA
S214029018CA45BCD3BFE7204693E700BF3A630020A1
S214029028906200208F620020D4540020B46C002086
S21402903884B02DE9F04F8FB06A4E18AC08AD84E8BC
S2140290480F00162200212846F4F7A6F833783BB913
S2140290580024654B32781B789A4239D2002726E0DC
S2140290680021624818F0BBF800270446B846DFF825
S2140290787C91002C45D13FB1224639465B4813F015
S214029088F2FC3378013B33703378002BE0D00021B2
S21402909856484FF0000918F0A2F84F468046CA46CE
S2140290A8DFF848B1B8F1000F6CD1002FD1D01621E5
S2140290B8002218A813F05DFC014648B1002F00F004
S2140290C88B802246494813F074FC33780133337098
S2140290D8454B32781B789A4207D9444800220188C1
S2140290E813F0C1FC3378013B33703378012B03D17C
S2140290F83F49404817F0A0FC0FB0BDE8F04F04B057
S21402910870470022214616232846CDF8008018F01C
S21402911803F91622294618A8F4F78AFB0028EBD08A
S2140291289DF864209DF824309A4225D1BDF8602027
S214029138BDF820309A421FD108220DF12E010DF1FA
S2140291486E00F4F775FBB8B902AF0DF1600CBCE817
S2140291580F000FC79CE8030047F8040B39800EABD4
S21402916813E903000090ADF8041095E80F00FFF726
S21402917899FE0028C0D027462146484618F053F8DC
S214029188044676E71623002241462846CDF800A074
S21402919818F0C2F802AF0DF1600CBCE80F000FC75A
S2140291A89CE8030047F8040B39800EAB13E903006A
S2140291B80090ADF8041095E80F00FFF773FE074617
S2140291C820B1B9F1000F04BF4446814641465846CD
S2140291D818F029F8804665E73A46044818F005F874
S2140291E873E700BF3A6300203C6D0020E25B002074
S2140291F820BF0200186B00202DE9F04F002104461C
S2140292089FB00DF14008162240460E91CDE90C118A
S214029218CDF83B10F3F7C0FF052220460DF11F03D9
S21402922816A911F07EFC0228074600F0F8802046B0
S21402923813F084FB064617F06AFF8146F01C17F007
S21402924866FFADF84000701D17F061FF012FADF8FC
S2140292584200204640F0E68013F070FB05462046A2
S21402926817F0FEFA0D3502232D1A009321464346BF
S2140292780820EAB20FF0B0FA002800F0D0802046A4
S21402928813F061FB012F83469DF84D3040F0E380D2
S21402929800252F4643F001038DF84D3016AE33886D
S2140292A8022B4DD1F178204602310CF00FF81B281C
S2140292B846D1F178204603310CF008F819283FD138
S2140292C8F178204604310CF001F84A2838D14FF0DC
S2140292D8050AF1782046013151440BF0F7FFF17880
S2140292E80590514420460BF0F1FF059B00EB032046
S2140292F883B200F03F02932B059240F09B80002336
S214029308F778214602375744FFB23A4600930CA82C
S2140293180F2318F001F807F10F01204615F089FB14
S21402932807F111010546204615F083FBADF8420009
S214029338059B023353445FFA83FA33795345C8D8F8
S21402934806360DF17603B342A9D19DF84D20C5F332
S214029358C03363F3410220468DF84D2013F085FA98
S2140293688DF84400204613F075FA8DF8450020461D
S21402937813F075FA9DF83230BBF1190FC3F3C30226
S2140293888DF84720DDF833208DF84600CDF84E20BC
S214029398DDF83720CDF8522094BF00229DF83E20F3
S2140293A88DF8482003F003028DF84A206E4A127898
S2140293B8022A9DF84D200CBFC3F38003DB0963F332
S2140293C882026A4B8DF84D201B78022B57D1BDF8C6
S2140293D8406013F070FC864251D108A813F066FF6D
S2140293E8BBF1190F48D908220DF14E0108A8F4F767
S2140293F81FFA00283DD1B9F5004F02D0B9F5624FE1
S2140294080DD140F6FF7325F440459D4207D1002250
S21402941808210DF14E0013F0C3FB00283FD01FB001
S214029428BDE8F08F13F08AFA0546204617F018FAB8
S214029438073518E7412B7FF47BAFF17820460231D7
S21402944851440BF043FF4A4B1B78C3F1B30318444D
S2140294588DF849006CE76FF30003F01D8DF84D3068
S21402946817F055FE0CA90546204613F053FF0B27A6
S2140294786BE700F0B3FFBEE700F0B0FFCFE7B9F541
S214029488004F02D0B9F5624FC9D140F6FF7325F4F2
S21402949840459D42C3D1BBF1190FC0D9B7E7BBF10E
S2140294A81A0F06D007F11F0142462046C9B211F02C
S2140294B8E2FE304C304D637BDBB12B78012B1DD19D
S2140294C8012323730CAB029314AC94E803000090B8
S2140294D8ADF8041098E80F00FFF70AFC90B194E87C
S2140294E803000090ADF8041098E80F00FFF7A0FDFF
S2140294F808E0FCF7E9F80028DFD0E1E703F0FD030F
S214029508042BDDD02B78012B01D0042B87D11B4BE3
S214029518DDF84E001B78DDF852108DF82230BDF8C3
S2140295284030ADF820309DF84D30C3F340038DF837
S21402953823309DF8313003F00F038DF82C309DF858
S21402954848308DF82D3009AB03C30D4B1B681BB191
S214029558414608A8984762E79DF946209DF84510B7
S21402956808A811F044FA5AE7906200208F62002099
S21402957841630020D45400201E630020406300206C
S214029588C85400202DE9F043424B434C1B7885B063
S214029598033B012B22D817F0D5FC2378022B31D1B6
S2140295A83E4A1468A0422DD03D4910600A68121B34
S2140295B810443C4A0860127872B1013A93403C2241
S2140295C853434FF47A72534398421BD9032005B08B
S2140295D8BDE8F043FBF77EBF0A23F2E717F0B2FCBA
S2140295E82378022B0ED12D4A1568A8420AD00027E6
S2140295F8DFF8BC802C4E1060451B98F80030FCB291
S214029608A34202D805B0BDE8F08356F824302046B7
S2140296182B4446F8243017F09BFBC3074FF000098B
S21402962810D5204609F0FEF970B156F82430242BDE
S21402963808D9102200232046CDF8009009F00CFA2B
S21402964846F824900137D8E7184B1B5D13F00F0332
S2140296581FBF03F1FF32022393403C220CBF0A23AA
S21402966853434FF47A72534356F824209A42E9D960
S214029678204609F067F902A914F063FE28B12046CD
S21402968809F060F902A911F030F9204614F0EFFE4D
S214029698D8E700BF906200208F620020284700208B
S2140296A824470020046D0020404500203462002034
S2140296B81B6D0020064B1B88DB0708D50022054BCE
S2140296C843F82020044A135C63F00F0313547047D0
S2140296D8E45B0020404500203462002008B517F0FD
S2140296E831FC0022024B1860024B1A6008BD00BF0C
S2140296F82847002024470020014B1868704700BFFF
S2140297082447002008B50C48FBF7E4FDFBF736FFB4
S21402971880B10A4B0322B3F86810012011F0CDFD80
S2140297284FF47A71064B04481B885943BDE8084033
S21402973817F082B908BD00BF386B0020E853002036
S214029748946C0020014B188000207047B86C0020EB
S214029758044A054B1870138823F003031843108035
S21402976800207047E45B0020056D0020034B188834
S214029778C0F30E00003818BF01207047925B002025
S21402978808B5FFF7F3FF30B1002004490223044A64
S2140297980880FBF719FE002008BD00BF925B002078
S2140297A827E10100024B1888C0F30E00704700BF7D
S2140297B8925B00200023084A01201370074A0849D2
S2140297C81370084B084A1B7843F0040313800223DD
S2140297D8064AFBF7F9BD00BF3D6300203C63002044
S2140297E8925B0020056D0020E45B002027E1010063
S2140297F813B514468DF80710DAB9CAB20E2A18D865
S2140298080E4B1B881341DB0713D517F049FAFF28BE
S21402981811D09DF807200A4B0DF107011A5400F5DE
S2140298288330012200F58070E5F74AFA204602B036
S21402983810BD0124FAE70224F8E700BFB86C00203E
S2140298483462002030B5012100240B2385B0104D68
S214029858019400918DF80C308DF80D000323B5F8AD
S214029868680003AA8DF80E4015F09CF968B1B5F8A1
S214029878681013F038FE40B10522064B64211A70B0
S214029888054B06481C7017F0D7F805B030BD00BF68
S214029898E85300203C6300203D630020586B0020FC
S2140298A8064B1B78033B012B06D8054B1B781BB9C6
S2140298B8044B1878FFF7C6BF704700BF90620020B7
S2140298C83B630020046D002010B51548FBF702FD27
S2140298D8144B1978F9B9144A13787BB1013B137003
S2140298E8124B1B78042B02D10846FAF7A7FDBDE8EF
S2140298F810404FF496710A4817F09EB80C4A128820
S21402990802F00302022A0AD1BDE81040032201200F
S2140299180849FEF729BABDE81040FFF7C1BF10BDD7
S214029928586B00203D6300203C63002090620020B4
S214029938925B002000F8FF071FB50C238DF80C3049
S2140299480B4B0C461B88012123F004038DF80E30BE
S21402995800238DF80D00CDE900132046032303AA41
S21402996815F020F910B1214613F0BDFD04B010BD64
S214029978E45B0020F8B5064612F043FF054630467B
S21402998815F034F9411C044689B230460BF09EFCA9
S21402999802340746A1B230460BF098FC3946024616
S2140299A82846FFF725FF022816D02946FFF7C4FFE8
S2140299B80A4B1B8803F00303022B0DD1284617F027
S2140299C86FF9FF2808D00022054B43F82020054AE5
S2140299D8135C63F00F031354F8BD00BFE45B00206A
S2140299E84045002034620020084B1A785AB10223F8
S2140299F8013A93404EF66022534303210448B3FBD0
S214029A08F1F117F019B842F21073F6E7046D002068
S214029A18586B002070B505461748FBF75BFC012219
S214029A28164B28461A7015F0E1F8411C044689B20E
S214029A3828460BF04BFCA11C064689B228460BF0BA
S214029A4845FC0F4C02232080214600200D4AFBF7D6
S214029A58BBFC86B9238803F00303022B03D1FFF766
S214029A683DFEFFF7C1FF23885B0704D5BDE87040BB
S214029A780548FFF747BE70BD586B00203D630020BF
S214029A88925B002027E10100386B00202DE9F043A5
S214029A981F4C0546238889B0002B33D01D4E002163
S214029AA84FF4807009F09CFA3378DB0728D5012139
S214029AB8208816F00DFF0746208812F03FFF023076
S214029AC817F025FB05A98046208815F095F9337806
S214029AD8384613F0020F104B18BF0025B3F8009053
S214029AE816F0DAFE0646384616F0BAFEF6B20290C7
S214029AF8424606212846CDE9009605AB10F035FF0A
S214029B0800232380054809B0BDE8F043FBF7E2BB13
S214029B18EC5B00203E630020E85B0020786B0020A8
S214029B282DE9F047304F80463D880E461446994642
S214029B38ADB3104612F010FEB0F5006F2FD12046D6
S214029B4812F01DFE824617F0ABF8FF2827D02EB17A
S214029B58264A32F810302B4322F81030B5F5007F2B
S214029B6836D0B5F5806F33D0B5F5807F17D1204B48
S214029B781B88A3421CD14FF6FF718A450FD0204698
S214029B8812F013FE284609F059FA50B93046FFF784
S214029B987DFF0023174A1380174A3B801370BDE8DF
S214029BA8F0870220002108F0AFFF0028EED1F0E788
S214029BB8104D2B88A342F2D14FF6FF718A45EED09C
S214029BC824B1204612F0F1FD00232B800023E3E7A0
S214029BD80023094A3B80137031464B4622464046CC
S214029BE8BDE8F04713F007BAE65B0020805B00206A
S214029BF8EC5B0020EA5B00202363002010B50446D5
S214029C0840F62140FFF742FF01214FF4807009F029
S214029C18E7F978B10022084B1C80084B1A700BF043
S214029C28D5FCBDE81040064B1880064B0648198836
S214029C3816F002BF10BD00BFEC5B00203E6300209A
S214029C48E85B0020966C0020786B0020044A1378A4
S214029C5818B943F001031370704743F00303FAE799
S214029C683E6300202DE9F04FDFF84C9187B099F853
S214029C780060002E40F08C80DFF840B1DFF840A18B
S214029C889BF80030F4B2A34207D80022424B1A804F
S214029C9807B0BDE8F04FFDF7ABBB20463AF81450C4
S214029CA808F0C0FE8046002860D0204608F04AFE2B
S214029CB815F40071074645D001464FF6FF720E208E
S214029CC813F034FD0546002850D0394612F06DFDD3
S214029CD84FF400730027304E204633803AF814209B
S214029CE822EA03032AF8143010220023009708F009
S214029CF8B3FE2A4B1B88DB0707D5294B294A43F8AC
S214029D082470135D63F00F03135518200021604377
S214029D18254B264C0093019101232A46205CFAF72C
S214029D28B1FB002814BF0123002389F8003005D1AF
S214029D383388B3F5807F01D11D4B1880404607B0A3
S214029D48BDE8F08F680513D5059113F06CFC012267
S214029D5805990346009207203A46CDE90111FDF718
S214029D6865FC4FF480630546002DB3D1013687E7BC
S214029D78104B18880028F9D0EA05F7D5394612F0AC
S214029D8814FD0C4B1D880A4B1D804FF48073EBE7BD
S214029D984FF00008D2E700BFE65B0020E45B002035
S214029DA84045002034620020299B020080130020D0
S214029DB8EA5B0020EC5B0020236300201B6D00207A
S214029DC8805B0020042230B501F0400387B0002BE8
S214029DD8054614BF012400248DF80C208DF80D10BA
S214029DE804D004A914F0ADFA38B304ABCDE90043A5
S214029DF801210223284603AA14F0D4FE0446F0B131
S214029E08104B1B78033B012B04D80F4BB3F8681092
S214029E1812F0CBFC4FF6F7739D4209D93222022183
S214029E282046FDF74BFA80F00100C0B207B030BDFD
S214029E382946204613F057FBF5E70120F6E71920D6
S214029E48F4E700BF90620020E853002010B5FFF741
S214029E5897FC04F0DBFF13F09FF9002014F06CFA6D
S214029E6816F0CEFF08B1FCF7B7FA204C2378532B2E
S214029E7812D1032323700023FF2219460120FDF77F
S214029E8873FF002016F0E2FB10B1002012F064FD0A
S214029E98BDE8104011F015BA062B01D0212BF0D1DF
S214029EA80120FDF705FF4FF6FE7012F0F3FE4FF69F
S214029EB8FF7012F00CFF0020FDF732FE0020FDF7BF
S214029EC85FFEFDF7AFFD00F087FB11F0FDF9237882
S214029ED8212B02D1FDF782FBD3E70020FBF7FAFA23
S214029EE800214FF4004014F029F8CAE78F620020D8
S214029EF810B50A4C0A48FBF7EDF92378062B02D16F
S214029F080120FDF7D5FE2378062B01D0532B03D16B
S214029F18BDE81040FFF79ABF10BD00BF8F62002051
S214029F28986B00202DE9F84FDFF8CC8004460E46E1
S214029F381746FFF725FC98F8005015B90220BDE829
S214029F48F88F212DFAD0DFF8B49099F80030012B5B
S214029F5801D1A306F2D4274817F06FF90028EDD1ED
S214029F6814F0200439463046DFF894B0DFF894A09F
S214029F7805F00F051BD010F0B6FC012D8BF800700B
S214029F88AAF8006033D1212388F80030FFF75EFF75
S214029F980020D4E7212388F80030FFF757FF002176
S214029FA84FF6FE70FDF792FFFEF7D6FAF0E710F0CE
S214029FB899FC012D8BF80070AAF80060EAD00623F7
S214029FC821464FF6FD7088F80030FFF7FBFE40F694
S214029FD8020240F2262199F800300648033B012B7C
S214029FE888BF114616F028FD002CD1D1D7E7532397
S214029FF8E6E700BF986B00208F6200209062002080
S21402A0083F630020BA6C00202DE9FF410F46054643
S21402A018511C38460BF05AF90446384612F08EFCA4
S21402A0280646023017F073F8424B80461B7804F057
S21402A0384002022B02D0043B012B06D83E4B1B687B
S21402A048580205D5A10603D452B304B0BDE8F08180
S21402A05832B33A4A1278D11E012917D8384BB3F8C8
S21402A0686830AB42F1D17378180714D5304614F02D
S21402A078FAFDFBF70BFF0028E7D00122294604F079
S21402A088200004B0BDE8F041FFF74CBF022ADCD13D
S21402A098DF01DAD4E7E712F0F1FD4045D5D1ECE767
S21402A0A8264B1B78013B012BCFD87378D906CCD523
S21402A0B802A9384614F0E4FD002002A916F0C0FDF5
S21402A0C8FF2806460BD0A20601D413F052F93046F2
S21402A0D808F038FC04F0BAFE304614F0C8F92846F0
S21402A0E817F0F6F8FF280DD0FCF766FB14F02006EA
S21402A0F808D112F0C3FD28B133460222284602A927
S21402A10805F0E0FF12F0BAFD00289ED1A3069CD403
S21402A11802A94FF6FF73022228460EF01EFB4FF6E0
S21402A128FF72034600922846022202A910F0CDFCCE
S21402A1388BE700BF8F620020304700209062002025
S21402A148E853002038B504460D4616F0A9FDFF2848
S21402A158034615D00B4A127842B10B4A32F8102041
S21402A168520403D514F083F9002038BD184613F0BC
S21402A17800F9204645F04001BDE83840FFF722BE08
S21402A1880120F2E78B620020805B002038B5054686
S21402A19812F0D4FB0446284614F028FD411C89B266
S21402A1A828460BF093F842060DD563781B070FD5A1
S21402A1B8204614F058FD0146002016F041FDBDE881
S21402A1C8384014F054B90348BDE83840FFF790BE4B
S21402A1D838BD00BF986B002038B54FF6FF75A84209
S21402A1E8044617D012F067FDA04213D04FF6FD7250
S21402A1F8094B198891420DD9084A1288AA4201D0F9
S21402A208A24207D11C804FF47A71BDE83840044850
S21402A21816F012BC38BD00BFA06C0020BC6C002033
S21402A228BC46002008B50448FBF754F84FF6FF7200
S21402A238024B1A8008BD00BFBC460020A06C002056
S21402A24837B505460C46082369460120064AFBF739
S21402A258BBF815B19DF806302B700CB1009B236035
S21402A268BDF8040003B030BD25E1010007B5082398
S21402A2788DF80600ADF80410009269460020034ADD
S21402A288FBF7A2F803B05DF804FB00BF25E1010066
S21402A298024A13780BB1013B137070477E620020A6
S21402A2A808B512F014FD00214FF6FF72054B08465A
S21402A2B81A80FDF78BFCBDE8084040F6164010F001
S21402A2C8D6BB00BFA06C002008B5FBF703F80A4B04
S21402A2D81B78023B032B08D84FF6FE73074A1088F2
S21402A2E898424FF6FF7301D1138008BD9842FCD0FE
S21402A2F8BDE80840FFF7D4BF8F620020A06C00209C
S21402A30810B5084B1B78042B0AD012F0B7FC0021B4
S21402A31804460846FFF794FF231A5842584110BDD0
S21402A3280020FCE790620020F0B5002689B00546BA
S21402A338CDE90566ADF81C6014F058FC0A230246FF
S21402A34804462946009605A816F0E6FF9DF815303D
S21402A3589DF814701F2B27D803A812F0A7FF08220F
S21402A3680DF1160103A8F3F763FA0646E0B9092FBA
S21402A3781CD1FFF7C5FFB8B1144B1B78A3B1144B19
S21402A3881A884FF6FD739A420ED9124C124A23784F
S21402A3980433DBB223701278013AB3EB820F03DD83
S21402A3A858B20EF02FFC267009B0F0BD0A34E4B29B
S21402A3B8214628460AF08AFF13F001F8611C28464F
S21402A3C814F037FBFFF708FFEEE700BF1D6D00200D
S21402A3D8A06C00207E620020036D002038B5134B67
S21402A3E81B78033B012B20D9114B4FF6FF711B78C4
S21402A3F8ABB1104D2B888B4217D112F05CFC4EF68F
S21402A408602104460C4816F017FB4FF6FE732246E8
S21402A4182B800021BDE83840092012F0DEBF074A2B
S21402A42813888B421CBF0133138038BD906200200C
S21402A4381D6D0020A06C0020BC4600208E5B00200C
S21402A44810B5044661B1FF2112F019FA0021204620
S21402A45812F01BFA12F049F90146204612F01BFACE
S21402A4682146BDE810400022014816F0BEBE00BFD5
S21402A478F05B00202DE9F0410D461746044612F01F
S21402A4885DFA06782846FBF777F92946804620467D
S21402A49812F08BF912F0F2FBA84206D120460121EF
S21402A4A8FFF7CEFF0120BDE8F0812846B8F1000F7D
S21402A4B80AD0FBF7EFF950B9144B3A462046BDE8E6
S21402A4C8F0411978FCF7FABE13F060FFF3E706F0DE
S21402A4D80306012E08D012F0D1FB00232246294695
S21402A4E802F030FF0028D9D1204612F01AF94305A7
S21402A4F805D52046BDE8F041002112F001BD2046F0
S21402A50813F017FFB0FA80F04009CCE7016D00207F
S21402A51810B586B0044614F069FB104B024618685C
S21402A52819790290D3F805005B7A01328DF8143057
S21402A53800238DF80C1004902146009392B205234E
S21402A54804A816F0E9FE052204A902A8F3F770F992
S21402A558B0FA80F0400906B010BD00BFF010050042
S21402A56808B50748FAF7B6FE064B1B78033B012BDD
S21402A57805D8BDE8084000210846F9F75FBF08BDC0
S21402A588B86B00209062002008B5114812F0A5FAB0
S21402A598104B1B78012B06D8FF2009F0FDFBFCF7B1
S21402A5A851FD08F09DFCFCF76BF902F06BF9FFF71A
S21402A5B801F914F0B2FC0BF05BFBFCF7F9FE0BF0AA
S21402A5C885F810F094F9BDE8084003F0B1B900BF69
S21402A5D8B0540020026D002008B5EFF777FDFF287B
S21402A5E803D0094B1B78012B06D9002009F0D4FBAF
S21402A5F8FCF728FD08F074FCFCF742F902F042F971
S21402A608BDE8084003F094B9026D0020064B18789E
S21402A618112806D000F0FD00A0F141035842584127
S21402A62870470120704700BF8F6200202DE9F04175
S21402A6380446FCF7AFFC18B100263046BDE8F081A8
S21402A6481D4B1B78033B012B09D81C4BB3F868102B
S21402A6584FF6FF739942EFD0204612F0A6F8184B31
S21402A668022120461A88FCF729FE06460028E3D06F
S21402A678204612F063F990F807800546043016F073
S21402A68846FD074612F0FAFA414602463846FCF7F5
S21402A69899FCA81C16F03BFD4FF6FF73984202D1B0
S21402A6A82046FFF7ABFA2B789B07C6D10121204636
S21402A6B8FFF7C6FEC1E700BF90620020E8530020FD
S21402A6C8EE5B00202DE9F04F002585B0074603957E
S21402A6D812F034F90646043016F019FD8046B01C0E
S21402A6E816F015FD337804464046009316F0D8FA5D
S21402A6F882464046FBF740F83378BAF1FF0F0CBFA4
S21402A70883464FF0010B9A070AD112F0B7FA404572
S21402A71814BFD9464FF00109B3791BB90320B9E033
S21402A728A946F9E712F0AAFAA04205D112F0A6FA4B
S21402A7380446994B1B7836E0984B1B78052BF8D0C5
S21402A748033B012B03D8964BB3F86840F1E7204643
S21402A75816F0DBFD737840B313F00402DFF8388294
S21402A7680BD198F800301A4421463846D2B2FFF781
S21402A77881FE0028D2D000208CE0384614F0F8F982
S21402A7880146054638460AF0A1FD421C52002946F3
S21402A798384602F0FE0212F066FE737823F00403CF
S21402A7A8737098F800300022DDE75B0726D5384636
S21402A7B814F0DEF90146064638460AF087FD824658
S21402A7C806F101091FFA89F9494638460AF07EFD5C
S21402A7D8DFF8C481BAF1000F01D0FF2805D10022A4
S21402A7E8494638460AF086FDDBE7B11C01EB400114
S21402A7F8C9B2384614F01DF90446D2E7204603AA21
S21402A80802A913F013FF0546B9F1000F4AD0009BC0
S21402A81803F0C003802B0ED1FF2320468DF80930A3
S21402A8280BF03EFAFF281BD00DF109020DF10A01C2
S21402A8380BF02AFC14E0402B34D19DF808308BB379
S21402A848FF2320468DF809300BF02AFAFF2807D096
S21402A8580DF109020DF10A010BF016FC2D281CD188
S21402A8683378404603F03F03337016F04EFD10B9B6
S21402A87812F004FA8046002342461946204608F09B
S21402A8884FFE00283FF44AAFC822072138460AF08E
S21402A89855FF012005B0BDE8F08F9DF80930FF2B63
S21402A8A8DED12546039838B99DF80820002A62D1D9
S21402A8B8394B2C461B7856E709F032FA039AFF28DA
S21402A8C80346127908D1CDE900204FF4E1713548E4
S21402A8D816F03FFBDDE90023B9F1000FE4D002F0E1
S21402A8E83002102A0AD0202ADED1BBF1000F24D06B
S21402A8F85146184609F016FC0028D5D1DFF8A8906C
S21402A90899F80030012B45D0204610F0B6FC28B93D
S21402A9182A4621464046F37913F00BFEA54212D189
S21402A928039A137923F00C0313719DF80830ABB918
S21402A9382C46194B1B78302215E7039B1B7913F01C
S21402A9480C0FDBD1B0E799F80030022BE8D0039A57
S21402A958137923F00C0343F00403E5E701212046AC
S21402A96812F0D0FB20B920460BF09AF9FF280FD038
S21402A978094B1B78DFE70121204612F0C3FB0028AB
S21402A9887FF4D7AE20460BF08BF9FF287FF4D1AEC2
S21402A99802207FE7A542D9E7EE5B002090620020FE
S21402A9A8E8530020D5AD04004363002038B50E4BAB
S21402A9B804461B780D46033B012B10D900F1080309
S21402A9C89BB2012B0DD812F059F9002302462946EC
S21402A9D8204608F0A5FD80F00100C0B238BD01206F
S21402A9E8FCE70220FAE700BF906200202DE9F0415A
S21402A9F8064610460D4614F0F9F8A0F11004E7B220
S21402AA0856FA84F42146EA1B04F10E00F2F716FC05
S21402AA182823DFF84480F35598F80030637301F072
S21402AA2845FF611C0246012010F061FC0822094914
S21402AA38601DF2F703FC98F8000013F0EDFA05F132
S21402AA480E0130463B460022C9B201F0E1FF122051
S21402AA58BDE8F081156300208A6200202DE9F04FD8
S21402AA6889B0044611F06AFF0546204611F0C9FE71
S21402AA780746281D16F04BFB8146A81C16F047FB16
S21402AA880390384695F807A016F03FFC2B780490FA
S21402AA98990761D12146042002F0C2F800285BD04B
S21402AAA8204614F0A3F8014620460AF00FFC820757
S21402AAB852D1204614F09AF8014620460AF006FCBF
S21402AAC810F00303059347D12046FFF721FD00281F
S21402AAD842D0204614F07FF9461C204615F0DCFECC
S21402AAE8F6B206F10A0B834580F29F80504A06ABFF
S21402AAF81068516803C3711C20460AF0E7FB31460A
S21402AB08804620460AF0E2FB594600EB0828204613
S21402AB180AF0DCFB8346059B2146B21C009306A876
S21402AB28082316F0F9FB1FFA88F8204611F069FE8A
S21402AB385A46414610F0CFFB0122404606A901F0CC
S21402AB489BFB002871D102200BF036F8013003D1A6
S21402AB58404606A9EFF788FB12F090F848453A46B1
S21402AB68514608D112F0FCFA00285ED109B0BDE8B9
S21402AB78F04F01F077BB484612F0F2FA002854D19B
S21402AB882C4B1B781BB93946484612F086FC3A46C7
S21402AB9851464846FCF716FA002846D0297811F09E
S21402ABA8030102D12046FFF74BFCAB79002B3CD0C1
S21402ABB8214B1B78DA1E012A37D9062B35D06B783B
S21402ABC8DB070DD503982E7A13F0C5FA10B3F308EF
S21402ABD803F01C0326F01F06334343F001032B72CF
S21402ABE84FF6FF71204611F0E0FD049BDBB90FF02B
S21402ABF86CFE00F03F0202212046FCF75FFB4FF690
S21402AC08FF73039A9A4210D1204609B0BDE8F04F66
S21402AC18FEF7F4BF06F01C031C2BE1D0042B04D964
S21402AC28043E2E72DCE70022E5E709B0BDE8F08FA5
S21402AC38C736040086620020906200202DE9F043A1
S21402AC4885B004460E46174611F075FD0C282046B8
S21402AC587BD111F073FE0922002115F041FD00F1A7
S21402AC681005EDB2294620460AF030FB042853D0D8
S21402AC7806D8012815D0022822D005B0BDE8F083F0
S21402AC887C28FAD1204615F007FE0546204615F020
S21402AC98E7FD02463046E9B205B0BDE8F0430FF0DC
S21402ACA840BE46B91321204613F0C3FE05B0BDE8E0
S21402ACB8F04312F00CB805B0BDE8F043FCF7ACBEA2
S21402ACC89D4B1B78013B012BD7D82046E91C0AF07E
S21402ACD8FDFA074686B978B9691C204613F0A9FE1C
S21402ACE80546214613F086F93A462946102005B04D
S21402ACF8BDE8F04316F0D4B90025082321461522EC
S21402AD0800950DEB030016F007FB284602A915F07E
S21402AD1897FF13F0ACFBB0E7884B1B78022BACD13D
S21402AD2846B9FEF73FFDC2070AD5FEF7D7FC002F45
S21402AD3808BF3F26304605B0BDE8F0430FF0FDBD1C
S21402AD48FEF714FD0028F0D0F1E711F0F7FD804673
S21402AD58043016F0DCF9074608F1020016F0D7F9B7
S21402AD684FF6F773984205460CD8754A138801338E
S21402AD789BB213800BB9734A13801EB1714A1388AB
S21402AD880133138098F8009009F00309B9F1010F0E
S21402AD9840F08380204613F029FF014620460AF039
S21402ADA895FA043809283FF668AF01A353F820F04D
S21402ADB8E1AD020083AC020083AC020005AE0200DD
S21402ADC883AC020083AC020083AC0200EDAD020045
S21402ADD883AC0200EDAD0200204605B0BDE8F043A4
S21402ADE8FFF7D4B9544B1B78042B7FF446AF0021E7
S21402ADF8084605B0BDE8F043F9F720BB4E4B1B7872
S21402AE08013B012B3FF639AF404613F02CFF0027D3
S21402AE184D4B01465B898DF80A70ADF8083000285C
S21402AE283FF42BAF384615F00BFF0546204613F0C5
S21402AE38DDFE421C03232146009792B202A816F0B2
S21402AE486BFA9DF80A30E6B93C4A1278022A18D1FB
S21402AE58BBB9FF2DBDF808400AD03C4A214632F855
S21402AE681530284623F4806322F8153013F0DEFAEC
S21402AE78204613F0BCFB00222146102016F010F9DB
S21402AE88FBE6022B3FF4F9AE2BB9304B33F81530FC
S21402AE985B053FF5F2AE28463BE7B9F1000F7FF4B3
S21402AEA8ECAE3146204604F0BBF8002E3FF4E5AE81
S21402AEB84FF6F7739D423FF6E0AE98F801602846D3
S21402AEC816F0040620D113F0DFFB044628467CB1B0
S21402AED813F05CFA0346F0B90C220090294638466D
S21402AEE812F039FC0C22002339462846009308E063
S21402AEF813F04CFA0346B8B9154A00901278294658
S21402AF08384612F028FCB8E613F040FA034678B939
S21402AF180B220090F3E70622334629463846009667
S21402AF2812F019FC0622DEE7234600940622E6E71C
S21402AF384B46CDF80090F9E7906200208F62002019
S21402AF48965B0020945B0020F0100500805B0020D2
S21402AF583E6D00202DE9F04F05888BB00446284642
S21402AF6811F0ECFC8046043016F0D1F8074608F1DA
S21402AF78020016F0CCF805A90190284613F080FEC8
S21402AF88284613F033FE0146064628460AF09EF97E
S21402AF9898F80030029003F00303012B0CBF824698
S21402AFA84FF0FF0A15F0C9FFB4F806B0814611F053
S21402AFB865FE98F8073000903846039301F08AF841
S21402AFC8002838D1019801F085F8002849D1FCF705
S21402AFD8B9FAA9EB0B0B1FFA8BFB8146FAF774FB3F
S21402AFE8002844D1FFF712FB002840D1A14B1B785A
S21402AFF8033B012B42D8BAF1060F00F0BE80BAF125
S21402B008040F00F0BA80FFF701FB20B1029B03F0A1
S21402B0180303012B32D0FAF7B1FA28B9964B1B78FC
S21402B02803F00F03062B6FD1944B2846B3F868102B
S21402B03811F0BBFB22E0284611F080FC023016F025
S21402B04866F84FF6F773984206D9039B23B9284643
S21402B058FFF75EFA0028B5D1A37823F00F03A37092
S21402B06854E0019816F051F90028B0D1F4E7A9F196
S21402B07804095FFA89F9B9F1020FB7D8BAF1010FD4
S21402B08840F0A280284611F07AFB4FF6FF739842EA
S21402B0986AD100233146284607AA13F00BFA8046DF
S21402B0A80028D9D042799DF82530934209D9711DD6
S21402B0B8284689B20AF01EF9A37823F00F03023352
S21402B0C8A3700FF002FC7E23B0FBF3F202FB13031D
S21402B0D803F58073A3809DF8263013F0180F0BD063
S21402B0E8A378190708D1009BBB4205D0384698F8C2
S21402B0F8052005A90FF031FC9DF82700003818BF77
S21402B10801200BB0BDE8F08F2823A3800020F8E7C3
S21402B118584B1B78033B012B5FD940F6B8339B4547
S21402B1289AD80FF0D2FBFF238DF81330002300F0D5
S21402B1383F00C0F5FA70A08007A90DF113008DF83C
S21402B1481C30FBF7A3FF054698F80710384611F09F
S21402B158FBFF002D80D09DF81C20013A032A7BD8DD
S21402B168DFE802F0807A697D4FF6F773019A9A4211
S21402B17824D898F80130DA0720D4284611F0FFFAC6
S21402B18816F060F8012808BF3D4BA27809BF1B7865
S21402B198FA2303EB830303EB830302BF9B00FA3312
S21402B1A89BB212097FF458AF5B45FFF455AF0FF018
S21402B1B88CFB00F01F001030A08053E02D4B1B784C
S21402B1C8033B012BA9D8D8E74FF6F773019A9A42A0
S21402B1D89ED898F80130DB079AD4BAF1020F53D1F9
S21402B1E80123314607AA284613F064F9074611F0E8
S21402B1F845FDBDF82230984236D1002F3FF42CAFD9
S21402B20801227B883146284608F00EFB1D4A137831
S21402B2180133DBB288F8073013707B88BDF81E202E
S21402B2289A421FBFA37823F00F030233A3704FF48A
S21402B238C873A38016E0009BBB4213D000283FF4D5
S21402B2480BAF426801323FF407AFC2789DF813305D
S21402B2589A42BFF401AF05E0009BBB4202D0A27837
S21402B2681209EBD101204CE7184616F04EF80028D2
S21402B278C3D182E7906200208F620020E853002044
S21402B288136D00208D620020BAF1030F7FF475AFAC
S21402B298009BBB427FF471AF711C284689B20AF044
S21402B2A815F80C287FF469AFFBF7E2FC4FF6FF733C
S21402B2B8984201463FF461AF284611F076FA5CE7F9
S21402B2C82DE9F3410446008811F038FB05460430A0
S21402B2D815F01DFF0646A81C15F019FF074615F0BF
S21402B2E82CFE05463046B4F8068000F0F3FE064605
S21402B2F848B9384600F0EEFE58B9194AA3781278CB
S21402B308033A012A0BD8A378002623F00F03A3706A
S21402B31821E0384615F0F9FF0028EED1F3E71B09BD
S21402B328F1D1A5EB0805ADB2B5F5C86FEBD80DF1AE
S21402B3380301384601AA019313F078F99DF80350E1
S21402B348014645B94FF6FF73984204D00126208875
S21402B35811F02BFAA580304602B0BDE8F08100BF96
S21402B368906200202DE9F04105460C4611F0E3F9FB
S21402B378082802D10120BDE8F081201D15F0C7FE7D
S21402B3880646284694F8078011F03BFA07462846F0
S21402B39811F0C7F9010612D5184B1B78042B0ED1EB
S21402B3A8174B1B78022B0AD1164BB3F868204FF6B8
S21402B3B8FF739A4203D000210846F9F73FF8124B6A
S21402B3C81B78002BD6D1A01C15F0A1FE4FF6F773FA
S21402B3D8984202D86378DA070DD523789B070AD1F4
S21402B3E83A464146304611F0BBFE80F00100C0B234
S21402B3F800F00100BFE70120FAE700BF90620020D4
S21402B4088F620020E8530020456300202DE9F04FA4
S21402B4189DB0044611F08FF90546204611F08BF9C7
S21402B42808285AD14FF40043102200212046ADF8CE
S21402B438503012F018F8204615F012FA0DF007FCF4
S21402B448002321461A460C2000930DF0C5F998B33E
S21402B458204615F005FA14A902461020FAF7D6FD7A
S21402B4680501204615F0FCF914A902464020EDB263
S21402B478FAF7CCFD10B120460FF03BFA204615F03D
S21402B488EFF914A902468020FAF7C0FDB8B99DB1B3
S21402B498102517A806F0A2FD2046BDF8507015F034
S21402B4A8FBF90646204615F0DBF929460090F3B26A
S21402B4B8384617AA0FF0BBFA1DB0BDE8F08FBDF8E4
S21402B4C8503017A8ADF85E40ADF85C300FF0FDFEC0
S21402B4D80028DCD145F08005DBE7204611F07EF92E
S21402B4E8B0F5006F40F00581204611F08AF906464D
S21402B4F8042D40F00181204611F013F980F4006013
S21402B508C0F3C02000223146400015F0C9FD954B15
S21402B5181A78022A0DD0FFF779F850B902F0FD031F
S21402B528312B06D0043A012A03D98F4B1B78002BFD
S21402B538C2D02146022001F073FB05900028BBD03A
S21402B5482046ADF8464011F0F9F90446BDF8460023
S21402B55811F057F90546201D15F0D9FDA31C8346A0
S21402B5681846039315F0D3FD12A90746BDF8460000
S21402B57813F086FB63780690BDF8460094F80080C0
S21402B588099313F033FB6378064608F00308284647
S21402B5980C93FAF7F1F8B8F1010F0CBF0323022354
S21402B5A80E93724B08BF4FF00B091D80237818BF05
S21402B5B84FF00A0903F03C03082B0D907FF47CAF8A
S21402B5C8BDF8460015F068F9B0427FF675AFB8F1D7
S21402B5D8010F03D0237898077FF46EAF644BB3F855
S21402B5E86830AB420DD1634A634BB2F9001093F947
S21402B5F80030002900F0A58001EB0313A3EB21130A
S21402B60813804FF0010AA6F11003DBB207938DF8F8
S21402B618453010224846BDF84610CDF800A00DF178
S21402B62845030DF0D9F800283FF446AF099B13F0FE
S21402B63802030A9300F00A81504B1B78002B3FF452
S21402B6483BAFBDF84690484613F0D0FA0023089060
S21402B6584846CDE917331993ADF8683011F0D1F89A
S21402B668089B039003F10E01484689B213F091FA3B
S21402B678002870D000234946089A009317A80E237C
S21402B68815F04AFE50460DF15D010FF03EFE9DF89C
S21402B69869300B9004939DF85C30282B5BD10DF132
S21402B6A86100FAF7F3FB0F90002854D1049812F0C1
S21402B6B8B3FC0F9B002867D1314B049A1B78D31A28
S21402B6C8190648D404F04CFD50453CD115F03AFC16
S21402B6D82C4E0546346824B104F048FD2C1B8442DF
S21402B6E839D30023FF2219461846FCF73DFB35607E
S21402B6F831E04FF6FD76FBE64FF6FF70301A18BFBC
S21402B708012000223146400015F0CAFC0C2D0DD14E
S21402B7182146012001F084FA00283FF4CDAE2146E6
S21402B72800201DB0BDE8F04FFDF700B92DB9204640
S21402B7381DB0BDE8F04FFDF75FBD042D7FF4BCAE2B
S21402B748E5E61B025CE704F00BFD022803D104F0D1
S21402B758E9FC0028BAD000221920039915F0A0FCAB
S21402B768AAE600BF8F620020456300200C5C00201A
S21402B778E8530020DE5B0020416300208B62002035
S21402B7888A620020F854002010214846089ACDF80C
S21402B79800A012F07FFA0028DDD0A64B049A1B7888
S21402B7A8934240F0AA8003990DF1610214A815F09D
S21402B7B813FA012114A8FAF743F8824648F203015D
S21402B7C814A8FAF749F9BAF1000F03D0082114A809
S21402B7D80FF036FD484613F027FA03990DF161007B
S21402B7E8FBF7E6FAFE288246B5D0FF280AD1039868
S21402B7F815F06EFDFF28824600F087800DF1610184
S21402B808FBF750F98B4B049A1B78934200F0A380FF
S21402B81850460B99FBF7B2FA00283FF44DAE504655
S21402B8280B99FBF7BDFA23789A070FD1484613F00F
S21402B838DDF90146484609F049FD00F003000128F3
S21402B84804D103980DF16101EEF70EFDBDF846002E
S21402B85810F067FF030440F18580204615F057FC78
S21402B86840F4007189B2204615F053FC00224FF4CA
S21402B8780041BDF8460010F045FFDDF8149001239C
S21402B88810220093BDF846100E980DF145030CF0F1
S21402B898A3FF00283FF410AE032866D1204615F011
S21402B8A836FC40F4007189B2204615F032FC284670
S21402B8B815F02BFD002840F0B780DDF81490B8F19B
S21402B8C8010F40F0C1800320BDF8461001F0A8F928
S21402B8D8002840F0B9803146BDF8460009F0F6FC6B
S21402B8E80F2801467FF6E8AD4FF6F7739F423FF6FC
S21402B8F8E3AD284611F01BFEDEE55046049903F038
S21402B90849FD00287FF44FAF25E7237803F00303A9
S21402B918012B08D1484613F069F90146484609F052
S21402B928D5FC082892D0444B1A78444B1B789A4286
S21402B93809D20DF161010398FBF768F8039815F030
S21402B948C7FC82465EE7A01C15F0E1FB4FF6F773CC
S21402B9589842EED9FFE65046FBF79AFA00283FF4DB
S21402B96857AF5CE74FF0000989E7284615F0CDFC8B
S21402B9780028A4D00A9B002B58D1B9F1000F53D146
S21402B988B8F1010FBDF846009DD0314609F09EFC7D
S21402B9988246DFF8B09099F80030002B5FD011F09D
S21402B9A86DF987427FF488ADB8F1010F40F08280C6
S21402B9B8BAF1070F78D8BAF1050F7FF67DAD204B9E
S21402B9C81B78022B02D0043B012B03D899F80030CF
S21402B9D8002B4BD00C9B980640F1BB800D9B002B8E
S21402B9E840F0B380284615F05BF9FF2840F0AD809A
S21402B9F85D457FF461AD069B002B00F0A48012AB78
S21402BA0846F204020124ADF85C2001932146022383
S21402BA182846009417AA13F0C5F800283FF44CAD40
S21402BA28214611F06DFA47E5DDF81490284607F02E
S21402BA3853FD44E78A62002089620020146D0020C4
S21402BA488F6200208B6200203146BDF8460009F05E
S21402BA583DFC0A9B824613B9B9F1000F99D0A84B50
S21402BA681B78022B02D0043B012BB3D8284600F0E1
S21402BA7831FB814600287FF41FAD11F0FFF885429E
S21402BA8822D1A04B1B78033B012B19D89E4BB3F847
S21402BA98684011F0F3F84B4601460D222046CDF8D1
S21402BAA8009011F058FE07E5AAF10E03DBB2012B4F
S21402BAB885D901E50AF00303012B7FF4FDAC7EE786
S21402BAC8012000F0A5FBF7E4284615F01EFC58B93D
S21402BAD811F0F1F84FF6FF73984205D015F090F979
S21402BAE810B92846FAF738FF284615F00EFC88B132
S21402BAF811F0E1F84FF6FF7398420BD015F080F973
S21402BB0840B9B8F1010F02D1BAF1060F02D02846A1
S21402BB1807F04CFA069BA3B919460122584600F0CC
S21402BB28ABFB814600287FF4C7AC204613F09BF88F
S21402BB384A460146384600F09FFB00283FF44AAFC3
S21402BB48BAE412A9E9E7069B5AE7637823F02003CA
S21402BB5863704FF6FC739F4275D16A4B1B78033BA2
S21402BB68012B7FF6A9ACA3790BB1013BA3716378CD
S21402BB78590727D50023584617AA14A9179312F06F
S21402BB8855FD1798F0B108F0CBF88146384615F0FF
S21402BB9887F8179A0146137903F03000102806D062
S21402BBA803F00C0008281CBF23F00C03137113794A
S21402BBB803F03303202B05D1FF2903D00122484680
S21402BBC808F078FA284615F06BF8FF281EBF002200
S21402BBD84E4B43F82020099B03F001094FF6F773F2
S21402BBE89F4200F21381B9F1000F40F01C812946EA
S21402BBF8584611F052FC11F041F8874200F0DF80F7
S21402BC08384615F082FB00284AD0B8F1010F30D129
S21402BC18BAF1010F20D14A463146BDF8460007F070
S21402BC285FFE384615F071FB394B1B78002B78D12E
S21402BC38584615F06AFB002870D1384615F065FBA1
S21402BC4800286BD138E44FF6FD739F428BD12D4BFB
S21402BC581B78042B87D12FE4384615F056FB50B3D1
S21402BC68BAF1030F27D13146BDF8460011F0ABFDF5
S21402BC7822E4384615F049FB384612F087FB0028BE
S21402BC8848D0002339465846BDF8462001F05AFBEC
S21402BC9800283FD00021BDF84600FEF7D1FB0BE492
S21402BCA8384615F032FB18B1B8F1010FD8D0E3E7E1
S21402BCB8B8F1010FE0D1164B1B78002BB8D0BAF1B9
S21402BCC8050F2ED110F0DAFF8DF85C0010F0D6FFC3
S21402BCD8000A8DF85D000123022217A90DF146001D
S21402BCE8F9F74CFA00287FF4E7AB711CBDF846005A
S21402BCF889B209F0D9FA03780133037011E000BF5C
S21402BD088F62002090620020E85300204045002001
S21402BD181A6D00209A4B1B78002B89D0B8F1010FB8
S21402BD28CDD063785A070CD5BDF84640204612F0A7
S21402BD381FFF411C89B2204609F0B6FA0378013B78
S21402BD480370904B1B78033B012B30D8B8F1010FD8
S21402BD5806D1BAF1050F1FD110F090FF834522D104
S21402BD68BDF84600FEF7AEFC02281CD10021584654
S21402BD7817AA08F021F930B10379458003F03C038D
S21402BD8843F04003037100237F4A0093394658461E
S21402BD98127811F0E0FC06E0BDF84600FEF792FCC9
S21402BDA8BAF1030FE0D1002239461C20D6E4BDF8CA
S21402BDB84600FEF787FCB8F1010FD5D1F0E7B8F1D7
S21402BDC8010F7FF467AF0AF1FF330C2B00F2AA804B
S21402BDD801A252F823F000BF43BE020043BE02008F
S21402BDE86FBC020059BE020069BE02008DBE020088
S21402BDF8AFBE0200DBBE0200F1BE0200F1BE0200C8
S21402BE08FDBE020015BF020021BF0200B8F1010FF5
S21402BE1800F09480B9F1000F08D1BDF84600FEF78D
S21402BE281DFEFFF749BBB8F1010FCCD0237A03F009
S21402BE380303012B7FF440ABEFE7AAF102035A4251
S21402BE483146BDF846005A4107F04AFDFFF734BBB3
S21402BE5832465846BDF84610FEF7D6F8FFF72CBB12
S21402BE68711CBDF8460089B209F030FA0236F6B2FD
S21402BE780246BDF846305846009612A90AF054F80B
S21402BE88FFF71ABB3F4B1B78013B012B3FF614AB5F
S21402BE98079B0121009300202346BDF8462011F097
S21402BEA8C9F9FFF709BB374B1B785A1E012A07D96F
S21402BEB80120079ABDF84610FCF71AFCFFF7FCBAF1
S21402BEC8022B7FF4F9AAF9F7FFFB0028F0D1FFF757
S21402BED8F3BABDF8460006F069FEFFF7EDBABDF8FC
S21402BEE84600FEF721FA98E7BDF84600FEF71CFA68
S21402BEF8FFF7E2BA234B1B78013B012B3FF6DCAA7D
S21402BF08BDF84600FDF736FDFFF7D6BABDF846007F
S21402BF18FDF780FDFFF7D0BABDF846000FF0CFF95F
S21402BF28FFF7CABA334622465046BDF846100FF007
S21402BF3898F900287FF4C0AA5146DAE40AF1FF33DA
S21402BF480C2B3FF6B9AA01A252F823F043BE020010
S21402BF5843BE02006FBC020059BE020069BE020060
S21402BF688DBE0200AFBE0200DBBE0200E7BE0200C4
S21402BF78E7BE0200FDBE020015BF020021BF020096
S21402BF881A6D0020906200203E6D002010B5002138
S21402BF98114810F049FD0446E8B110F05BFC0F4B5F
S21402BFA81870204610F05BFC0D4B1870204610F0F7
S21402BFB85CFC0C4B1870204610F05CFC0A4B1860B0
S21402BFC8012014F0C3FF2046FFF720FABDE8104010
S21402BFD8002014F0BBBF10BDBC5B002042630020EB
S21402BFE84163002040630020F054002070B5164ECE
S21402BFF8044633680D46E3B110F09DFB0C2818D1B1
S21402C008204610F09BFC09220021044614F068FB27
S21402C018235C042B0DD10D4B1B78033B012B08D850
S21402C0280B4C25B10B4B22781B789A4203D300237C
S21402C0382370002070BD0848316814F0FDFC237890
S21402C048012001332370F5E7F454002090620020A3
S21402C058446300203D6D0020B86B0020014B93F925
S21402C06801007047DE5B0020014BB3F8680070479A
S21402C078E853002070B50024124D2C70EDF7D8FE58
S21402C088E6B2B04212D8104B1B78013B012B04D8FB
S21402C09800214FF6FF70FBF719FF00220B4B1A70B0
S21402C0A80B4B198801B11A80012070BD304614F076
S21402C0B84FFEC30748BF2B7804F1010444BF01337F
S21402C0C82B70DBE788620020906200207F620020E7
S21402C0D8905B002038B50B4B05461B7873B10133CD
S21402C0E85C08094B188814F0BBFB002330F81320B1
S21402C0F8AA4205D00133DAB2A242F7D3002038BDED
S21402C1080120FCE77F620020905B002030B50546E0
S21402C11885B008460C4615F0F4F8FF280CD011F046
S21402C12882FA012200210346CDE901120092214635
S21402C1382A460720FBF77AFA284614F0B1FDFF28AC
S21402C14804460FD014F004FEC2070DD5204614F09C
S21402C158FFFD830708D40B4A32F8143043F4806391
S21402C16822F8143005B030BD11F05DFA0122002124
S21402C1780346CDE90112009207202A46FBF756FA33
S21402C188F0E700BF805B00204FF6FA72431E9BB2B0
S21402C198934270B504462AD8FFF79CFF38BB194B62
S21402C1A81B78042B23D0204615F092F8FF2801D0DE
S21402C1B8FAF702FB204612F012FA08B107F0C6FD9B
S21402C1C82046114E04F046FA20460EF0C4FB31789B
S21402C1D80E4D69B1288814F043FB054601461E2217
S21402C1E80230F1F72BF82C8033781E2B07D970BD56
S21402C1F8202014F0A9FB28800028EBD1F7E70233A9
S21402C2083370F4E7906200207F620020905B002083
S21402C21837B5134B05461B78022B1FD110F02EFD9F
S21402C228044610F02BFDFFF7AFFF11F0FCF910F0F3
S21402C23831FD0020FBF73CFD40F607400EF017FCE8
S21402C2483DB100230D2221464FF6FD70009311F0F2
S21402C25882FA03B0BDE8304004F032BF03B030BD06
S21402C26890620020034B1B7813B90120FFF7D0BF5A
S21402C278704700BF86620020F7B504460D4617468B
S21402C28810F0FCFC0646002D47D04FF6FB739C4286
S21402C29843D82046FFF71EFF30B1A64204D1204BF2
S21402C2A81B78033B012B38D92046FFF713FF10B142
S21402C2B8012003B0F0BD20460EF01DFBC0B1A64219
S21402C2C8F6D00CB369462046F9F758FD0246D8B9A7
S21402C2D80821684610F064FCB0B908226946284668
S21402C2E8F1F7A6FA80B12946204611F0CCF9DFE725
S21402C2F8A642E6D12846F9F7C9FD28B90120FFF774
S21402C30887FF06F0DFFDD3E73FB121462846FAF756
S21402C318E7FB2146284604F0B9F90020C9E700BF22
S21402C32890620020044A13782BB1013BDBB21370EB
S21402C3380BB9024A138070477F620020905B002088
S21402C3480148F8F7D7BC00BF905B00202DE9F047FC
S21402C358804617460D468CB061B903AE00211B48CD
S21402C36814F03DFF4FF000090446DFF860A01CB940
S21402C37820461DE00E46F1E70022214624233046D9
S21402C388CDF8009014F0C8FF082241463046F1F76F
S21402C3984FFAA8B9337C9BB96FB945B92A462146E4
S21402C3A80A4810F060FB0A4A1388013B13800120F2
S21402C3B80CB0BDE8F0873B88B28953405B06ECD5E3
S21402C3C82146504614F02FFF0446D0E7F45B0020BF
S21402C3D8F25B0020024B1888003818BF012070470D
S21402C3E8F25B002040232DE9F04397B0074611A8D8
S21402C3F88946ADF80E300EF0C4FB02238DF84430A1
S21402C408002304AE3146384604937360F9F7B6FC47
S21402C4180546002840F0958038460EF02EFF8046E6
S21402C42810F02CFC0446002840F0BB8099F8013036
S21402C438042B40F0B980EDF707FD022840F084800F
S21402C448EDF702FD022840F08B8096E803000323EE
S21402C4588DF8443012AB83E803009DF85130002172
S21402C46843F00603102209A88DF85130F0F794FE1F
S21402C47809A911A80EF01AFD40B111A80EF081FB09
S21402C48830460DAB09AA11A90EF015FEBDF84630C6
S21402C4980DA943F0040311A8ADF846300EF05FFD6F
S21402C4A8102209F10A010DA8F1F7C2F9054600287B
S21402C4B872D1EDF7C9FC022806D13146FF2009AA37
S21402C4C80EF01BFD00286AD134240025EDF7BCFCCB
S21402C4D8022808D19DF851301B0704D430460DF1C6
S21402C4E80E0111F0F0FA2146304611F015FB102322
S21402C4F88DF8183004238DF81A303346002203CB01
S21402C508CDF81B00CDF81F1006A80B218DF8195080
S21402C51810F02FFA024638B1002D14BF0123032368
S21402C5283146384603F078F8B8F1000F09D0342CB3
S21402C53807D106A83246394614F04EFB06A80EF076
S21402C54882FE17B0BDE8F0832346214630460094A3
S21402C55811AA01F05FFE00283FF472AFAD25C6E7C8
S21402C568EDF772FC012891D1104B1B6803F0840387
S21402C578842B8BD196E8030002238DF844301023CF
S21402C588ADF8463012AB83E803009DF8513043F00D
S21402C59802038DF8513079E73324AD2596E7052452
S21402C5A894E72C46A325A2E7AA25A0E73047002051
S21402C5B82DE9F04336488DB0F8F78CFE14F0C2FC2D
S21402C5C8344D2B68C41A4FF47A73B4FBF3F4A4B24E
S21402C5D814B114F0B7FC28602F4F4FF6FF763B884D
S21402C5E8DFF8B880ADF80A3000233B8000210DF151
S21402C5F80A0010F019FA054658B9284B1B882BB1C1
S21402C6084FF47A712248714314F016FA0DB0BDE859
S21402C618F0834FF0000924234A462946CDF80090B5
S21402C62803A814F079FEBDF81A30A34294BFDB1AA9
S21402C6381B1B9BB2ADF81A30CBB910F01FFBBDF826
S21402C648183003F04003184380B218B9322103A801
S21402C6580EF0F3F9BDF818301B0602D508980EF04E
S21402C668F9FBB8F80030013BA8F80030BEE79E4256
S21402C67828BF1E4601234A462946009303A82423B8
S21402C68814F04AFE4A462946384614F0AEFDADE78F
S21402C6983C460020FC540020F45B0020F25B00209D
S21402C6A8F0B50446304A8DB01068516801AB03C332
S21402C6B8A378012B54D1162200210DF11A00F0F7A7
S21402C6C86BFDD4F82110D4F81D0003AB03C32388EE
S21402C6D8190644BF62680892DA050BD5221D08AE11
S21402C6E804F11407354610685168083203C5BA4281
S21402C6F82E46F7D1ADF8183013F0040318BFA36915
S21402C7080593EDF7BFFB0023ADF81A008DF81C3031
S21402C71810F0B4FAE0B906A903A811F0D4F9002279
S21402C728242103A810F025F90446D8B10020FFF703
S21402C7383FFF002221460D4814F057FD0C4A002000
S21402C748138801331380FFF733FF00200DB0F0BDC6
S21402C758082201A903A8F1F76BF80028DFD0DAE768
S21402C7680220F3E71920F1E7C7360400F45B00203D
S21402C778F25B0020F7B5044600200E46FFF718FFC6
S21402C788104B1B88A34202D8212003B0F0BD00211B
S21402C7980D4814F024FD002501460B4F0029F3D05E
S21402C7A8A54208D10024242322463046009414F0D9
S21402C7B8B3FD2046E9E7384614F035FD0135014653
S21402C7C8ECE700BFF25B0020F45B00200148F8F7B4
S21402C7D891BA00BFF45B0020014B1888704700BF6F
S21402C7E8F25B002030B5154A8DB0516805461068D0
S21402C7F801AB03C307A80EF0C4F9DDE90101032360
S21402C80808AC84E803008DF81C309DF8293003A98B
S21402C81843F0020307A88DF829300EF047FB10B143
S21402C8282D200DB030BD23462868696803C303A9C6
S21402C83807A80EF020FB0028F3D0F1E7C73604005D
S21402C84870B50C4611460E4A23781278064613F03F
S21402C858200542EA0302227018BF611D0822F0F77B
S21402C868EDFC002D0CBF05200D20D4F80130B36076
S21402C8782378337303F01803082B08BF013070BD02
S21402C8888B620020042307B501200DEB0301054A3D
S21402C898F8F79AFD019B044A1B03136003B05DF880
S21402C8A804FB00BF63E511002047002010B5064CC4
S21402C8B82368C3F30B0313B90448E2F7C5F92068E3
S21402C8C8431C236010BD00BF2047002063E511000B
S21402C8D8014B1868704700BF2047002007B50020A4
S21402C8E8054B064A186004230DEB03010190F8F77E
S21402C8F86BFD03B05DF804FB2047002063E51100DA
S21402C9087FB511230A4A012001A9F8F75DFD094BF4
S21402C9189DF814201A70084B1B780BB1052B05D10D
S21402C9280DF0D2FF012007B05DF804FB0020FAE7FD
S21402C93879EB01008A6200208B6200202DE9F04F15
S21402C9480646CBB0884600880121174613F0C0FF7A
S21402C9582E4B3A463188ADF8160006A811F06FF944
S21402C9680DF1280B5A464146C419308811F0F1F8E1
S21402C978E4B208EB0003A34208BF044605464FF09C
S21402C98804091CBFA4EB0804E4B223465A46012154
S21402C998CDE900090BEB050ACDF808B02D1B06A851
S21402C9A8EDF7BCFEEDB20BEB0403009301952346AC
S21402C9B85A464146308811F0FAF8348839462046F5
S21402C9C808F084FC394600F0F802204608F092FC8B
S21402C9D80121308813F07CFF01234A46514680B174
S21402C9E80DF11600F8F7CAFB01210446BDF8162019
S21402C9F8308813F081FFB4FA84F040094BB0BDE8E2
S21402CA08F08F3046F8F7BAFB0446F4E715630020C1
S21402CA182DE9F04FC9B0044688469246C118224A04
S21402CA2804A81F46FFF70CFF4FF00409C519EDB21C
S21402CA3808AB0293A5EB0A0BA8EB0A035FFA8BFB7B
S21402CA48A8EB0506DBB2F6B204EB0A020093012154
S21402CA585B46CDF8049004A8EDF760FE06F59073E1
S21402CA680DEB03025A44A2F58072136808A844F82C
S21402CA780830E35D324623F00703E3552C4421468B
S21402CA88F0F71AFD08ABCDE9019308AA00230121A5
S21402CA98009604A8EDF742FE3246204608A9F0F7AB
S21402CAA80BFD49B0BDE8F08F15630020F8B50646C1
S21402CAB812F091F9811C054689B2304612F069F8DF
S21402CAC8F0B1EDB12946304608F000FC12280746B8
S21402CAD816D80C4B691C1C5C89B2304608F0F6FB6B
S21402CAE82C44052FE4B205D1052809D8064B1B5C51
S21402CAF81C44E4B221463046BDE8F84012F049B874
S21402CB080020F8BD3611050030110500F8B50546B7
S21402CB1812F06CF8044628460FF010FFA11C0746D0
S21402CB2889B2284612F035F800283ED0002C3CD0B0
S21402CB382146284608F0CAFB0646611C284689B2E2
S21402CB4808F0C4FB0F2E30D8194B9B5DE118731EF4
S21402CB5889B2092B0ED8DFE803F009050D0D120D70
S21402CB680D181E1EC40644BF083189B2820601D5B6
S21402CB78083189B22846BDE8F84012F00AB87B7830
S21402CB88DB0612D501EB4001F3E700F01F0000EBCD
S21402CB9840000144EDE71F2805D8092E0ABF4000C9
S21402CBA8022080B2F5E7C828E4D00020F8BD00BF0E
S21402CBB849110500F8B506460FF0C0FE0922002105
S21402CBC8054613F08DFD00F11004284614F09FFA6E
S21402CBD8E4B207462146304608F078FB054630465A
S21402CBE813F05AFEBA05A0EB0403DBB20AD47C2D76
S21402CBF80AD0082D0AD8064A505D98428CBF0020F3
S21402CC080120F8BD1220F8E70320F6E7FF20F4E734
S21402CC185A110500014B1878704700BF3F6D002077
S21402CC2838B5114B04461B7808469BB9012038BD17
S21402CC38A24205F101050FD103EBC1035B689847D1
S21402CC480028F3D11E2022464FF6FF7114F028FA68
S21402CC580020ECE70025054BE9B213F83120002A3C
S21402CC68E6D11446EEE700BF3F6D0020001105002E
S21402CC784FF6FF7307B502220DF106010348ADF819
S21402CC880630E2F71DF803B05DF804FB603202E0F6
S21402CC98002307B5ADF80430134B984221D10B8810
S21402CCA8DA0703D5232003B05DF804FB9B0748BFC9
S21402CCB84FF47F434FF002020C480DF1060148BFBD
S21402CCC8ADF80430E1F7D0FF4FF6FF73BDF8062043
S21402CCD89A42E7D10222054801A9E1F7F1FF0020AE
S21402CCE8E1E72120DFE700BF1FD1BACA603202E0BF
S21402CCF8002313B50222038004460DF106010F48ED
S21402CD08E1F7B2FF2D2801D0112805D14FF6FF739F
S21402CD18ADF80630FFF7ACFF9DF80630BDF80620E2
S21402CD281BB1238843F0010323800020FF2A82BF19
S21402CD38238843F00203238002B010BD603202E06B
S21402CD48034B1B78002B14BF442056200E30704726
S21402CD588B6200202DE9F04F8DB0179C0646894657
S21402CD68CDE90223BDF85870D588ADF816103CB93F
S21402CD78EC0605D500970DF0FBFE0DB0BDE8F08F6A
S21402CD88C5F380242B054FEA043448BF44F40064F4
S21402CD98A80511D544F080040A2E00F26981DFE85E
S21402CDA816F09A002F001700370067016701370050
S21402CDB810009A0037009E00E90548BF44F0400478
S21402CDC8EAE74FF001084FF0020B4FF0000A14E0B2
S21402CDD808A95FFA89F011F07FF9DDF82500DDF879
S21402CDE8291006AB03C3A44B33F81930ADF8163036
S21402CDF84FF00008C3460DF1180A002F5DD125E052
S21402CE0806AA0DF116015FFA89F003F003FCEFE7B4
S21402CE184FF6F773994540F22B8115F4026F40F0EE
S21402CE282781964B1B78022B03D0043B012B00F27A
S21402CE38218147BB032E4FF001080CBF4FF00C0BA5
S21402CE484FF0080BBA4624F4C074A4B28C4B188868
S21402CE584FF6FF73984206D08A49F8F78FFF10B14B
S21402CE6824F48054A4B2039B38460093BDF81620D7
S21402CE78534644F4027108F051FAADF8200000282F
S21402CE8838D1192079E7384613F006FD0246FFF72F
S21402CE9857FF032E08BF0138824201DD38206CE7AF
S21402CEA8032E4FF001080CBF4FF00C0B4FF0080B87
S21402CEB84FF0000A24F4C074A4B2029B1B889BB9E4
S21402CEC81A463946062000930BF0A9FC0028BDD165
S21402CED840F6014051E74FF00008C34675E74FF0A9
S21402CEE801084FF0030B70E7002339461A4607205D
S21402CEF80093E9E74FF6FF73614A118899421CD0FE
S21402CF080FF01CFD03465E4A04301188039314F0A2
S21402CF1800F95D49039B097814F4805FD971594971
S21402CF28574A1FBF086898604868D8604FF6FF736C
S21402CF3813804FF0FF330B604B605946029A08A8DD
S21402CF4808F0A8FA00289CD0504C2378002B3CD135
S21402CF58A7B1384613F0A0FC0746BDF8200013F028
S21402CF689BFC23780744002B14BF12220022EB10E6
S21402CF7803F0040317443B44842B8FDC15F4005754
S21402CF880AD0BDF8204020460FF0CBFB40F4806163
S21402CF9889B220460FF0B0FBA6F10803012B05D88C
S21402CFA801221021BDF820000FF0ACFB179BBDF83C
S21402CFB8204043B32046BDF816100FF0F6FBBDF826
S21402CFC82030179A00201380D7E6AA06C0D56B0130
S21402CFD803F020030A2E14BF43F0010363F07E0316
S21402CFE8DBB2B8F1000F08D000215246009108A81B
S21402CFF800F086FE0028ABD0BFE61A46514608A8BF
S21402D00810F048FFF6E7204611F0F0FD179B02469F
S21402D0182146042000930BF002FC00283FF458AF88
S21402D0280A2E18D84FF4D963F340DB0713D5072E18
S21402D0380AD00A2E08D0BDF8200010F03EFA80F07A
S21402D0480100C0B2800098E608A80EF019F9002878
S21402D058F1D0042091E617B125F04005ADB22B4673
S21402D0683146BDF820005FFA89F201F01BFF84E61C
S21402D078012082E6162080E6D85800208F6200201B
S21402D088BE6C0020406D0020506300208B6200209A
S21402D098F7B50F469DF828100446DDE90B061D462F
S21402D0A8F1B94FF6FF739C421CBF174B1C804FF01A
S21402D0B800041CBF154B1A70BDF8240008F080FA4D
S21402D0C800232A46CDE90043394606209DF820303B
S21402D0D8FFF740FE10B90EB1AB7A337003B0F0BD5D
S21402D0E878B14FF6FF739C421FBF074B1C80074B55
S21402D0F81A7000220FF03DFC04460028DCD11920E5
S21402D108ECE72120EAE700BFBE6C0020506300204F
S21402D1182DE9F04788469DF82810074616461D460C
S21402D1289DF820A0BDF824900B9839B158B3002278
S21402D1380FF01FFC044610B9192025E00C464FF6DE
S21402D148FF739D421FBF114B1D80114B83F800A031
S21402D1584FF6F7739E4208D80E4B4FF6FD761A78AE
S21402D1684FF6FF73002A18BF1E46484608F028FAEC
S21402D17800233A46CDE9084331464346BDE8F04720
S21402D1880320FFF7E7BD2120BDE8F087BE6C00202C
S21402D198506300202E6200202DE9F04786B09DF8E5
S21402D1A838600546DDE90FA80C4617469946B6BB11
S21402D1B8374B1B78022B1DD125BB4FF6F7739C42C3
S21402D1C814D80026484608F0FBF900233A46CDE96B
S21402D1D800632146FF232846FFF7BCFD38B9B8F19D
S21402D1E8000F04D0BB7A88F8003000E0012006B0B1
S21402D1F8BDE8F087043B012BDED908460EF03DF861
S21402D20810B31DB3022D31D1ECF70CFEA042EDD9B6
S21402D218204B33F814204FF6FD739A4219E0BAF100
S21402D228000F32D01A4B1B78022B05D1FFF788FD68
S21402D238B042E6D23820DAE7043B012BF6D9084694
S21402D2480EF01BF80028F1D11620D0E74FF6F77338
S21402D2589C42CBD8002EB4D03146002250460FF05E
S21402D26888FB06460028ADD11920C0E7012DBDD19E
S21402D27804AA0DF10E01E0B203F0CCF9064B1B78B6
S21402D288A342B3D9BDF80E20C5E72120AFE700BFF9
S21402D2988F620020D85800200E6D002030B5104B43
S21402D2A887B005460C461868596803AA03C29868E8
S21402D2B80C4910609A88DB8852BA23F04003ADF80E
S21402D2C812300023CDE90043ADF81020FF23098869
S21402D2D803AA0720ADF80E50FFF73CFD07B030BD95
S21402D2E8005C00200C5C002038B50C461146124A39
S21402D2F8124D108022682A6062686A60A268AA6074
S21402D308E288500616D5EA88520613D561B100227D
S21402D31818460FF02EFB014650B16088FFF7BEFF95
S21402D3280522074B1A7038BD084611F0A0FBF2E733
S21402D3381920F5E70220F6E70C5C0020005C0020C6
S21402D348616300202DE9F04F074689B0104615465E
S21402D3581C468A4611F04AFC0146284607F0B6FFE4
S21402D368064628460FF0EAFA043013F0D0FE804646
S21402D3780FF084FC804550D0B2074ED1DFF8AC805F
S21402D388284605A9B8F800B011F036FD9DF8193000
S21402D398A8F8007003BBBDF81430EBB928460FF0A6
S21402D3A8CDFA023013F0B3FE4FF6F773984294BFE5
S21402D3B84FF000094FF0010901230134E4B22A466E
S21402D3C83846CDF8009005A9039303F0C5FE039BE3
S21402D3D840B901339C421ED20020A8F800B009B01A
S21402D3E8BDE8F08F022CF8D1012BF6D10C4A0D4B72
S21402D3F8A3F800A01378591C11700B4A7F3B16F04D
S21402D4080C01137007D1BDF81A305B0603D5BDF8B8
S21402D4181600FFF743FF0223D1E70020DFE700BF2D
S21402D4288D620020BE6C0020506300200C5C002039
S21402D4382DE9F04FABB00F46ADF81E000FF07EFA9E
S21402D44800F1020A0646504613F061FEBDF81E4079
S21402D4580546204611F0CAFB0146204607F036FF6D
S21402D468814600F00308301D13F051FE434C20801D
S21402D4780FF004FCA8422DD04FF6F7739D4229D828
S21402D4887378DA0726D4284610F080FF30B10123D5
S21402D4982946BDF81E202088FFF754FF0FF0EEFB42
S21402D4A8364B1B8883420FD1BDF81E40204611F02A
S21402D4B89DFB0146204607F009FF10F00C0103D138
S21402D4C8BDF81E0001F0ACFD00222D4B1A602BB0F1
S21402D4D8BDE8F08F2B49BDF81E0011F08DFC2A49D5
S21402D4E8BDF81E0011F0CCFB0028274B08BF00230E
S21402D4F8234ABDF81E0013600FF0ACF9234B1870D0
S21402D508BDF81E000FF0ABF9214B1870BDF81E00CF
S21402D5180FF0B0F91F4B186000238DF82230002F49
S21402D5283ED0184BDB889B063AD50FF0A7FB10B304
S21402D538194B1B689D071ED4B8F1010F14BF0823A8
S21402D54818230DF12202009200220DF11E00114648
S21402D55800F0D6FB20B3B8F1010F9FD10F4B1B7812
S21402D568112B9BD110F035FD002897D140F61D40AF
S21402D578F9F7E2FF92E70823E3E700BF0C5C002016
S21402D58804550020005C0020486300204263002007
S21402D59841630020F0540020304700208F620020AC
S21402D5A8504613F0B4FD8246BDF81E0013F074F917
S21402D5B8A0F11005EDB22A4631460AA8EFF77CFF1D
S21402D5C8FF238DF82F304FF6F7739A4540F2DF8027
S21402D5D8B8F1010F00F0E780B8F1020F00F04681BB
S21402D5E8B8F1000F7FF45AAFA44DBDF81E00EB88C1
S21402D5F8ADF8240004930FF0A1F9BDF8246007469D
S21402D608304611F0F3FA0146304607F05FFE8DF811
S21402D6182300B81C7E7813F07AFD07460FF02EFB1F
S21402D62806F00106B4F8009003906C88002E7FF48A
S21402D63835AF4FF6F77A4246494657458CBF06201D
S21402D648082013F02DFDBDF824B0584611F0CEFA86
S21402D6585946024643460420CDF800800BF0BCF833
S21402D668574583460AD8B5F90620EB88002A05DB13
S21402D678580603D541462046FFF710FEBBF1000FB9
S21402D6883FF40CAF2B88002B5AD16B79002B57D15D
S21402D6984FF6F7730DF126019F42BDF8240094BF9A
S21402D6A84FF0000B4FF0010B10F075FDDFF8D8A114
S21402D6B800F1FF38BAF800301FFA88F10593EB88B4
S21402D6C8BDF82600069307F001FE069B0499019012
S21402D6D8009322465B460598C1F340110DF0DAFD29
S21402D6E800283FF4DBAE042306200093BDF826107C
S21402D6F8624B5FFA88F20BF06FF800283FF4CEAE62
S21402D70848F202036A889A4205D1BDF82410BAF88C
S21402D718000000F08DFF594D09AA29460DF1230095
S21402D7280DF0B6FD034600287FF4B8AE2104BAF819
S21402D7380000BDF8242060D52346294610F040FD97
S21402D7489DF823304D4D03F00C030C2B75D1288918
S21402D75810F001FD00283FF4A1AE039B00202989A2
S21402D7684B4514BF0226032602F02CFE444B1870C3
S21402D7784FF6F7739F42BDF8240075D8A4F1380215
S21402D7885342534132463D4904F066FC86E6B8F1F8
S21402D798020F6BD0394BB3F90630002B26DAB8F1F4
S21402D7A8010F7FF41DAF0FF069FA238883423FF416
S21402D7B875AE0520BDF81E10FFF732FA00283FF4B2
S21402D7C86DAE2E4AD3885B0607D50023CDE9003313
S21402D7D80A20FF232188FFF7BDFA3A469DF8223031
S21402D7E82188BDF81E0002F023F957E629460AA842
S21402D7F800F070F80028D2D050E60221DFF88C80BC
S21402D80888F800102946CDF800B003F0A5FC132CC2
S21402D81896D0EB885D0493D41A4B1B78D80703D5A9
S21402D82898F80020022A8BD099077FF537AE98F829
S21402D8380030012B7FF432AE82E700222B791248A1
S21402D84800936B791146008802F0E4FD0C4B1870C1
S21402D8589DF8233003F00C03082B89D1039B4B4514
S21402D86814BF0426052683E701238BE74846BDF83E
S21402D8781E20024901F048FB10E600BF005C0020AB
S21402D88860630020306200200C5C00205163002098
S21402D89810B5002108480FF0C7F8044650B10146F3
S21402D8A80420FFF7BDF928B12046BDE81040012143
S21402D8B8FFF7BEBD10BD00BFF05B0020034BFF2183
S21402D8C81A7803489200EFF767BC00BF0F6D002076
S21402D8D85843002070B5451804464FF0FF31AC4255
S21402D8E812D1104B10481A7805460023934211DBD2
S21402D8F80E4C2078431CB3FBF2F602FB163345F8AF
S21402D9082010237000200CE014F8010BE0F70CFB43
S21402D9180146E4E750F8044BA14201D00133E5E79B
S21402D928012070BD0F6D002058430020526300206E
S21402D938042307B501200DEB0301054AF7F744FD5A
S21402D948019B044A1B03136003B05DF804FB00BF87
S21402D95823E1110000550020014B1868704700BFEC
S21402D96800550020014B1868704700BF005500207C
S21402D97810B5064C2368C3F30B0313B90448E1F742
S21402D98863F92068431C236010BD00BF00550020C1
S21402D99823E111002DE9F04F93B003930023DDE94C
S21402D9A81C79069399F8003083460DA804930E4610
S21402D9B815460DF0E6F899F8003013F003043ED049
S21402D9C8039B0DF1250A8DF82430002208213846DB
S21402D9D80FF0E6F8002870D028880EF0AFFF99F806
S21402D9E800301C074CBF0430023013F090FB07A926
S21402D9F88046F7F7D7FE9DF824300446980633D5B6
S21402DA08288806F10D0111F0C4F8A8B10023009386
S21402DA18384608232988721D13F07EFC99F80030D0
S21402DA2803F01803182B4AD1B8F1000F47D0A94BB8
S21402DA38B3F86830434542D040F60A4327E02888C0
S21402DA48711D11F0A6F80028F6D000940523324678
S21402DA58298809A813F060FC9DF824300DF1240AE1
S21402DA6803F018030393B0E714BB39464046F8F7A9
S21402DA7885F90028D2D099F800309907DCD04023DF
S21402DA8822462146404610F049FC40F6094399F8DA
S21402DA98002012F0030440F0F780288803930EF063
S21402DAA8B0FE224601461A2013F0FAFA039BEBE070
S21402DAB807AB03CB38607960B0E74FF6FF780DF016
S21402DAC8CAFB044620B104213846F7F793FE0446FB
S21402DAD81E9B002B5AD009231E990DA88DF83430A8
S21402DAE80DF0C9F9209B0BB1209B0693039B002BD4
S21402DAF840F08E800DA8ECF773FE99F800309A076E
S21402DB0800F09880FFF734FF5146024601200DF0D8
S21402DB18EEFB99F800309B0710D55946288811F075
S21402DB2831F90BF1090350FA83F35FFA83FB59467E
S21402DB38288811F0FEF800EB0B06F6B299F80030CA
S21402DB4813F0C20F0AF104030DD09DF8242062498F
S21402DB5842F020028DF824200A68CAF804204A688F
S21402DB685A600AF10C03012209A800921B1A3246CF
S21402DB7829889BB213F0D0FB324659462846FEF750
S21402DB88DDFE002800F0A48000237DE01F9B5BB129
S21402DB989E460DF1340CBEE80F00ACE80F00DEF826
S21402DBA80030CCF800309DE7049B594603F020036A
S21402DBB82888049307F08AFB10F0030F0CBF012392
S21402DBC800230593049B059A003B18BF012342EAEB
S21402DBD8430300930DAA06AB38461F9900F01AFBBA
S21402DBE8049A034682B1002880D0059B0DAA0093AA
S21402DBF8384606AB1F9900F00DFB034699F800203D
S21402DC0822F0200289F80020002B3FF46FAF3EE78F
S21402DC18039B102B06D1BDF8363043F00103ADF84E
S21402DC28363067E7039B182B4FD1BDF8363043F0E2
S21402DC380203F4E701200DF125010DF066FB99F8C1
S21402DC480030824613F0040F288821D1069B1BB3A6
S21402DC58002C35D00EF0D5FD00220146162013F012
S21402DC681FFA84B17FB14FF6FF7398450BD0002395
S21402DC780DA91A4638460DF01EFA394640469DF852
S21402DC8835200DF000FB0123184613B0BDE8F08FCF
S21402DC98002CDFD1104F01E0002CDBD100233246E6
S21402DCA8009359463B460FF0F5FF00283FF4C4AEF2
S21402DCB8002C3FF469AF069A0AF10103136063E782
S21402DCC81B685345C6D80124E8E740F60A43DBE753
S21402DCD81923D9E7E853002015630020002307B567
S21402DCE8054A0648136004220DEB02010193E0F789
S21402DCF8E7FF03B05DF804FB0055002023E111009E
S21402DD082DE9F04F0446B1B000888DF82F3016463C
S21402DD188A4610F06BFF01468146208811F009F802
S21402DD2800EB0908208811F056F800239DF82F50BA
S21402DD385FFA88F815F001070790ADF8363008D173
S21402DD4801460DF13602208810F0DDFE08B1ADF866
S21402DD58367016B9CDE90E660EAEFEF73BFB18B165
S21402DD6845F020058DF82F500023CDE903330293A2
S21402DD780DF12F03CDE90063224653464146484635
S21402DD88FFF708FE0546002800F0CA809DF82F30E7
S21402DD9813F0010747D123F020038DF82F300EF039
S21402DDA86DFF68B17C4A10AB1068516803C3184609
S21402DDB800F002FA0546FEF70FFDBBB298423BD8C2
S21402DDC83A9B13B100233A9A1370BDF83630CBB19A
S21402DDD80121208812F07CFD27880546002800F0DD
S21402DDE8CA800121384612F073FDBDF83670054622
S21402DDF8384612F051FD002300903A461946284646
S21402DE0810F004FE0023CDE9033302930DF12F032D
S21402DE18CDE900632246534641464846FFF7BAFD17
S21402DE28054600287CD00EF029FF002840F0BA806C
S21402DE38284631B0BDE8F08F18AB14AA26A9F8B266
S21402DE480DF08EF9002840F09480082210A927A821
S21402DE58EFF7EEFC8346ADB19DF8A53013F0020F3E
S21402DE6808930FD0082212A927A8EFF7E1FC48B9B1
S21402DE78089B590706D53A9B13B101233A9A1370A1
S21402DE88089507E03A9B002B61D1BBF1000F70D1D1
S21402DE98002308930DF1740C14AB0FCB8CE80F001B
S21402DEA8BDF83630CBB10121208812F011FDB4F846
S21402DEB800B000284FD00121584612F009FDBDF8DF
S21402DEC8362083461046099212F0E6FC00231946CD
S21402DED8099A0090584610F099FD304B0DF1740BD4
S21402DEE80493002303930DF12F03CDE90063224622
S21402DEF8534641464846CDF808B0FFF74BFD002882
S21402DF0837D1002D33D012AA5B464FF482714FF4F4
S21402DF18005000F0D9F8089B13B126A80CF02CFF85
S21402DF280EF0ACFE88B11E4B1B689A070DD4FEF79E
S21402DF3851FA50B1184A18AB1068516803C3002248
S21402DF4826A918A80FF083FD00BB002570E700235A
S21402DF583A9A137099E7BDF836200A901046099245
S21402DF6812F09AFCDDE9092307990090B2E72A46DF
S21402DF78CAE701371FE7BDF836B0584612F08CFCE0
S21402DF882B4600905A463846079939E726A918A814
S21402DF980FF099FDD3E700BFC73604002C470020D0
S21402DFA8304700209DF82F3003F01103102B7FF422
S21402DFB83FAF3E4B1B78432B7FF43AAF3C4B1B6874
S21402DFC85B067FF535AF208808F1050110F0E1FD04
S21402DFD8834600283FF42CAF4146208807F076F99E
S21402DFE8344B10F0200F08BF1E4612A800F0E4F8C3
S21402DFF80822314612A8EFF71BFC002852D03146F9
S21402E00812A80DF001F9012326AE0093324600232A
S21402E01814A912A800F0FEF800287FF409AF12AB84
S21402E0280DF12F07CDE9036002900093224653466E
S21402E038414648460197FFF7ADFCA8B3BDF89A30AB
S21402E048102043F0080318AA14A9ADF89A300FF066
S21402E058DBFC00287FF4ECAE12ABCDE90360CDE919
S21402E068017000932246534641464846FFF792FC03
S21402E078054600287FF4DCAE18AB4FF490710020FA
S21402E08812AA00F021F84FF0005100200FF056FFB8
S21402E098BBF1000F3FF459AF4FF0805100200FF04C
S21402E0A84DFF52E78346AEE714ABE6E78F620020E1
S21402E0B8304700205254002001461A230120014A04
S21402E0C8F7F782B924E10100F0B5164691B0074683
S21402E0D809A80D461C46FFF7EFFF3EB1336845F028
S21402E0E84005CDF826307368CDF82A301B4B1A68DF
S21402E0F822EA070242EA050119604B040DD5BDF86B
S21402E10824200B0A03F4E243C9B222F4E3420B4387
S21402E11822F07F021343ADF824301A230020104A57
S21402E12809A9F7F751F9B4B104A80CF02AFD02239D
S21402E1386A468DF810301546234604F11006144632
S21402E14818685968083303C4B3422246F7D12946E9
S21402E15804A80CF090FE11B0F0BD00BF30470020B6
S21402E16824E1010047F2FF10044B196841F480428B
S21402E178014041F480411A600FF0E0BE30470020AB
S21402E18800B589B0FEF7BCFB01A8FFF795FF094862
S21402E198BDF804200168130221F0FF0103F4E2032C
S21402E1A80B43D2B2134343F48043036009B05DF8CD
S21402E1B804FB00BF3047002010B50C4B0446186815
S21402E1C888B0830706D54FF0FF33236001206360CB
S21402E1D808B010BD10F04000FAD001A8FFF76CFF97
S21402E1E8DDF806302360DDF80A30EFE73047002016
S21402E1F808B5074B02461B6813F0400305D11846BC
S21402E2081946FFF761FF012008BD0020FCE700BFA2
S21402E218304700202DE9F0479EB080460C461D4642
S21402E22891469DF898A0A2B1164630460CF0A9FC75
S21402E2381AF0020F0FD004B917AC224631464046F0
S21402E24801AB0CF06BFF0DB100232B601EB0BDE8CE
S21402E258F0870DAEE9E701AB3146404605AA0CF059
S21402E2682AFF73780AF0010AFF2B26D0002840F00E
S21402E278B68054B105AA09AF134603CBBB42206049
S21402E28861601A4604F10804F6D125B17278554B36
S21402E29803EB82032B60BAF1000F01D10020D5E709
S21402E2A8BDF80430D906F9D418204FF6FF717278F3
S21402E2B812F0F6FE40F60E40C8E74B4F3DB10EF0A0
S21402E2C8DDFC10B13B689A072BD500232B603B6810
S21402E2D803F03003102B01D0202B24D117A8FFF708
S21402E2E8EBFE082240460DF15E01EFF7A1FA20B1D7
S21402E2F83B6803F04403402B15D0BAF1000F15D142
S21402E30809A80FF01FFE02233370002C4CD1B9F176
S21402E318000FC3D00EF0B2FC60B3301DFFF74CFFFF
S21402E328BCE7324BD2E740F60A408FE73B68DB038E
S21402E338E6D509A80FF006FE0223337074BBB9F1BE
S21402E348000FB1D00EF09AFCF0B1301DFFF734FF83
S21402E358AAE73B6803F08403842B2CD009AB0DAFE5
S21402E3681A4603CABA4220606160134604F10804DA
S21402E378F6D105E025463B6803F08403842B28D0B3
S21402E388301DFFF719FF26E03B68012503F08403DA
S21402E398F4E73B68012503F08403DDE70EF06EFC24
S21402E3A80028F6D00125D9E70EF068FC05460028B5
S21402E3B8CFD00025D2E712A80CF0E3FB022312A85E
S21402E3C88DF84830ECF70CFA224608214046ECF75E
S21402E3D85FF910237380002D3FF460AF64E72D20A9
S21402E3E834E700BFB4420020304700202C47002004
S21402E3F849B9084B197849B14EF66023594328B1F2
S21402E408054812F019BB41F28831F8E70248F6F7D8
S21402E41861BF00BF2F6200207C46002070B586B020
S21402E42805460EF02BFC10B9022006B070BDF7F7B1
S21402E43845F80028F8D001A8FFF7BEFE06460028D1
S21402E448F2D08DB92E4B1C6814F0020406D02D4B60
S21402E4581B78112BE8D12C4BB3F868404FF4816334
S21402E4680221ADF80C3023E02846F7F70FFD002806
S21402E478DAD1234B1C6814F0020406D0214B1B7811
S21402E488112BD1D1204BB3F868400822294601A89F
S21402E498EFF7CEF90028E1D04FF4027300260A21DE
S21402E4A8ADF80C302B68CDF80E306B68CDF812300C
S21402E4B8002203A80EF05DFA024608B91920B4E74E
S21402E4C80F4B196801F03003102B17D0202B14BFFE
S21402E4D801230323490001F004010B4320460021CF
S21402E4E801F09AF80028E9D000210120FFF780FF02
S21402E4F816B10122054B1A70002096E70323E9E7B6
S21402E508304700208F620020E8530020476300202F
S21402E51830B5002585B0CDE90055F6F7DBFE0EF0DE
S21402E528ADFB1E4C60B905F0AFFF0D25002108466D
S21402E5382170FFF75DFF294668460CF07EFA18E060
S21402E54823784BB3164917480A780078904223D99D
S21402E5580132012B0A700ED12A464FF4A0712846C2
S21402E56802F012FDC0B2B8B941F288310E4812F074
S21402E57863FA05B030BD022B09D1284602A9F7F77F
S21402E588FDFB0028EED102A8FFF748FFEAE7032BB7
S21402E59802D101F0FBF9E5E70425C7E7536300203B
S21402E5A854630020486D00207C46002070B51B4A44
S21402E5B81B4D04465168106886B02E7801AB03C31B
S21402E5C81EB10224204606B070BDF6F7CFFF022819
S21402E5D8F7D10EF053FB0028F3D003A800F03AFE5A
S21402E5E8082201A90DF10E00EFF722F9A0B10D4B92
S21402E5F832464FF4A07130461C7002F0C5FC044641
S21402E6080028DFD10123084A41F2883107482B70D7
S21402E618137012F011FAD5E72324D3E76311050025
S21402E62853630020486D0020546300207C46002077
S21402E638F0B50C4600219BB02B4F0646492207A888
S21402E6480691EEF7A9FD3B78012B34D19EBB0DF15E
S21402E6580E0120460FF09FFD0546BDF80E0012F08B
S21402E6681BF9441BE4B2BDF80E1023462A46009650
S21402E67806A812F051FE304604A9F7F77FFBD0B978
S21402E688CCB19DF81920B2B9BDF8233003F47E4305
S21402E698B3F5285F1ED3B3F5385F0ED31349BDF81A
S21402E6A80E000B6843F400030B6029460CF0C6FD07
S21402E6B818B104233B701BB0F0BD01220C4B04A812
S21402E6C81A70FFF7ABFE41F288310A4812F0B4F925
S21402E6D80223EFE711463A70FFF78AFE1E2104A8C6
S21402E6E80CF0ABF9E7E700BF536300203047002081
S21402E6F8546300207C460020014B1870704700BF08
S21402E70854630020014B1878704700BF53630020FB
S21402E718014B1870704700BF536300202DE9F04F75
S21402E7280446408891B00E298846ADF81A0079D07A
S21402E73894F80890A7790EF001F909A90546BDF8DC
S21402E7481A00E67910F058FBBDF81A000DF0E9FF3A
S21402E758420542BFBDF82A3043F40053ADF82A30CA
S21402E768E379DB0642BFBDF82A3043F48053ADF89E
S21402E7782A30BDF82A30980613D5022F57D10CA98D
S21402E788207A0FF0A9FCDDF83500DDF8391007AB62
S21402E79803C307AA0021042300910DF11A00FFF70C
S21402E7A8AFFA0121BDF81A0012F092F8022F82463B
S21402E7B849D1474B33F81950B8F1000F7ED0BDF84F
S21402E7C82A2051067AD54FF6FB739D4276D8414BDE
S21402E7D81B78033B012B04D83F4BB3F86830AB4297
S21402E7E86CD0D30502D528460FF058FEBDF82A305D
S21402E7F8D80463D5002F33D1BDF81A000DF091FF67
S21402E808C10663D548F23403BDF826209A4209D1D8
S21402E818324E3078FF2805D003222946FBF782FBC2
S21402E828FF2333700023236011B0BDE8F08F012F59
S21402E83801BF237A2A4A03EB430302EB830314BF7E
S21402E84800229A1CA6E7012F05D10C2303FB09F325
S21402E858234AD55AB0E7A81C12F059FC0546ABE77E
S21402E868284601F0F7FEBDF81A000DF05AFFC20658
S21402E878C8D463895046059312F00EF8834650466C
S21402E88811F0EEFF059B02905FFA8BF04A46394676
S21402E89801900093404609AB0CF067F8B8F1000FF8
S21402E8A814BF0B20092016F0030218BF02F1FF322C
S21402E8B8294618BFD2B212F0F3FBA3E7BDF81A0036
S21402E8C80DF02FFFC3069DD4002FD2D1A946D0E75C
S21402E8D8D858002090620020E85300204C6D002093
S21402E8E81858002038B500240F4B104D2A78A2423B
S21402E8F805D8C2B9BDE838400D48F6F7EBBC5988CA
S21402E90869B9013AD2B2A2422A70EFD0121B18464F
S21402E91803F110011201EEF791FC0346E6E7013413
S21402E9281033E4B2E2E738BDB8420020576300204D
S21402E938D86B002070B51A4B1A4A1D780023DCB231
S21402E948A54200D870BD144666880133864202F195
S21402E9581002F4D1E379A588E16003F040028DB98C
S21402E968CAB123F00403E3710DF0E8FF037803F05D
S21402E9787F03037021880029E4D1BDE870400A4865
S21402E98812F05AB800216580A180002AE9D1BDE8B4
S21402E9987040FFF7A7BF2046FFF7C0FEF7E700BFA5
S21402E9A857630020B8420020D86B00202DE9F047B4
S21402E9B8044686B040880F4615460DF0BFFFA37979
S21402E9C88046082B52D8DFE803F0052E185151511D
S21402E9D851510500023012F09AFB002D4ED06946BE
S21402E9E8F7F7CCF9002841D1684601F0DDFEB0FA07
S21402E9F880F0400906B0BDE8F08702A9207A0FF039
S21402EA086BFB6B466E46DDF80D00DDF81110334AD7
S21402EA1803C3237A32F81390314AD05C75B1314673
S21402EA280FF07EFBE6E7237A2E4903EB430301EB5E
S21402EA38830231F82390907A961CEFE74FF6FB7A1A
S21402EA48D14515D9304603F0ADFF4FF6FF7398420D
S21402EA58054615D00146304601F018FE554508D938
S21402EA68E379DA060ED440F62243E3600020C1E7D3
S21402EA784D46294608F1020012F04BFB0120B9E781
S21402EA884D46EDE74FF6FC78454512D103F00C03E8
S21402EA980C2B1CD1DFB130464FF6FD7101F0F6FDA6
S21402EAA840F61F412046E160FFF738FEFFF71AFFDF
S21402EAB8DCE74FF6FD739D4209D10023304619461E
S21402EAC81A4602F02DFB4146304601F0DFFDE37997
S21402EAD843F00C03E37140F62343C6E7D8580020F8
S21402EAE83B6200201858002073B5044640880E463C
S21402EAF80DF024FF023012F00AFB0CF0BEFB18B130
S21402EB08A11C201D0CF0BEFBE6B1E5790135EDB27D
S21402EB18E57115F0400514D0EBF77EF9012205469B
S21402EB2800212046FFF742FF18B1394B1B882B44B9
S21402EB389DB2384B1B78042B01BF354B1B885B19DB
S21402EB489DB22580002231462046FFF72FFF20B3CC
S21402EB5860880DF0F3FEE2792F4922F00C03E37188
S21402EB680B7805460133DBB20B70C3712B4BA61C20
S21402EB781B780BB3E37998061ED52949097871B133
S21402EB8859060CD592070AD50022042311463046A8
S21402EB980092FFF7B5F810B1E06002B070BD00222F
S21402EBA80123114630460092FFF7AAF820B1E3790E
S21402EBB843F00303E371EFE730460CF061FB0028ED
S21402EBC8EAD16088FBF77EFD0328E6D8DFE800F086
S21402EBD8020D1D19E37943F00403E3711B06DCD525
S21402EBE8104B1A78104B1A70D7E740F62443E360A6
S21402EBF8E37943F00803E3712B7803F07F032B7065
S21402EC08CBE740F62543E360C7E740F62643FAE734
S21402EC18966C0020906200208D6200208B62002095
S21402EC28496D002033620020566300202DE9F74F15
S21402EC38064612F082F95F4B0546B3F80090188034
S21402EC485D4BA0EB09041B78A4B2A34298BF00232D
S21402EC584FF000084FF6FF7788BF1B1B564A88BF3F
S21402EC68DBB21370DFF864B1A9EB00030093534BD1
S21402EC785FFA88F2197891420ED80EB1FFF732FE83
S21402EC884FF6FF739F4200F08E8039464C4803B019
S21402EC98BDE8F04F11F0D0BEBBF80220002A3CD0E7
S21402ECA8484B9BF807201878BBF800A0042818D011
S21402ECB80020BAF1000F08BFA2462044504523D2CE
S21402ECC8BBF80010009B1944ABF80010002E4ED07B
S21402ECD802F04802482A4AD100215846FFF704FFA4
S21402ECE845E00192F6F790FF30F01003019ADFD163
S21402ECF8FAF702FD344B019AB3F800C08445D7D917
S21402ED08ACEB000080B2D4E702F00C00042807D16E
S21402ED180022ABF800200BF1100B08F10108A6E759
S21402ED28510602F0030C02F008000ED528B3BCF117
S21402ED38030F25D1DEB1DBF80C105846002908BFB0
S21402ED484FF44261FFF7EAFC11E040B3BCF1010F51
S21402ED5825D11206EED44FF4C862ABF800209BF811
S21402ED68072022F0030242F002028BF80720BBF8C3
S21402ED780020974228BF1746CDE703208445D9D2FC
S21402ED8813060ED50C4B1A780AEB0200844208DAF0
S21402ED984A44521B0AEB0201ABF80010E7E70120CF
S21402EDA8ECE7012199E7064803B0BDE8F04FF6F70D
S21402EDB891BA00BFF65B0020566300205763002016
S21402EDC8D86B002090620020966C0020B842002083
S21402EDD8F8B500250A4E0B4F3378ECB2A34204D896
S21402EDE8BDE8F8400848F5F785BF07EB0414A01CF1
S21402EDF8F5F780FF201DF5F77DFF0135ECE700BF2C
S21402EE0857630020B8420020EC5B002070B500244F
S21402EE180B4D0C4E2B78A34208D81B1BDBB22B706B
S21402EE286BB9BDE870400848F6F754BA06EB04100A
S21402EE3840F621410134FFF771FCE4B2EAE770BDFF
S21402EE4857630020B8420020D86B00202DE9F04115
S21402EE58002506462F46114CDFF8448098F8002015
S21402EE68EBB29A4203D8BDE8F041FFF73BBD608893
S21402EE780DF064FD023012F04AF9B0420AD16088F9
S21402EE88F8F74AFA00230E211846628803F086F934
S21402EE982780678010340135E0E700BFB8420020BB
S21402EEA857630020F8B5154EDFF858E035789EF817
S21402EEB800E0134FAE454FEA051C07EB051419D0C0
S21402EEC8002503F4835343EA1323A1712272E371E4
S21402EED8608027F80C50A58006F078FB40F60243BF
S21402EEE8E36033786081013328463370FFF79EFE6D
S21402EEF82846F8BD40F60340FBE700BF57630020EC
S21402EF08B84200200D6D00202DE9F04F344B0D4617
S21402EF181C78174685B05CB9B1F90680DFF8C89048
S21402EF28DFF8C8A0DFF8C8B099F80030A34202D8C4
S21402EF3805B0BDE8F08F0AEB0416B08800B97088F1
S21402EF4801A90FF059FFAA7A9DF80E309A4244D1C9
S21402EF58B8F1000F0FDA297A9DF80C202B89914216
S21402EF6809D8204800780844824236DA521A1B0A20
S21402EF781341D90731D538460FF02DFFBDF80A30B0
S21402EF8804469A0602D5EB889B06D1D5F37903F098
S21402EF980C03042B08D17088F8F7BEF90023728890
S21402EFA81946184603F0FAF800213046FFF7B6FB72
S21402EFB8FFF798FC384611F06FFC844208D2337A81
S21402EFC801228BF8003029460023384603F044F81D
S21402EFD8B8F1000FACDA0024A6E70134E4B2A3E7DE
S21402EFE8556300200C6D002057630020B8420020AD
S21402EFF86063002008B511F0A0FF074B1B88C01AF3
S21402F00880B2B0F5807F05D9BDE8084000210348E4
S21402F01811F012BD08BD00BFF65B0020D86B0020B9
S21402F0282DE9F04788B004460D460FF0DFFD01468D
S21402F038204606F04BF910F0030340F0848010F0E7
S21402F0480C0F06D12946204608B0BDE8F047FFF760
S21402F05871BC20460DF065FBC10659D420460FF058
S21402F068C5FD0146204606F031F9074620460DF052
S21402F07865FC0646023012F04AF805A98046204684
S21402F08807F00C0796F806A00FF0B6FE73780C2F5A
S21402F0980CBF03270627012113F0010F204618BFCD
S21402F0A8032711F015FC2B4B81461B78033B012BDB
S21402F0B81DD9BAF1010F1AD94FF6F773984502D837
S21402F0C8337A1F2B13D9301D12F021F8F1798246B4
S21402F0D80EF03AF806465046F7F726FDDEB1736894
S21402F0E85A1C04D0834340F6284308BF1D461A4BD1
S21402F0F81B88A34212D1B5FA85F04009FAF7A6FD95
S21402F10820460DF03CFB00220146072011F0C8FFFE
S21402F11808B0BDE8F08740F62845E8E706F056FA54
S21402F1288246484611F0B8FB0646484611F098FB58
S21402F138F6B20290424639462846CDE900A605AB05
S21402F1480BF013FCDCE7012BE2D110F00C0FDFD139
S21402F15878E700BF90620020EC5B0020002210B522
S21402F168094B1C78094BD1B28C4201D8002010BD3D
S21402F178197A814202D19979022902D010330132D2
S21402F188F1E70120F3E700BF57630020B8420020EA
S21402F1980146002210B5084B1C78084BD0B28442B0
S21402F1A801D8002010BD187A884202D19879012821
S21402F1B8F8D010330132F1E757630020B842002036
S21402F1C8002210B40A4B1C780A4BD1B28C4203D8E0
S21402F1D85DF8044BFFF786BB197A814205D1997907
S21402F1E8012902BF00211980598010330132ECE749
S21402F1F857630020B8420020044B1B6813F0300FF8
S21402F20803D0202130200EF099BE704730470020E8
S21402F218002310B5044608491A4601EA00414FF091
S21402F2287F60FEF751FFE30703D5002130200EF07A
S21402F23885FE002010BD00BF00007207044B5B88E5
S21402F24823F4784323F08D0303800020704700BF21
S21402F2583047002008B500220346C3F80220C3F848
S21402F26806200B4A02301268D1B212F0200F18BFDD
S21402F27841F010011980930701D4FEF79DFF054B54
S21402F2881B78023B032B8CBF1720002008BD00BF4B
S21402F298304700208F62002038B505460C46FDF739
S21402F2A82FFB98B10E4B187878B10E4B1B681A04D0
S21402F2B80FD58CB113F0420F00D17DB103F4407321
S21402F2C8B3F5407F0CBF0020232038BD40F6084027
S21402F2D8FBE740F60B40F8E72046F6E72320F4E77C
S21402F2E88B62002030470020F0B504468DB007A890
S21402F2F80D4616460BF045FC1022002103A8EDF732
S21402F3084BFF5CB1234603AC03F11007224618688C
S21402F3185968083303C2BB421446F7D1012703A92A
S21402F32886EA070307A88DF81C708DF81D300BF0C7
S21402F33893FD80EA070401A8E4B2EBF7AFFAB6B188
S21402F34801A88DF80650EBF7D5FA64B1002303A995
S21402F35807A88DF81D300BF08EFD0C4B1B78432B3F
S21402F36801D1F7F7CFFC0A4B1D700DB0F0BD01A80E
S21402F3788DF80750EBF7BEFA002CF6D003A907A8BB
S21402F3888DF81D700BF077FDEFE700BF8F62002047
S21402F3988A620020F0B5012593B007460DA80C46F0
S21402F3A80BF0EFFB05A90DA8ADF834500BF07EFD67
S21402F3B801A8EBF773FA09A90DA88DF835509DF840
S21402F3C806600BF073FD0DA89DF807500BF004FDC0
S21402F3D870BB731BDBB2802B28D91FB1A64225D07F
S21402F3E8A54223D105A90DA80BF045FD03A8EBF706
S21402F3F855FA03A88DF80F60EBF77CFA0122294626
S21402F40809A8FFF771FFF7F733FD01214FF40070E3
S21402F41803F0E6FDFDF75CFAB0F1004F01D9FDF7FF
S21402F4285DFA044B18780BF006FB012013B0F0BD0A
S21402F4380020FBE78A62002070B50E461446054691
S21402F4480320FFF765F946F00402294620460BF02A
S21402F4586CFD0022014B1A6070BD00BF2C470020CD
S21402F468F0B587B0078805461022002102A8EDF7F6
S21402F47893FE3E4B1B78002B76D1BC055ED407F074
S21402F4888403842B63D00022394C11461046FFF7BA
S21402F4982BFF17F4045F276005F102061CD0B90497
S21402F4A80AD5304605F0A4F900284ED1236823F47D
S21402F4B8005343F48073236030460EF0CDFD0028D7
S21402F4C842D10BF05AFB18B9236843F48033236001
S21402F4D8236843F02003236022680DF1060042F4F5
S21402F4E800432360FFF7AAFE12F4805FBDF80630D9
S21402F4F831D043F02003ADF806302168334611F0C8
S21402F508400218BF05F123024FF07F60FEF7DCFDCC
S21402F518BDF80630DA0703D5002130200EF00EFDBE
S21402F52823689B0506D5012295F8221005F11200DC
S21402F538FFF7DAFE00200F4B186006E005F112000E
S21402F5480EF08AFD00289AD0292007B0F0BDB80729
S21402F55899D52320F9E723F02003ADF80630FDF706
S21402F568BDF9FEF7BBFBC8E70220EEE78F62002074
S21402F578304700202C47002008B5054B1B7833B1CE
S21402F588FFF73AFEBDE808400248FEF731BE08BD5E
S21402F5988B6200201563002010B5154B1B78D3B17B
S21402F5A8144B1B78033B012B15D900200FF017F8D4
S21402F5B8044698B1EAF760FC237913F0300F0AD1B3
S21402F5C848B1012803F0CF0206D0811E4B424B41B8
S21402F5D85B011343237110BD1023FAE7F7F7DAF835
S21402F5E80028F8D021462046BDE8104004F096B818
S21402F5F88B6200209062002008B50DF03FFB054B99
S21402F60818B91868C0F3800008BD1868C0F300501F
S21402F618FAE700BF304700202DE9F04F0646894634
S21402F6281046002189B01546984605F04FFE102868
S21402F63807460AD86A4B0341DB0706D4C8F34004D8
S21402F6489DB9002009B0BDE8F08F664B1C78002CE7
S21402F658F6D0FFF7D1FF00280CBF4FF4F0744FF432
S21402F668D074FC4004F00104EAE74FF0000A18F0F0
S21402F678010F5346524629464FF00500CDF800A022
S21402F6880CBF4FF0080B4FF4027B09F0C8F80028AD
S21402F698D7D0C8233246009359465346284605F023
S21402F6A83DFEADF80E000028CBD018F0080A4AD165
S21402F6B84FF6F773A7F10F02D2B29E428CBF092308
S21402F6C80123012A01D843F04003474A8DF8103037
S21402F6D81378591C11708DF81130002C4FD09DF8F4
S21402F6E81030052F43F020038DF8103033D03F4BEF
S21402F6F81D78002D5AD04FF6F77300259E424FF01C
S21402F7080F0248D9012304A90DF10E00F5F736FDBC
S21402F718002896D1002C4DD1BAF1000133463A465C
S21402F72818BF0121BDF80E00CDF800900BF0AFFD12
S21402F738ADF80E00002884D018F0040F4DD03146DC
S21402F7480DF0D1FE7EE749460DF10E0005F02AF8C7
S21402F7580028ADD175E70121BDF80E0011F0B8F802
S21402F768012105F0B3FD0123834013F0620F1CD17B
S21402F7781E4B1B78E3B14FF6F7731825BEE71B4BF3
S21402F78825461B780222002BBCD04FF6F7739E4202
S21402F798B8D8052FB6D0BAF1000FB3D19DF81030FD
S21402F7A843F040038DF81030ACE710250F22A9E786
S21402F7B81825FBE7BAF1000F0AD002234A46009042
S21402F7C829460DF10E00FEF79BFA0028A4D038E76A
S21402F7D841235246CDF800A0F2E70DF06EFE31E75F
S21402F7E89FFEFEFF8B6200208C6200207D62002056
S21402F7F82DE9DF431E46144B80461B680F469B07BF
S21402F80891460A9C1BD4204614B10BF028FDC0B2C0
S21402F8180622CDE902403B460020CDE900890B4985
S21402F8280FF064F9024650B10021002E0CBF0123E6
S21402F8380323084604B0BDE8D043FFF7EDBE002018
S21402F84804B0BDE8D08300BF304700206DAD040089
S21402F8582DE9F04F8DB081468A461F4693469DF89D
S21402F8685C803AB903A8FEF7A7FCB0BB00200DB02F
S21402F878BDE8F08F15460022232110460DF079F8D0
S21402F888ADF80A000028F1D010F0EAFF0523044676
S21402F89818F0100F00F8023B677020D011220021E2
S21402F8A8EDF77AFC04F11306032F4FF0080237D15E
S21402F8B859463046EDF7C2FCC8F3801306F109052F
S21402F8C833720BF0C8FC00283ED000232B706B70F6
S21402F8D80123033505F8013C36E003ADCBE70126E4
S21402F8E810221699EDF7AAFC06FA07F313F0620F30
S21402F8F802D104F11206D7E707A80BF042F905A8C9
S21402F9088DF81C60EAF7CAFF9DF8162018F0200F3B
S21402F9189DF8173008BF134604F11306A374C3E70D
S21402F92851463046EDF78AFC012306F10802121BFF
S21402F93828460093BDF80A10082392B211F0ECFC90
S21402F948042F06F11005BCD02D1BA9B20DF10A0032
S21402F9580FF034F8002889D118F0040F0BD0484667
S21402F96811F09EF9FF281FBF074A32F8103023F419
S21402F978804322F81030434651464846BDF80A20CE
S21402F988FFF74AFE73E700BF805B002070B50326C8
S21402F99890B08DF807600DF071F918B90224204668
S21402F9A810B070BDF5F78AFD0028F7D002AD2846DC
S21402F9B8FEF702FC0028F1D01B4B1C6814F0020468
S21402F9C8ECD140F20F43194AADF82430136804A864
S21402F9D8CDF826305368CDF82A300BF0D2F895E8E1
S21402F9E8030005AB83E80300062304A88DF81D3040
S21402F9F88DF81060EAF7F4FE01210DF12E020DF1E2
S21402FA080700EAF745FE22461A2109A80CF0B1FFBC
S21402FA18024608B91924C2E7012329462046FFF7F9
S21402FA28FBFD0028BBD1F5E7304700201563002010
S21402FA382DE9F04F06460F46002199B01F2210A85E
S21402FA4803930F91EDF7A8FB30460FF0CFF8014667
S21402FA58304605F03BFC8DF81B0030460CF06EFF76
S21402FA689DF81B3045788146C5F340059806304612
S21402FA7848BF45F002050FF0AEF90446304610F0CE
S21402FA880BFF0023001B5FFA80FA00935346232BD2
S21402FA9828BF2323224631460FA811F03DFC002832
S21402FAA840D19E4B9DF83C801B789DF83DB0002BBC
S21402FAB83BD0FFF7A1FD00280CBF4FF4F0734FF4BC
S21402FAC8D07323FA08F3D9072FD5AA072DD4B8F18D
S21402FAD8080F24D1BBF1040F24D1FAF797FD08BB0F
S21402FAE8012322460093314605200DF11B0308F038
S21402FAF873FEB8B1A8F10508B8F10D0F12D8DFE801
S21402FB0818F02800A001C701EC01F5011100110048
S21402FB1811001100FB019D02A902D702D702B8F113
S21402FB28050F08D019B0BDE8F08FB8F1100F05D14F
S21402FB38039B002BF6D0FAF769FDD1E7FAF766FDC4
S21402FB480028CDD0B8F1050FCAD0B8F1110FC7D02A
S21402FB58E8E7BBF1050FE5D830460CF052FE0590F3
S21402FB6809F1020011F0D3FA81460DF11E00FFF7E3
S21402FB7865FB01239DF83D70BB4013F062030393B7
S21402FB8805D0BDF81E309B0701D5AE07CAD50DF0C5
S21402FB9875F80028C6D0FAF739FD08B9002DC1D085
S21402FBA80DF13E0A50460EF057FA039B0490BBB17D
S21402FBB8032F9DF84EB01AD10DF14F040DF05EF8E2
S21402FBC8814540F01781032DACD19DF85610524658
S21402FBD8003918BF01210DF14E000BF065FBA1E7B5
S21402FBE8032FDDF80CB07BD10DF14E04E6E74C4B43
S21402FBF81B689C0729D5FF2208210DF157000CF037
S21402FC08CFFF804608BB034601460DF15702022085
S21402FC18FEF75AFA0DF032F881450DF157060DF146
S21402FC284F0422D04FF6F773994540F2E880002237
S21402FC38082120460CF0B4FF002800F0E0800022DD
S21402FC4859465046FFF750FB6CE70DF157060DF183
S21402FC584F0430460EF09AF9002846D00DF00EF8FA
S21402FC68814540F0C8804FF000082046F6F70EF9A6
S21402FC78002800F0C080012F58D0042F7FF452AF1E
S21402FC880EF0A7F910B1032D7FF44CAF049B002B9E
S21402FC987FF448AF324602215046FFF7CDFB214B90
S21402FCA81B7863B1FFF772FEFEF72CFD022806D119
S21402FCB80120FEF721FD01210846FEF799FB1A4BA3
S21402FCC81B78022B1FD1032130460AF0B6FEFEF738
S21402FCD819FD014600287FF425AFFEF789FB21E7C8
S21402FCE80DF156060DF14E04B3E70F4B1B78432B66
S21402FCF87FF418AF012F7FF415AF0CF0BFFF8145D4
S21402FD0879D1B846B1E7412B7FF40CAF044B1B6898
S21402FD1858057FF507AFF8F761FC03E78B6200200A
S21402FD2830470020476300208F620020B64C2378B5
S21402FD38022B22D02378412B3FF4F4AE049B33B92E
S21402FD48FAF764FC594602465046FFF7CDFAFAF728
S21402FD585DFC00283FF4E6AE0EF03BF9AB4F98B1D7
S21402FD683B681A0502D42378432B0DD1AB070BD474
S21402FD7840F61A40F7F7E0FBD4E60EF02AF9002818
S21402FD88D8D0A907D6D4CDE6386810F0020002D13A
S21402FD98059903F0C3FC2378112B16D13B685F053F
S21402FDA813D50020FEF73AFB044600287FF4BAAEC5
S21402FDB80DF03CFA40F61C40F7F7BEFB21462046FB
S21402FDC8FEF716FBF7F7C4FBACE6AC0701D5FFF760
S21402FDD813FAB8F1000F9ED00AF0CFFE18B94FF406
S21402FDE880310EF0ABF80022894B30461A600EF0CE
S21402FDF8C4F890E70026039B002B7FF413AF4FF658
S21402FE08FF73204608A9ADF82030F5F791FF20B118
S21402FE1820460CF00EFFADF820004FF6FF73BDF833
S21402FE28200098423FF47EAE049B3246002B0CBF5D
S21402FE38042315232146CDE900A33B46FFF708FD18
S21402FE4870E60CF01BFF00287FF46CAE714B1B7833
S21402FE58002B3FF467AEA80704D46C4B1B689901C5
S21402FE683FF560AEBAF10C0F0DF1450094BF0024C1
S21402FE7812AC11F04CF902469DF8470003283FF6EB
S21402FE8851AE394600940DF13D0304F00BFA49E6EB
S21402FE980DF13D00F5F7FAFF28B102223946002097
S21402FEA8FAF740F83EE65C4B1B78013B012B3FF61F
S21402FEB839AE0DF13D0002F075FD4FF6FF7398421C
S21402FEC8044606D10DF13D000CF0B3FEA0423FF405
S21402FED829AE0021FAF736F924E6EA077FF522AEBC
S21402FEE82A4638460FA904F0DBFA1BE69DF83D10B1
S21402FEF80120FFF74FFA15E6474B1B78013B012B0B
S21402FF083FF610AEEB077FF50DAE0DF13D0002F0A1
S21402FF1849FD4FF6FF7398420546804640F08080BA
S21402FF280DF13D000CF085FE40450546074677D1A3
S21402FF380DF13D00F6F71CFCB84205463FF4F2AD5B
S21402FF48304610F0A9FC00220934E4B2071BFFB2BF
S21402FF58394610460CF00DFDADF81C0000283FF49B
S21402FF68E1AD4FF0010900232A460821CDF800909A
S21402FF7805F0D4F9ADF81E0000283FF4D3AD2146AB
S21402FF8830460EF0FFFE4FF0000A80461622514613
S21402FF9809A8CDF820A0EDF7FFF8434622463146D9
S21402FFA8CDF800A008A811F0B7F94B46424608A9B2
S21402FFB80DF11E00F5F7E2F800287FF4B3ADA7EBC3
S21402FFC80807FFB2394607A80EF0F8FC284610F0D4
S21402FFD867FEFF2818BF114A444418BF32F810308B
S21402FFE8E4B21CBF23F4804322F81030BDF81C008C
S21402FFF823463246002100970EF008FD2946BDF832
S2140300081E000DF070FA8DE58F6200203047002041
S2140300182C4700208B62002090620020805B002023
S214030028284610F03DFEFF28074689D0F6F7C6FD9A
S214030038002885D0384603F099F881E71E4B1B78CD
S214030048013B012B3FF66EAD2A4638460FA9FCF74F
S214030058C9F967E5194B1B78022B20D1002F7FF4CB
S21403006861AD08A8FEF7A8F800283FF45BAD144B6B
S2140300781F709DF83D30002B14BF64246524FEF7DB
S21403008841FB032806D138463946FEF7B1F9384608
S214030098FEF73EFB214608A80AF0CFFC42E5043BE0
S2140300A8012BDBD938460BF0E8F80028D6D139E51A
S2140300B830460BF0E4F835E5906200208F620020A6
S2140300C8476300202DE9F34105460E461746984632
S2140300D80DF07FFF044640B101233A4631462846D1
S2140300E8CDF80080FFF784FB04460DF072FF30B1AD
S2140300F8FFF782FA78B10A4B1B689B010BD40023DF
S2140301083A4631462846CDF80080FFF771FB002CA7
S2140301180CBF0446012404F0010002B0BDE8F081D8
S2140301283047002070B58AB005A80AF02AFD0223D6
S21403013801AA15468DF81430084B03F11006144629
S21403014818685968083303C4B3422246F7D12946C8
S21403015805A80AF081FE0AB070BD00BF6B11050042
S214030168014B1878704700BF4A6D0020014B18886A
S214030178704700BFC06C00204FF6FF732DE9F043AD
S214030188994280460D4685B00BD000274FF6FD7979
S2140301981C4EE9F747FEFCB2A0420BD84FF6FF7099
S2140301A81DE0F5F773FE0028EFD005B0BDE8F04371
S2140301B80CF064BD36F814304B4517D8694620460C
S2140301C80DF04EFF082241460DF10500EDF730FB12
S2140301D84FF6FF7360B99D4204D136F8140005B094
S2140301E8BDE8F08326F814500DF003FF0137D0E777
S2140301F89D42FBD036F81430AB4208BF26F814905D
S214030208F4E700BFD85800202DE9FF4706460F46F7
S21403021800254FF6FD79DFF83C80DFF83CA0E9F7C8
S21403022801FEECB2A04202D804B0BDE8F08738F865
S21403023814304B450CD8694620460DF011FF0822AA
S21403024831460DF10500EDF7F3FA08B90AF804701C
S2140302580135E4E7D85800203B620020014B33F809
S21403026810007047D8580020F0B5064600250D4FF5
S21403027885B0E9F7D7FDECB2A04201D805B0F0BDCA
S21403028837F81430B3420BD1694620460DF024FFE5
S2140302989DF80030022B1CBF4FF6FD7327F8143069
S2140302A80135E6E7D858002030B585B004460D4634
S2140302B8E9F7B8FDA0420FD9084B33F814204FF6D8
S2140302C8FD739A4208D8694620460DF005FF29466D
S2140302D80DF10500FFF750FF05B030BDD8580020D4
S2140302E830B585B00446E9F79DFDA04219D92046E6
S2140302F8FEF734FF0546B0B9694620460DF0B0FE52
S2140303089DF800302BB1694620468DF800500DF055
S214030318C5FE4FF6FF720020044B23F8142005B0E1
S21403032830BD2820FBE740F60440F8E7D8580020FD
S2140303382DE9F0410B7805460E461BB9BDE8F0419A
S214030348FFF7CEBFE9F76EFDA84231D92846FEF778
S21403035805FF78BB374617F8058B4FF6FF71384607
S214030368FFF70AFF0446384600F01EFAB0FA80F094
S2140303784009B8F1000F15D0B8F1030F15D04FF6A2
S214030388FF724FF6FD73944208BF1C460B4B31466B
S21403039823F815400A4B585528460DF07FFE0020D3
S2140303A8BDE8F0814FF6FF74F0E74FF6FE74EDE70D
S2140303B82820F5E740F60440F2E700BFD8580020A7
S2140303C83B6200202DE9FF410D4604464FF6FE78B2
S2140303D80F4F0E0AE9F726FDA04204D8FF2420464D
S2140303E804B0BDE8F08137F8143043450CD16946AC
S2140303F820460DF035FE9DF80520EBB29A4203D150
S2140304089DF80630B342EAD00134E4B2E2E700BF0F
S214030418D85800202DE9F04F0C4617469846002575
S2140304284FF6FD7B87B09DF840A0DFF85C900190FF
S214030438E9F7F8FCEEB2B04201D8FF2616E039F821
S21403044816205A451ED8304602A90DF009FE3FB9B4
S2140304589DF80920424515D19DF80C20524511D127
S21403046844B939F81620019B9A420BD1304607B097
S214030478BDE8F08F082220460DF10D01EDF7D8F9F7
S2140304880028F3D00135D3E7D858002010B5144612
S2140304980DF0E6FD2046BDE8104008220149ECF7BA
S2140304A8CDBE00BF156300202DE9FF470746154656
S2140304B80846082224491E46EDF7BAF904460028DA
S2140304C83FD14FF6FF7ADFF88490E9F7ABFC5FFA83
S2140304D884F880450BD385B3384608F05EFA0125C1
S2140304E80C9B18700120357004B0BDE8F08739F806
S2140304F8183053451FD0694640460DF0B1FD7A784B
S2140305089DF801309A4216D17A88BDF802309A428D
S21403051811D13A799DF804309A420CD108220DF18C
S2140305280501781DEDF784F928B9002DD7D1404683
S21403053808F04EFAD3E70134C7E7FF2008F048FA75
S214030548CEE70020D0E700BF15630020D858002068
S214030558F0B50025154E164F85B0E9F763FCECB2E7
S214030568A04201D805B0F0BD694620460DF078FDD7
S2140305789DF80030032B06D90023694620468DF8DC
S21403058800300DF08BFD9DF8002062B14FF6FD7329
S2140305984FF6FE71032A08BF0B4626F814300023CD
S2140305A801353B55D9E74FF6FF73F6E7D8580020D1
S2140305B83B620020F8B50E4604464FF6FF770C4B11
S2140305C80C4D1B7803EB430305EB8305A54202D8C2
S2140305D800242046F8BD2388BB4206D008223146AD
S2140305E8A01CEDF725F90028F3D00C34EEE700BF7E
S2140305F80E6D002018580020044BFF211A78044873
S21403060802EB42029200ECF7C7BD00BF0E6D002056
S21403061818580020F8B504460C4B0D461B781046B0
S214030628A3420DD90C27022117FB04117C43084E5D
S21403063808223144ECF702FE335B00202B80F8BD1A
S2140306480023136053604FF6FF73F6E70E6D002022
S2140306581858002038B504464FF6FD75FFF704FE14
S2140306680022084B1878084BD1B2884200D838BD08
S21403067833F80C1C0132A14208BF23F80C5C0C3378
S214030688F2E700BF0E6D00202458002070B505461B
S2140306980E460846FFF7DEFF31462846FFF76CFD91
S2140306A829460648FFF786FF00B970BD044624F8B6
S2140306B80C6B0DF09EFC29462046F3E718580020DD
S2140306C810B5082286B023490446EDF7B1F820B9D9
S2140306D806B0BDE810400CF0D1BA082220461E49E1
S2140306E8EDF7A6F820B91D4BB3F8680006B010BDA1
S2140306F80023012221464FF6FF700093FFF78AFE78
S214030708FF2806D0164B33F810004FF6FB739842B3
S214030718ECD903A8FEF79EFD58B9BDF80C305B0666
S21403072807D5082221460DF10E00EDF781F80028BB
S214030738DCD021460B48FFF73DFF40B14FF6FB726E
S2140307484FF6FF730088904288BF1846CEE74FF6E9
S214030758FF70CBE71563002052540020E8530020AF
S214030768D85800201858002070B5002204464FF6C3
S214030778FB7608460A4B1D780A4BD1B28D4201D840
S214030788002009E01988B14207D8A14205D10822FA
S214030798991CECF753FD012070BD0C330132ECE7CE
S2140307A80E6D00201858002037B5014605460E483A
S2140307B8FFF700FF044640B1807A29460DF0B0FCE7
S2140307C880F00100C0B203B030BD0346009001229A
S2140307D829464FF6FF70FFF71DFEFF2816BF034B8B
S2140307E82046185CE9E700BF185800203B62002043
S2140307F82DE9F341224B04461B780F4683421546E0
S21403080838D9FEF7C5FCB8BB4FF6FD739D421D4E9F
S2140308180ED004EB440326F823504FF6FF739D428D
S2140308281FD12046FEF7CCFC002002B0BDE8F081BD
S2140308380DF106013846F5F77BFA4FF6FF72BDF859
S21403084806303846934218BF1D460C236343F552B9
S21403085806EB0308FFF7A8FFB0FA80F0400988F80C
S2140308680A000C2303FB0460082239460230ECF71F
S214030878E5FCD9E72820D8E740F60540D5E700BFCA
S2140308880E6D00201858002038B504460D46FFF7AD
S214030898BBFC21460448FFF78DFE00B938BD8572B8
S2140308A821460C30F7E700BF185800200023074AF4
S2140308B81370074A1370074A118801B11380064B51
S2140308C81A880AB100221A80704700BF59630020AD
S2140308D858630020FC5B0020FA5B00202DE9F04FEC
S2140308E84C4C9846238889B005900F4610469DF8C9
S2140308F848A05BB952B10EF07AF820804FF4FA613B
S214030908454809B0BDE8F04F10F096B8DFF81C91DB
S214030918B9F80050002D69D028460FF0BDFFC0F384
S214030928470428460FF09CFFDFF804A10294BAF8A0
S2140309380030DFF800B10193BBF80030054600939A
S21403094800224346012035490EF0D0F8ADF81E00C4
S21403095810B305EB44080124454512D1E4B9BDF8A4
S2140309681E50CDB12E4B1B782BBB2B460022394687
S214030978059800F043FA0023ABF80030AAF80030D5
S2140309880AE0012329461A460DF11E00F4F7F6FB82
S214030998023504460028DFD00023224AA9F800308F
S2140309A81378013BDBB21370002BA7D109B0BDE85F
S2140309B8F04FFFF77BBF0CF02AF90146284604F0F0
S2140309C885FC0A218046284604F080FC0646A64293
S2140309D802D8FF2CCFD1C8E7284604F10B0104F050
S2140309E875FC8045C1D80134E4B2F0E70E4C237891
S2140309F823B910F005FA08B9012323705246414675
S214030A080520F5F757FC0028D0D1207009B0BDE8BB
S214030A18F08F00BFFC5B0020F86B002073AD04006A
S214030A285A6300205963002058630020FA5B0020AD
S214030A38945B0020965B002030B5154D87B02C8854
S214030A489CB923464FF4A07248F2380103A80DF068
S214030A584AFC21462046F9F7F3FB22460D4B009441
S214030A6803A9FFF73BFF07B030BD20460BF066FF30
S214030A78043010F04CFB03A9044628880EF0BCF992
S214030A880023009320462A8803A900F065FBEAE7BB
S214030A98FC5B002000F8FF0737B5002001A9F9F72B
S214030AA8CFFB0D4C014623780C4D7BB10C4B019ABA
S214030AB81878F9F7DBFB2078F7F716F90023237085
S214030AC82B700848F4F706FC03B030BD2B78002BD0
S214030AD8F7D0FFF7B1FFF4E75C6300205963002003
S214030AE85B630020F86B002008B50548F4F702F9A5
S214030AF80448F4F7FFF8BDE808400348F4F7FAB8E3
S214030B08FC5B0020FA5B0020F85B00202DE9F04F21
S214030B1889B089460446CDE905239DF84870139E97
S214030B2830B316F801ABBAF1000F23D00AF1FF343D
S214030B38A400E4B2314601200AF0E7FBC00E1BD13D
S214030B48DFF838B1314601200AF0DFFB9BF8005086
S214030B5834442279BDB1002F47D180234846CDE9D6
S214030B680277CDE900773E4A059900F047F93CE05D
S214030B788246DFE75446DDE71B28ECD931460120D9
S214030B880AF0C3FBE7E7DFF8F880FF2A00EA08085D
S214030B980BD14246E379A179607901EB032189B247
S214030BA809B0BDE8F04FF9F761BB2E4909688B0712
S214030BB80AD5FE2A35D101230135EDB2202D4FEA99
S214030BC843030AD1FF250AE0294628460792F9F780
S214030BD837FB4845BFD1079AEBE79845ECD1224B3C
S214030BE81B78FF2B04D0AB4204D009B0BDE8F08FC6
S214030BF8FF2DFAD029460020F3F774F80028F4D01E
S214030C089BF800306479002BEFD1FFF74FFE1748A7
S214030C184FF410510FF010FF154B8BF800501C7053
S214030C28E3E7052A97D8BAF1010F94D8B8F1000F6D
S214030C3891D0002FD9D17379002BD6D00D490988C6
S214030C4821B9082B28BF08230B490B70434648468F
S214030C581292DDE9051209B0BDE8F04FFFF73EBE74
S214030C6873AD0400304700204B6D0020F86B00205E
S214030C785B630020FC5B0020596300205C63002054
S214030C8800F8FF07014B1880FFF7D6BEFA5B002073
S214030C9837B5184B1B78022B03D01725284603B005
S214030CA830BD00210DF10700F4F798FC054600282F
S214030CB8F3D1114B1B78013B012B01D90225EDE734
S214030CC8F4F7F6FB0028F9D009F0FFFD0446F4F71D
S214030CD8EFFB0A4B4FF47A7118700B23B4FBF3F24D
S214030CE803FB12440A34A4B2614305480FF0A4FE7A
S214030CF8D4E700BF8F620020906200208062002045
S214030D085C4600202DE9F043384B00241E784FF448
S214030D18F813374FA5B003933D78ADF81040F7F7AF
S214030D288FF8BDF90E30ADF81200A342ADF81440A3
S214030D3806DB304B1C780134E4B21C7044F08004A4
S214030D488DF82C40A94602244FF000088DF82D6034
S214030D58B14529D3002221460BA83D708DF82D8076
S214030D680BF007FEE8B1B8F1000F09D000234FF6E1
S214030D78FC71CDE9000303AAFF230620FBF7EAFF6D
S214030D88B5422FD209F0A1FD0B23B0FBF3F24FF4C3
S214030D987A7102FB13000A3080B2414316480FF0FB
S214030DA84BFE25B0BDE8F083484606A902F004FAD0
S214030DB898B9512C11D804F190030DEB03020834AB
S214030DC806AB013508F1010803CBE4B242F8640C1C
S214030DD842F8601CEDB25FFA88F809F101095FFA78
S214030DE889F9B5E70448F4F775FADAE7806200206C
S214030DF8816200205E6300205C4600200CB42DE967
S214030E08F04F8BB014AA0E4652F8041B07460992F5
S214030E18002940F08F80BDF85400ADF82200002862
S214030E2800F0A18033794FF6F778002B40F08680E0
S214030E3847458CBF4FF009084FF008084C4B1C7801
S214030E48FF2C40F08380B6F90230002BA9BF494B2C
S214030E58347A1C780134A2BFE4B21C7044F08004D0
S214030E68DFF81CB12246002104F044FA9BF8003050
S214030E78BDF82200002B6CD0DFF808A14FF000095C
S214030E88BAF8003007930FF007FD0546BDF82200B1
S214030E980FF0E6FCEBB2CDE90193FF23CDE9030996
S214030EA800932246334639460798FCF7F1F84FF67F
S214030EB8FF7305468BF80090AAF80030382D33D117
S214030EC83246394640460DF122030AF0DEF9002879
S214030ED84BD04FF6F7739F4226D8B6F90230708880
S214030EE8002B21DA48F204022349244B4FF000086A
S214030EF8904214BF894699460BF0C0FE49460346FE
S214030F088A220120CDF800800DF0F0FD814658B105
S214030F182246414604F0EEF9FF2332463946404658
S214030F28CDE90098FBF716FF28460BB0BDE8F04F4F
S214030F3802B0704701200DF0B6FD6EE70023474563
S214030F488CBF4FF006089846337177E7FF221A706E
S214030F5886E7CDE900033246FF2339464046FBF7CA
S214030F68F9FE0546AAE71925DEE70546DCE700BFCE
S214030F784D6D00205E63002084AD040079AD040047
S214030F885D630020FE5B002070B54FF40033002439
S214030F980546164688B0ADF81A100DF10F0204A9D7
S214030FA80593ADF81840ADF81C4004948DF80F402F
S214030FB80AF042F99DF80F3028460193049B044A29
S214030FC8009305A93346FFF719FF08B070BD00BFA5
S214030FD87DAD040030B54FF48035002487B0039503
S214030FE8BDF82850CDE900128DF81030074A03469D
S214030FF803A9BDF82C008DF81140ADF81250ADF8D2
S2140310081440FFF7FBFE07B030BD00BF89AD0400F0
S214031018B1F1006F2DE9F04314462CBF392238226C
S2140310288BB01D464FF00003ADF81E204FF4800228
S2140310382CBF4FF001099946FF2C0646ADF81C3025
S2140310480892ADF824304FEA11471FFA81F80FD1FA
S2140310580CF0AAF9B9F1000F19D1154ACDE9020522
S21403106843463046CDE9007407A9FFF7C7FE1AE0E2
S214031078FE2C0AD10CF098F90130C0B20CF09FF997
S214031088B9F1000F12D00B4A02E0E8B2F8E70A4AB1
S214031098CDE9030501233046CDE90174CDF8008078
S2140310A807A9FFF7ABFE0BB0BDE8F083034AD5E705
S2140310B881AD040087AD040080AD040088AD04004C
S2140310C84FF498124FF0806310B586B0CDE903232A
S2140310D80023ADF814300BF0D1FD0446F6F7B0FE46
S2140310E8054B01900093054A234603A94FF6FD7066
S2140310F8FFF784FE06B010BD156300208DAD04000F
S21403110808B5064B1B78022B02D0043B012B03D8E9
S214031118FFF7D6FF002008BD0220FCE78F620020F9
S21403112830B500244FF4806587B0CDE900128DF8FA
S2140311381030084A034603A94FF6FD708DF8114090
S2140311480394ADF81250ADF81440FFF757FE07B0F6
S21403115830BD00BF91AD04002DE9F04F9BB00E469D
S21403116805460EA91046CDE90A329DF890700DF093
S21403117812F8BDF838A0804650460FF08DFBB6F936
S21403118802300446002BB6F80690B6F802B004DA26
S2140311980022B24B1A70002049E050460FF07CFB41
S2140311A84045F5D3A4EB0804E3B2002F18BF4FF469
S2140311B8A079152B099328BF15230024013308F1BA
S2140311C8FF325146DBB292B2009414A810F0A4F88A
S2140311D86FEA4B436FEA5343A1499DF850200868CA
S2140311E84968ADF846300FAB03C3ADF84840ADF8D1
S2140311F84440ADF84A90ADF84C20BBF1000F24D11B
S2140312080DF15100F4F742FEA0B10BF037FD5C4632
S21403121806460DF1590A0DF151030A9A9AF8008009
S214031228012A2DD157B384F0010404F001001BB042
S214031238BDE8F08F0DF1510001F0B4FB4FF6FF74D3
S214031248011B4C4206464C41E3E7BBF1010F40F055
S2140312589480BDF851600BF011FD86420AD03046E3
S2140312680FA90DF06EF880F00104E4B20DF1530AED
S2140312780FABD2E77B4B0DF1530ACEE70A9CD4E7B4
S21403128897B3002C75D1B8F1010F72D837D10BF08C
S214031298F5FC0BF0F3FC224606469AF80170714BF0
S2140312A800210120CDE9006102976F490DF01EFC6D
S2140312B8ADF83A0000285CD0002C53D1B8F1010FE2
S2140312C850D12646DFF8B8A19AF800305FFA84F8BA
S2140312D8434538D940460FF03BFDC20702D5BFB198
S2140312E8013FFFB20134EFE7B8F1010F05D1002C37
S2140312F8CDD081229AF80170D2E7002CF9D1B8F143
S214031308010F94BF002201229AF80170D201C7E7A1
S214031318404601F017FB0123ADF8340002220DA95D
S2140313280DF13A00F3F72AFF18BBBDF83A000FF0A1
S214031338B3FA804648460CF0A0FD08F101080136CA
S2140313488045F6B2CEDBB6B132460C21BDF83A007C
S21403135803F0D0FF00222846BDF83A3011A9FFF75C
S2140313684DFD06E00C210DF13A000DF027FB002891
S214031378F0D001205BE70D21F5E70A9B002B7FF4ED
S2140313880AAF7388342B57D1099B092B7FF403AF15
S214031398002F7FF400AF9DF959603A46B410082130
S2140313A80DF1510004F020040BF0FAFBD0B12F4BDB
S2140313B81B78012B3FF4EFAE022B27D12C4B1B686F
S2140313C813F0807F25D12A4B1B685B0201D5002EBC
S2140313D830DA00232846274A11A9FFF70FFD264BC4
S2140313E81C70D8E60DF15100F4F750FD0028DED145
S2140313F80DF1510001F0D6FA4FF6FF73984208D064
S2140314082146F8F79FFE034618B903E0033B012B72
S21403141806D9C8232846174A11A9FFF7EFFCBAE6E8
S214031428164BB3F86830AB42CDD0114B1B6813F09C
S214031438805FC7E78D23EDE7099BCDE90592049303
S2140314480DF15103CDE9028331462846CDE9007AEA
S2140314580B9B11AA00F058F89DE600BF51630020C5
S214031468C73604001563002095AD0400906200207B
S21403147830470020776404004C6D0020E8530020B2
S2140314881B6D0020024B187840F08000704700BFA1
S2140314985E63002038B50A4B05461C7824B10BF06A
S2140314A8EDFBB0FA80F46409F8F72AFF08B144F0B4
S2140314B84004E8F7C3FC44EA4020284038BD00BF90
S2140314C88B620020014B188000207047C86C0020F0
S2140314D84FF6FF71034602881B798A4217BF0749EE
S2140314E801200A8041881EBF054A00201180FF2B71
S2140314F81EBF044A00201370704700BFC46C002048
S214031508C26C00205F6300202DE9F04FB7B0994600
S214031518BDF80431439C0D939DF8083183460E931A
S214031528BDF8143120460F939DF81831B1F802A080
S2140315380F4690469DF8005110930FF0E8FDBAF158
S214031548110F064600F28A800BF098FBB04200F0B3
S2140315588F80BAF1060F19D14FF6FD739E423ED01F
S214031568DDB9BC4B1B78033B012B36D930460FF04D
S21403157897FBFF2814BF8923812300224146CDE920
S21403158800625846B44AFFF739FC06E02DB9BAF1AB
S214031598030F08D8BAF1010F0AD80022AF4B1A7006
S2140315A837B0BDE8F08FAAF10403022BF5D8D8E7C5
S2140315B8A84B1B78033B012B0DD930460FF070FB65
S2140315C8FF2814BF8923812341465846A44A009618
S2140315D8FFF714FCE1E78023F6E78023CDE7A14B6A
S2140315E81B7859074CD40BF049FB002603463246B2
S2140315F80120994900960DF079FA2379ADF86C0025
S2140316080F930028CCD0DDE90E320D9803EB420980
S2140316180FF042F95FFA89F909F10507FFB2874225
S214031628BED239460D9803F051FE109007EB4007DB
S2140316380D980FF031F98742B2DADDE90F3213431A
S214031648DBB2002B40F03282002DA9D12F463A4652
S2140316580421BDF86C0003F04DFE76E1814BBAF128
S2140316683A0F1B7811D948F23B039A4508D014E081
S2140316787C4B1B785A070BD5AAF10403022B07D811
S214031688FB8843F48043FB808AE7BAF11B0F1ED816
S214031698AAF102039AB2132A5ED9109B494602930B
S2140316A80F9B5046CDE900530E9A5B4609F0D1FDD1
S2140316B80F287FF475AF0122684B1A70694B1B78A5
S2140316C89B0740F1D982002D7FF46AAFD8E7AAF1C9
S2140316D81C021E2AE1D801A151F822F0091F0300B3
S2140316E8A3160300A3160300291B0300A31603006F
S2140316F8091C0300091C0300A3160300A316030012
S214031708A3160300A3160300A3160300A3160300D9
S214031718A3160300A3160300A3160300A3160300C9
S214031728A3160300A3160300A3160300A3160300B9
S214031738391C0300391C0300A51E0300A316030067
S214031748A3160300BF1E0300A3160300591F0300B6
S2140317586F1F03007D1F0300132B9ED801A252F8A8
S21403176823F000BFBD17030085180300A318030062
S21403177881190300EF150300A3160300A31603003D
S214031788A3160300A3160300A3160300A316030059
S214031798A3160300A3160300A3160300A316030049
S2140317A8A3160300A3160300C31A0300A316030015
S2140317B8351F030000241BAB5A4648460E99009370
S2140317C81DAB1D948DF86C4009F037FD0BF056FAE7
S2140317D8204B05461B78012B03D0022B14BF02248B
S2140317E80124E8F72BFB162894BF0020012044EABF
S2140317F84014F6F725FB1C4B0646B3F800A0FBF788
S2140318089FFA1A4B07464FF6FF70B3F80090FFF798
S21403181841FE174B9DF86C201988124B1B7813F062
S21403182802031CBF134B1B780B921D9ACDE90701C5
S214031838CDE9093240234146CDE901435846002302
S214031848CDE90579CDE9036A0B4A0095FFF7D6FA81
S214031858A6E600BF9062002079AD0400516300201D
S21403186884AD040030620020C86C0020C46C0020DD
S214031878C26C00205F6300209BAD04000BF0FEF9EA
S214031888A34BA44A1B88CDE9400300234146584688
S21403189837B0BDE8F04FFFF7B1BAA4781DA9631EA9
S2140318A8DBB2EF2B204610D9F22C0ED007F0C1FF7F
S2140318B882240BF0E3F900234146CDE90003964A58
S2140318C823465846FFF79AFA6AE607F0B2FF002857
S2140318D850D00BF0D3F99DF878209DF87A1004922F
S2140318E8BDF8762049000392BDF87420C9B2CDE945
S2140318F801429DF8792003465200D2B208320A44C0
S21403190800920120002285490DF0F0F89DF8793001
S214031918ADF86C008DF8673000283FF441AE00261A
S21403192801230DF167011A461BA8F3F727FC0546A2
S21403193800287FF435AE9DF86730EAB2934209D89B
S2140319489DF87A308DF8673016B1BDF86C3033E001
S2140319580126E5E73146204607F06DFF0123ADF87B
S214031968680002221AA91BA8F3F708FC0135002809
S214031978E1D015E683249CE70BF080F9044607F0CC
S21403198879FF234600900022012063490DF0AEF844
S21403199800283FF405AE00252C46ADF8740007F082
S2140319A869FFEEB2B0420DD822460421BDF8740092
S2140319B803F0A0FCBDF87430002241465846FFF7F2
S2140319C81DFAEDE5304607F032FFFF288DF86C0068
S2140319D80AD0012301341A461BA91DA8E4B2F3F75B
S2140319E8CDFB00287FF4DCAD0135D8E75046B4F8C4
S2140319F8029007F01CFFFF288DF8680000F0CF82DE
S214031A081DA907F016FFBDF874304B4507D04FF6EF
S214031A18FF72914540F0C3821B0400F1C0829DF813
S214031A28793012930E9B0533DBB213930F9B1493F3
S214031A38002311934FF000094B4613E01793490010
S214031A48139BC9B219440D9889B20CF0F2FF4FF0F4
S214031A58000A179B159012995FFA8AF28A4217D3DF
S214031A6809F10109149A5FFA89F19142E6D39DF8C0
S214031A787A201292169A1392002B40F08582119BB5
S214031A88002B40F08C8201231193109B1493D1E70B
S214031A9811999DF86800179307F0CDFE159A179BC2
S214031AA80AF1010A824208BF0123D4E709F10609AD
S214031AB85FFA89F33746169372E2A71C394630460F
S214031AC8A57A08F01AFF012239463046FAF7D4FBFE
S214031AD830460CF08CFD384600F064FF22888242BC
S214031AE807D04FF6FF72904203D00FF0D9F80CF0E8
S214031AF8BEFC85F00804C4F3C00421463846FEF746
S214031B08C3FE2146384637B0BDE8F04F09F0CEBBD2
S214031B18C66C0020A8AD040079AD0400ACAD040083
S214031B28AD4B1B78033B012B7FF63AAD0BF0A6F8BB
S214031B3858453FF435AD08F0C8FE0B23B0FBF3F267
S214031B484FF47A7102FB13000A3080B24143A3486C
S214031B580EF072FFF3F7ACFC00283FF421AD012327
S214031B68002218469E4994F800A00CF0BFFFADF873
S214031B78680000283FF414AD0026354634460E9B0D
S214031B881BAF01330E93F2B2524514D3002C3FF425
S214031B9807AD01232A461DA91AA8F3F7EFFA00286A
S214031BA87FF4FEAC22460221BDF8680003F0A2FBD0
S214031BB8BDF8683000E74FF000090E99D200D2B29C
S214031BC80A4408230D993846CDF800900FF0A4FB75
S214031BD8394648460FF034F8FF280FD0814B1B5C74
S214031BE80F2B0BD997E8030005F1D8036B44643B26
S214031BF883E8030008350134EDB2E4B20136C2E7E0
S214031C08002D7FF4CDAC18073FF53AAD5346224670
S214031C184146584603F066FE00287FF4C1AC842389
S214031C2841465846704A37B0BDE8F04FFFF7E6B866
S214031C3823780F9810930CF020F90021064658468F
S214031C4804F0BAF9644BBAF1310F1B780746A3F1CF
S214031C5803030BD1012B13D9644B654A1B781278FF
S214031C681344DBB20D9316230E930DE0012B03D911
S214031C78604B1B780D9353BB002D7FF491ACCEE7D6
S214031C8801231621CDE90D310024109B224600932B
S214031C9801202346584901940CF028FF00283FF4F6
S214031CA87FACF61BF3B22646544FDFF85C911193CC
S214031CB8ADF86C000F940D9BE5B2AB4209D83246DB
S214031CC80221BDF86C0003F015FB0F9AC0E4052348
S214031CD8CAE7162200211DA8EBF75EFABAF1320FFF
S214031CE83DD13B7903F00302032A21D18DF87620F0
S214031CF8109B0136F6B2B34215D2BDF86C000EF04F
S214031D08CBFD0E9B1844119B98420CDC01230E9ABC
S214031D181DA91BA8F3F732FA00287FF441AC0F9BE2
S214031D280133DBB20F930134083709F11209C2E70E
S214031D38B9790029DCD13249C3F3C203CB5C1DA8A9
S214031D48012A08BF43F0010339888DF876300FF06F
S214031D58E0F979880DF177000FF0DBF9C8E71DA8DD
S214031D680BF0A4FA4FF0FF33CDE91F331F4B1B7854
S214031D78AB4261D999F804306F2BD4D828461FA9EB
S214031D88F4F7D0FF0028CED01E4BB9F80020B3F8DE
S214031D98683092B9003B18BF01235B0143F0040384
S214031DA88DF8863002238DF88730B9F802301B0A7F
S214031DB811468DF8893021A8CEE79B1A18BF012350
S214031DC85B0143F005038DF8863002238DF88730D0
S214031DD80F238DF88830E8E7906200205C460020E1
S214031DE8B6AD0400346200207764040089620020DC
S214031DF888620020196D0020B4AD0400EA5A00205A
S214031E087C110500E8530020705900200132D2B235
S214031E18551EEDB22846139312920EF099FFDDE98C
S214031E28122310F0010FF1D063490978611A994219
S214031E3805D00133DBB2E9E701220023E8E75F4B6D
S214031E481FA918782844C0B2F4F76CFF00283FF49B
S214031E586AAF284600F076FD129028460EF078FF03
S214031E6810F0010F129A0FD116238DF88630544BB3
S214031E781B780133DBB20F2B28BF0F238DF888306E
S214031E88504B33F8153092E7284612920EF060FF4F
S214031E9810F0020F129AE7D11223E6E71A073FF566
S214031EA8EFAB23465A4641460F9803F073FD0028C6
S214031EB87FF476ABE0E695B1434B1B78033B012BE7
S214031EC87FF66EAB0AF0DAFE18B9BBF1000F7FF4A3
S214031ED867AB207837B0BDE8F04FF5F721BE0AF0B8
S214031EE8CDFE20B1384B1B78033B012B01D880234A
S214031EF896E62B4641465846344AFEF77FFFE8E700
S214031F080AF0BCFEB0427FF44BABA01CF3F7BEFF4F
S214031F1800283FF445AB0AF0B1FE04460AF0AEFECD
S214031F282B4B2C4ACDE940032346AFE420460FF05B
S214031F38EEF8FFF7AFFA00283FF432AB40900023E1
S214031F4841465846244A37B0BDE8F04FFEF756BF19
S214031F584B46424659460020CDE9405437B0BDE8C3
S214031F68F04FFEF7D3BD4B46424659460120CDE90E
S214031F784054F3E72B464A4641465846409437B002
S214031F88BDE8F04F09F097B901231AA91A461BA80A
S214031F98F3F7F4F800287FF403AB0137FFB20136F2
S214031FA807F068FC5FFA86FA50453FF61FAD002F28
S214031FB83FF44AABFFF74BBB89620020146D002041
S214031FC846630020725B002090620020776404005A
S214031FD815630020B9AD040084AD0400F8B5164BAC
S214031FE804461D88154B20F8025B196879B1082248
S214031FF8EBF724F9124B0C201B78124EA372124BE4
S21403200819780023DAB2914205D8FF2209E0C4F80A
S21403201802104160EEE7013300FB03F7F75BAF42BC
S214032028F0D10A4BE2721B782373094B1B78637350
S214032038084B1B682361F8BD0C5C00200455002080
S214032048606300200C5800200E6D002042630020B9
S21403205841630020F0540020F0B589B006460C46CC
S21403206815460CF0B8FE0DF10A02014630460CF090
S2140320784AFD144F0346F0B901223A702288BDF888
S2140320880A102AB102460090072006F0A5FB90B175
S21403209803A8FFF7A3FFBDF80A000EF0FDFB0646EC
S2140320A8BDF80A000EF0DCFB21460090F3B2284682
S2140320B803AA08F054FC0023034A3B70136009B0D4
S2140320C8F0BD00BF616300200455002073B5ADF86A
S2140320D806000DF106000AF05EFC014608B102B0E0
S2140320E870BD0DF106000AF09FFC04460EF0B8FB1F
S2140320F8C67A002EEDD120460CF034F9FF28E8D036
S2140321080EF00EFE054BD3F88850002DE1D033466B
S214032118224641213046A847DBE700BFE8530020A4
S21403212873B5002200210C2000F0C2FC00211948D8
S2140321380FF055F801250446164E84B120460CF0D8
S21403214811F9FF2805D1214630460FF06CF80446EE
S214032158F3E704220023009500F07EFCF3E721460C
S2140321680D480FF03CF8012504460B4E0CB902B097
S21403217870BD20460CF0F6F8FF2804D0082200238A
S214032188009500F069FC214630460FF04CF80446EB
S214032198ECE700BF105C0020125C00202DE9F84F26
S2140321A810460E46174699460AF0D6FA254A264B8F
S2140321B80021B0F5006F14BF9046984640460FF0CE
S2140321C80EF84FF0000A0446DFF880B00CB9BDE8F5
S2140321D8F88FBC4228D120460EF042FB857A80F859
S2140321E80BA0013DEDB2857216B13F2E00D02DBB74
S2140321F80EF028FE054620460AF0AEFAB0F5006F44
S2140322084FF00002214615D10F480AF02CFCFFF7C1
S21403221887FF28460EF011FEDBF8885025B14B469B
S2140322283A4631460020A847214640460EF0FBFFB3
S2140322380446CBE703480AF016FCEAE7FFF770FF05
S214032248F2E700BF125C0020105C0020E853002071
S21403225800232DE9F34706460F464FF6FF78284C2A
S214032268DFF8A090ADF8063020460AF094FB054642
S21403227848B9294620460EF0B2FF82460EF0F0FA19
S2140322880389B34217D94C4501D1FFF749FF00210B
S21403229820460EF0A4FF054607F1FF3A5FFA8AFACE
S2140322A8D5B94C4516D1BDF80600FFF70FFF4046D3
S2140322B802B0BDE8F0877B1EDBB2FD2BD4D92946D6
S2140322C820460AF0B1FB2A4651460DF106000EF0E9
S2140322D88CFFC9E74C46C7E7BAF1FD0F09D928466C
S2140322E80EF0BEFA03899B1B9BB2984528BF9846F7
S2140322F80381294620460EF096FF0546D0E700BF21
S214032308125C0020105C002008B50EF016FE0B4A7F
S214032318FF2113881080C31A98B2FFF799FF4FF668
S214032328FF7301469942064803D1BDE80840F2F711
S214032338D1BFBDE808400EF07FBB00BF145C002089
S214032348186C0020174B00282DE9F041164D18BFCE
S2140323581D460F4628464FF000010CBF4FF00808ED
S2140323684FF002080EF03BFF044610B92046BDE8BE
S214032378F08120460EF074FAC37A064623B1214646
S21403238828460EF050FFEFE720460AF014FA4246B6
S21403239801463846EBF74CFA0028F0D1B378002B01
S2140323A8EDD1E3E7105C0020125C0020014B1860B7
S2140323B8704700BF0855002010B504460548F2F7D5
S2140323C889FF0023044A1380044A1380044B1C80A5
S2140323D810BD00BF186C0020125C0020105C0020A3
S2140323E80E5C002008B50448F2F784FCBDE80840F4
S2140323F80248F2F77FBC00BF125C0020105C002086
S2140324082DE9F341044688460EF097FD324B0746FE
S21403241820461E880BF0A6FF054620460AF09CF9C0
S214032428B0F5006F32D1FF2D06D0012304220093A6
S2140324382846002300F010FBB8F1000F1DD10EF05C
S21403244801FD2146054625480AF0AAFA28460EF055
S214032458F4FC23480EF0F1FE224BA8B31988711A30
S21403246817FA81F086B220460EF0FAF9032306819E
S2140324788372002002B0BDE8F0810EF0E3FC002270
S2140324882146054615480EF0B0FEDFE716480AF063
S214032498B9FA04281ED8FF2D06D001230822009374
S2140324A82846002300F0D8FAB8F1000F05D10EF03D
S2140324B8C9FC214605460C48C6E70EF0C3FC0022B5
S2140324C8054621460848DEE7314605481F800EF0D4
S2140324D8B3FAC8E71C20CDE70E5C0020105C00208A
S2140324E8186C0020145C0020125C00202DE9FF47BE
S2140324F808460C460AF015F900F4805820460AF0F8
S21403250896F9054620460AF069F9B0F5404F1BD1FF
S214032518B8F1000F14D029460020FFF713FF05462D
S21403252870B10EF09DF90023404A81780446009264
S21403253818462A460193F1F7A5FF08B90123E37263
S214032548012004B0BDE8F08728460EF0E0FD81467A
S2140325580EF0A6FBFF28074637D00125A0F1200674
S214032568C0F12003324925FA03F305FA06F61E439B
S2140325788540D1E900232A433343C1E900230EF0FB
S214032588A9FB044638B138460EF0E2FB10F00C0FF0
S21403259814BF01240024B8F1000FD1D04FF0000A6D
S2140325A803A90120ADF80C90FFF7CCFE81460EF088
S2140325B857F98046B9F1000F1ED1BAF1000F14D1AE
S2140325C8FF2FBDD0002CBBD128E01A4B1B684BB19C
S2140325D848469847044628B1B8F1000FB0D00025FE
S2140325E82E46DBE7B8F1000F01D10020A9E7002546
S2140325F801242E46A246D3E774B100230B4A8178FA
S214032608009218464A460193F1F73CFF002897D1F3
S214032618012388F80B3093E7FF2F91D0064BD3E9B5
S214032628001229433243C3E9001289E7A5210300B0
S21403263868160020085500206016002038B50446A2
S2140326480AF08AF8054620460AF0B5F8A5F50063A9
S2140326580446014658425841FFF774FEB0B9B5F52B
S214032668006F01D0002038BD20460EF050FD0EF056
S21403267817FBFF28F6D0064B00B21B6833F810008A
S21403268800F4E260003818BF0120ECE70120EAE70F
S2140326980C5500202DE9F7434FF000090746ADF81F
S2140326A804900EF055FB10F00C0F29D04FF00208DB
S2140326B8154D2B88A5F80090ADF806300DF10600E9
S2140326C80AF069F9044630B1B8F1010F14D04FF097
S2140326D801080E4DEDE721460DF106000AF0A4F9B0
S2140326E806460BF03FFEB8422246314614BF28463C
S2140326F801A80EF07AFDE1E7BDF80400FFF7E6FC53
S21403270803B0BDE8F08300BF125C0020105C002015
S2140327182DE9F04FDFF8208185B0D8E9003213435E
S2140327287CD105B0BDE8F08F02EA040103EA07008E
S214032738014327D022EA040223EA0703C8E9002351
S214032748DAE9002304EA020507EA030C55EA0C054E
S2140327586FEA04006FEA070124D130460EF0F8FA50
S214032768C2070FD530460EF0DBFADBF89C30002B99
S21403277845D11D46304600F0E5F8DBF884300BB14A
S2140327882946984724197F4109F10109284B5FFA1E
S21403279889F61B78B342C4D9D8E9002352EA030161
S2140327A8C2D1BEE702400B403046CAE900230EF00A
S2140327B8CFFAC307E6D51F4B30461B6833F81630E7
S2140327C803F48873102B10D00EF0AAFADBF89C30AB
S2140327D813BB1D460123102200933046002300F046
S2140327E83BF90020F1F7BCFDC4E70EF099FADBF8D5
S2140327F89C300125002BBDD00122039502E000255D
S2140328082A4603950392002130469847039A002ADE
S214032818B0D0002DAED1DDE70025EDE74FF0000977
S21403282801244F46DFF814A0DFF814B0AEE700BF64
S2140328384E6D00200C5500206816002060160020F8
S214032848E8530020F8B50346084613B309B3402AED
S2140328581FD8114900260B60104900270860104945
S2140328684FF0FF350A7000210C460433914205DB0E
S21403287800215200EAF790FC0020F8BDC3E903677D
S21403288803F8044C23F8024C1D605D6001311833CD
S214032898ECE72120F1E700BF105500200C55002077
S2140328A84E6D0020F0B5144CDDE905672568EDB1DB
S2140328B8F0B91248007888421AD901EB41014FEA69
S2140328C8C10C05EBC10415F8311011B92169C90704
S2140328D810D4002005F80C0062801A6846F001063A
S2140328E862605A68C4E90467A260F0BD0220FCE788
S2140328F82120FAE72E20F8E7105500204E6D002019
S2140329080E4B30B51A68A2B10D4B1B78834212D909
S21403291800EB400002EBC003C100002400200025A2
S214032928C3E9044550544FF0FF3258805A609A6002
S21403293830BD0220FCE72120FAE700BF105500202F
S2140329484E6D0020094B1B6863B1094A1278824210
S21403295808D900EB400003EBC0031A69D20701D578
S214032968588870474FF6FF70704700BF1055002011
S2140329784E6D0020094A0346106870B1084A12785B
S2140329889A4209D903EB430300EBC303186910F013
S214032998010002D0181D704700207047105500200C
S2140329A84E6D0020F8B50E4B05461C6834B128B1A9
S2140329B800260C4B1F78F3B29F4202D84FF6FF70DF
S2140329C809E008222946201DEAF732FF20B92369C1
S2140329D8DB0701D56088F8BD01361834EBE700BF7E
S2140329E8105500204E6D00200C4B1B689BB14FF60C
S2140329F8F77291420DD80A4A1278824209D900EB37
S214032A08400003EBC0031A69D20704D50020598097
S214032A187047212070470220704700BF10550020DA
S214032A284E6D00200A4A0346106878B1094A1278A0
S214032A389A420AD903EB430300EBC300036913F076
S214032A48010003D0C3F3001070470020704700BF8F
S214032A58105500204E6D002070B51C46124B9DF88D
S214032A6810601968D1B1114B1B78834218D900EB53
S214032A784000551E01EBC0012543D1E9040301D0EC
S214032A88C5070FD52EB110432343C1E9040300201D
S214032A9870BD20EA020023EA0403F6E70220F7E7FC
S214032AA82120F5E72D20F3E7105500204E6D002072
S214032AB8134BF0B51B6803B300266FEA000C6FEAE6
S214032AC8010E104C2778F4B2A74201D80020F0BDB7
S214032AD8D3E9044514F0010F07D014F0020F04D10C
S214032AE832B104430D43C3E9044501361833EAE714
S214032AF80CEA04040EEA0505F5E70220E7E700BF3B
S214032B08105500204E6D00200B4B70B51B682BB17B
S214032B1800240A4A1678E2B2964201D8002070BD0D
S214032B28D3E9042502400D402A4304F1010403F1C6
S214032B381803F0D00120F2E7105500204E6D002050
S214032B482DE9F0470026FF27B246164DDFF85880D2
S214032B5898F800305FFA86F94B4502D83846BDE840
S214032B68F0872B792F2B0FD928460AF0B6FA2B793C
S214032B786C7903F0070304F0030483422CBFE418BC
S214032B882418E4B2A24506D95446B946A2464F4687
S214032B9812350136DCE7288801F0A6F80028F3D1B9
S214032BA8F4E700BF70590020896200202DE9F04F32
S214032BB889B0814609F025FE029048460CF016F8BF
S214032BC80024411C054689B2484602F07FFBA2460C
S214032BD8A346A046274600F01F00023500EB400038
S214032BE8EAB27D4E50FA85F5EDB2AA4274D9DFF8FB
S214032BF8FCA19AF8003033B1A400E4B2B4FBF3F4B2
S214032C08042C08BF03240298F3F7C4FD05460028DE
S214032C183CD1FFF795FFFF285BD0704B05B20490B5
S214032C2818780AF041FA87422CBFE1192118002FB9
S214032C3814BF01230223684E05EBC50506EB4505BD
S214032C4853FA81F3284603930AF047FA95F804C023
S214032C586B790CF0070103F0030388422CBF1B189B
S214032C685B18039ADBB29A4233DA049A2FB921B176
S214032C789AF80030033B5B452BDC104602990AF0B2
S214032C88D4F905B205EBC50506EB45052B791E09F0
S214032C98002F00F08180394628460AF048FA0321B7
S214032CA828460AF04AFAB8F1000F09D1002E40F078
S214032CB8868007F00AFEC0F30B0149480DF0BCFEF8
S214032CC86B79484623F003031C446C7109F02EFD08
S214032CD8A87309B0BDE8F08F50D0424B49461B880D
S214032CE807A8ADF81C304FF000038DF81E300023FC
S214032CF80093032303920EF00FFB9DF81E30BDF8D6
S214032D081C101B09039A18BF08F10108CDE9041320
S214032D1818BF5FFA88F8039209F0B0FF0499039A7C
S214032D288842059B03D19DF81E7007F00F072E48AF
S214032D3890F800C016E016F80E0C10F0070003D043
S214032D480BF1010B5FFA8BFBAA4207D036F812EC9D
S214032D588E4503D113B108B10134E4B20AF1010A6E
S214032D685FFA8AFAAA4206F112060BD1D4450FD99E
S214032D7816F80E0C10F00700E2D1EFE700234FF623
S214032D88FF71D4E736F8120C884201D8D445D2D856
S214032D980332123ED2B228E7022E14D95B0707D0B5
S214032DA8394628460AF0C9F9B8F1000F81D087E7F3
S214032DB8032128460AF0C1F9B8F1000F80D1062E80
S214032DC83FF677AF7CE7314628460AF0B6F958EA65
S214032DD806063FF46EAF73E770590020426300207F
S214032DE89C4600208411050089620020146D00208B
S214032DF82DE9F0430823002485B08DF808300646ED
S214032E08022301214FF6FC70CDE9004402AA0BF019
S214032E18C9FEADF80A00D8B12746DFF8A080DFF868
S214032E28A09099F80020E3B29A4224D8BDF80A4045
S214032E3820460BF0DBFE411C47F06002204689B2B1
S214032E4802F058FA0022BDF80A001146F4F736FADB
S214032E5807F03BFD184AC0F30B01137801F55A51E6
S214032E68013113B1013B89081370304605B0BDE83C
S214032E78F0430DF0E1BD18F80E5C6F2D17D84046E9
S214032E8830F8123D2D01ADF80C300AF026F905F09E
S214032E98700528448DF80E000123032203A90DF1BB
S214032EA80A00F2F76BF90028D2D10137FFB20134D2
S214032EB808F11208B5E700BF856200208259002092
S214032EC88962002010B5054C2046F2F703FA20461F
S214032ED8BDE8104000210DF0AFBD00BF9C460020A2
S214032EE82DE9F0432A4D87B0F6F7F8FB2A782949E7
S214032EF82948FFF7A7FC09212A782848EAF74CF956
S214032F080026244FDFF89C80DFF89C902B78F4B2D9
S214032F18A34202D807B0BDE8F08304F582300B223B
S214032F2803A900F5C070DBF79FFE4FF6F670BDF8F1
S214032F3814209DF81630511E89B2814215D80020F8
S214032F48C3F3C003DB1840EB0001CDE9003121468B
S214032F5803ABFFF7A7FC0028DCD14FF4805327F810
S214032F68143048F8240029F8140004F583300122A5
S214032F780DF10A0100F58070DBF776FEBDF80A202E
S214032F88064B01361A558022054B1A55BEE700BF75
S214032F981B6D0020805B0020801300203462002015
S214032FA87662002040450020725B002010B50A4B6D
S214032FB81C780DF075FEFF280DD0012C38BF0124B0
S214032FC8064A230232F8101019B101EB1313A3EBC8
S214032FD8111322F8103010BD42630020725B0020E4
S214032FE82DE9F047002506460F46AA46DFF8449023
S214032FF8DFF8448099F80030ECB2A34202D8504672
S214033008BDE8F08720460DF0A3FEC2070CD5204680
S2140330180DF09EFE830707D438F8143037B13343D0
S2140330284FF0010A28F814300135E3E723EA0603CC
S214033038F6E700BF1B6D0020805B002010B5084B29
S214033048084A1C780023D9B28C4201D8002010BD48
S21403305832F8021B013330EA0101F4D10120F6E706
S2140330681B6D0020805B0020F0B50C464FF6F77109
S21403307887B08A4286461D469DF8306002D90020EE
S21403308807B0F0BD596818680DF10C0CACE80300DE
S2140330982C49ADF814200978A142F0D900218DF8FF
S2140330A81660B61006F00206019170462146009691
S2140330B8FFF7F8FB0028E2D1234B244A43F8240001
S2140330C89DF83830224E1B0222F814304FF4A043E2
S2140330D804F582300B2226F8143003A900F5C070D5
S2140330E8DBF7EEFD9DF834301A4913F0040F17BFCB
S2140330F80123194B0B5536F814300CBF1B7843F0D5
S214033108080304F583300CBF0B5526F81430012248
S214033118214400F58070DBF7D3FD00210F4B104ADE
S2140331281B782846234442F82310E7F789F80D4B03
S2140331381855284607F014FD0B4A01201378013367
S21403314813709DE71B6D002040450020725B00202E
S214033158805B002034620020046D0020146D00207C
S2140331686C4400207662002088620020054B1B789A
S214033178834206D90021044B044A1B78034442F8C9
S214033188231070471B6D0020146D00206C4400202C
S214033198074B084A18780023D9B2884200D87047E4
S2140331A81188013321F4805122F8021BF4E700BF8B
S2140331B81B6D0020805B002030B585B004460D46A5
S2140331C8E6F736FEA04202D8172005B030BD2046E3
S2140331D80DF0BEFDC007F7D504F582300B2201A912
S2140331E800F5C070DBF740FD9DF80E2001AB03CB5E
S2140331F869609107286030D412F0080F0CBF0423C7
S21403320803232B722046FFF79DFB154B68811B5D36
S21403321820466B730DF084FD124A2873135D4FF432
S2140332287A7103F00F03AB73135D002013F00F03DB
S2140332381FBF03F1FF32022393403C2218BF5343B8
S214033248094A08BF0A2352F82420B2FBF1F29A422D
S2140332582CBF00239B1A2B61B7E70223D1E700BFD5
S214033268766200203462002040450020F8B51F4EE1
S21403327804463378834237D0FFF764FB4FF6FF776D
S214033288B84231D020463470FFF704FA2046FFF7D9
S21403329859FB054609F0F2FC012301461A4628465F
S2140332A80BF03DFE2046FFF72BFB0546E0B9104A18
S2140332B81378013B1370F4F7B5FB294620460BF049
S2140332C8B5F880220B4B204623F814500A4B1A55A0
S2140332D80A4B23F8145009F05CFC2A463946112099
S2140332E80DF0DEFEFF233370F8BD00BF4F6D0020E0
S2140332F888620020805B002076620020725B0020D4
S2140333082DE9F04F0E4615464FF000098BB01F46C1
S2140333189DF854309DF850A0DFF84CB104900593FF
S2140333289BF800205FFA89F4A24207D84FF6F77392
S2140333389D421CD817F0020B3FD01AE02046FFF731
S21403334801FB804604F582300B2207A900F5C070FE
S214033358DBF78AFC4FF6FF727EB9904516D14FF617
S214033368F7729DF82630954203F0EF0311D94FF60E
S214033378FF7528460BB0BDE8F08F904506D00822A7
S214033388304607A9EAF754FA0028E8D009F10109F4
S214033398C6E79F4207F002082CD0F3F70FFC002875
S2140333A857D12D4B2D4A1B78234412F823B02046B9
S2140333B80BF05DF8B8F1000FDBD1E6F739FD284BC3
S2140333C81B788342D3D0002108460DF039FCFF282A
S2140333D80446CCD0059B0146CDE901A32A463346CD
S2140333E804980097FFF740FE0028C0D0F4F71AFBAE
S2140333F8D8460FE02046FFF7A5FAA842CDD1B8F184
S214033408000FB6D13046E6F71BFF164B1855304665
S21403341807F0A6FB514620460AF0DCFF2046FFF7D6
S21403342891FA054609F02AFC00230146012228469C
S2140334380BF075FDF3F7C2FB28B9074B074A1B7851
S214033448234442F8238020460BB0BDE8F04FFFF72D
S21403345879BA4FF0000BAAE7146D00206C440020DD
S21403346888620020766200201B6D0020F8B50026CF
S214033478104F3C78F5B2AC420FD800250E4B6400CB
S214033488224629460D481D70E9F786FE2246294638
S214033498BDE8F8400A48E9F77FBE2846FFF7FAF87A
S2140334A8002128460AF0C2FF2846FFF729FA013604
S2140334B8DFE700BF1B6D002088620020805B0020CA
S2140334C8725B0020024B80211A780248E9F764BE33
S2140334D81B6D00207662002038B50DF0E1FBFF284F
S2140334E8044616D00B4D35F810301B0711D50A4B7A
S2140334F80A491B7801220B54014400F5833000F572
S2140335088070DBF7DDFB35F8143023F0080325F865
S214033518143038BD805B0020046D00203462002020
S2140335282DE9F04F794B05461B788946022B17463B
S2140335388BB004D0002630460BB0BDE8F08F0DF0F4
S214033548E4FE06460028F5D14FF6F9739D4262D08D
S2140335584FF6F8739D4276D02B0A28460DF11E01C6
S2140335688DF81C308DF81B50F2F708FC002814BFA2
S214033578B0464FF02008B34614BF06230E23022294
S21403358829463846039300F0EBFC01220446039BC6
S214033598002840F0B880DFF880A18DF818209AF844
S2140335A800204946CDE900008DF81A208DF81D0045
S2140335B806AA4FF6FC708DF819800BF0F3FA8146CD
S2140335C80028B7D009F05AFBB8420FD0484609F08E
S2140335D8B5F9394604300DF09CFD384604A90AF0BF
S2140335E8B0FE70B1484604A90BF06AFB484B1B783B
S2140335F8033B012B2BD84FF6FF71484609F073FFA0
S21403360806469AF80030FF2B0EBF01230133DBB2C0
S2140336188AF800308FE74FF008084FF0200B3C4B32
S2140336281B78033B012B85D909F028FBB84281D1C7
S21403363809F024FBFC238DF81B30FF2305468DF881
S2140336481C3006239BE74FF01008C346E7E70AF04B
S214033658D7FF80460028D4D009F010FBA8422DD106
S2140336682C4B1A7852BB03214846F3F727FE00284B
S214033678C7D09AF80030A8F8007088F804300023FA
S21403368888F8053088F8083009F0F8FAA84202D115
S214033698204B1B7853B109F0F1FAB84206D12CB186
S2140336A8237923F0030343F00103237100224FF623
S2140336B8FF710C200DF0F4FC0126A2E759462846B4
S2140336C808F1070200F078FC0446002899D0002287
S2140336D803214846F3F7F2FD0028CAD1237903F0FD
S2140336E80303012B8DD109F0C9FAA84203D1094B6C
S2140336F81B78002B85D0237943F0030323714FF6F9
S214033708FF7323807DE7164615E700BF8F62002008
S21403371890620020506D00206263002037B50E4B80
S21403372805461B780C46033B012B11D9E6F7A4FB89
S21403373801280FD0821E53425341590128460DF1E2
S214033748070200F039FC18B1002144800AF03FFF55
S21403375803B030BD1021F1E7906200202DE9F04355
S2140337688BB0857AB0F8069004460E46174609F0DD
S21403377885FA8145804605F0400541D100216088D9
S21403378809F0C0FC0246002E44D1082304A9C1450B
S21403379801EB03060CBF234902A90868496803C658
S2140337A8A2B3022100268DF8172001228DF81010E7
S2140337B8217A45F020058DF81210A18808338DF874
S2140337C81310090A8DF81410E188CDE900268DF840
S2140337D81510090A8DF816106088314604AA8DF864
S2140337E811500BF0DFF9054680B1618808F0DDFF5C
S2140337F879003246284601F0FE01F3F75FFD06E03E
S214033808E08802A90AF09DFD0028B7D100200BB076
S214033818BDE8F0833068716806AB03C345F010054E
S2140338281023B3E7156300202DE9F74389461E46A0
S2140338380746904609F082F800210446304609F008
S21403384861FC054609F10701384601F02DFD7DB1F7
S214033858B8F1000F02D103781D44EDB20570637802
S2140338681A0716D569463046F2F788FA024618B19B
S214033878002003B0BDE8F0830821684609F090F9F4
S2140338880028F5D120460BF0EEF908226946E9F739
S214033898D5FC09F0F3F90146201D0DF03AFC6378D0
S2140338A8DB0603D538460C490BF00AFA3146A01C4A
S2140338B80DF02FFC3146384608F077FF074A137891
S2140338C80133DBB21370E371A3790BB10120D0E7A0
S2140338D80123A371FAE700BF156300208D62002059
S2140338E8FF232DE9F04F8FB08146164605918DF8D4
S2140338F822301AB301230BAA0AF0DCFD9DF83650D2
S2140339080446EF0625D50027059BBDF8308003F14E
S21403391808024946D2B20823009709A8CDE90977D1
S2140339280DF0FAFC3A46404609A9F8F7A5FC002824
S21403393840F08C80A90627D510220DE013460BAA63
S2140339480AF0B8FD9DF836500446A80663D5062245
S21403395802E0AA0618D5082200230599BDF8327096
S2140339680A44CDE9093349460093D2B2082309A885
S2140339780DF0D2FC384686F0010209A9F8F77CFC5C
S214033988002863D1002E46D0BDF8307009F076F9CA
S214033998874249D038460DF0B8FC8046002E45D1FC
S2140339A8BDF82EB00021584609F0ACFBBDF82C3004
S2140339B80390184606930DF0A8FC064609F05EF930
S2140339C8069B834242D0B64B1B78033B012B3DD95B
S2140339D815F04003049339D1039B0BB9002E35D059
S2140339E89DF83570039B05F018051F44FFB2082D94
S2140339F88DF835706CD120230493002C40F0418158
S214033A080AF0FEFD054608B3002E40F0B2803346A2
S214033A180126B24674E0BDF8327009F02FF98742E2
S214033A28B8D14FF00108BBE74FF00108002C43D08C
S214033A389C4BE279678803EBC20633F83220BDF85D
S214033A4832309A4205D04FF6FF7323800FB0BDE895
S214033A58F08FBDF82EA0B8F1000F08D0002130462D
S214033A680AF0B5FDA6F802A00AF0C3FAEEE7BDF819
S214033A7830000AF0B4FD0546414630460AF0A7FD75
S214033A88A6F802A0884E2DB1414628460AF09FFDA7
S214033A9863886B800AF0ADFA3378002BD6D03B46A2
S214033AA8002248460599FFF7BFFE0028CED03946C0
S214033AB8484609F018FDC9E70AF09BFA7A4B1B78C3
S214033AC8002BC3D0B8F1000FC0D14FF6FF77E6E757
S214033AD8102D01D1049590E7B8F1000F8DD1002C75
S214033AE83AD0C2460021BDF832000DF1220200F09A
S214033AF863FA03460028A9D0002E40F0CA8025465C
S214033B080499BDF830000DF12302079300F054FA28
S214033B18044600289AD0644A079B1278002A78D06D
S214033B28BAF1000F26D102462C466179B9427ED9EE
S214033B382546A4F802B067711446002B00F09E8051
S214033B489DF82230EA799A4200F09880002E40F0D9
S214033B588E80EB7100253FE00AF052FD04460028EC
S214033B683FF474AF4FF0010ABCE700220126134660
S214033B78DBE70126B8F1000F1ED106F0A6FE7E236A
S214033B88B0FBF3F202FB130005993A4605315FFAD8
S214033B9880FA484601F0AEFB4FF6FF71484608F038
S214033BA804FE039B032B2CD9AAF17E0A022148465E
S214033BB85FFA8AF2F3F782FB069BA5F802B02B801E
S214033BC89DF834306F712B7100232B72002E42D16F
S214033BD89DF82230EB710125B8F1000F3FF436AF9C
S214033BE8484609A90BF04CF800283FF42FAF2A469D
S214033BF809A90BA8FFF7B2FD28E700262546344691
S214033C08BBE7039B012B94BF0AF1020A0AF1420A97
S214033C18CCE7BAF1000FCFD16979B94209D9A5F82B
S214033C2802B06F71002B8BD1002E93D024E025466B
S214033C381446049A002A3FF409AF8F427FF406AF6E
S214033C48039306F042FE83077FF400AF039BA5F8B1
S214033C5802B06F7171E7FF23EB71002CBBD001250F
S214033C682379A4F802B023F003032371B4E7FF23F0
S214033C78EB71002C3FF46EAF0025F1E7002CD3D18F
S214033C8868E7002E7FF471AFB246254601265346F1
S214033C9836E7BAF1000FB0D15646524645E700BF9D
S214033CA890620020EA5A00201A6D002070B50C4B6B
S214033CB84FF6FF751C78002302460A489C4201D13A
S214033CC8002005E00688964206D1AA4201D10B7069
S214033CD870BD8679002EFAD001330830DBB2EDE7E3
S214033CE8196D0020EA5A0020002210B50A4B1C78EA
S214033CF80A4BD1B28C4201D8002010BD59888142A4
S214033D0804D11979890701D1997911B10833013298
S214033D18EFE70120F1E700BF196D0020EA5A0020FB
S214033D2810B5084B01461C780023074AD8B28442CC
S214033D3801D8FF2010BD914203F10103FAD00832DF
S214033D48F4E700BF196D0020EA5A002038B5044688
S214033D58FFF7E6FFFF28054603D13F210B480DF082
S214033D68F8F84FF6FF7320462380A37103210AF061
S214033D782EFC074B07481A7800210732D21002FB9D
S214033D880500BDE83840E9F707BA00BFBDAD040033
S214033D981B6D002065620020F8B504460026124D08
S214033DA8124F3A78F3B29A4209D800224FF6FF71B7
S214033DB80F4B1D780F4BD0B285420BD8F8BDFF2C9E
S214033DC802D0AB79A34202D12846FFF7BFFF0835D6
S214033DD80136E6E7FF2C02D0187AA04201D11980F3
S214033DE819720A330132E6E7EA5A0020196D0020F1
S214033DF8186D0020C25A0020FF28F8B504462CD0B8
S214033E08164B1B78834203D8802115480DF0A1F87A
S214033E184FF6FF75134A32F8341002EBC4000379E1
S214033E28A94203F0030318D0012B16D100220E4B28
S214033E381F780E4BD6B2B74203D8BDE8F840FFF753
S214033E4885BF1E88AE4205D093F807C0A44504D0A4
S214033E58B14202D00A330132ECE7F8BD196D0020EF
S214033E68BDAD0400EA5A0020186D0020C25A00208F
S214033E782DE9F74303F0ECFF324B1B78033B012B8A
S214033E8821D9314B1D88451BADB2E5B118804FF6D5
S214033E98FF7700202D4A13782B44C3F3C81403F086
S214033EA87F0313702A4B2B4A1E78C3B29E420DD843
S214033EB800264FF6FF77284CDFF8A09099F80020E5
S214033EC8F3B29A4216D803B0BDE8F0831388BB4210
S214033ED80DD0137999070AD104EB9311022928BF49
S214033EE8022103F03F0389B243EA811313710832B0
S214033EF80130DAE734F80A8CB84506D014F8043CDF
S214033F08AB4205D95B1B04F8043C01360A34D5E7F3
S214033F1808F0B4FE804534F80A3C04F8027C24F81A
S214033F280A7C09D018460DF10701FFF7BFFE18B142
S214033F389DF80700FFF760FF14F8030CFFF75CFF14
S214033F48E3E700BF90620020165C0020636300204E
S214033F58196D0020EA5A0020CC5A0020186D00205C
S214033F68F0B500244FF6FF7703461048DFF844C041
S214033F7806780F48E5B2AE4201D800200FE0058860
S214033F889D4210D13AB1012A16BFC57905793CF886
S214033F983550A94207D1BB4202D114238371F0BD21
S214033FA8057A002DFBD00A300134E3E7186D0020AC
S214033FB8C25A0020EA5A0020F8B50D4611460746AD
S214033FC81646FFF773FE002836D102464FF6FF7CE7
S214033FD81E4B1F4C1978D3B2994206D800231C4CA3
S214033FE88B4221D1F8BD0834F5E7B4F800E0013276
S214033FF8E645F8D133700123278023710021A17188
S21403400865B1144B45F008051A782571D31DDA10E7
S2140340183078114B02FB0030E9F7BEF823792046C7
S21403402803F03F032371DDE722799209022AE1D0E0
S21403403801330834DBB2D3E7037904469A071EBF75
S21403404823F0030343F001030371D7E7196D002038
S214034058EA5A00201B6D00206562002073B50DF137
S21403406807010546FFF722FE40B103799A0705D1F3
S21403407813F0300404D043F00303037102B070BD99
S21403408828460AF0B4FA094B4FF6FF711D78234603
S2140340989DF80760064AD8B28542EFD9D07901332E
S2140340A8B04204BF118011720A32F4E7186D00207B
S2140340B8C25A002030B50A4BCC081B78094D073383
S2140340C8DB1000FB0340012301F007018B402C5C47
S2140340D8DBB212B11C432C5430BD24EA0304FAE7BE
S2140340E81B6D00206562002070B50B4B04461B78D9
S2140340F8834204D840F24B2108480CF02AFF0025D7
S214034108074E3378E8B2834200D870BD00222146B2
S214034118FFF7D0FF0135F4E71B6D0020BDAD0400A3
S214034128196D0020FF2810D0FF290ED0084BCA08A7
S2140341381B7801F007010733DB1000FB0323054A4E
S214034148D05CC84000F0010070470020704700BFED
S2140341581B6D0020656200200148F0F7CBBD00BF49
S214034168185C00202DE9F0471E464D4B8CB01B68A3
S2140341781546074688469DF8509003F0080A08F047
S2140341887DFDA8423FD1B9F1000F14D06EB9ADF842
S21403419806603D4604242246414628460AF0C3FAEA
S2140341A800F001000CB0BDE8F0870023ADF8063038
S2140341B83D4606243AE038460CF072FDFF280446CE
S2140341C805D0F2F7FBFC10B12046FEF7CFFF96B1F9
S2140341D80023ADF80630F8F7FDF80028E8D00624E3
S2140341E840460DF1060202A909F031FCD8B940464B
S2140341F8F8F7F8FA17E0ADF80660F8F7EBF80028D2
S214034208C7D00424ECE73EB3BAF1000F2ED0002340
S2140342180B24ADF80630B9F1000F0AD1F8F7DAF82F
S2140342282F460028DCD13D46002EB4D0BAF1000F45
S214034238B1D004F00402414642F0110228460AF0BF
S21403424872FA22460646414628460AF06CFA0028C1
S21403425814BF30460020A3E7BAF1000F14D0012498
S214034268ADF80660B9F1000F95D1D7E70B242846B9
S21403427802A9F1F783FD074668B902A806F094FF7A
S21403428820B9ADF80600EDE70124F0E744F0020490
S214034298ADF80670E6E70023ADF80630E2E700BFA0
S2140342A8304700202DE9F0471E46744B8CB01B7828
S2140342B807460D461446DDF85080002B3ED008F01E
S2140342C8DDFC30B36E4B1B68980722D44FF6F773A2
S2140342D89C4233D843463A4631462046FBF7F2FE1D
S2140342E808F0CCFC854200F0C5803046FEF75AFB42
S2140342F8A04203D10CF0D4FC0AF0B9F8BA1E534214
S21403430853412946002220460CB0BDE8F0470AF080
S21403431806BEE7B1F91ED1F1000949EB01094FF6CC
S214034328F7739C4216D90321204606F0DFFA0323C7
S2140343383A4631462046009506F0C7FB08F09EFC31
S214034348A84200F097804FF6FF739C42CBE74FF0E6
S2140343580109E4E72B463A463146204604F0FDF9C0
S2140343682146CDE900082B463246384606F06CFF50
S21403437880460146204606F0B9FAB8F1000F61D127
S214034388B9F1000F12D100233A463146204600956C
S21403439806F09BFB88F001032A4631462046CDF8F3
S2140343A8009003F00103FFF7DDFE99E7002FEAD03C
S2140343B803AA9246334B03F1100E944618685968BD
S2140343C80833ACE8030073456246F6D107A806F03F
S2140343D8D8FB0323306871688DF81C3008AB03C319
S2140343E89DF8293007A843F002038DF8293006F014
S2140343F8F3FC90B13068716808AB03C3042307A8BD
S2140344088DF81C3006F0E8FC38B1022307A88DF8AF
S2140344181C3006F0E1FC0028B5D1514607A806F083
S2140344281BFD0028AFD0F4F795FB0028ABD1032378
S2140344383A4631462046009506F047FB08F01EFC30
S214034448A84250E743463A4631462046009506F0CA
S2140344583CFBB8F1010F9DD0B8F1020F7FF440AFD3
S214034468284607A9F1F78AFC20B93246284607A941
S2140344780AF020F90CB0BDE8F08700BF8B62002075
S214034488304700208E110500044B1A880AB1002213
S2140344981A8000210846F9F7ABBF00BF185C002056
S2140344A800232DE9F0478EB004460D46CDE90333C5
S2140344B84F7808F0E3FB50B1B64B1B689A0706D44F
S2140344C8092103A806F0B9FA0EB0BDE8F08720461E
S2140344D803A9F1F753FC0646002840F05781022F3C
S2140344E83DD0042FECD1E5F7AFFC002846D0E5F71E
S2140344F8ABFC022840F022810DF1240833463246ED
S2140345084146304606F0D7FD012103A89DF82550FD
S21403451806F0C4FE2840FF2800F0348105AD28467F
S21403452808F049FB002840F02F8195E80F0088E83B
S2140345380F003A46414603A806F0F7FC0246002851
S21403454840F02081032303A9CDE9005320463B46C8
S214034558FBF77EF900280CBF13210621B1E78D4B24
S2140345681B689B07ACD40235082229468A48E9F714
S2140345785FF90028A4D0E5F773FC08B91121A0E772
S214034588864B874E1B78FBB9FFF77EFF30880028DB
S21403459860D103AF2946384606F0F1FA002800F042
S2140345A8CA8028460DF10A01F1F7C2FB40B90DF19E
S2140345B8240A504608F0FFFA8046002800F0878051
S2140345C8FFF762FF0F217CE73088002842D10146B7
S2140345D80CF0BAF9308000283AD001230822304676
S2140345E803A9F0F7CBFD98BB0123082229463046DA
S2140345F8F0F7C4FD60BB01230222694809A9ADF898
S2140346082440F0F7BBFD0346308823B1002848D082
S2140346184FF0100920E00CF03FF9614907462046A1
S21403462801F0CAFC30880CF037F9FFB2874209D18B
S214034638FF238DF82430012359481A4609A9F0F7B1
S2140346489DFD28B900210120F9F7D2FE0C2138E791
S2140346583088DBE74FF007090CF002F90746308885
S2140346680CF0FEF83488112100F10808204600F003
S2140346782DFE10218246204600F028FE0822044616
S21403468803A94046E9F7D4F8002840F081800822B9
S21403469829463846E9F7CCF8002879D1B9F1070F47
S2140346A801D010210DE704EB0A244546A4B271E7AE
S2140346B830884FF0010828B1122100F007FEFF28C2
S2140346C881461ED12A46B9462046402304E03A4688
S2140346D8A9464346BDF80A0043F00303CDE900A301
S2140346E849460323FBF7B4F800283FF469AF0721CC
S2140346F8484606F0A2F9B8F1000FD9D0FFF7C4FE72
S214034708E2E6002108460CF01FF9ADF8140048B19C
S214034718204605A901F050FCBDF814000CF0BCF8BF
S2140347280028CFD1142300934A46394620463388B7
S21403473801F0FAFBC6E7FFF7A7FE1FE7E5F784FBDA
S214034748012801D00621BCE605AD32463346294684
S214034758009603A8F9F75EFD024608B10A21B0E6FB
S2140347680C4B20461B6803A95B0003F0040343F0C5
S2140347780303CDE900533B46FBF76AF80028E1D16B
S21403478813219EE605219CE612219AE60B2198E65C
S2140347980E2196E630470020156300202F6200207E
S2140347A8185C0020012330B50D4C85B022788DF8AF
S2140347B80430D5188DF805200E228DF806200A68D1
S2140347C82570CDF807204A6801A9CDF80B200B22DF
S2140347D8F0F7D4FCB0FA80F0400905B030BD00BF4E
S2140347E88C620020014B1878704700BF6463002072
S2140347F8142230B58BB005460DEB02011548DAF7DF
S21403480833FA10BBBDF81430DA0720D413F0060FBA
S214034818C3F3410208BFC3F341220F4B0DF1160140
S2140348289C5C68462246E8F747FEBDF8263004F146
S21403483828026A4402F8283C02341B0A02F8273C7A
S21403484869462A46E0B209F0DFF80BB030BD2320EC
S214034858FBE700BF703214E09E11050010B58AB05E
S214034868ADF826200022CDE9052204920CAA02926E
S2140348784FF6FF720446AC2101200192064A0390C4
S21403488804FB0122603200924CF620010DF1260249
S21403489809F06BFF0AB010BDE853002000B58BB0D3
S2140348A8ADF824309DF8303003208DF826300023E9
S2140348B803900A4909A8CDE90130CDE905330493E5
S2140348C801F160030093B1F85C3002204CF66041B6
S2140348D809F04BFF0BB05DF804FB00BFE85300205C
S2140348E810B54FF6FF741E4A8AB0B2F86800B2F8DD
S2140348F85E10A042ADF82600B2F85C304FF6FD70A5
S214034908ADF8241018D081424FF0000094BF48F643
S21403491860014CF66001CDE90500CDE90300CDE959
S214034928010094BF09AA603200920DF12602042002
S21403493809F01BFF0AB010BD81424FF000008CBF80
S214034948603209AA00928CBF4CF6604148F6604173
S214034958CDE90500CDE90300CDE90100014AE6E704
S214034968E85300205254002000B50E4B0022B3F83B
S2140349785E308BB0ADF824304FF6FF73CDE90522D1
S214034988CDE90322CDE9012209AA00924FF400617A
S2140349980DF126020720ADF8263009F0E6FE0BB027
S2140349A85DF804FBE853002030B58BB08DF825304E
S2140349B81B0A8DF8263000230D4991F85840CD6D13
S2140349C8B1F85C00CDE905330493072360310393FC
S2140349D808ABCDE9010300914FF6FF734CF620416F
S2140349E8082008958DF8244009F0BFFE0BB030BDAB
S2140349F8E853002070B54FF6FE76294C1D46B4F8EA
S214034A085E10B4F85C30B14294F85C00A2B04FEA8A
S214034A18132321D14FF440416034ADF808108DF8C4
S214034A280B008DF80C3003CC0DF11504CDF80D00F2
S214034A38CDF811102270120A627000221146104631
S214034A48A270E270ADF8062007F056FFADF8060030
S214034A5890B9002022B070BD4FF400448DF80D10B5
S214034A68090AADF808408DF80B008DF80C308DF860
S214034A780E100DF10F04DDE7043402A9621A0123B0
S214034A8892B20DF10600F0F779FB0028E1D1BDF8E4
S214034A9806002A4601210BF02FFFBDF80600D9E7CA
S214034AA8E8530020202A10B5144614D8012A04D146
S214034AB80C88B4F5004418BF0124620030B10748D7
S214034AC8E8F7BCFB064B00201C7010BD0548E8F74A
S214034AD8B5FB054BF7E72120F7E700BF1A5C002074
S214034AE8656300205A5C0020666300202DE9F047C2
S214034AF8104617460CF00BFBDFF814A1DFF81491E9
S214034B089AF8003099F800200546134302D100208E
S214034B18BDE8F08710F4406800F0400619D186BB5C
S214034B28B0F5804F5CD24FF4807400239AF80000E7
S214034B38344AD9B288425DD8002399F80000324A2D
S214034B48D9B28842E3D932F8021B0133A142F7D11E
S214034B5855E0F81C0CF0DBFA4FF6FF73984214BFC7
S214034B680124022486B1052605F44043B3F5004F15
S214034B7844F0080424D0B5F5804F23D244F4807457
S214034B8820E044460326EFE7B5F5804F4FF00506C9
S214034B98F4D3B8F5406F14BF0220082030443844D5
S214034BA80CF0B5FA194B05F44045B3F85C3083426C
S214034BB80CBF44F0080444F00404B5F5004F01D1D3
S214034BC844F08004B8F5006F0ED1B8190CF09FFABC
S214034BD80E4BB3F85E308342A7D144F01004A4E723
S214034BE8444603260220D9E7B8F5406F08BF44F0C9
S214034BF820049AE732F8021B0133A14299D1012017
S214034C0886E700BF5A5C00201A5C0020E8530020A1
S214034C1866630020656300202DE9F04F104685B0D3
S214034C28164698460CF073FA5D4F00F00803B7F87B
S214034C385C10044600F00709F01C02930391B7F8CA
S214034C485EB00CF064FA06F1050A054650460CF009
S214034C585EFA03464FF6FF70854218D00399A1EB18
S214034C68050CDCF1000545EB0C056D004FF6FF71EE
S214034C788B420ED145F004050CF0C2F8029B6BB1CB
S214034C88B9F1000F11D0422005B0BDE8F08F012519
S214034C98ECE79B4508BF45F00805EDE7B9F1030FB8
S214034CA8F1D8DFE809F0021B795D0CF0A9F808B91A
S214034CB8A807E8D524F00804A4B2B4F5004F05D035
S214034CC8B4F5624F02D0B4F5404FDCD1002529462F
S214034CD897F8A820002007F00FFE3CE0D7F88030AE
S214034CE8E3B9002132460846FFF700FFD8B948F66D
S214034CF8410224F038039BB29342C4D10A2D49D00B
S214034D08062DC0D197F87730023B012BBBD8EEF7B8
S214034D18AFFF0028B7D140F6040505E04146304604
S214034D2898470028DDD00825E20648BF45F08005E9
S214034D38A30648BF45F4805505F00C03042BC6D1DB
S214034D48F01D0CF0E4F997F8A83032460093414674
S214034D582B4607F0A6FD08B30E9B1880002093E7A2
S214034D68A90705D14FF6FF73B7F85C209A428AD194
S214034D7804F44063B3F5006F0AD0B3F5406F82D1ED
S214034D88082250460749E8F753FD00287FF47BAF0F
S214034D980C25C9E70425C7E7432075E7192073E7F9
S214034DA8E853002048540020034B1A781AB1FF2A08
S214034DB804BF00221A7070476863002070B5084C59
S214034DC8084E2378F55C1DB13E2107480CF0C1F860
S214034DD8FF2223782846F2540023237070BD00BFB1
S214034DE86763002068630020CBAD0400034B044AC6
S214034DF81B78D05CFF3818BF012070476763002014
S214034E08686300200023074A07491360074A1360AC
S214034E18074A1360074A11600121074A1170074AB7
S214034E281360704720550020FDE803001C5500203A
S214034E3818550020386C0020516D00202855002096
S214034E480E2A70B50C4606461546194603D9FFF7CB
S214034E58D9FF502070BD012807D10020EEF722FFA6
S214034E68B0B1FFF7CFFF2120F4E780220021224BC1
S214034E781A70224B1960224B1B684BB134200BF077
S214034E8863FD204B188018B9FFF7BCFF0120E1E744
S214034E9824F0FF6323F4FF231BB1FFF7B3FF4F2070
S214034EA8D8E774B92046EEF717FF0124032510F058
S214034EB8800F43B21BBF00F01F039C409C4044F086
S214034EC878440020104B24F078441E700F4B10498A
S214034ED81D70104B1C60104B1870104B1A68EFF7B8
S214034EE897FA18B1FFF78EFF0420B3E79DF8102052
S214034EF80B4B1A70AEE700BF6963002024550020E9
S214034F08185500209A5C00206E6300206C6300200E
S214034F180D520300285500206D63002020550020FD
S214034F286A6300207FB5244B00251A78012323489B
S214034F38234903FA02F200781A440A60ADF80E50C1
S214034F4820B3984236D11F4C1F4B20781B680DF1AF
S214034F580E0198471D4EBDF80E20307092B11C4BBB
S214034F6829460093284602230195EFF78BFA3278F1
S214034F78237822B1012A12BF1B230133DBB2237025
S214034F8804B070BD013818BF0120F0E778235A43F0
S214034F98013A0A6008220F490BF01CFC0B49094A20
S214034FA80978137821B1012912BF1B230133DBB219
S214034FB81370E5E71846E3E76C6300206E6300208A
S214034FC82C5500206D630020386C0020516D00209E
S214034FD849520300950D0400024B1868003818BFA1
S214034FE8012070471855002037B505461C460BF0B8
S214034FF807FF68B974B1084B1A60084B0A461C6069
S2140350080123294600930323FFF71AFF03B030BD95
S2140350184D20FBE72520F9E7145500201C550020F2
S21403502813B504460BF0ECFE58B962B1074B1A6089
S21403503801230A46009321460323FFF701FF02B024
S21403504810BD4D20FBE72520F9E700BF18550020C3
S2140350582DE9F0410446DDE906861D469DF82070D5
S2140350680BF0CEFE88B99EB1A2B10B4B01201A6095
S2140350780A4B0A46C3F80080094B21461E602B4696
S2140350880697BDE8F041FFF7DBBE4D20BDE8F0818B
S2140350982520FBE72120F9E7386C0020205500205F
S2140350A81C5500200148EFF725BE00BF9A5C002078
S2140350B82DE9F0410020EFF719F9114B114C1E6842
S2140350C8114B20881D68114B114FD3F8008010B17F
S2140350D83978EFF7E9FF00203870FFF793FEEFF70C
S2140350E823FC0EB14046B0473DB12088A8470023AD
S2140350F82380BDE8F0410BF0A7BFBDE8F08100BFF1
S2140351081C5500209A5C00201855002028550020BE
S2140351186F630020F8B52F48F0F7DCF82E4B1878A5
S21403512830BBEEF7D9FD2D4F06463B6803B32C4B31
S2140351382C4D1C6824B195F900301A461946A04729
S214035148294B1B6883B1294C2378312B0CD8284B61
S21403515818880BF085FB23785A1C22702A78C254C9
S21403516823785A1C2270C65480232B7000233B6076
S214035178204C23781A2B22D81F4A1278012A09D1E1
S21403518800211E4A156825FA03F0C007DAB20ED5C1
S21403519801B122700020EEF79FFD2178884212D1D4
S2140351A80022174B1A70FFF7BDFE40B9F8BD01334E
S2140351B8D8B21A284FF00101E5D90A442270BDE88F
S2140351C8F840FFF775BF0020EEF798FD0028E7D0F4
S2140351D8F5E700BF3C6C00206E63002024550020D2
S2140351E81455002069630020185500206F630020BB
S2140351F89A5C00206D630020516D0020285500201E
S2140352086B63002008B50B4B187880B90221EEF7BC
S21403521837FD094B1B782BB100214FF6FF72084662
S214035228EEF710FDBDE808400448FFF773BF0021FA
S2140352380846ECE76E6300206A6300203C6C002097
S21403524838B5144B0C461D78012D21D181B9084673
S214035258EEF742FD104A05FA00F013680F4923EAF1
S2140352680003136020462A46BDE838400BF0B2BA5E
S2140352780B4A13780133DBB2022B137004D9BDE84B
S21403528838400848FFF746BFFFF74CFE0028F6D11C
S21403529838BD00BF6E63002028550020950D040016
S2140352A86B6300203C6C002038B50C4605460BF0B3
S2140352B8F3FAA04203D82D2103480BF04AFE2846EA
S2140352C80BF0CEFA204438BDDFAD040070B50646B1
S2140352D80D460BF0C5FA044648B130460BF0DCFA27
S2140352E8A84203D8352102480BF033FE605D70BD33
S2140352F8DFAD040070B50C46064615460BF0CCFA2F
S214035308A04203D83E2104480BF023FE30460BF098
S214035318A7FA00B1055570BDDFAD04002DE9F043CB
S2140353281E46574B8FB01B780746033B012B0C468C
S21403533815469DF8588007D8F4F718FA20B1F0F701
S2140353481DF908B144F400544E4B1B7813B924F4E2
S2140353580074A4B2200509D546B9284604A9F0F76F
S2140353680DFD002846D024F40064A4B2ADF8184016
S214035378ADF81A5007F082FC434BADF81C00B8F1A1
S214035388000F02D01A78424501D293F800803F4AAC
S214035398E105137848BF0DF1210103F10103DBB2E0
S2140353A8137058BF08A922058DF81E808DF81F3084
S2140353B806D53368083141F8083C736841F8043C5D
S2140353C8E30407D5324A0831136841F8083C5368A2
S2140353D841F8043C0DF11808A1EB08005FFA80F9C0
S2140353E8002148460BF0B0FA064628B900200FB04D
S2140353F8BDE8F08304AEB9E70BF032FA41464A46F5
S214035408E8F75AF830460BF047FA804630460BF072
S21403541827FA0023024600934FF6FF7004235FFA29
S21403542888F107F03EFAADF80E000028DED040F209
S21403543801131C421AD14FF6F7739D4216D80BF088
S2140354482BFA0DF10E010446284600F0B5FDBDF80B
S2140354580E000BF021FAE4B2A04207D9BDF80E00FD
S21403546807F06CFA437843F004034370BDF80E0064
S2140354783A4601210BF040FABDF80E00B7E700BF25
S214035488906200208B620020066D00208D6200204B
S21403549815630020F0B50829D58889B028D00C29CB
S2140354A826D0AE0424D405F040030B43424C26789A
S2140354B816B105F0200423432FB2002FB8BF43F0DC
S2140354C88003032920D11223AC068DF80430937A7F
S2140354D810D48DF805300DF1060401A9621A0123CC
S2140354E892B2EFF74BFEB0FA80F0400909B0F0BD70
S2140354F80B46DBE732228DF805308DF80420002EA4
S214035508E9D00DF11304E8E70C298DF804300ABF37
S214035518138953798DF80530548805BF1B0A8DF80F
S21403552806308DF805300DF1070318BF0DF1060395
S2140355381C70240A5C70148802399C70240ADC7078
S214035548147901291C7111D8917A002F597131DA0F
S214035558022112899971DA71120A03F109041A727F
S214035568002EBAD0AB06B8D50534B6E7A9071AD4C1
S214035578002F0CDA117A51B1917A59711189127A7E
S21403558803F1080492B102229A71D971E8E70B4C29
S214035598217801F1010C84F800C091729C1D002F3C
S2140355A85971DDDAEAE7917A9C1DF8E70122090AC0
S2140355B89A71EAE79C1DD3E78B6200208C62002071
S2140355C8014B1880704700BF9C5C0020014B18886D
S2140355D8704700BF9C5C00202DE9F84307460BF094
S2140355E8B1FC05461B480BF028FE1B4B60B31C6832
S2140355F83C1B2C44A4B20022184BDFF868901B7897
S214035608174D03EB830399F8006005EB43055FFA30
S21403561882F846450AD9AB8805F10A00A34216D98B
S2140356280A23B21A29465A43E7F708FE013689F8C9
S2140356380060AC80B8F1000F03D1394605480BF07B
S214035648FBF92846BDE8F8833C461D60D3E70546C4
S2140356580132DCE75C6C00203055002070630020C4
S2140356683E590020716300201FB5154A154C137860
S214035678013BDBB213706168206801AA03C2218963
S2140356881180114A1278D21805D00A2320465A43A5
S214035698E118E7F7D3FD9DF806301B070DD0BDF8D4
S2140356A80C00FFF799FF03468288ADF8082001AA85
S2140356B803CA1288186059601A8104B010BD00BF67
S2140356C8706300203E59002071630020002108B54E
S2140356D8084B09481970094B1970094B1A7802EBDD
S2140356E882025200E7F758FDBDE808400548EFF781
S2140356F8F1BD00BF716300203E590020706300208F
S214035708126D00205C6C0020F8B50024084D094F84
S214035718094E3B783178E2B20B449A4204F101040D
S21403572800DBF8BD2846EFF7E5FA0A35F1E700BFD0
S2140357383E5900207163002070630020F8B51646B2
S2140357480C4B0D4A1B781278074613440B4A0D4632
S214035758127893420CD03046FFF73EFF0135068198
S2140357680780857004460BF0E8FBE0800120F8BD4F
S2140357780020FCE77063002071630020126D002090
S21403578810B5064C207828B10548F5F799FD10B1F1
S214035798034B188810BDFFF767FFF3E77063002015
S2140357A83E59002008B50A4A0346107860B1094AEC
S2140357B81088984209D121B99378103323F00F0340
S2140357C89370FFF751FF012008BD0020FCE700BFD8
S2140357D8706300203E5900202DE9F74F00260BF092
S2140357E8B1FBDFF8F890B24699F80070B3463A462C
S2140357F8DFF8EC801FFA80FEB8F800C0344CAEEB36
S2140358080C039BB201932378324D009303EB830377
S21403581805EB4303ACEB0E0C5FFA86FEBE4515D3C9
S214035828BAF1000F01D0009B2370BA422AD3002F87
S21403583837D00A222378C8F8000002FB0353264809
S214035848998803B0BDE8F04F0BF0F6B8B3F804E058
S21403585801998E4512D84FF0010A009993F802E091
S21403586801310EF1FF3EC9B2013AA3F804B083F83A
S21403587802E00091D2B20A330136CDE7E644A3F834
S21403588804E0F8E789F800204AB10A222378C8F822
S214035898000002FB0353104899880BF0CDF82378D1
S2140358A813B903B0BDE8F08FFFF76AFF0646002872
S2140358B8F5D006F064FF0146304607F014FE20B123
S2140358C800212888FFF76EFFE9E740F60241F8E76C
S2140358D8706300203E5900205C6C00207163002032
S2140358E8305500202DE9F04192F808801F4608F14C
S2140358F8FF33DBB2EF2B05460E46144688B00BD9AA
S21403590882238DF80E30314628469DF80E30204AFD
S214035918FBF774FA012037E00E22002104A8E7F704
S2140359283BFCB4F809308DF81180ADF81230E37AF1
S21403593803F07F02032A08D0012B24D103238DF812
S2140359481030A389ADF815300EE0032B14BF0223DD
S21403595801238DF81030E368CDF815302369CDF8A8
S2140359681930237D8DF81430A7F121014A420DF131
S2140359780E034A41009321460DF10F0304A8FAF7D4
S21403598893FD0028BFD1002008B0BDE8F08100BF12
S214035998776404002DE9F04F00241D7895B0CDE90F
S2140359A802010492234622460120CDE900544049C9
S2140359B809F09CF8ADF81E00F8B1A346264627461C
S2140359C80DF120090DF1380AE4F72CFA5FFA84F88A
S2140359D8404516D83A460221BDF81E00FFF78AFC52
S2140359E832460421BDF81E00FFF784FCDDE90310E8
S2140359F80022BDF81E30FBF701FA012015B0BDE8FA
S214035A08F08F4A4640460AA9FAF740FD9DF8282033
S214035A1822B12DB1013DEDB20137FFB20134D3E710
S214035A28BBF1000FF8D199E803009DF829308AE8FE
S214035A3803008DF84030BDF82A30032A8DF841302C
S214035A484FEA13238DF8423017BF032301238DF83B
S214035A5843309DF82C30DDF83110DDF82D0014BFE7
S214035A688DF84C308DF8433011AB03C302980CBF46
S214035A784FF00E084FF0150808F0FFF90590BDF82B
S214035A881E000AF009FF059900EB080399420BDB91
S214035A980123424651460DF11E00EFF76FFB00281F
S214035AA8ABD10136F6B2B7E74FF0010BB4E700BF48
S214035AB8B4AD040038B505460D4B0E481C88EFF701
S214035AC8F5FB012D0CD10C4B1C88FA21614358B108
S214035AD8884209D28408012C204638BF012038BDE5
S214035AE8022D08BF0224F0E702480AF0A5FFF2E7F2
S214035AF83A590020FC45002038590020012208B5F1
S214035B08054B06481A7000210AF096FFBDE80840C0
S214035B180020FFF7CFBF00BF5C620020FC450020D3
S214035B281E4B73B51A8802F108039BB2012B02D8E1
S214035B381B4B1B7823B902B0BDE87040EFF7CABB0E
S214035B480024184B184D1C70184B1C702B787BB10F
S214035B584FF6FC73164E009322462346214630889A
S214035B6808F0C9FB4FF6FD732C70338001200FE055
S214035B78104B10461978F4F719FF0028F6D10C4B8A
S214035B881A884FF6FD739A42F0D0012302202B7031
S214035B9802B0BDE87040FFF78DBF00BF3C59002038
S214035BA85C6200205F6200205D6200205E62002067
S214035BB83659002060620020012808B50AD002285A
S214035BC80CD020B9084B18700848EFF783FB4FF042
S214035BD8FF3008BDBDE80840FFF790BF0020BDE8CA
S214035BE80840FFF767BF00BF5C620020FC45002043
S214035BF802280CD859B1064A13780133DBB213705E
S214035C08044A12789A4202D80220FFF7D5BF704793
S214035C185E6200206162002038B5A0F61343012BAC
S214035C2804460D4615D80E4A13780133DBB21370B3
S214035C380C4A12789A420CD84FF6FD720A4B00208B
S214035C481988914201BF00221D80084B1A70FFF77E
S214035C5831FF29462046BDE8384004F084BE00BF1D
S214035C685F62002062620020365900205D620020D1
S214035C7800234FF6FD71054A1370054A1370054A4B
S214035C881180054A1370054A137070475F62002037
S214035C985E620020365900205D6200205C620020A8
S214035CA830B5094B02461B7833B1084B084C1978B4
S214035CB80023D8B2884201D3FF2004E0013334F826
S214035CC823509542F5D130BD116D00206462002043
S214035CD8165900200022FF21044B05481A70054B6D
S214035CE81970054B1A789200E7F756BA64620020D3
S214035CF81A59002063620020116D0020F7B58DF84D
S214035D0807100DF10701044602F0D2FD234B1D7858
S214035D18002D41D02046FFF7C3FF214EFF283178D8
S214035D28204B05D1204A107885422DD9451C15707D
S214035D38884219D01C4A1B4D92F800C00022D7B2DD
S214035D48BC450CD92F4697F803E00132864505F182
S214035D580405F4D102B203EB8202D278FA7002B2D7
S214035D6803EB8202D170307002B203EB820123F890
S214035D782240FF228A709DF80720FF2A02D003EBF1
S214035D888203987003B0F0BD0A46104603EB8202FE
S214035D98D278FF2AF9D1CBE7FF20F3E7116D00206D
S214035DA8636200201A590020646200202DE9F84334
S214035DB8FFF776FFFF28044669D04FF6FF72354F84
S214035DC803B2DFF8DC80344E27F8232098F8005017
S214035DD8A54202D10020BDE8F883337820B28100BB
S214035DE8A34207EB800090F803E010D00023294A6B
S214035DF85FFA83F94D45944606D99CF80390013318
S214035E08A14502F10402F3D18CF803E001E086F819
S214035E1800E0013DEDB22A1BD2B2043192003944A8
S214035E28E7F70CFA88F800503378FF2B04D0A34220
S214035E3824BF03F1FF33337000214FF6FF70154B71
S214035E48CAB2AA420CD300234FF6FF71134ADCB238
S214035E58AC42BBD2013332F823008842F7D1B5E708
S214035E689A78A2420BD11880DA78FF2A04D0A24285
S214035E7824BF02F1FF32DA7001310433E0E7FF2A68
S214035E88F2D0A24224BF02F1FF329A70ECE72D202B
S214035E98A1E700BF1A5900206362002016590020A4
S214035EA864620020F8B51C4B05461B78084673B396
S214035EB8FFF7F6FEFF28044629D02846FFF7F0FE2C
S214035EC8FF2806D0154B164E1A780023D9B29142EE
S214035ED818D3FF212846FFF711FFFF28014616D0DF
S214035EE80546104F23B207EB830237F8230096784C
S214035EF8FFF704FFA84208BFFF25FF2E214608D157
S214035F082846F8BD013316F823108142DED1FF2553
S214035F18F6E73446E6E700BF116D0020646200200A
S214035F28185900201A5900202DE9F04180460E46DC
S214035F381F46002386B001A814469DF830508DF8F6
S214035F480330FCF74BF8ADF804802EB13368CDF870
S214035F5806307368CDF80A3038460AF081FC0DF12E
S214035F6803034219214601A804F009FD9DF80330EE
S214035F7893B931464046E4F777F90E4B1B785BB185
S214035F880B2C09D8FF214046FFF7B8FE064605EB5B
S214035F984404E4B2A54202D106B0BDE8F08129461E
S214035FA8384608F046FD3146FFF7A8FE0235064692
S214035FB8EDB2EFE7116D002000232DE9F3470DF14D
S214035FC807028DF8073004460E4602F05CFC9DF87F
S214035FD80730054663B92046FFF762FE04465EB1FE
S214035FE830880AF059FC5FFA80F8FF2C45D1002563
S214035FF8284602B0BDE8F087B046F6E701320C2A19
S214036008F5D02DB207EB8505AD78FF2DF6D112F046
S214036018FF0AECD04FEA4A050235EDB2002EE7D068
S214036028304605EB080108F0C9FC0028DFD15246C4
S21403603841463088FFF75EF90AF1FF3208F101019D
S21403604808F102093088D2B2C9B25FFA89F9FFF7B4
S21403605851F924B207EB8404A478FF2CC8D023B2E2
S214036068494637F82320308808F0F3FC0028BED1C9
S21403607809F102095FFA89F9EBE725460022014F81
S214036088BFE700BF1A590020FF2818BF064B10B5F4
S2140360981BBF03EB800433F820302D200B801EBF74
S2140360A8A3780020137010BD1A59002008B5D1F73D
S2140360B8BBFCD1F7B1F800F022FAD2F7AFFCBDE883
S2140360C80840D0F763BE10B5044601880120D1F70F
S2140360D86BFDE3880BB9C823E38010BD37B50446C8
S2140360E8D1F770FD658885420ED8A188E28881427B
S2140360F805D3431B5343491BB3FBF1F39AB280B250
S21403610840EA024003B030BD0022F8E770B50C46FB
S214036118088800F04BF994F84430054683420FD0BC
S21403612804F11C06304600F07CF984F8445000F06D
S2140361387CF9618BA0643046BDE8704000F06CB90A
S21403614870BD38B5044690F844108378826CCB1A31
S21403615859425941D0F780FEE37893B1257985B93A
S21403616800F063F90346A268218A04F11C009C1A0E
S2140361788C4236BF52182946D11ABDE8384000F07B
S2140361884BB938BD09B100F0FDB800F005B938B50C
S2140361988388044603B3E3780088A17804F10C05E2
S2140361A8A3B10023B1FA81F1E3704909FFF7EAFFC7
S2140361B84FF6FF72A388218993421CBF03F1FF336E
S2140361C8A3802846BDE8384000F026B90123E370CB
S2140361D8FFF7D8FFE188F4E738BD10B504468178A1
S2140361E80088FFF7CFFF0123E3700023A38010BDC9
S2140361F810B581780446B1FA81F100884909FFF79A
S214036208C1FF0023E370A38010BDFFF7F1BF70B58D
S2140362180446054600262B4655F8040B10B11B1BEF
S2140362280C2B00DD70BD237C8680002BF3D0637CAB
S21403623813B1FFF7D2FFEEE7FFF7DAFFEBE7FFF757
S214036248E6BF70B5044605464FF6FF762B4655F867
S214036258040B10B11B1B0C2B00DD70BD8388B342E7
S214036268F4D04FF4FA724FF6FF731146D0F748FE90
S214036278ECE709B100F086B800F08EB810B504460E
S214036288C0600830D1F702FE21792088B1FA81F17F
S2140362984909FFF7EEFFA37943B121796088B1FA7C
S2140362A881F1BDE810404909FFF7E3BF10BD00F0D0
S2140362B8A9B80346184613F8012B8A4201D0002AC8
S2140362C8F8D1704710B53B2104460068FFF7F1FF85
S2140362D80022034603F8012B2068236010BD10B57F
S2140362E840B1421E0A24002012F8013F303BD9B2BF
S2140362F8092900D910BD04FB0030F5E708B500F0FE
S2140363087EF808B540F2BA4200211020D1F7C8FB40
S21403631841F2E823584340F6FF7300F2FF70B0FBE0
S214036328F3F080B208BD50F80C3C23B150F8041CB7
S21403633830F80E0C18477047084619B1FF2110307D
S21403634802F09EB9704773B505460E466DBA1446F5
S214036358D1F7D2FCADF804507EB1012C04D0032C3F
S21403636809D00022012101E02246022101A8D3F721
S21403637815FC02B070BD0022F7E7042132460DEB88
S2140363880100F4E707B540BAADF8040001A8D3F74F
S21403639839FC03B05DF804FB07B540BAADF8040052
S2140363A801A8D3F75BFC03B05DF804FB002307B52D
S2140363B840BAADF804000DF1030101A88DF80330C7
S2140363C8D3F778FC9DF8030003B05DF804FB007868
S2140363D800F0DF03552B07D0642807D0663818BFAC
S2140363E84FF0FF30C0B27047012070470320704754
S2140363F818B12D280CBF012002207047704708B536
S21403640801F030FD08B500F06FF8BDE8084004F069
S2140364187CBA50E9023018470A460830FF2102F0D2
S21403642826B9FF21083002F033B908B50AF0E9FDAA
S214036438BDE8084009F0C8BA2DE9F041044600272C
S2140364484FF00C0E8F4202DB0020BDE8F081207867
S214036458904204D1002594F80780454502DB0137AE
S2140364680C34EFE70EFB05F6D4F808C00CEB060071
S2140364783CF806609E42E8D00135EEE7F0B585B0F5
S21403648805460E461746D1F757FD0446A0B13146D2
S2140364982846D1F709FD83783A46002BA368314688
S2140364A80293A378284601934FF0000300930CBF8A
S2140364B880234023E0F7ECF805B0F0BD08B5128852
S2140364C8D1F73AFD50B10279BDF80C309A4207D895
S2140364D881680298E6F7B2FE002008BD8620FCE72E
S2140364E88920FAE7D1F726BE002004F092BA08B549
S2140364F804F0FFFA002814BF0320002008BD7047E5
S21403650808B501F099FFFFF7D1FDD1F77FFE6420A8
S21403651803F048FE642003F044FE01F08FFFD0F733
S21403652861FC08F07BFEF8E7F8B5D0E90176437B13
S21403653804460D4613B133463E461F46FFF775FF1E
S214036548012D206438460ED1D0F740FD3046D0F7EB
S21403655861FD257360784FF47F42BDE8F8404FF439
S2140365688171FFF78BBF022D05D1D0F753FD304657
S214036578D0F72CFDEDE7D0F74DFD3046D0F74AFDB2
S2140365880025E6E738B5037B04468B420D4607D15C
S21403659890F844305BB3BDE838404830FFF741BF56
S2140365A8FFF743FF216C431AC72B0CD80123C831C6
S2140365B884F8455084F84430091A04F14800BDE8C5
S2140365C83840FFF729BF0DB1237B2BB92946204650
S2140365D8BDE83840FFF7A8BF00212046FFF7A4FF11
S2140365E80123C82184F8455084F84430E5E738BDCC
S2140365F890F84510FFF7C6BF0121FFF7C3BF022176
S214036608FFF7C0BF0021FFF7BDBF4FF601739942DE
S21403661810B5044602D10021FFF7B4FF2046BDE8B3
S2140366281040D1F795BF032910B504462BD0007B3D
S21403663830B9012903D002290CBF0120FF2010BD61
S214036648032A07D8DFE802F00208101401291CD031
S21403665802291FD0FF20F2E70029FBD1B4F85C20FB
S214036668012A12D0022AF4E704290ED00529F0E7F6
S214036678042914D0052914D00029EBD1B4F85C20DA
S214036688111F0129ECD80220D9E75A1E5342534159
S2140366985800D4E7022B0CBF02200120CFE70020C6
S2140366A8CDE70120CBE730B587B005460C46D1F7D2
S2140366B82FFD012820D11CB1611E4B424B415800C7
S2140366C86B784FF480728DF804304FF48273ADF80C
S2140366D806304FF48173ADF8083001238DF80B307C
S2140366E8002385F8900001A8CDE903238DF80A4016
S2140366F88DF81430D1F744FD07B030BD4168034622
S214036708C978027B99B98168C97899B9002A08BFFC
S2140367180321D1F7E1BF9B7B002B0CBF012102218C
S214036728F7E79B7B002B0CBF02210121F1E7012A27
S214036738F1D17047012AF4D17047042910B50446ED
S21403674804D831B1BDE81040D2F74AB805290DD0B0
S21403675810BD037B5522002B08BF0321A0F85C104D
S21403676840781221FFF78AFE2046EBE743681A8A29
S21403677883681A82E6E701230373037801334373B6
S2140367884FF44073C381032303740023A0F85C30DB
S21403679880F89030704710B50446806BD8B1E2781D
S2140367A8022A04D0636B5B7972B984F83C3094F898
S2140367B83C306BB1FFF711FD60784FF60272BDE807
S2140367C810400621FFF75ABEB3FA83F35B09ECE7DA
S2140367D8FFF70EFDF0E710BD10B50446406BD0F783
S2140367E8F5FB2046BDE81040FFF7D5BF10B50446B5
S2140367F8406BD0F70FFC2046BDE81040FFF7CBBF31
S21403680810B50446406BD0F72BFC2046BDE8104075
S214036818FFF7C1BF10B50446002206214078FFF7EC
S2140368282DFEA378022B01D0FF2B04D12046BDE80A
S2140368381040D2F773B910BD4FF60273994210B5DC
S214036848044601D1FFF7A7FFE378022B02D02046C0
S214036858FFF7A1FF2046BDE81040D2F75FB910B591
S214036868D0F8A4407CB103791BB14079D2F716FA65
S21403687848B9A3883BB932222046BDE81040012315
S2140368881146D0F73DBB10BD10B50446FFF7E7FF2A
S214036898A278237982B913B12046D2F725FA20467F
S2140368A8D2F762FA03236078A4F86C305522BDE861
S2140368B810401221FFF7E2BD012B02D12046D2F782
S2140368C813FAA379012B02D12046D2F74DFA0123F6
S2140368D8E9E710B583780446ABB9FFF7C0FFA3789A
S2140368E88BB9237913B12046D2F71EFA2046D2F77E
S2140368F87FFA04236078A4F86C305522BDE810406C
S2140369081221FFF7BBBDB4F86C30022B0DD02379E8
S214036918032B02D12046D2F7E7F9A379032B02D13A
S2140369282046D2F721FA0023E4E72046D2F7A2FA54
S214036938F9E7827883685AB9DB78002B14BF0323F8
S2140369480423A0F86C30552212214078FFF796BD31
S2140369581A7922B9DB78003B18BF0123F1E7022333
S214036968EFE77FB500239E6A0446B6F5C04F0D468B
S2140369780CD201A8D2F72AFC039B5B0506D5294649
S2140369882046336C04B0BDE87040184704B070BDA9
S21403699800239B6AB3F5C04F05D21B6BB3F5C04FF4
S2140369A801D29B6818474FF4817070471FB50023C0
S2140369B89A6AB2F5C04F04D340F2011005B05DF8E9
S2140369C804FB126BB2F5C04FF6D2012201A8CDE93B
S2140369D802338DF80420D2F7F9FB039BDB03EBD5D0
S2140369E8029B1A0EE8D0012A03D1C3F307430A2BE6
S2140369F8E2D900239B6A1B6B1B6C9847DEE70023D0
S214036A080360704703680B600160704710B538B1C0
S214036A1832B129B100230139D45C14B900230370B9
S214036A2810BD8B42FAD200F8014B0133F4E7034654
S214036A3838B10020814204D01A5C02B9704701308D
S214036A48F8E770474FF0FF31FFF7F1BF70B50C4614
S214036A581646054660B15AB151B1FFF7F3FF8442B3
S214036A6806D9211A32462844BDE87040FFF7CEBF40
S214036A7870BDFEE7FEE700239A4200D1704710B5C3
S214036A8850F8234041F8234001339A42F8D110BD09
S214036A98D3F768B84369426CD91C143AB1FBF2F1D0
S214036AA803EBC1000330B0FBF2F00230704738B591
S214036AB805460C46FFF7EEFF6A6CE31D143AB3FB74
S214036AC8F2F3013304EBC30402FB004038BD38B5C8
S214036AD8054644692146FFF7EAFF6A6CE31D143A44
S214036AE8B3FBF2F3013304EBC304204438BDF7B514
S214036AF807460E4600257C6CA819644280EA0603FE
S214036B081C4003D02C46204603B0F0BDFB6B012285
S214036B185B6901A99847019B0133F4D10435EAE779
S214036B2870B505460C46D4F7F7FDEB6B2046BDE873
S214036B387040DB68184770B50025044686B00562C2
S214036B48E369AB4202D8206A06B070BD666C20685B
S214036B58E36B05225B6901A906FB0500984701A8B4
S214036B6800F023FC00F046FC10B1236A01332362CD
S214036B780135E5E738B50446456C006804F140037B
S214036B8805FB0101E06B00F042FC05462046FFF7D3
S214036B98D2FF284638BDF0B50546002687B0EC690F
S214036BA8013CB44203D80C46204607B0F0BD01B1F9
S214036BB84C1E6F6C2868EB6B05225B6901A907FB03
S214036BC80400984701A800F0F0FB00F013FC002827
S214036BD8EAD121460136E2E7F0B504460D46466C8F
S214036BE8E36B006887B005225B6901A906FB05000D
S214036BF8984701A800F0D9FB00F0FCFB20B101A8D8
S214036C0800F0AAFB07B0F0BD29462046FFF7C3FFEE
S214036C180646676C2068E36B05225B6901A907FBD8
S214036C280600984701A800F097FB431CEAD0B54234
S214036C3838BF0130E6E72DE9F0434FF6FF79D0F881
S214036C48248004460E46C84514BF4546002500273B
S214036C5887B0E369BB4202D807B0BDE8F083E26BAE
S214036C682368606CD2F814C000FB0530052201A91E
S214036C78E04701A800F099FB022806D0C8450CD1C6
S214036C88721C29462046FFF775FFE3690135B5FBF5
S214036C98F3F2013703FB1255DBE729462046FFF7D5
S214036CA89BFFB0F1FF3F14BF024632460132E8E7C6
S214036CB80368F0B5CC1A436C0646B4FBF3F4002518
S214036CC887B0F36937685A1E9542706C08D3706CA0
S214036CD8336800FB043007B0BDE8F04000F095BB0E
S214036CE80134B4FBF3F203FB1244F36B05225B692E
S214036CF801A900FB0470984701A800F056FB00F0B2
S214036D0879FB0028E3D10135DBE710B423F003044D
S214036D1822449B070A44436C18BF04325B4281EA49
S214036D280204234203D05DF8044BFFF7C1BF1046A5
S214036D385DF8044B70472DE9F041D0E90A369E42C8
S214036D48044686B028D11422C369456802FB135546
S214036D58284606B0BDE8F0812068676C331AB3FB93
S214036D68F7F3E26B07FB0300D2F8148001A90522A8
S214036D78C04701A800F019FB012804D0636C1D4422
S214036D88013B3340ED1A31462046FFF791FF06468E
S214036D98A36AB342E0D1DBE70025F9E708B5083074
S214036DA81346D1E90012D4F73DFC012008BD13B5FC
S214036DB80C46002121760093616813462246D3F7D2
S214036DC82BF818B1E37D03B1A07EA075A07D02B0B1
S214036DD810BD73B5164600F108050C462846096823
S214036DE80DF1070200F098F9032E06D16368834273
S214036DF803D12846216800F076F9012002B070BD59
S214036E08D01E009B42424241187E824211D11A6824
S214036E188A420ED85A688A420BD35A6901325A6193
S214036E28D3E9030282423FBF986840F82210013232
S214036E381A610120704710B5032A029C07D1A26A7B
S214036E485340626C5242134201D100F04CF90120C0
S214036E5810BD08B5C36800209847BDE80840D4F7B6
S214036E6863BC012814BF0420022070B500244243E3
S214036E781C70CC7D101D02F002024CB91AB1012217
S214036E8820F003001A7000F108034868184470BD20
S214036E981AB1012220F003001A7000230C7E01F1B8
S214036EA82005DAB2A24201D30020F0E735F83320F2
S214036EB85E1C824206D901EBC30300F10802D869B7
S214036EC81044E4E73346801AEBE773B5054690F8B3
S214036ED842601C4630460DF10303FFF7C2FFEB6B17
S214036EE8012E5B690DD1324601A998479DF80330F8
S214036EF813B1BDF806300193BDF80430236002B021
S214036F0870BD0122214602B0BDE870401847F0B5AF
S214036F18054600244868EB6B87B00E4601225B697A
S214036F28029402A908309847274695F84230012B61
S214036F3840F0AC80632C00F2AB80612C08D805AB1C
S214036F48224631462846FFF7C0FF9DF814305BB348
S214036F5805AB2246314628468DF81070FFF7B5FF75
S214036F6895F84230012B059B7FD14FF6FF7293426B
S214036F7856D0082205A904A800F063FA059B9DF8D5
S214036F881010C3F3072291424AD1DBB2029A1A447D
S214036F98029245E0DCD005AB224631462846FFF789
S214036FA894FFBDF81430D2E795F84230012B39D157
S214036FB8612C2ED822463146284603ABFFF785FFB9
S214036FC83146284604AB621CFFF77FFF3146284646
S214036FD805ABA21CFFF779FF102208230DEB02016D
S214036FE80DF107008DF8073000F02BFA102205A9DB
S214036FF80DF1070000F025FA039BDAB24AB99DF8AB
S2140370080720B2EB132F04D1DDE9043203EB024366
S214037018029395F84230012B14BF012302231C4424
S214037028013482E7302CF4D822463146284603AB8F
S214037038FFF74BFF3146284604AB621CFFF745FFB4
S214037048102320220DEB03010DF107008DF80730FE
S21403705800F0F7F9039B9AB2002ADAD19DF80720C5
S214037068B2EB134FD5D1049BD2E70133D8D0102205
S21403707805A90DEB020000F0E4F9059B9DF8101036
S214037088C3F307429142CBD19BB27FE7312C81D918
S214037098029807B0F0BD13B500240194049C00942D
S2140370A8D3F796FB02B010BD13B501240194049CD4
S2140370B80094D3F78DFB02B010BD00234FF0FF32C8
S2140370C830B544689C4202D10023037230BD016880
S2140370D801EBC30541F833206A600133F2E7C0E9E0
S2140370E80012FFF7EABF0023F0B545689D4210D0AB
S2140370F80468DF0054F8332004EBC306B2F1FF3FFD
S21403710808D0C2F31302914204D14FF0FF33E35180
S2140371187360F0BD0133E9E70023F0B545689D4287
S21403712802D14FF0FF300EE00468DE0054F8334017
S214037138671C09D0C4F31307B94205D1240D14708C
S214037148036833445868F0BD0133E8E7704770B501
S2140371589400224605460E460AF01EF9431C0AD03A
S21403716858B9224631462846E6F762FB002814BF7C
S2140371783D20002070BD6E20FCE77120FAE713B5AA
S214037188044601A8D5F760FD9DF8063023804FF422
S21403719880736380D5F772FD6060002002B010BD6F
S2140371A8D5F7D2BC08B5D5F7BFFC002008BD10B587
S2140371B8044644EA010313F00303084609D193423D
S2140371C801D1002010BD54F8231040F823100133D2
S2140371D8F5E721469200E6F76FF9F2E710B504469D
S2140371E80AF0DEF8431C10D088B9D5F747FD2346C6
S2140371F820F003002044984201D1002010BD53F824
S214037208042B0132F7D03E20F8E76E20F6E771200C
S214037218F4E7704713B50023044601461B220DF115
S21403722807008DF8073000F00CF922689DF8073040
S214037238B3EBD26F0CBF0120002002B010BD13B50C
S21403724800230446014620220DF107008DF8073077
S21403725800F0F7F80DF107001A22211D00F0F1F8E7
S21403726862689DF80730B3EB926F0CBF01200020CD
S21403727802B010BD0068431C584258417047006866
S21403728810F07E0F0CBFC0F3C16000207047006883
S214037298C0F3D3107047006800F07F0001288CBF46
S2140372A8002001207047036813F07E0F14BF0420E4
S2140372B808207047036813F07E0F03D1406820F058
S2140372C87C40704713F078001CBF03F07F03D81F79
S2140372D87047006800F07F007047032809D002282B
S2140372E803D1C1F10201C8B2704700290CBF0720B9
S2140372F80020704737B5054601F10C044369694613
S214037308012220469847BDF8003001220193204603
S214037318AB6901A9984703B030BD37B501F10C0432
S2140373284369012269460546204698474FF6FF7289
S214037338009B99B291420DD16FF30F0343F4254393
S21403734843F0A503019301222046AB6901A9984798
S21403735803B030BD0020FBE737B5044600251B22E3
S214037368011D0DF107008DF8075000F06AF86068F4
S2140373789DF80720B2EBD06F03D120F0784003B016
S21403738830BD0DF107001B2204F108018DF80750E4
S21403739800F057F8A0689DF80730B3EBD06F01D11B
S2140373A8C043EAE74FF0FF30E9E74BF29A22036857
S2140373B810B5B2EB134F044613D19BB2012B13D16E
S2140373C8FFF7CAFF01300CD04FF6FF72E068B2EB46
S2140373D8104F4FEA104309D180B2C01A18BF0120D4
S2140373E810BD2368013303D00420F9E70220F7E72A
S2140373F80320F5E701288CBF0020012070470338D7
S21403740801288CBF002001207047143070472DE9EF
S214037418F04105469846036908460E4617469847B8
S214037428044638B943463A4631462846D4F7ECF973
S214037438044618B131462846FFF75CFF2046BDE8E8
S214037448F0811F2A0B689EBF4FF0FF3191408B4394
S214037458590801F055315B1A03F033319B0803F0E2
S21403746833330B44017803EB13130A444FF001310B
S21403747803F00F334B43A2EB13620270704708B551
S21403748807F098FDBDE808400021D4F7BBBB0029E8
S214037498CCBF01210021D4F7B5BB02214FF42070DD
S2140374A8D4F786BE704770470020D4F721BF012063
S2140374B8D4F71EBF704770B5054614460E4609F046
S2140374C8B4FC2B685C4034405C402C60BDE87040DC
S2140374D809F0A6BC4369DB01FCD4012300F5005080
S2140374E843607047022A10B54FF0000405D9033AE3
S2140374F8022A0CD90360047110BD11F4000218BFE8
S2140375084FF07F4221F07F4313430C0EF2E721F03E
S214037518FF03CCB2EEE730B4012500F58053446888
S2140375285D60CB784D785B0443EA05230D7889784C
S2140375382B43090401F480310B43C0F89830E30762
S21403754802D430BCFFF7C6BF30BC704738B50C460C
S2140375580546FFF7BFFF23781146627803F0070353
S21403756843EAC203E278284643EA0223A2781201D2
S21403757802F0300213432B67EB6AA27923F48B33AA
S21403758823F4807343EA02432279120202F4E06288
S21403759813436279120302F480521343EB62FFF734
S2140375A8BAFF012305F580525360E27902B1EB6016
S2140375B838BD08B50A6FC96F02F00702FFF792FFD6
S2140375C808BD4FF050234FF400321A6770474FF048
S2140375D8B0435A6812B19A6A002AFAD1704770B54E
S2140375E8054614460E4609F020FC2B685C403440DA
S2140375F85C402C60BDE8704009F012BC012241785B
S21403760803788A4030214B4342F2100103F1A0432A
S21403761803F570335A50704721FA00F2D20730B593
S214037628034600F0FC040FD500220132D2B2042A26
S21403763802D14FF0FF3008E0831803F00303234416
S21403764821FA03F5ED07F0D4184630BD002070473D
S21403765800207047002070470020704701207047BD
S214037668012070470F207047E6F704BC00207047D8
S214037678FFF7FCBF002070477047002070470020C4
S2140376887047C3681944836853F8210030F8023BEF
S21403769813607047012310B580F8883003780446D2
S2140376A853B100F061FA21462046D5F74BFE204633
S2140376B8BDE8104000F04DBA10BD38B50D46044677
S2140376C8D5F728FE6B682046C4F8B032A96800F0E0
S2140376D896F94FF0FF332046C4F8B432FFF7CDFFD0
S2140376E838BDD0F8B43210B50133044601D00020B3
S2140376F810BD00F0BCFAC4F8B4020130F7D194F810
S214037708B80280F00100F3E708B5D5F73FFE08BDD9
S2140377180A7801382D2A0ABF012200228918D5F7CC
S21403772891BE07281BD8DFE800F0060A0D101315CC
S21403773804170120704700220820D5F783BE0022CD
S2140377481020FAE700222020F7E70820FFF7E0BF1B
S2140377581020FBE72020F9E70846D5F7D5BE00201A
S21403776870472DE9F74307280C46DDE90A76904665
S2140377781D4608D8013806280AD8DFE800F01D2772
S214037788303A44574A00212850D003B0BDE8F08366
S214037798002220461146E5F7CBFC3368C0B205EB5A
S2140377A883013A6845F82300013348F8221033600A
S2140377B83B6801333B60E8E7002220461146E5F7BD
S2140377C8B7FC336880B205EB8301EAE7002220465C
S2140377D81146E5F7ADFC336805EB8301E1E70022C4
S2140377E820461146E5F752FE336840B205EB83019F
S2140377F8D7E7002220461146E5F748FE336800B26D
S21403780805EB8301CDE7002220461146E5F73EFE49
S214037818E1E7002389461E461D468DF8063019F80B
S214037828013F7D2B06D125702D0A65703B6848F805
S2140378382340BDE7202BF2D006F00102013612B929
S2140378488DF80430EBE71022002101A88DF80530E7
S214037858E5F71CFE631901359870ADB2DFE72DE92D
S214037868F04F9B46002385B08B4581468846924653
S214037878CDE902336BDC1A461E4619F80340212C61
S21403788809D81F2C04D8103C072C98BF012200E007
S21403789801260133F1E7FF2CFBD15B4436B1013BEC
S2140378A843450ADD2B2005B0BDE8F08F62B1013BE6
S2140378B84345F7DC3546374602E000252F462E4675
S2140378C8454504DB0020EEE79845F3D0EAE75D4537
S2140378D83BDB19F80730202B18D109EB07035B7835
S2140378E8FF2BDFD1CEB920465AF82510FFF719FF2C
S2140378F878B303AB019302AB00932046DDE90E236E
S2140379085AF82510FFF72DFF0135D9E7212B0ED19D
S21403791809EB07035B78FF2BC4D1029B5AF8252093
S2140379280E99012641F8232001330293ECE7A3F1CD
S2140379381004072C02D91C460137D3E709EB0703C3
S2140379485B78FF2BAED1E4B2CCE70624CAE7212046
S214037958A9E72620A7E72DE9F04F07460E46154662
S2140379689846044685B0DDF84490DDE90FAB2068F9
S21403797808B3DAF80020D8F800108A421BDA0E9B00
S21403798853F82210D2F722F848BBDAF8002001325F
S214037998CAF800206268117BFE291BD10E9B10686B
S2140379A8012100932A464346CDE902B9CDF804A03F
S2140379B8FFF7D1FF04462B7843B999F800302BB963
S2140379C87EB101233C4689F800302B70204605B06B
S2140379D8BDE8F08F01238BF800302B70EBE70C34EF
S2140379E8C5E73446F2E710B50446236803B910BD65
S2140379F8237A13B92046D5F7BDFD0C34F5E710B541
S214037A0841B10A7932B901249C300C71FEF7FAFFAA
S214037A18204610BD0020FCE72DE9F041BAB0054624
S214037A280AAA084603A900F05FF90446B0B90DF19F
S214037A380A0301930DF10B038DF80A0000930AAAB3
S214037A48284604AB03A9D5F745FF9DF80A20B2B12B
S214037A589DF80B2048B12AB1D5F78CFD20463AB0DD
S214037A68BDE8F081FFF7BFFFF8E7D5F89C50002D77
S214037A78F4D0A86808B1FFF7B6FF2D68F7E700B398
S214037A8846681AAB06F10C082AAF01934046049BD6
S214037A98039900970AAAFFF7E2FE04460028DDD1F9
S214037AA8039B05A8CDE90637049B0595CDE9083859
S214037AB8D7F700FA05A83368984705A800F03FFDEE
S214037AC8CCE72D24CAE710B50446AC30E5F760FAD0
S214037AD804F1AB031A180020934200D110BD13F823
S214037AE8011F0029FAD00A2908BF0130F4E700234A
S214037AF8F0B50B6013600646D0F8AC0278B196F87A
S214037B08AC0060B1012406F1AC07D6F8AC02844297
S214037B1810D306F1AC00B3F5007F10D30120F0BDF7
S214037B280D6801350D60156801351560F85C01337D
S214037B380A2802D0B3F5007FF2D30134E5E7C15C27
S214037B480A29EBD00029E9D0116801330131116005
S214037B58E1E710B50021D0F88C200446E5F71CFBB6
S214037B680023C4E9243310BD73B5044600F1AC05FD
S214037B7880212046FEF75BFF4FF400710646284631
S214037B88FEF755FF0136C0F50070864220461FD81B
S214037B98E5F7FEF906462846E5F7FAF901362946D3
S214037BA8421CA819E5F74AFB2046E5F7F1F92146F2
S214037BB802462846E5F780FC2046E5F7E9F90A2356
S214037BC8204480F8AC300023C4F8AC3202B070BD51
S214037BD8FFF779FF01AAC4F8AC0269462046FFF707
S214037BE886FF0022009B234483F8AC20C0E773B5C6
S214037BF80D460446FFF767FF6B1C19D1D4F8AC3261
S214037C0813B1013BC4F8AC3200252046E5F7C0F9AA
S214037C18A84215D82046FFF79CFFD4F8AC322BB100
S214037C286946204601AAFFF762FFA0B902B070BDF5
S214037C38012DFBD1D4F8AC328342F7D20133E1E706
S214037C48082000F023F8202000F020F8082000F091
S214037C581DF80135D9E7009D04F1AC06019BAB423C
S214037C68E4D9715D2046D5F763FF0135F6E707B516
S214037C7800200DF1070100F0E7F820B99DF807008A
S214037C8803B05DF804FB4FF0FF30F9E710B5C1B257
S214037C980446002000F0C8F800280CBF20464FF022
S214037CA8FF3010BD0FB407B504AA52F8041B002012
S214037CB80192D6F7E1F8002003B05DF804EB04B0B0
S214037CC8704710B54C1C0B460119045D222C03D0D3
S214037CD87B2C01D05C2C05D1D21A1844E5F7AEFAF2
S214037CE8012010BD0020FCE72DE9F0470546914624
S214037CF88846E5F74DF92A460646134619780132AB
S214037D082029FAD0C9F800305C1B01236FF0404ADB
S214037D18C8F80030A64201D8002014E02F5D2919C0
S214037D287B2F12D0222F2ED1D8F80030621C534452
S214037D382A4449F82320012C09D911F8013C13F0E9
S214037D48DF0F04D02120BDE8F0877D27F3E7013451
S214037D582B5DBB4209D12B195B7813F0DF03F1D1F6
S214037D68222F00D12B550134D4E75C2B07D132469A
S214037D7821462846FFF7A5FF0028E3D0013E013435
S214037D88A642E5D8DEE75C2F08D1324621462846C8
S214037D98FFF797FF0028D5D0013EE4E7202FE2D16E
S214037DA80022631CB3420A70DDD2EA18EB5C202B70
S214037DB8D9D0D8F800300F2B05DC49F82320013337
S214037DC8C8F80030CFE71E20BDE700F000B8002053
S214037DD87047D1F7E9BD70B50C46154610B9D6F706
S214037DE83FF838B143682BB12A462146BDE87040B0
S214037DF800681847232070BDF7B50D4616461C467F
S214037E0838B9D6F72DF804B901AC20B9232003B046
S214037E18F0BD03B901ACC768002FF7D02346324636
S214037E2829460068B847F2E707B501228DF8071018
S214037E380DF10701FFF7CFFF03B05DF804FB0B4610
S214037E4801461846FFF7F0BF00230122FFF7D4BF09
S214037E5808B509F077F8FA23B0FBF3F080B208BD4B
S214037E680420704740F20160D6F7F0B87047012047
S214037E7870470020704749BA89B280EA0103C3F302
S214037E8803125340180380B258405B0103F4FF53B0
S214037E985840704708B5D6F7DBFC58B1A0F159032C
S214037EA8042B06D8042B04D8DFE803F004040403E1
S214037EB804005C2008BDD6F70DBE7047F8B50C461F
S214037EC88D18073552421540A5F108070646384669
S214037ED800F0DFF9A188381B628801EBE00189B25C
S214037EE8A2EBE00225F8041C25F8062CA288C3108A
S214037EF8AAB1A4EBC202B2F802C0D18003EB0C010C
S214037F085180E28892B1D31A9BB204EBC20425F8D7
S214037F18023CA380B3680344B3603846F8BD15F83B
S214037F28082C42F0020205F8082CEAE725F8022C8A
S214037F38F0E72DE9F04F4FF0000887B09946531C39
S214037F48109B0546174614BF14460824CDF814801C
S214037F58002B00F0C580C3F80080002900F0C2801B
S214037F6842688A4240F2BE80073121F0070608F0CD
S214037F7869FF05AACDE9008282463A464B46314652
S214037F88284600F08AF9059F834607B130B950465C
S214037F9808F053FF192007B0BDE8F08FB7F8028042
S214037FA829694FEAC802C0EBC8080139B8F1270F98
S214037FB829617AD9B9F1000F51D1864206F108082A
S214037FC848D0224639462846FFF778FF04460590E8
S214037FD8059B9844404600F05CF9059906F10F00A6
S214037FE84A88C308A2EBD002A8F80220CA88A8F8D1
S214037FF80430002A30D0D31A9BB201EBC202A8F889
S214038008063093808B88F608A380B8F804303A467F
S214038018E380414600232846668000F0A6F9AB684D
S2140380280833AB60237843F0010323702B690133CD
S2140380382B616288AB68504603EBC203EA68AB6001
S214038048934288BFEB6008F0F8FE109B08340020C4
S2140380581C60A0E73C46BBE7A8F80620D2E707EB78
S21403806808042046039200F014F90BF10703DB0813
S2140380780599638008F10703DB08A380CB8893B1CF
S214038088DB00039AD81D821A5A44C2F3CF020B4464
S214038098E2809A80A38808F1FF384FEAD808A1F847
S2140380A80280CB80BBE7E380F4E7B9F1010F1BD16D
S2140380B807F10803B3FBF4F204FB1233B3B1224609
S2140380C839462846FFF7FAFE044623783A4643F02D
S2140380D80103237021460123284600F046F9A8E742
S2140380E8222058E7212056E78642E8D13C46ECE7AB
S2140380F807B500224FF0FF3101AB0192D6F72AF9F4
S214038108019803B05DF804FB2DE9F74F04460D46C6
S214038118002900F0AB80D0E9056808F093FE15F84F
S214038128087C35F8061CFB07009000D531B9009883
S21403813808F083FE012003B0BDE8F08FA368D4F8E7
S214038148109035F804ECA3EBC10B09F10103A5F174
S214038158080C4A1CC4F808B02361BEF1000F7BD094
S214038168ACEBCE03D888B3F802A00190187807F0D2
S2140381780207C00765D4002F64D10198A0EB0A074D
S214038188012F69D18A1CABF108075244C4F8109032
S214038198A76035F802ECBEF1000F61D0D4E9007091
S2140381A80CEBCE0A07EB0009CA4559D21CF83EC0A9
S2140381B857461CF0010C15D1AEEB0101012911D16C
S2140381C8BAF80210AAF802C001310A44BAF806102F
S2140381D8002943D00AEBC107216901392161A16847
S2140381E80839A16015F8081C013A21F0010105F8C1
S2140381F8081C002125F8061C5A801A7861F3000229
S2140382081A707FB3C3F107023A44C2F3CF02DA8087
S214038218BA804EB3B34227D37288002A08BF1E46D5
S214038228B8F1000F06D0434504D8B8F80220002A50
S21403823818BF43460098C4E9056308F0FEFD00200E
S21403824879E74FB115F8087C724427F0020705F85A
S214038258087C00279F809CE763469AE70F46BBE7A0
S2140382680027BFE7DF80D4E71E46D9E7222062E768
S21403827810B50446D6F786F82146BDE81040FFF742
S21403828843BFFFF7F5BF0846FFF732BF0846FFF7B9
S214038298F8BF0023036043607047F0B5D0E9055480
S2140382A8561C08BF0822002B4FF0000008BF2C46B8
S2140382B8DDF818C0CCF80000002C37D09DF81470F1
S2140382C86588FF0007EBC505C2F1000E2078C007D6
S2140382D808D51BBBE088A0B104EBC004658807EB90
S2140382E8C505F3E78D42F4D363B904F10806B6FB74
S2140382F8F2F002FB106670180EB1A842EAD8CCF862
S2140383080040F0BD082A0FD06088013004EBC00097
S214038318461A06EA0E06801B8542F0D2A088002875
S214038328EFD0A4EBC004D9E70846E8E72046E8E719
S21403833803460069C0B10AB951B91A6810460378EA
S214038348DB0711D531B9C3885BB100EBC300F6E789
S2140383589A69F3E7012904D1838823B1A0EBC30004
S214038368EDE700207047184670472DE9F041D0E93D
S2140383780554074688461646ABB1954200D00ABB55
S214038388424600213846FFF7D3FFB442054600D0DD
S2140383982EB9424601213846FFF7CAFF0446C7E905
S2140383A80554BDE8F081954208D08D4228BF0D4696
S2140383B8B44205D0444538BF4446F0E70D46F7E7D0
S2140383C84446ECE79442EAD1E3E770B500261C4638
S2140383D8C3E90001C3E90266C3E905001E611A770B
S2140383E85E62FFF756FF23690139C90801334180E6
S2140383F82361A36830460833A360E3680833E36061
S21403840870BD002307B5684600938DF80430D4F78B
S21403841801F803B05DF804FB10B508F006FD044642
S21403842806F036FE2046BDE8104008F0F9BC704753
S2140384384FF4C870D6F72EB8D6F716B900F01CB89E
S2140384487047704708B503F08FFA03F097FA03F0FE
S2140384589EFA03F0ADFABDE8084003F0BABA7047CF
S21403846808B503F07CFA03F07BFA03F07AFA03F014
S2140384787AFAFFF7F4FF08BD08B503F0ABFA03F082
S214038488AAFA03F0AAFABDE8084003F0ADBA7047A3
S214038498012070472DE9F34112F00105044688468A
S2140384A822D110F0030525D12F465208BA4209D126
S2140384B8D4F73AFB0026B74204EB860008D1D4F774
S2140384C843FB11E054F8273001330CD10137EDE7AD
S2140384D8042258F826300DEB0201019308F05CFFDE
S2140384E830B1D4F731FB3D25284602B0BDE8F0810C
S2140384F80136E0E70125F7E77047B0F1006F0FD3C1
S21403850800F07843B3F1006F0CD000F06040B0F190
S214038518404F09D0B0F1604F14BF042003207047C2
S21403852800207047012070470220704700207047DC
S2140385381AB111B180B2D6F7CDBA2120704701F02F
S21403854894BEDFF77DB9FFF78DBCD0E9023253F846
S214038558223000211878DEF7C5BD704702F0D5B97A
S21403856801F015BEC3688268013BDBB252F82330BC
S2140385785B78652B02D10020E1F704B96E2B01D195
S2140385880120F9E7662B01D10220F5E7704710B5FD
S214038598D0E90232044653F82230187802F09FFADC
S2140385A8E368A268013352F82330BDE81040187810
S2140385B802F093BA10B50446C0B2D7F759FC200A9E
S2140385C8BDE81040D7F754BCD0E9023253F822303E
S2140385D81878D7F755BD02F032BADFF7D1BD08B51C
S2140385E801F0F6FEBDE80840E0F7BABFD0E902326C
S2140385F853F82230186801F0E9BE0020E1F7B6B850
S2140386080120E1F7B3B80221D7F7D0BC0321D7F787
S214038618CDBC0521D7F7CABC08B501460C20D7F749
S214038628A1FCBDE80840D7F72FBC08B501460020D3
S214038638D7F798FCBDE80840D7F726BC07B5C26845
S2140386488368043253F8223001211B880DF1060291
S214038658ADF806300023D8F72DFA03B05DF804FB0F
S21403866808B508F083FCBDE80840EDF71DBB10B558
S2140386781446D8F73BFD2146BDE8104008F0DCB9A0
S21403868808B5D8F733FDBDE80840002108F0D4B98B
S21403869808B5D8F72BFDBDE80840ECF71BBE08B5B0
S2140386A8D8F724FDBDE80840ECF700BE70477047CE
S2140386B808B508F05BFCFFF7FAFF03F0EFF9BDE82F
S2140386C80840D8F75FBD7047012070470120704700
S2140386D808B5D8F7F3FD00280CBF0420012008BD11
S2140386E870472DE9F34104460D4616461F46DDF846
S2140386F8208008F0D3FC3B46324629462046CDF870
S214038708008003F0CCF93B46324629462046CDF88E
S2140387180080FFF7E5FF02B0BDE8F04101F0A5BD14
S2140387282DE9FF4704460D4616461F46BDF830801A
S2140387389DF83490DDF838A008F0B0FC3B46324686
S21403874829462046CDE9019ACDF8008001F040F885
S21403875804B0BDE8F04701F088BDF8B504460D46F9
S21403876816461F4608F09AFC3B46324629462046DC
S214038778DEF7F2F9044601F078FD2046F8BD7047A7
S2140387882DE9F34104460D4616461F46BDF82080DC
S21403879808F084FC3B46324629462046CDF800803E
S2140387A803F080F933464246294620460097FFF7EA
S2140387B8E6FF02B0BDE8F04101F057BD704708B5C3
S2140387C808F06CFC03F06FF9FFF7F8FFBDE8084004
S2140387D801F04BBD012070472DE9F74304460D46CB
S2140387E816461F469DF8289008F058FC3B46324626
S2140387F829462046CDF80090FFF7ECFF80463B4617
S214038808324629462046CDF8009003F04DF901F08C
S2140388182CFD404603B0BDE8F083012070472DE9E0
S214038828F74304460D4616461F469DF8289008F05B
S21403883835FC3B46324629462046CDF80090FFF7DE
S214038848ECFF80463B46324629462046CDF8009044
S21403885803F02BF901F009FD404603B0BDE8F083A9
S214038868F8B504460D4616461F4608F017FC3B4661
S21403887832462946204603F019F9BDE8F84001F0C8
S214038888F4BC00207047F8B504460D46164608F0B3
S21403889805FC324629462046FFF7F3FF07463246CD
S2140388A82946204603F003F901F0DFFC3846F8BDF5
S2140388B838B504460D4608F0F1FB2946204603F072
S2140388C8F7F8BDE8384001F0D0BC10B5044608F008
S2140388D8E5FB204603F0EDF82046FDF703FEBDE86A
S2140388E8104001F0C2BC704738B504460D4608F080
S2140388F8D5FB2946204603F0EBF829462046FFF722
S214038908F2FFBDE8384001F0B0BC704770B50446C6
S2140389180D46164608F0C2FB32462946204603F0A3
S214038928D9F8324629462046FFF7EFFFBDE87040E0
S21403893801F09BBC704738B504460D4608F0AEFBFD
S2140389482946204603F0C8F829462046FFF7F2FFD3
S214038958BDE8384001F089BC70472DE9F341044669
S2140389680D4616461F469DF8208008F097FB3B46A3
S214038978324629462046CDF8008003F0AFF83B463A
S214038988324629462046CDF80080FFF7E5FF02B0B9
S214038998BDE8F04101F069BC704738B5054608F0F4
S2140389A87DFB284600F0E1FE04460146284601F012
S2140389B8AAFF01F05AFC204638BD38B504460D46D2
S2140389C803F08DF829462046FFF7E6FF38BD7047C3
S2140389D838B5054608F062FB2846DEF7DDFE044692
S2140389E80146284601F08DFF01F03FFC204638BDBE
S2140389F838B504460D4603F073F829462046FFF7B4
S214038A08E6FF38BD704710B5044608F047FB204616
S214038A1803F067F82046FFF7F5FFBDE8104001F0BE
S214038A2824BC704738B504460D4608F037FB29467C
S214038A38204603F057F829462046FFF7F2FFBDE81D
S214038A48384001F012BC704770B504460D4616460A
S214038A5808F024FB32462946204603F044F83246FB
S214038A6829462046FFF7EFFFBDE8704001F0FDBB3F
S214038A78704738B504460D4608F010FB29462046CD
S214038A8803F032F829462046FFF7F2FFBDE83840E0
S214038A9801F0EBBB704738B504460D4608F0FEFAFE
S214038AA82946204603F021F829462046FFF7F2FF19
S214038AB8BDE8384001F0D9BB704710B5044608F046
S214038AC8EDFA204603F012F82046FFF7F5FFBDE857
S214038AD8104001F0CABB704710B5044608F0DEFA2A
S214038AE8204603F004F82046FFF7F5FFBDE81040DC
S214038AF801F0BBBB7047704770B504460D46164673
S214038B0808F0CCFA32462946204602F0F3FF3246EE
S214038B1829462046FFF7EFFFBDE8704001F0A5BBE6
S214038B28704710B5044608F0B9FA204602F0E3FF8A
S214038B382046FFF7F5FFBDE8104001F096BB7047E7
S214038B4838B504460D4608F0A9FA2946204602F029
S214038B58D3FF29462046FFF7F2FFBDE8384001F069
S214038B6884BB7047F8B504460D4616461F4608F0FC
S214038B7895FA3B4632462946204602F0BFFF3B4657
S214038B88324629462046FFF7ECFFBDE8F84001F0D9
S214038B986CBB704770B504460D46164608F07EFA59
S214038BA832462946204602F0AAFF32462946204680
S214038BB8FFF7EFFFBDE8704001F057BB70472DE99C
S214038BC8F34104460D4616461F46DDF8208008F096
S214038BD865FA3B46324629462046CDF8008002F021
S214038BE88FFF3B46324629462046CDF80080FFF7DE
S214038BF8E5FF02B0BDE8F04101F037BB0E20704731
S214038C080E20704738B5044608F048FA2046FFF7A2
S214038C18F7FF0546204602F074FF2046FFF7EEFFEF
S214038C2801F023FB284638BD704710B5044608F004
S214038C3835FA204602F066FF2046FFF7F5FFBDE843
S214038C48104001F012BB002070470020704738B56B
S214038C58044608F023FA2046FFF7F7FF05462046A2
S214038C6802F051FF2046FFF7EEFF01F0FEFA284612
S214038C7838BD704708B508F011FA02F045FFFFF74C
S214038C88F8FFBDE8084001F0F0BA002070477047C7
S214038C98704708B5D8F7E4FB00280CBF042001206A
S214038CA808BD70470B68DA7B1AB9DB7C0BB9D8F7B3
S214038CB8FBBB8120704708B5D8F70EFCBDE8084013
S214038CC8D8F718BC7047D8F707BCD8F713BC0828DA
S214038CD808D84FF48B73C34013F0010F0CBF212041
S214038CE800207047212070470121D8F7F5BC0221E0
S214038CF8D8F7F2BC0421D8F7EFBC0821D8F7ECBCA8
S214038D081021D8F7E9BC01207047D0E9023253F89E
S214038D1822301878D8F78CBE0868C37B1BB9C37C87
S214038D280BB9D8F7B5BE81207047D0E9023253F89D
S214038D3822301878D8F7EEBE704730B50546044695
S214038D4815F8100B85B0029565691D44CDE9002515
S214038D580B46A21D618801F036FE05B030BD70478C
S214038D6810B492F80A4192F8053103EB04230B81F9
S214038D7800235DF8044B1A4601F023BE1FB50446CC
S214038D88084671B12178FF290BD0238B02936369B8
S214038D980193237C00936288A31DDEF719FDFF2346
S214038DA8237004B010BD0868C37B73B9C37C032B58
S214038DB80BD8DFE803F002080406D9F7ABB9D9F7EE
S214038DC8DBB9D9F70BBAD9F7B9B981207047704719
S214038DD8704700207047137810B5032B0CD15479CD
S214038DE8CBB29C4208D19379B3EB112F04D15378B5
S214038DF81B1A5842584110BD0020FCE77FB50546AC
S214038E080E4600246946E0B201F083FD28B96A4697
S214038E1831462846FFF7DFFF18B90134202CF1D175
S214038E28002004B070BDFFF7E9BF0868C37B9BB991
S214038E38C37C052B10D8DFE803F0030D070B0905E1
S214038E48D9F770BAD9F7ACBCD9F706BBD9F758BC6B
S214038E58D9F7D6BBD9F7A8BA812070470020704740
S214038E6830B5102587B001AA00210195FEF709FC45
S214038E7804462A46002102A8E4F78EF92A46214624
S214038E8802A8E4F7DBF9012102A8D9F767FE07B0C1
S214038E9830BDD9F7F5BD7047FFF7FDBF0B68DA7B22
S214038EA85AB9DB7C012B04D0022B04D02BB9DAF792
S214038EB879BADAF783BADAF78DBA812070470023CE
S214038EC807B5012101A80193D0F7A2FB08B9D0F78B
S214038ED893F9012003B05DF804FB08B502F06EFAB7
S214038EE8052803D0003818BF012008BD0220FCE778
S214038EF87047D0E9023253F822301878003818BF82
S214038F080120DBF7E7BDDBF7EBBD00207047002049
S214038F1870477047FF207047FF2070470020704750
S214038F280020704700207047704706207047DBF71D
S214038F388FB80868DBF768BD70B50D460446002190
S214038F482846164601F076F932462080022128463E
S214038F5801F070F9324660800421284601F067F96B
S214038F680023A360E3606060082070BD034641B138
S214038F7881424FF0640005D94343B3FBF1F0C0B216
S214038F88704708467047DBF7B9BDDCF7AFBBDCF7BD
S214038F98B7BCB0F5807F05D0A0F50073584258419A
S214038FA8400170470820704730B599B00D466946AA
S214038FB81446DCF709FC30B915B1BDF802302B604E
S214038FC80CB10D9B236019B030BD2DE9F04788B06E
S214038FD80E46904604A905AA07461D46FFF7E4FF72
S214038FE8044638BB28800DF10C09DDE904A39A452D
S214038FF820D2062251463846CDF8009006ABDCF759
S214039008FFFBD8B9039B062B18D12A88DDF81A303C
S21403901842450ED2BDF8181026F832102A8806EBF9
S214039028C20253602A885344013206332A800493C3
S214039038DBE7F7D9204608B0BDE8F0870124F9E74F
S2140390482DE9F0438FB00F46904601A90022044647
S2140390589946FFF7A9FF18B101200FB0BDE8F083C2
S214039068062220460DF1020302A9FFF7AEFF0028E9
S214039078F2D105460246BDF80210019CEEB28E42B6
S214039088EAD20EAB03EBC60656F82C3C36F8306C21
S2140390980634BE4217BFE4180122134600220135E0
S2140390A822B1C8F80040C9F80030D6E71A46E5E703
S2140390B870B50024012602F05BF9E5B2C26806FA29
S2140390C805F59542234604F10104F4D3D8B270BDDE
S2140390D870B586B0DCF7C6F900F11006E1F7BAFDFD
S2140390E800240546142201A9301902F048F91CB9D0
S2140390F89DF80430FF2B16D0002303F118026A44A8
S21403910812F8142CFF2A06D11C44601E90FBF5F0B7
S21403911880B206B070BD2B44DBB2132BEDD91434E2
S214039128B4F5826FDED14FF0FF30F2E7DBF7D0BF3E
S21403913807B504220DEB020102F021F9019803B0EA
S2140391485DF804FB37B5054608460C46FFF7F0FFFF
S214039158A84206D0042220460DEB02010195E1F74A
S214039168CBFD03B030BD07B50B460092002102467F
S2140391780120DCF73FF803B05DF804FB08B50121CE
S214039188DBF770FFBDE80840E1F762BFDCF7AEBA6D
S21403919808B5FFF7F3FF002008BD08B513460A46CF
S2140391A801461846DCF7BAF880F00100C0B208BDDD
S2140391B800207047704708B1DCF7B8BB704730B477
S2140391C8DDE902451DB1029430BC00F0C6B930BCD7
S2140391D870471F2804D8142200F5A030D5F744BDDD
S2140391E870471F2804D8142200F5A030D5F768BDA9
S2140391F87047152808B505D1FFF7DCFFBDE808401A
S214039208DCF7DABC08BD10B5142486B02246002164
S21403921801A8E3F7C1FF2023224601A94FF4A03093
S21403922801F095FC06B010BD0020704713B5002367
S2140392380C461A460146CDE90033E0B2DDF780FA5C
S21403924802B010BD13B50023144601900122009303
S214039258E0B2DDF775FA02B010BDD0E9023253F872
S21403926822301868DDF7E4BB194491420ADC421839
S214039278002003B9704712F8011D013B01EB0020DB
S214039288DBB2F6E7002070472DE9F04F4FF0000AEF
S21403929885B0019381460F4615465346019A1178C1
S2140392A85FFA8AF2914203D8002005B0BDE8F08F32
S2140392B8019909EB050801EB4202517892F802B0CE
S2140392C811F04004009101F03F061BD0AC19BC42D4
S2140392D8D4BF0024012433466400A20740F18880E3
S2140392E8009B1B0640F192800E9B324603EB0B0055
S2140392F80021E3F751FF3D4600231D44ADB20AF1B2
S214039308010ACBE7042E07D866B1B31E022B0BD887
S214039318DFE803F0122130003E2E37D03F2E5BD015
S2140393283D2E4BD00320C0E7BD4234BF00240124A2
S214039338012664003346D0E7AB1CBB4250DC02234D
S2140393483A4629464846FFF78FFFADF80A00022338
S2140393580DF10A08C1E7EB1CBB4243DC03233A467C
S21403936829464846FFF780FF0390042603230DF19A
S2140393780C08B2E72B1DBB4236DC04233A462946C3
S2140393884846FFF771FF03900423F0E77A1E9542D9
S2140393982CDA02233A4629464846FFF765FF4FF676
S2140393A8FF7380B298420EBF0223023083B25C1961
S2140393B8A742B4BF0324012404268EE7BD4215D270
S2140393C898F80030FF2B0CBF01230133EC18BC427E
S2140393D8CCBF03240124EFE70124042600237CE7FB
S2140393E83446B4E70224C0E70224CDE70324E3E7C0
S2140393F80E9A02EB0B0014B142F80B807DE7324657
S21403940841460093E4F758F8009B76E702204CE7BA
S21403941810B5144686B018811A460A9B0291CDE900
S214039428034301230193099B014600930320BDF8D8
S2140394382030DDF71BFC06B010BD1FB500240294D0
S214039448079C0194BDF818400094FFF7E1FF04B0A9
S21403945810BD2DE9F0410E461746054686B098B36B
S21403946891B38AB34FF0000802A95FFA88F001F0B7
S21403947850FA044640B99DF80830032B08D008F183
S2140394880108B8F1200FEFD1204606B0BDE8F081F9
S2140394989DF809202B799A42F1D1BDF80A206B88EA
S2140394A89A42ECD19DF80C30BDF80D006B712881FB
S2140394B82B4622464FF6FF71CDE90067FFF7BDFF3F
S2140394C80028DCD00446DFE72124DDE710B586B0A4
S2140394D80A9C04949DF824400394BDF82040029403
S2140394E80124CDE9003413460A4601460620DDF773
S2140394F8BDFB06B010BD1FB5044608461946002333
S2140395080094CDE90123079BBDF81820FFF7DEFF7B
S21403951804B010BDF0B5022805460E4614461F468D
S2140395288BB00AD106A9F0B201F0F3F998B99DF801
S214039538193023719DF81C306371119B22460493DE
S2140395480023CDE902330193109B31460093284646
S2140395583B46DDF78BFB0BB0F0BD13B50024019437
S214039568049C0094FFF7D6FF02B010BD2DE9F04522
S2140395780646884614469A46002701258BB006A950
S214039588F8B201F0C6F920BB9DF81830012B19D1A3
S2140395989DF8192033799A4214D1BDF81A20738896
S2140395A89A420FD19DF81C3032467371B9B2CDE991
S2140395B8030ACDE90100434602200094DDF756FB73
S2140395C8054610B90137202FD9D128460BB0BDE878
S2140395D8F0850546F9E70023FFF7C8BF10B504462C
S2140395E8DEF722F90021631E04F10F0213F8010FB8
S2140395F8FF2808BF19709342F8D10023237410BDBF
S2140396080020704770B506461D46DDF781FF044601
S21403961808B9212070BD3046DEF748FA0028F8D08E
S214039628A0682A46FF21FFF722F89DF8103000208D
S21403963863719DF81430A371ECE713B59DF81040D9
S214039648CDE9003413460122FFF7DCFF02B010BD54
S21403965808B5DDF75DFF28B18068FF21FFF718F826
S214039668002008BD2120FCE70122FFF7F1BF1FB544
S2140396780B466A460146184601F041F96A4608232E
S214039688002032F8021B013B13F0FF0380EA0100B7
S214039698F7D1012838BF012080B205B05DF804FB76
S2140396A82DE9F04F87B0DDE9109B05468846484606
S2140396B819461F461446BDF848609DF84CA0FFF7A8
S2140396C8D6FF042D0346ABF800001AD8022D1DD981
S2140396D8042D07D04FF2F222A188914222D1E288C4
S2140396E891071FD5E17A0022CDE901372046334694
S2140396F8CDE90392CDF800A001F056F907B0BDE80E
S214039708F08F6A1F012A11D92120F7E70022414664
S214039718CDE9119228462246109707B0BDE8F04FC8
S21403972801F051B94FF6FF760C21DCE7052D0ED173
S2140397380023E17A0022CDE90137CDE903920091AF
S214039748234652464146304601F021F9D6E74FF202
S214039758F222A188914204D1E288920701D5E17AE0
S214039768E8E74FF6FF760C21E4E7F0B585B0054643
S214039778DDF78EFB48B16B88B3F5006F05D1681D1E
S21403978805B0BDE8F04000F0EFBC284600F003FD46
S2140397980446C8B9E7B26946384601F0BAF878B954
S2140397A89DF8006066B92946384601F0B6F820B138
S2140397B840F60443984207D08C26304605B0F0BDE1
S2140397C80134202CE6D1F7E78D26F6E7DDF746BD0C
S2140397D82DE9FF4704460D460146184617461E461A
S2140397E8BDF830809DF83490DDF838A0D8F7D2FA63
S2140397F8D0B92146284601F036F933463A46294673
S2140398082046CDE9019ACDF80080DDF7CBFD334637
S2140398183A4629462046CDE90D9ACDF8308004B05D
S214039828BDE8F04702F03DB904B0BDE8F087DDF7C0
S21403983863BFDDF71BBFDDF73FBF10B5044601F076
S2140398481EF9082201462046BDE81040E3F7F6BC99
S21403985801F017B9002101F014B901F026B9002068
S214039868704720207047EBF7DFB9EBF729BAEDF717
S214039878CBBE7047DEF78CB870B506460C46154661
S21403988800F04CF850B13CB135B1204600F0D8FC96
S214039898013080B2A84200D9002070BD304600F0DF
S2140398A843F840B1002CF7D0012DF5D9204600F037
S2140398B8CCFC0230EDE73046DDF7CAFFEAE7F8B539
S2140398C8BDF8185010B3967855B9D478A6F1410761
S2140398D8012F07D8621ED2B200F0D1FD0020F8BDD2
S2140398E82C46F3E7433E012E04D8A21E92B200F09C
S2140398F8DEFDF3E7D27813B90DB1AA4206D811B93B
S214039908E3F74AFCEAE7E3F799FCE7E78920E6E7A3
S214039918413803288CBF00200120704741380128AE
S2140399288CBF002001207047433801288CBF0020D5
S2140399380120704700207047002070470388B3F55E
S2140399487C4F01D3FFF7F8BF0846FFF7F3BF10B500
S2140399584A880488A2420DD1037B0C79234009D098
S214039968B2F57C4F08D3FFF7E7FF0B891B1A58425B
S214039978584110BD0020FCE70120FAE738B50D88EA
S214039988D488A5420AD10388B3F57C4F08D2FFF7DB
S214039998D5FF13891B1A5842584138BD0020FCE7E7
S2140399A80120FAE72DE9F04715460446B8B149B150
S2140399B8EAB100264FF0140AB04690F80490F3B2C2
S2140399C8994501D800240AE027680AFB0677384633
S2140399D8FFF7BDFF013628B13C46A5F800802046B0
S2140399E8BDE8F0877B8943441FFA83F8E7E7144604
S2140399F8F5E72DE9F0470E4615460446B8B149B1D2
S214039A0812B300274FF00C0AB846B0F80890BBB25A
S214039A18994501D800240AE06368324620460AFBC3
S214039A280731FFF7ABFF28B10C46A5F800802046A0
S214039A38BDE8F0870B79013713F0300F02BFCB78F8
S214039A4843441FFA83F8E2E71446F0E72DE9F041AA
S214039A5886B00D461446984604AA05AB03A90646DF
S214039A68DDF7CCFF40B30DB1049B2B6034B3049DE4
S214039A7803982946FFF762FF2B8807460246718834
S214039A88307800F050FBD8B1297911F010030BD0C9
S214039A98EB782A46CDE900433B4671883078FCF7D5
S214039AA80DFD06B0BDE8F0812A4620460599CDF897
S214039AB80080FFF704FFF4E78620F2E72046F0E786
S214039AC87E20EEE71FB51C460023ADF80A20BDF836
S214039AD818208DF80400ADF80610ADF80C2069467A
S214039AE81A4601A800938DF80840FFF7AFFF0098C1
S214039AF804B010BDF0B587B00E4605AB04AA03A99B
S214039B080446DDF77BFF08B3049D03982946FFF751
S214039B1815FF2B88074602466188207800F005FB68
S214039B28B0B1297911F0100108D000963B462A46B1
S214039B3861882078CEF7D0FA07B0F0BD00910123EC
S214039B482A4631460598FFF7BAFEF5E78620F3E777
S214039B587E20F1E72DE9F041064600254FF014086C
S214039B680779E8B2874201D800241AE008FB05F013
S214039B78D6F800C00CEB00043CF8000081421AD16A
S214039B8832B1802A10D194F90CC0BCF1000F12DA56
S214039B98B0F57C4F05D32046FFF7CEFE834200D0B0
S214039BA84BB92046BDE8F081402A04D194F80CC08E
S214039BB81CF0400FECD10135D3E70121DDF75ABE7F
S214039BC808B513460022DDF783FF003818BF0120C7
S214039BD808BD08B513464022DDF77AFF003818BFDC
S214039BE8012008BD08B513468022DDF771FF00384B
S214039BF818BF012008BD08B540220023DDF768FF1B
S214039C08003818BF012008BD08B580220023DDF7F9
S214039C185FFF003818BF012008BD0023DDF758BFD3
S214039C280021DDF7C5BF10B504460121DDF7C0FFE7
S214039C382046BDE8104001F068BF7047F8B51646E1
S214039C481F469DF81820BDF81C300546DDF740FF73
S214039C5878B10421DEF72AF8044650B1284600F006
S214039C6810FB3A4631462846A047BDE8F84000F0C0
S214039C78FCBAF8BD2DE9F74F1E46DDE90C9B0746EF
S214039C8888461446BDF838302AB3B9F1000F22D0F7
S214039C980EB392F804A099F80020504612F0080F65
S214039CA80CBF802240226188DDF712FF98B1082195
S214039CB8DDF7FCFF054670B1504600F0E2FA33467E
S214039CC8224641463846CDE9009BA84703B0BDE87F
S214039CD8F04F00F0CABA03B0BDE8F08FF8B5BDF888
S214039CE8187016461A463B460446DDF7F1FEE0B101
S214039CF877B90221DDF7DAFF0546B0B1204600F052
S214039D08C0FA31462046A847BDE8F84000F0ADBA89
S214039D181021DDF7CBFF054638B1204600F0B1FA2F
S214039D283A4631462046A847EEE7F8BD73B5BDF870
S214039D38184016461A4623460546DDF7C9FEB8B147
S214039D48C4B92021DDF7B2FF044670B1284600F0F7
S214039D5898FA099B3146009328469DF820309DF8CB
S214039D681C20A047044600F080FA204602B070BDC7
S214039D788624FAE70024F8E72DE9F04186680446C6
S214039D88007800F07EFA002514273279EBB29A425F
S214039D9803D8BDE8F04100F068BA7B433268207800
S214039DA8D15A02EB030800F0C2F901214046DDF759
S214039DB87DFF034608B1207898470135E5E72DE986
S214039DC8F04F1C4689B09DF84C30BDF84880019387
S214039DD89DF85030924602932246434607460D4660
S214039DE8DDF776FE8DF814700646ADF816508DF836
S214039DF81840ADF81AA0ADF81C8018B9012009B0B0
S214039E08BDE8F08F05A9FFF7A2FD0028F6D00025C8
S214039E182F46A8462C4634E00C231FFA85F903FB85
S214039E2809F931887368B1F57C4F33F8092003EBD9
S214039E38090B1AD333F8090050452CD3019BA342C8
S214039E482DD900F0BAF99BF80200DEF7DBFB029B7C
S214039E5843B19BF8043013F0010F0CBF052007200D
S214039E68DEF7D0FB0134A4B219E0ADF81A20594640
S214039E78304605AA0393FFF781FD039B0028D9D133
S214039E8801353289ABB29A42C6D804EB0800C31B25
S214039E9858425841B3E708F101081FFA88F8013712
S214039EA8BFB2EDE710B5012488B006949DF83C4090
S214039EB805949DF8384004949DF8344003949DF81F
S214039EC8304002940B9C0194BDF828400094DEF7BA
S214039ED831F808B010BD2DE9F04786B0BDF83880D4
S214039EE8DDF83C909DF840A0CDF80080CDE9019AB6
S214039EF804460D4616461F4600F013F9B8B1431E2E
S214039F08DBB2012B10D800230122811E48424841A8
S214039F18CDE90432CDE902A03B463246294620461F
S214039F28CDE90089FFF7BEFF06B0BDE8F08701203C
S214039F38FAE730B50024012587B0CDE90445039533
S214039F489DF82C5002950A9DCDE90045FFF7AAFF18
S214039F5807B030BD30B50024012587B0CDE90445E8
S214039F6803959DF828500094CDE901354023FFF763
S214039F7899FF07B030BD10B5012486B0CDE9044477
S214039F88002403949DF828400294099C0194BDF884
S214039F9820400094FFF786FF06B010BD1FB5089C47
S214039FA803949DF81C400294069C01940024009494
S214039FB8DEF7BCF804B010BD70472DE9F84F022948
S214039FC8074688460C9D04D84FF0000A5046BDE85D
S214039FD8F88F1BB10429F7D942F004023A702BB361
S214039FE803247B701B0ABB70DFF7B6FB4FF0000930
S214039FF89DF82830385504F1020A01343B550B9A6C
S21403A0085FFA89F3D45C002CE0D0732C10D82E4664
S21403A0184C2C56F804BB3DD0532C15D0622C45D196
S21403A028AC8805F1080600231A4616E00124DBE788
S21403A038A4F17503032BC7D8763C2E1D022C52D8E1
S21403A048DFE804F0565A58006A6805F1080694B221
S21403A058D2B2B2F1FF0318BF01230AEB0401194475
S21403A0688845B1DB50461946002947D153441FFAA1
S21403A07883FA5CB1BBF1000FA6D0224607EB0A00B1
S21403A0885946E3F719FA54441FFA84FA354609F190
S21403A0980109B4E74FF6FF736A6805F1080694B238
S21403A0A822469C4214BF02230023D6E76C2C05D114
S21403A0B8584600F0CAF8841CA4B2B4E7732C04D13B
S21403A0C8584600F0BDF8441CF6E7A4F13003DAB2AC
S21403A0D8092A01D89CB2A6E7A4F14103062B3FF64A
S21403A0E873AF373CE8E7012300242A68A346B4E79E
S21403A0F80223F9E70323F7E70423F5E700F1010C46
S21403A10801393A54C9B2120A1FFA8CF0ACE7002098
S21403A118DEF700BA0022DEF71DBA0023DEF730BAF0
S21403A1287047012070470120704701207047704729
S21403A13800207047002070470020704700207047B3
S21403A148002070470020704770470E207047002095
S21403A15870470020704700207047002070477047FC
S21403A168FF2070470E20704784207047704770475B
S21403A1780020704700207047002070470020704773
S21403A18800207047002070470020704770470E2055
S21403A19870470020704700207047704700207047BC
S21403A1A870477047704770470E2070477047002007
S21403A1B87047812070477047704738B50546C0B268
S21403A1C8DEF720FA0446280ADEF71CFA14B100283C
S21403A1D808BF0024204638BDF8B50546C0B2DEF7EA
S21403A1E811FA0446C5F30720DEF70CFA0746C5F34B
S21403A1F80740DEF707FA0646280EDEF703FA24B109
S21403A2082FB136B1002808BF00242046F8BD3C46C7
S21403A218FBE73446F9E710B4CC18944203DC5DF840
S21403A228044BFFF721B800205DF8044B704704235E
S21403A238FFF7F1BF08B50223FFF7EDFF80B208BDAD
S21403A2480078FF2808BF0020704708B502220021BF
S21403A258FFF7F0FF4FF6FF73984208BF002008BDCC
S21403A268003818BF0120400070470020704708B523
S21403A278FFF7A3FCFF284FF0FF3018BF0020C0B23B
S21403A28808BD08B5FFF7F3FFFF280CBF2120002001
S21403A29808BDF8B506460C4615461F4600F011F8E5
S21403A2A810B12544AC4200D1F8BD3946304614F8FF
S21403A2B8012BDEF799FAF5E7014600220220DEF7BE
S21403A2C823BA0120704737B50546DCF7ADFC0446CC
S21403A2D801950CB981201CE0237823B12046DCF7CE
S21403A2E8ABFC0446F5E72B6862685B889A42F5D1AF
S21403A2F8A368EA7B99B272B12A8A9142EED16A7D43
S21403A308B2EB134FEAD10020E36801A998478128E6
S21403A318E4D003B030BD4FF6FF72EEE72DE9F843FD
S21403A32804460F46904699460BB3012A1FD80C20BD
S21403A338E3F738F9064610B91920BDE8F883102064
S21403A348E3F730F918B93046E3F734F9F4E70123AD
S21403A358002547EA084770600570C0F80C9044600B
S21403A368876033803046DCF757FC2846E5E721202C
S21403A378E3E738B50446436808460D469847B4F9F4
S21403A3880830002B02DB2B78042B06D1002320464B
S21403A3986360BDE83840DEF7B9BD38BD30B54FF465
S21403A3A88A5587B0ADF816200DF116041A4602959D
S21403A3B843B100230122CDE90033234600F01EFAF9
S21403A3C807B030BD019401240094F7E7FFF7EBBE0E
S21403A3D8FFF7BDBE0020704708B500F014FB20B990
S21403A3E800F05BFB08B9DBF7B5FDFFF7CFFEBDE86A
S21403A3F80840FFF7DBBE0020DFF7F0B90021DFF7E0
S21403A4088DBA0022DFF74CBA1FB5D2880B4612F076
S21403A418200F4FF6FD7114BF49245224ADF80610D9
S21403A428510544BF083CE4B2110544BF083CE4B2F6
S21403A438120444BF023CE4B2032805D8DFE800F060
S21403A448020F161CADF80630BDF80600FFF788FEA7
S21403A458FF281CBF241AE4B2204604B010BD02AA83
S21403A4680DF10601D8B200F08CFAEDE7D8B200F089
S21403A47852FAADF80600E7E7013CE4B2E4E7F8B5BC
S21403A488064617460D4681B10C78FF2C0BD00846B6
S21403A498FFF7D6FEB84228BF3846C4B22246691C20
S21403A4A8701CE2F7CBFE3470F8BD0C46FBE770B5BC
S21403A4B8044615460E4611B94170017070BD0B78F7
S21403A4C8FF2B05D14B78FF2B02D103704370F5E7BA
S21403A4D83046FFF7BAFEA84228BF284685B22A4662
S21403A4E8B11CA01CE2F7AAFE25702D0A6570E5E7E5
S21403A4F8F0B523B9013A531C2FD1002020E0042AD3
S21403A508FBD800231C46551E6E1C1AD1042A10D0ED
S21403A5180121D200501E01FA00F020421EBF9140CE
S21403A52849420C4318421EBF4FF0FF3101FA02F2AC
S21403A53813439C421EDCB4BF4FF0FF30002040B2EA
S21403A548F0BD40B1465DEF00BE4034434E5D013D6D
S21403A558BE403343D8E70646F5E78C5C38B903466E
S21403A568A34202F1FF32C6D24FF0FF30E8E7835C1E
S21403A578A342F5D90120E3E7283807288CBF002033
S21403A588012070471D2810D004D840B11C2804D0D9
S21403A598552070471E380128FAD81A2901E00B39C6
S21403A5A80F298CBF5520002070470829F9E700209B
S21403A5B800217047F7B59DF820400546082C10463D
S21403A5C819469DF8246036D8002213462C44AC421C
S21403A5D808D106F0FD04382C0ED10096FFF7E7FFE6
S21403A5E803B0F0BD14F8017D1B0243EA126312029E
S21403A5F8BA1843F10003EAE7392E10D107EE100A1A
S21403A60807EE902AB4EEE77AF1EE10FACCBF77EEAF
S21403A618677A77EEC77A002117EE900AE0E7824258
S21403A62873EB010403D2801A61EB0301D8E7101A0F
S21403A63863EB0101D4E700200146D1E738B5C368C8
S21403A64814461944836853F821501AB12846E2F78A
S21403A6589FFC2070284638BD2DE9F3411C46164654
S21403A6680DF107029DF82050FFF7E8FF9DF8073025
S21403A6788046A34288BF8DF807409DF807700DB142
S21403A688E41BE5B22A4600213046E2F785FD3A4642
S21403A69841467019E2F7D2FD384602B0BDE8F081AC
S21403A6A82DE9F3411D46164601AA9DF82040FCF7FE
S21403A6B8E8FF019B80469D4238BF0195019F04B180
S21403A6C8EC1B224600213046E2F766FD3A46414631
S21403A6D83019E2F7B3FDF8B202B0BDE8F08173B5FE
S21403A6E80024154601AA1E460194FCF7CAFF019BDF
S21403A6F8072B0AD92146CCB216B1C4F10704E4B233
S21403A708425C013108292A55F5D1D8B202B070BD8A
S21403A7181FB5030A8DF80E300323009303AB8DF899
S21403A7280D0000F0BBF805B05DF804FB1FB58DF807
S21403A7380F100421030A8DF80E30009103AB8DF831
S21403A7480D0000F0ABF805B05DF804FBF0B589B072
S21403A75816689DF83C50CDF809608DF81130566898
S21403A768BDF83830012D109FBDF84440CDF80D6074
S21403A778ADF812308DF8145014D0032D19D13B6858
S21403A788CDF815307B68CDF819309DF848308DF82C
S21403A7981D3016230093BDF84C2002AB00F07EF85C
S21403A7A809B0F0BD8DF81540240A0F238DF816401E
S21403A7B8F0E70120F4E71FB50446084611461A4693
S21403A7C802238DF80D100093214603AB00F066F8BC
S21403A7D804B010BD10B514461A460B6886B0CDF8FB
S21403A7E80D304B683421CDF811300A23009303ABA0
S21403A7F88DF8154000F052F806B010BD2DE9F0416B
S21403A808B6B014461D4606460F469DF8F080DFF799
S21403A818A9FA03AA8DF80C001046330A8DF80F70B0
S21403A8283F0A8DF80E308DF80D602B468DF81070A4
S21403A8388DF8114005EB4405AB4202F102021FD125
S21403A8486200D2B2931DDBB23D99D8336B4407320C
S21403A85803F8CC8C01EB4805D3B250FA82F2A9422E
S21403A86802F1020212D103EB480300900621304698
S21403A878BDF8F820DBB2DFF77FFA36B0BDE8F08123
S21403A88833F8021B1171090A5171D5E731F8024BE7
S21403A89802F8024C240A02F8014CE0E72DE9F041DD
S21403A8A81C4605460E4617469DF81880DFF75AFAE3
S21403A8B8207043463A46314628460694BDE8F0419A
S21403A8C8DFF75ABA002070477047D3F717BD08B5A5
S21403A8D8E9F7A8FC002840F6124018BF002008BD78
S21403A8E87047704770477047704770477047002037
S21403A8F8704770477047002070477047704703F0EB
S21403A90883B8FEF775B8FEF758B803F0F4BBF5F747
S21403A918E7BC03F0E1BBF5F7A1BCF5F709BDF5F70E
S21403A928C3BCFEF737B9FEF71DB910B49DF804404B
S21403A93801945DF8044BFEF710B8FEF764B8FEF70B
S21403A94871B8F1F78BBBF1F78FBBEEF7FBBEEEF7EB
S21403A958FFBEEAF783BDFEF7B0B8FEF775B8FDF796
S21403A968C0BEFEF798B8FEF784B830B4BDF8084002
S21403A9789DF80C50CDE9024530BCFDF7D1BEFDF776
S21403A9886FBFF5F747BEDFF747BAF5F70DBF70B4E5
S21403A9989DF80C40BDF810509DF814600394CDE95B
S21403A9A8045670BCF2F774BB70B49DF80C40BDF83F
S21403A9B810509DF814600394CDE9045670BCF2F762
S21403A9C8A7BBF2F791BC10B49DF8044001945DF858
S21403A9D8044BF2F7E1BB10B49DF8044001945DF80C
S21403A9E8044B02F0D7B802F0D7B8FDF77DBFFDF7E2
S21403A9F88DBFFEF71AB9FDF79EBFEDF7B5B9EEF7AB
S21403AA080DB9EEF7DFB8ECF7D9BD02F06EBCEDF77B
S21403AA1891BB02F0C4BCEDF71DBDEDF781B8EEF7A8
S21403AA2803B9EEF77FB8EEF79BB8EBF743BCFEF730
S21403AA38C6B8FEF761B8FEF774B8FEF781B800F03B
S21403AA4836BC00F02FBCF4F705BCF2F751B9F4F79F
S21403AA58DFBBF4F705BDF2F71BB9EAF7EBBCF3F770
S21403AA68A5BDFFF732BFFBF7C3B8FEF703B9FDF77B
S21403AA782CBFFEF731B801F03DBEDFF72BB9EBF775
S21403AA8801BAEAF7ABBD02F0F9B802F0D0B8EAF7B4
S21403AA98F9BDEBF747B9EBF771B9EAF767BDDFF727
S21403AAA835B9DFF747B9DFF71FB9EAF707BDDFF7A9
S21403AAB825B9F6F70DBD02F0B8B802F07FB8EAF785
S21403AAC803BDEBF7C9B9EAF759BD10B4BDF804409E
S21403AAD801945DF8044BFDF753BEDFF7C7B9DFF7FC
S21403AAE8B9B9F6F795BAF6F7CDBC03F017BC03F079
S21403AAF81DBCF6F705BBF6F7E5BC00F06DB900F02C
S21403AB08ABB900F0D3B900F0B9BA00F029BB00F02E
S21403AB1892BADFF7C3BE00F0F0B900F01DBA00F032
S21403AB2830B810B51C4601F009FF06F0F0FA00230A
S21403AB38C0F340202370400010BD002208B50B4622
S21403AB481146FFF7EEFF023818BF012008BD0020A4
S21403AB5870477047B1FA81F0400970470120704783
S21403AB68704770470020704770470020704770474B
S21403AB780E20704701207047704701207047012058
S21403AB88704714220021E2F707BB704770B50546E5
S21403AB980C468AB0252200210DF10300E2F7FCFAE1
S21403ABA86B68CDF81D30AB68CDF82130234601AC71
S21403ABB803F11006224618685968083303C2B342DD
S21403ABC81446F7D101236A7B8DF8023012F0040F7E
S21403ABD80CBF4FF480734FF4A073110748BF43F4B8
S21403ABE88063ADF80030930748BFBDF80030684669
S21403ABF844BF43F00803ADF80030F1F751FD0AB03F
S21403AC0870BD30B5427B0D46D10704468BB007D5D9
S21403AC18407801A9F1F7AEFDD8B12D200BB030BDB1
S21403AC289307FAD5C2F3800310074FEA8313ADF8E8
S21403AC38023044BF43F48063ADF80230BDF8022007
S21403AC48201D0AB10DF1020201A902F0FAFE00283E
S21403AC58E3D001AB03CB9DF81430A1602373BDF892
S21403AC6810306060590642BF627B42F0040262738A
S21403AC785A0542BF627B42F0080262731B0742BF53
S21403AC88637B43F0020363732B4606AC0AAD224686
S21403AC9803CAAA4218605960144603F10803F6D19A
S21403ACA80020BBE7F0B504460D4693B025220021E5
S21403ACB80DF12300E2F770FA636804F1040CCDF88B
S21403ACC83D30A36809AECDF841302B4605F1100791
S21403ACD8324618685968083303C2BB421646F7D18A
S21403ACE805238DF82230637B5B0103F40073ADF80C
S21403ACF820306378FF2B1AD1002360461A4601A931
S21403AD0800F0D9F99DF80530FF2B0DD1002301A9D2
S21403AD181A46184600F0CFF99DF80530FF2B03D1E5
S21403AD281C26304613B0F0BD9DF80530637000202E
S21403AD38617808AA00F0B4FA06460028F1D16078CC
S21403AD4801A900F03EFA2B4603AD2A46186859684F
S21403AD58083303C2BB421546F7D1637B6078DB062C
S21403AD6848BF9DF81C3001A944BF63F07F038DF8E4
S21403AD781C3000F03DFAD4E710B504468AB0242206
S21403AD88002101A8E2F708FA637B590744BF40226B
S21403AD98ADF810201A0742BFBDF8102042F48062AF
S21403ADA8ADF81020DB070FD5607801A9F1F7E2FCB0
S21403ADB810B12D200AB010BD01AB03CB637B6060D6
S21403ADC843F00203A160637304A9201D02F03BFE4F
S21403ADD80028EED00020EDE71FB5694600F066F8B8
S21403ADE8002818BF2D2005B05DF804FB73B50D4683
S21403ADF814460646DFF77AF96B881A071AD52246E9
S21403AE083146102002F000FE2046DFF76FF96B8804
S21403AE18D90717D50023224601210DF107008DF81F
S21403AE280730DFF735FC6B88002B0CBF212000208A
S21403AE3802B070BDDE06EAD522460821281DDFF7D4
S21403AE4827FCE1E79A0701D50223E4E75B07EAD57F
S21403AE580323E0E70F2070471FB50C46694600F04A
S21403AE6825F8102221466846E2F7E2FCB0FA80F09D
S21403AE78400904B010BDB8B1B1B14388A3B903788B
S21403AE88013B082B10D8DFE803F00507090B0F0F63
S21403AE980F0F0D00DFF7FEBADFF758BBFFF776BED6
S21403AEA8FFF700BFDFF7E6BC2120704738B50D462D
S21403AEB809B300B30378013B082B1AD8DFE803F07D
S21403AEC8050D1013191919191600DFF71BFB04468D
S21403AED8284602F0B6FF204638BDDFF757FBF6E7ED
S21403AEE8FFF78FFEF3E7DFF787FBF0E7DFF7CCFC28
S21403AEF8EDE72124ECE72124EDE770B586B0064696
S21403AF0801A80C461546FFF73CFE04238DF80430CB
S21403AF181CB12068616802AB03C3294601A88DF8F3
S21403AF280560FFF7A8FF06B070BD70B586B0044687
S21403AF3801A80D461646FFF724FE0323206861681A
S21403AF488DF8043002AB8DF8116003C3294601A8B7
S21403AF58FFF791FF06B070BD0022FFF7E6BF30B5D6
S21403AF6885B00D4669460446FFF7A0FF20B92A4672
S21403AF7821466846FFF73AFF05B030BD30B5437B38
S21403AF88044613F001020D468BB007D0407801A99A
S21403AF98F1F7F0FB70B12D200BB030BD9B07FAD547
S21403AFA8ADF8022001A90DF10202043002F049FDB2
S21403AFB80028F0D000210E22A81CE2F7EDF8BDF811
S21403AFC810302B80039BAB60BDF81230AB819DF825
S21403AFD81430237301AB03CB6060A1600020DBE76A
S21403AFE870B5437B0446DB070E468AB003D42D258B
S21403AFF828460AB070BD6946407800F04DF9054604
S21403B0080028F4D1DDF81D300E226360DDF8213008
S21403B0180146A360637BB01C43F002036373E2F745
S21403B028BBF8BDF80030069A43F004033380059B4B
S21403B038B2607360DCE70B4610B5044610220021A5
S21403B0481846E2F7A9F82278032A09D0042A0DD06D
S21403B058022A11D101462046BDE81040DFF77ABC24
S21403B06801462046BDE81040FFF788BF0146204644
S21403B078BDE81040FFF7B4BF262010BDF8B5074655
S21403B08808460C4616461D46FFF77BFD0423237029
S21403B098637B314643F00103204667706373FFF70B
S21403B0A805FF08B12D20F8BD29462046FFF7C3FF44
S21403B0B80028F8D0F6E7F8B5054608460C461F46B6
S21403B0C81646FFF75EFD0423237025B1082229469A
S21403B0D8E018E2F7B3F8637B43F0020363734EB9F1
S21403B0E832460121284600F0E4F8FF28607007D1AD
S21403B0F82D20F8BD31462046FFF7D8FE0028F7D1A5
S21403B108637B43F0010363730DB90020F1E7002F57
S21403B118FBD039462046FFF78EFFF6E7F8B50C4610
S21403B1280746084616461D46FFF72BFD032320460B
S21403B138394600F8043B0822E2F780F8637B314679
S21403B14843F0020320466373FFF7B0FE08B12D20D1
S21403B158F8BD29462046FFF76EFF0028F8D0F6E725
S21403B168F8B5074608460C4616461D46FFF709FD7A
S21403B17803232370637B314643F00103204667703D
S21403B1886373FFF793FE08B12D20F8BD29462046C2
S21403B198FFF751FF0028F8D0F6E718B180220121FF
S21403B1A800F087B8FF207047002307B51A461946EC
S21403B1B80093F3F72FF8B0FA80F0400903B05DF870
S21403B1C804FB0B4610B519220446FF211846E1F77F
S21403B1D8E3FF7E2C01468CBF04F5C43004F58330A8
S21403B1E84FF01902BDE8104088BFAD30D3F73CBD19
S21403B1F87E2888BF00F5C4304FF0190294BF00F5C7
S21403B2088330AD30D3F75CBD30B589B00D46FFF754
S21403B218C4FFFF2804460DD001A9FFF7D2FF28680C
S21403B228696801AB03C3204601A9FFF7E1FF0020C5
S21403B23809B030BD2D20FBE77047704700207047E4
S21403B24870470F20704770479DF8000070470F201F
S21403B25870470F207047002070470F207047002064
S21403B26870470020704784B08DE80F00002004B0B4
S21403B2787047002070477047704700207047704734
S21403B28800207047704700207047012070477047BA
S21403B29800207047012070470E207047FF20704734
S21403B2A80E2070470E2070470020704770470E2008
S21403B2B87047FF20704770477047002070477047F5
S21403B2C8704770470020704770470020704700207B
S21403B2D870470020704770477047002070477047D4
S21403B2E8002070470020704770470020704710B54D
S21403B2F80024E3B210B9C3F10303DBB20134042C10
S21403B308CA544FEA1222F4D110BD10B50B784C7804
S21403B3188A78C97828B91046224604460846194644
S21403B328034642EA012043EA042343EA004010BDE9
S21403B3387047DFF7C3BB08B5CEF7A8F8002814BFD5
S21403B3488620002008BD08B5CEF770FA003818BF67
S21403B358012008BD08B5CEF729FA003818BF012022
S21403B36808BD08B5CEF7AEFA003818BF012008BDE9
S21403B37808B5DFF783FCBDE80840DFF731BC70B5D6
S21403B38804460D461646DFF779FC0420DFF71AFC59
S21403B398324629462046FFF7DDFF04460220DFF73C
S21403B3A811FC204670BD08B5DFF768FCBDE8084009
S21403B3B8CEF7E0B9DFF79ABFDFF77ABF08B5DFF74E
S21403B3C877FF20B1BDE808400020E0F7AFB81120AA
S21403B3D808BD08B5E0F78CF9E0F792F9E0F79AF9B3
S21403B3E8BDE80840E0F7AAB910B5044622F0704253
S21403B3F8103060602160A26039B1A26803F0704320
S21403B4081343A360029BE36010BDA36843F0804325
S21403B418F7E701234360C36843F02003C3608368E8
S21403B42843F000538360704737B515464A680446A9
S21403B4383AB18C680093096845EA0403FFF7D4FF1A
S21403B4480446204603B030BD2DE9F04FD3B0CDE90E
S21403B4580123DDE9608500230390042003ACCDE9CE
S21403B468050307C907AB83E80700214618465D9E10
S21403B4780494E0F77BF90746002840F0BA805C9A04
S21403B4880AAB07CA83E80700494201F00F090021FF
S21403B4985E9B5F9A5B6852680D9113445B4203F0A8
S21403B4A80F0AD8F8043012915B420093B368DA00A7
S21403B4B848BF73684FF0100242BF033323F00303F9
S21403B4C87360AB68DB0041BF6B68033323F0030389
S21403B4D86B605E9BD3F804B05F9B5C680BEB04035E
S21403B4E85344CDE90E3173685B4203F00F03CDE98D
S21403B4F810136B685B4203F00F03CDE9131316AB07
S21403B50818461591E1F748FE5C9A516851B9D8F880
S21403B51804100C4354EA0B0401BF10229146CDE9EC
S21403B5280B240A9011234FF0005204A932A8FFF700
S21403B5387BFF40F611034FF0005207A9FFF774FF8D
S21403B54842F611034FF000520299FFF76DFF44F6D7
S21403B55811034FF000520199FFF766FF41230022BB
S21403B5685E99FFF761FF4FEA0A234FF000525F998F
S21403B57843F04103FFF758FF4FEA09234FF0005201
S21403B58843F001030AA9FFF74FFF009B4FF0005251
S21403B5981B0203F47063414643F00103FFF744FFBD
S21403B5A81038FFF736FF00230DA91A461AA8FFF727
S21403B5B83BFF002331461A46FFF736FF002310A940
S21403B5C81A46FFF731FF002329461A46FFF72CFFD2
S21403B5D8002313A91A46FFF727FF002362991A4682
S21403B5E8FFF722FF1038FFF714FF1AA932A8FFF750
S21403B5F8F0FE384653B0BDE8F08F10B5044608B1E0
S21403B608E0F796F92046BDE81040FCF73ABE10B5B9
S21403B6180446006A10B1616AFFF7EFFF0020C4E929
S21403B628080010BD38B50546FFF7F1FF2B7E044624
S21403B638012B0ED0023B012B0ED8EB69012B18BF4A
S21403B6486FF09604282200212846E1F7A5FD204638
S21403B65838BDEB69002BF2E76FF09604F2E7182281
S21403B6680021E1F799BD70472DE9F84F9846DDE9C3
S21403B6780B490D9B15469A0706460F4623D02A46BE
S21403B6880A9B03EB040A1444A24220D10D9B9B0792
S21403B69805D5A2EB050AD14505EB0A0420D82046B2
S21403B6A8BDE8F88F434639462020B0470AF1010A19
S21403B6B8CA450AEB0B02F5D3A9EB04024C4588BF2F
S21403B6C800222A44DCE7A246A5EB040BF0E702F1C6
S21403B6D8010B434639461AF8010DB0475A46D3E7D5
S21403B6E84346224639462020B0470AF1010AD2E7E4
S21403B6F82DE9F047DDE90D7616F0020F9DF8288050
S21403B708DDE90854DDE90BCE1FD106F001094FB178
S21403B718B9F1000F06D0B8F1000F02D116F00C0FDE
S21403B72800D0013F4FF0300A04E0202C04D005F87F
S21403B73804A001347445F8D3B9F1000F05D04FF0CF
S21403B7483009A74201D9202C2DD116F0100F1FD08F
S21403B75816F4806F2CD15CB3744501D0BC4227D154
S21403B768B4F1010E23D0BCF1100F46D1023C16F0FB
S21403B778200F28D1202C28D04FF0780C05F804C0C9
S21403B7880134202C21D04FF0300C05F804C00134C6
S21403B798202C1AD0B8F1000F23D04FF02D0C05F843
S21403B7A804C0013412E005F804900134C9E774466E
S21403B7B8BCF1100FDBD0BCF1020FE2D1202C04D071
S21403B7C84FF0620CDAE7202C08D12024CDE90A765C
S21403B7D8CDE90854BDE8F047FFF746BF4FF0580CCD
S21403B7E8CCE716F0040F02D04FF02B0CD7E716F071
S21403B7F8080FEBD04FF0200CD1E7BCF1020F7446CC
S21403B808C1D1DDE72DE9F04391B0189D1A9E1D9F1F
S21403B8180DB927F010077C0500D515B317F0200FD0
S21403B82814BF4FF0410E4FF0610EAC4600250DF1E4
S21403B8382008AEF10A0EBCFBF6F906FB19C95FFA37
S21403B84889F4B9F1090F94BF30347444E4B2B445AB
S21403B85808F8014B05F10105BCFBF6F401D3202DCE
S21403B86810D11C9C069705941B9CCDE903649DF890
S21403B8786440CDE9015408AC0094FFF739FF11B0D2
S21403B888BDE8F083A446D6E72DE9F04F95B0269E8B
S21403B898CDE90A23DDE91E74DDE9229B57EA040392
S21403B8A808BF26F010067205CDE9080102D557EA47
S21403B8B8040337D016F0200F14BF41236123002555
S21403B8C80DF1300AA3F10A0821464A465B46384674
S21403B8D8E1F7F6F8D2B2092A94BF303242444F450C
S21403B8E8D2B274EB0B0405F101050AF8012B01D358
S21403B8F8202D14D1259B06960593249BDDE9080184
S21403B908CDE903939DF88030CDE901530CAB009342
S21403B918DDE90A23FFF7ECFE15B0BDE8F08F07460E
S21403B9280C46D1E70025E5E708B100F014B87047E0
S21403B93810B1D1E900311847704738B5441E14F8DA
S21403B948015F25B90A2000F006F8284638BD2846C0
S21403B95800F001F8F3E701460020FCF765BA7047E4
S21403B9687047E9F77BB9704708B5FCF72EFACDF7A9
S21403B9788DFDBDE80840CFF7C5BE704708B5CEF7BE
S21403B988F1F8FBF785F8BDE80840DFF777B908B59F
S21403B998FBF76EFEE0F700F8FBF768FEE0F7AAFB96
S21403B9A8E0F796FBE0F70CFBBDE80840D3F736B99B
S21403B9B808B5D1F711FBFBF757FED1F719FBD5F7F7
S21403B9C83FFBD5F7E5FBD5F7EDFCBDE80840D5F713
S21403B9D80BBC70477047E0F719BB08B5FCF740FE89
S21403B9E8BDE80840FCF764BE704707B50022034667
S21403B9F8114601200092D4F79DFC03B05DF804FBC2
S21403BA0807B500920B46027D81898068FDF73CFCEA
S21403BA18003818BF0120C00103B05DF804FB08B561
S21403BA280020DBF795FD0020DDF726FB0020D6F780
S21403BA3861F80020D6F74EFB0020D7F777F80020EA
S21403BA48D9F7A6FB0020DAF711F90020DAF706FF84
S21403BA58BDE808400020DAF7F1BF08B50120FDF776
S21403BA682AF9BDE808400120D6F734BB08B50220FA
S21403BA78DBF762FE0220DAF7FBFF0220DDF70AFE99
S21403BA880220FFF799FC0220FDF780FB0220DAF775
S21403BA98EDF8BDE808400220DBF7EEBA7047FDF77D
S21403BAA895BE704770477047704770477047704732
S21403BAB8704710B50446DBF7F9F92046D7F748FB75
S21403BAC82046D8F79BFA2046BDE81040FDF791BB01
S21403BAD8FDF7ACBBFDF7B6BBDAF7CABE70477047CF
S21403BAE8704770477047704770477047704770478E
S21403BAF805F0D3BA70477047DAF754BF70477047F4
S21403BB08704770477047704770477047CCF736BA28
S21403BB18FEF736BB704700207047FEF733BBFEF7C9
S21403BB283DBBE2F751BC38B504460D4600F097F81E
S21403BB3850B129462046E7F7F9FD30B9294620468D
S21403BB48BDE83840E2F708BC0E2038BD08B5E7F76D
S21403BB5833FC18B1BDE80840E5F7AABF08BD70B5C1
S21403BB6816460C4605F061F9314605462046E5F7C4
S21403BB787BFB0446284605F053F9204670BD00F0C3
S21403BB8832B970B5044600200E4600F039FBD4F8E7
S21403BB98F0503DB1002331462046AC46BDE8704020
S21403BBA81A4660472B46012231462046E2F754FEE2
S21403BBB8284670BD38B5044648880D4600F020FB75
S21403BBC8D4F8F0302BB929462046BDE83840E2F7CA
S21403BBD855BD022038BD00F015BB00F03CB9E2F7AE
S21403BBE889BA00F01BBB70B5BDF81060054606B1F0
S21403BBF86BB1334428469BB200F073F9044620B968
S21403BC081EB13146284600F0ADF9204670BD212402
S21403BC18FBE7E4F7FDB8C0F8EC1000207047E2F73E
S21403BC283BBFE3F72BB810B4BDF8044001945DF8A6
S21403BC38044B00F09FB80B4610B514461846A16887
S21403BC489288E1F739FCE168034631B1A088628837
S21403BC58121A92B21844E1F72FFC002010BD0346CF
S21403BC68408A18B1188A003818BF0120704708465A
S21403BC78E4F74ABC00F0D6BA00F0D4BAE4F75CBEE0
S21403BC88084708B5E2F77EFAC0B208BD022A01D80B
S21403BC9800F00CBA21207047022A01D800F017BA20
S21403BCA821207047022A01D800F023BA21207047C2
S21403BCB8E3F764BD0846E3F77FBD00F033BA002018
S21403BCC87047002070477047D0F8903003F0600341
S21403BCD8402B0DD0602B03D0203B58425841704769
S21403BCE849B10B68012B06D9486940F00100704733
S21403BCF840F20110704700207047F7B50446104617
S21403BD08D4E952C7DDE908268CEA020587EA060164
S21403BD180540194085EA0C057940C4E952510025C7
S21403BD2823F4004106EA010320F0010043F40073FC
S21403BD38024043F00203CDE90055E6F78BF994F881
S21403BD4824309A0713D5D4F84C319B050FD54FF4F6
S21403BD588811204600F034FC94F82430024665F334
S21403BD68410384F8243020460B46E2F7DFF9002027
S21403BD7803B0F0BDF0B587B01C461746BDF8306073
S21403BD881AB90024204607B0F0BD002BF9D00029C5
S21403BD98F7D001AAE4F73CF80028F2D0BDF806303D
S21403BDA8A2199A42BDF80850C4BF9B1B9CB2B54261
S21403BDB812D90399AD1BADB23144A5420391ADF830
S21403BDC808500DD22A463846E1F776FB0499621BDB
S21403BDD87819E1F771FBD5E70499761B314404918A
S21403BDE822463846F5E70846E5F7E6B90220E4F7BB
S21403BDF899BD08B5D0F8E4304BB11A68022A06D9BB
S21403BE0893F825204AB1186AB0FBF2F008BD4FF440
S21403BE1846624C210020E7F7B7FC0020F6E7D0F887
S21403BE28E42008B57AB11368022B0CD9536A13F4C5
S21403BE387F4FC3F3072106D0126ADBB253438B4204
S21403BE48B3FBF1F006D2002040F67F424C21E7F719
S21403BE589BFC002008BD0346D0F824010860B3F80D
S21403BE68283100208B80704790F824310C2B14BFA0
S21403BE7890F82900FF20704738B50C464FF4006148
S21403BE880546E7F7C9F970B17CB195F81E3173B961
S21403BE984FF480724FF480712846E7F7A9F9003803
S21403BEA818BF012038BD2202F4E72246F2E7002035
S21403BEB8F8E74FF48071E7F7AFB908B54A024FF4CD
S21403BEC80071E7F795F9002008BD08B58A024FF414
S21403BED88061E7F78DF9002008BD4FF40071E7F796
S21403BEE89BB92DE9F041884618F003070646154620
S21403BEF8194633D1B2F5805F30D89A422ED33F2AFB
S21403BF0828D9B2FA82F401220120C4F11F03DBB256
S21403BF189A4092B2AA422CBFC4F11904C4F11A0477
S21403BF28E2B2931DDBB2984080B2A84214D096F8CA
S21403BF38F530ABB9012096F8243060F3C71386F8BA
S21403BF4824304046E3F716FDC6F82080B582384607
S21403BF58BDE8F0813A46EAE70020ECE72127F6E752
S21403BF680E27F4E7084600F02EB9F8B511F00306D5
S21403BF7807460D46144621D102B313883F2B1DD915
S21403BF88B3FA83F3C3F11901C9B2062901D8192BE9
S21403BF9812D0062928BF062101238A1DD2B2934050
S21403BFA82846238000F015F923883846FD617B82EE
S21403BFB8E3F7F0FD3046F8BD3146EDE72126F9E70D
S21403BFC838B5148811F003054FEAC4041ED13F2C74
S21403BFD81CD9B4FA84F4C4F11903DBB2052B01D8CF
S21403BFE8192C11D0052B28BF052301240633DBB2F1
S21403BFF804FA03F3C3F3CF0414808161048203872E
S21403C008E3F7C8FD284638BD2B46EEE72125F9E7B2
S21403C01810B5144608460121E4F7A0FF2046BDE8FC
S21403C02810400121E4F79ABFF8B504460E461746B2
S21403C03804F0FBFE3A46054631462046E5F74CFA39
S21403C0480446284604F0ECFE2046F8BD0220704756
S21403C05803207047E4F75EBC10B50023E3F7AAF89D
S21403C068044608B9E6F72EFA204610BD70B505460D
S21403C0780E46144600F0C9F83146284600F04CFA36
S21403C08800F0C3F8230744BF24F00804A4B22146EB
S21403C0982846E2F77DF800224FF400312846E7F7F2
S21403C0A8A7F8002070BD8021E7F7B6B87FB5531C04
S21403C0B805AAADF81410029202210022DBB2CDE9DC
S21403C0C800211146E7F7B2F807B05DF804FB7FB521
S21403C0D8531C05AAADF81410029204210222DBB2FF
S21403C0E8CDE9002100220121E7F7A0F807B05DF8A3
S21403C0F804FB1FB5531C029100220821CDE9002139
S21403C1080122DBB21146E7F791F805B05DF804FBA8
S21403C11810B50446E2F736F801462046BDE8104057
S21403C128E2F736B8002914BF21200020704738B537
S21403C138054610460C46E3F76BFB65B1D5F8E030C9
S21403C1484BB15B693BB12268013204BF6FF0010251
S21403C158226022681A60002038BD002070472DE947
S21403C168F74F01251C469DF83030064601930368B1
S21403C178174603F0070306339D4005F1FF380B46C1
S21403C188A1B1416804EA080BA5EB0B0A41F0005974
S21403C198524509EB0B0114D952461846E1F78CF9B8
S21403C1A849467A1B5A445044E1F786F9019B2BB15A
S21403C1B83C4448EA050804EA0804F46003B0BDE80A
S21403C1C8F08F1846F0E74FF03A43022298615A6315
S21403C1D870474FF03A4301225A6740F6FF72D96414
S21403C1E818651A67704737B5002514460095FFF794
S21403C1F8B6FF204603B030BDE3F77CB9002070478E
S21403C20800207047002070477047704710F0FD0FF6
S21403C21814BF4FF0FF300020C0B2704770470020AD
S21403C2280021704708B5E4F7C7FCBDE80840E4F703
S21403C238EBBC38B50446FFF7F5FF0546FFF7F2FFF4
S21403C248431BA342FAD338BD38B50D460446E4F774
S21403C258B3FC35B1844200D90139204601F0030105
S21403C26838BD844238BF0131F7E708B50121FFF727
S21403C278EBFFBDE80840E4F7C7BC08B521B1920058
S21403C288E1F71AF9002008BD2120FCE700F06F4308
S21403C298B3F1804F02D0B3F1204F02D120F07040A3
S21403C2A8704700F06043B3F1204F08BF20F080507A
S21403C2B870470B0C23F48053B3F5284FF7B50D4698
S21403C2C88FB2064699B216D04AF60103994214D09D
S21403C2D84AF60203994212D0B1F5204F14BF04243C
S21403C2E80324D6F8E0300BB1196851B9D6F8DC3018
S21403C2F893B928680EE00024F3E70124F1E7022443
S21403C308EFE7234668463A46E4F7F2FCDDE900031E
S21403C318002BEBD103B0F0BD19680029E9D02346FA
S21403C32868463A46E4F7E4FCDDE90003002BE0D16F
S21403C338F0E70204C0F3891307D56FEA83536FEA5D
S21403C348935313F5007F18B206D0A3F1C8006FF411
S21403C358FF739842B8BF184670474FF03843596979
S21403C3689A6903F500530A405A6170470E207047CE
S21403C378E6F7B8BAE6F7B6BAE6F7B4BAE6F7B2BA7D
S21403C38808B50846E6F7A0FE08BDE6F7ABBA0220EE
S21403C398704702207047002070470120704700202E
S21403C3A870470E20704700207047E3F70BB908461E
S21403C3B81146012200F086B870B505460C461146AC
S21403C3C81A46E6F7B7FF06682B462046B446BDE886
S21403C3D87040604710B5E6F7ADFFBDE810408368C8
S21403C3E81847FFF739BEE2F7F7BFFFF79CBBE2F73C
S21403C3F8F5BC70B504460D4616464FF4881100F092
S21403C408F4F8324629462046BDE87040E3F710BAEA
S21403C4187047431E012B03D9031F584258417047E0
S21403C42801207047FFF7EABE4FF4D4720021E0F705
S21403C438B3BE70B50446E2F769FD0546A8B9A16917
S21403C448F1B1238AD3B1204604F11002FFF7B8FDF1
S21403C45838BBE16919B3638AA3B1204604F1120213
S21403C468FFF783FD78B1054603E00023A361236144
S21403C478E361002328466361236270BDA061E8E791
S21403C4882082E6E7E361216A0029F2D0A28A002A1D
S21403C498EFD02046E38ABDE87040FFF722BD6182ED
S21403C4A8F1E76582E561DEE711B9D0F8DC1021B162
S21403C4B8CB6813B18B68D88970474FF6FF707047FF
S21403C4C8E1F746BE10B50C461146E1F767FEE3F7FB
S21403C4D879F8012801D1002010BD002CF7D10520DA
S21403C4E8FAE7FFF786BCFFF79ABC70B50023242546
S21403C4F8D0F8DC00C4689C4201D1212070BD826854
S21403C50805FB0322D6898E4202D8128A8A4201D2B2
S21403C5180133F0E70020F1E7F8B506460D46E6F7DF
S21403C5286BFFD8B94FF6FF734FF0240CEF68C1B210
S21403C5388F4208D81C4621463046E7F7F7F8FFF738
S21403C54863FE2046F8BDAA680CFB0122D4899C42E8
S21403C55802D2002CEFD023460130E8E70024F0E7A8
S21403C568808D70470A7838B505461046FFF751FFA1
S21403C57860B14C782046FFF74CFF38B12243530787
S21403C58804D42846BDE83840E2F740B8212038BD31
S21403C59810B504460878FFF73CFF58B14A781046AA
S21403C5A8FFF737FF30B1042A04D02046BDE8104011
S21403C5B8E2F74AB8212010BDFFF79FBBE2F770BB2E
S21403C5C838B505460C4604F030FCD5F88C301C40CC
S21403C5D8D5F888302343C5F8883004F021FC211E9B
S21403C5E818BF01210020490238BD38B504460D4658
S21403C5F804F01BFCD4F88C301D40D4F8883023EAAA
S21403C6080505C4F8885004F00BFC284638BD38B531
S21403C61804460D464FF48811FFF7E7FF29462046E0
S21403C628BDE83840E3F724B973B50D7806460C46DB
S21403C63835B304238DF804302379304601A98DF8E1
S21403C6480530FFF7A5FF0546B8B92278A37952BB8C
S21403C6588DF80430E379304601A98DF80530FFF7E5
S21403C66881FF054648B923783BB161883046E2F72F
S21403C678D9F901213046FFF7FFFB284602B070BD03
S21403C6882946FFF7F9FB29463046FFF716FC2946E5
S21403C6983046FFF71AFC2378002BCAD123798DF886
S21403C6A804306379C9E702228DF80420D3E7FFF73D
S21403C6B804BCFFF712BC00207047704710B5044649
S21403C6C8E7F7C4F821460020E7F722FFBDE8104045
S21403C6D8002000F03EB970470120704708B5E8F718
S21403C6E845FD80F00100C0B208BD4FF0FF30FFF7EC
S21403C6F8C1BA70470020704710B50C4604F0B0F86E
S21403C708048010BD38B50C46154604F0A9F803880E
S21403C7181DB11C43A1B2018038BD23EA040189B2C6
S21403C728F9E708B504F09CF8008808BD08B504F0D6
S21403C73897F8C07808BD08B504F092F8008800F0AA
S21403C7480C0008BD08B504F08BF8008800F00C0050
S21403C758031F5842584108BD38B5054604F080F80B
S21403C76804462846FFF7EEFF30B904F1100004F03C
S21403C778CEFC00F4406038BD4FF40060FBE738B5E4
S21403C788054604F06DF804462846FFF7DBFF014626
S21403C79848B910342046042203F0A2FF2044BDE81B
S21403C7A8384004F0B4BCA08838BD10B50C4604F075
S21403C7B857F8848010BD38B5054604F051F804468A
S21403C7C82846FFF7BFFF014608B1201D38BD1034C1
S21403C7D80422204603F084FF2044F7E738B50546CD
S21403C7E804F03EF804462846FFF7ACFF30B904F1D8
S21403C7F8100004F08CFC00F4404038BD4FF4006091
S21403C808FBE738B5054604F02BF804462846FFF739
S21403C81899FF014648B910342046062203F060FF04
S21403C8282044BDE8384004F072BCA08838BD38B54B
S21403C838054604F015F804462846FFF783FF014625
S21403C84808B1201D38BD10340622204603F048FFE1
S21403C8582044F7E708B504F003F8007A08BD08B5DE
S21403C86803F0FEFF90F9090008BD08B503F0F8FFCA
S21403C878807A08BD08B503F0F3FFC06808BD10B595
S21403C8880C4603F0EDFF047210BD10B50C4603F01A
S21403C898E7FF447210BD10B50C4603F0E1FFC46011
S21403C8A810BD2DE9F8430F468046002107F1100016
S21403C8B81646994604F048F80446D0B103F0D0FF6C
S21403C8C80546204603F0E8FF002102462846E0F71F
S21403C8D863FC00232046AB7049F00401FFF70CFF06
S21403C8E8A5F804802EB13A46314605F11000E0F764
S21403C8F8E3FD2046BDE8F883F8B505460F46102045
S21403C908002104F021F80446B0B103F0A9FF064657
S21403C918204603F0C1FF002102463046E0F73CFC00
S21403C928002339462046B370FFF7E6FE25B12A46AC
S21403C9380121204603F0E0FF2046F8BD08B503F0C2
S21403C9488FFF103008BD08B503F0A6FF1038C0B235
S21403C95808BD0020E7F704BD08B5E7F75FFF00202A
S21403C96808BD4088C0F30C0003308008400004303C
S21403C978704770B50E4605461146304603F0E4FF89
S21403C988044635B128B103F06BFF32462946E0F773
S21403C99855FC204670BD0088B0FA80F04009704701
S21403C9A838B505880022044604F01FFC05B1258027
S21403C9B838BDF8B507460D4600880021164603F02D
S21403C9C887FFB042044605D129463846BDE8F840F5
S21403C9D8FFF7E6BF0021204603F07AFFB04205D0F2
S21403C9E82046002103F074FF0446F3E72A46204650
S21403C9F8002103F081FF32462846BDE8F8400021AF
S21403CA0803F07ABF38B5044638B1002104F0E7FBD3
S21403CA18002301465D1C09B998B238BD204604F0C8
S21403CA2802FC2B460146F5E7F8B5058807467DB1AF
S21403CA38CCB22146284603F04BFF8542064609D169
S21403CA4800233B8000222146304603F055FF354637
S21403CA582846F8BD214603F03BFF214602462846F2
S21403CA6803F04AFFEEE72DE9F04707888246884633
S21403CA7814465FB3384603F00FFF3D460646E4B256
S21403CA882146284603F024FF4045814616D1214611
S21403CA9803F01EFF21460246284603F02DFF4745AE
S21403CAA804D1454508BF0025AAF8005000222146B0
S21403CAB8404603F021FF3046BDE8F0878742FAD0A8
S21403CAC803F0EAFE30444D4686B2D9E73E46F2E71F
S21403CAD800220123C0E900237047F8B5044601275E
S21403CAE8002604F0AFF923683BB904F0A6F9002240
S21403CAF86368012B0ED16360F8BD1D691F6126604C
S21403CB0804F09BF9012DF2D02B462D691E61012DE9
S21403CB18FAD1E6E719691A610B46EAE7036823B907
S21403CB284068012803D0E8F7C1BB002070474FF0E0
S21403CB38FF307047F8B5054604F004FA01230646A5
S21403CB480027A8602B7304F07DF92B6802467BB197
S21403CB581C692169A1420CBF2F6019612761104621
S21403CB6804F06BF9012C08D0204663689847EAE777
S21403CB786C68012C04D104F060F900232B73F8BD0C
S21403CB886169711AB1F1004FF5D8216969602361AB
S21403CB98E5E7704702207047022070470020704779
S21403CBA80144884201D10120704710F8013B9342A3
S21403CBB8F7D0002070470821FDF789BE70B50146F7
S21403CBC8064692B00020E7F76DF8044670B9FDF7FD
S21403CBD879FE054601466A462046E7F7B7FB6A46E6
S21403CBE8294620468DF80260E7F766FE204612B00F
S21403CBF870BD00B593B0FDF765FE6A460146002092
S21403CC08E7F7A4FB9DF9020013B05DF804FB00B533
S21403CC1893B0FDF757FE6A4601460020E7F796FBF2
S21403CC289DF8000013B05DF804FBE7F753BB01203B
S21403CC3870477FB54FF6FF7101AAE8F713FE20B1D8
S21403CC48BDF80C0007B05DF804FB4FF6FF70F9E774
S21403CC5808B504F027FB003818BF012008BD08B53F
S21403CC681046E9F7D3FEBDE80840E9F78DBF7047DD
S21403CC78704770477047704770477047002100B584
S21403CC8893B06A460846E7F761FBBDF8060013B09B
S21403CC985DF804FB002110B592B004466A460846C0
S21403CCA8E7F754FB00216A460846ADF80640E7F75F
S21403CCB803FE12B010BD002100B593B06A460846BD
S21403CCC8E7F744FBBDF8040013B05DF804FB002146
S21403CCD810B592B004466A460846E7F737FB0021C4
S21403CCE86A460846ADF80440E7F7E6FD12B010BDFD
S21403CCF8704773B50646E9F7DBF804463046ECF7A3
S21403CD0859F82246034600213046F7F773FE0546D0
S21403CD18D0B1FFF713FE0446284603F0A1FD00230F
S21403CD28E21D121A294608200093D2B2FBF777FDB4
S21403CD380138C0B2012807D801222946304602B076
S21403CD48BDE87040E9F7EAB802B070BD134610B5FF
S21403CD580A4600210446F7F727FE014628B120466F
S21403CD68BDE810400222E9F7D9B8012010BD07B57F
S21403CD78009313460A460021F7F790FD28B10021D1
S21403CD8803B05DF804EBF5F73BBB012003B05DF891
S21403CD9804FB2DE9F04F87B00C4691460746FFF78C
S21403CDA8CAFC0546661C304604F0B1F9042D40F06B
S21403CDB890803846FFF7C2FD0378092203F0030381
S21403CDC8012B14BF0223032301212046039303F0F8
S21403CDD887FC092200210546204603F081FC2178BA
S21403CDE88DF8170001390022204689B2FFF7C1FDE6
S21403CDF804EB09088346F0B14FF0010A2A460146B8
S21403CE08CDF800A003980DF11703FBF708FD0228D9
S21403CE18054626D1584603F03FFD00222070C0B2CF
S21403CE28431E00929BB252465946304604F074FAA3
S21403CE382378534423703846FFF773FC020424D43C
S21403CE4898F8013021789B071FD50139A1EB090112
S21403CE583A464046C9B2EDF7C9FD23781844207010
S21403CE6813E020B92070284607B0BDE8F08F0328E2
S21403CE7809D1404604F04BF920F4007189B24046C4
S21403CE8804F047F9D7E70428D5D101250022204620
S21403CE982178FFF76EFD07460028E4D04FF0000818
S21403CEA80146434601224046CDF80080FBF7B7FC0F
S21403CEB8022819D1384603F0EFFCC2B2013A2070B3
S21403CEC893B2394601223046CDF8008004F024FA9E
S21403CED8C9E780F0800520F0800081B23046C5F3AC
S21403CEE8C01504F016F9D1E70028BCD12070BAE7BC
S21403CEF808B50020FFF7F2FB80F00100C0B208BDBA
S21403CF080A4608B501460020E9F708F8B0FA80F0A3
S21403CF18400908BD0020E7F703BE00210846E7F7E7
S21403CF28A7BA0020FFF7D8BB70B5044604F0EFF89D
S21403CF38042200210646204603F0D2FB204404F0D0
S21403CF48E6F8032205460021204603F0C9FB2044E1
S21403CF5804F0DDF84FF6FF730540ADB29D4214D1D9
S21403CF68F30712D506220021204603F0B9FB204416
S21403CF7804F0CDF80446E9F743F8844214BF0224C4
S21403CF880624E9F737F8204070BD2046FBF75FFE16
S21403CF98C400E4B2F5E708B5FFF7C6FF003818BFC4
S21403CFA8012008BD0120704710B50446FEF798F91E
S21403CFB808B9FEF797F903050FD40C231B2B01D1E9
S21403CFC8002009E020FA03F1C90703F1010206D598
S21403CFD8DBB2E31A5842584110BD0B23F9E7134650
S21403CFE8ECE710B50C46098819B90846F7F7BCFCF0
S21403CFF82080012010BD08B510461A4600F0B8FA7E
S21403D008BDE8084004F021B870B504460D46164638
S21403D01892B06A46E7F79AF96A46294620468DF893
S21403D0281F60E7F749FC12B070BD10B50C46E9F768
S21403D038C3FB2046BDE81040E9F7D4BA0129F8B582
S21403D04805460C461DD003291ED0052920D00729DE
S21403D05822D00026002400270120E7F7BBF8304437
S21403D06885421DDA0320E7F7B5F82044854219DA26
S21403D0780520E7F7AFF838448542B4BF07200520F4
S21403D088F8BD6FF00406E5E76FF004040526E2E74B
S21403D09800266FF00407DFE7002405272646DBE7AC
S21403D0A80120EDE70320EBE738B5054600242046C4
S21403D0B8E7F790F80134A842E4B202D9062CF6D171
S21403D0C80724204638BD38B14379490023F00C03BA
S21403D0D801F00C010B434371704710B5044678B151
S21403D0E841794088490801F006010131000AFFF733
S21403D0F8A5FF024601462046FFF7E5FF104610BD8A
S21403D1080722FBE738B50D46E9F744FB044608B99A
S21403D118002038BDFFF7E1FF002DFAD1237913F07D
S21403D1280703F5D0984238BF1846C0B2F1E703792B
S21403D13823F00703194301717047037903F00F03BC
S21403D14843EA0113037170470022E9F7C7BE0021BB
S21403D158012208B5E9F7C2FE401A18BF012008BD28
S21403D16838B51546FFF7F0FF0446284604F0B0F82E
S21403D17884B1FF2804D0626822FA00F3DB0701D5DE
S21403D188012038BD0123834013436360E3780133EA
S21403D198E370F5E72046F4E7EAF70AB910B503F0B3
S21403D1A85FFB00F11004204603F0B1FF20F4007182
S21403D1B889B22046BDE8104003F0ABBF2DE9FF4116
S21403D1C81546019101218DF80D301B0A8DF80E3096
S21403D1D89DF82C308DF80C008DF80F302846042364
S21403D1E8009103AA9DF828809DF830709DF8346056
S21403D1F801F0D8FC044670B12946FFF7D6FAB8F111
S21403D208000F02D12046FFF7C9FF2FB146B93146B2
S21403D2182046F5F7F5F80024204604B0BDE8F0816B
S21403D228002220461146EAF749F8F4E74FF47A70E5
S21403D238EAF79EB9F0B5064687B010461C460F4671
S21403D2481546FFF77BFB9DF83030184443789CB1AE
S21403D2586178012211F0020F0CBF03210021002080
S21403D268CDE90142CDE90310072239463046009539
S21403D278EAF71AFA07B0F0BD22462146EFE708B5E3
S21403D288E8F728F8BDE808400020EAF749BC00B5E7
S21403D2988BB06846EAF748F9009BBDF8060004A970
S21403D2A80693EAF7E7F80BB05DF804FB1FB50446E8
S21403D2B86846EAF739F902AB03CB2060616004B02D
S21403D2C810BD1FB5062304468DF80C30EAF7B8FDE3
S21403D2D800238DF80D00CDE90033012102232046F3
S21403D2E803AA01F05FFC04B010BD70B50C460546F2
S21403D2F80120EBF799FC237B4BB1FFF7BFFC0146F4
S21403D30823462A46BDE870400120EBF747B84FF698
S21403D318FE71F5E7F8B50E460746FFF70FFB054619
S21403D32803F0F5FE00F44040B0F5404F14BF00226A
S21403D338062202F10A03EB5C0B325C0004F00E04CF
S21403D3485B08144403F0380338461C44FFF7FBFA1B
S21403D358844208D2001BC2B20F2A28BF0F223046C7
S21403D3682919E0F7A9F82046F8BD40F62740ECF758
S21403D3788DBB13B5F5F7E6FA6946044600F0E1FFF8
S21403D38858B1FFF77BFC40B1E8F798F828B10023BB
S21403D398022269462046F2F795FE02B010BDFF2228
S21403D3A84FF6FF71ECF7BEBD07B500210DF1070078
S21403D3B8ECF746FF9DF8070003B05DF804FB13B5CA
S21403D3C8044601A90020ECF73BFF019A01462046D4
S21403D3D8ECF74CFF204602B010BDF0B50F4600210F
S21403D3E887B0044608461646ECF72AFF0123054687
S21403D3F80DF10A008DF808408DF80930FFF756FF3F
S21403D408092C1DD131460DF1120003F082FE05AB3F
S21403D418002102AA9B1A2846CDE90011DBB2642133
S21403D42801F0C0FB0546E0B1092C15D1ECF768FFFF
S21403D438044688B12846ECF777FF204607B0F0BDC8
S21403D44831460DF113008DF812704FF6FF7503F091
S21403D45860FE0DF11503DBE7284600F02EF80446B8
S21403D468EBE70446E9E77FB50D461646ADF80E002A
S21403D47803F012FA841BE4B2BDF80E20631B9BB2BA
S21403D488104629460093731901F0C0FA21460DF198
S21403D4980E0001F093FA04B070BD38B504460D4685
S21403D4A803F033FF40B1AC4206D0204603F0F8FB46
S21403D4B8BDE8384000F0DBBF38BD10B50446FFF7BB
S21403D4C83DFA023003F023FE4FF6F77398422046E0
S21403D4D803D9BDE81040EDF7A9B8EDF7F3F8B0FAAD
S21403D4E880F0400910BD0022ECF7C4BF70B50546AE
S21403D4F8FFF724FA0646284601F078FB0146284635
S21403D508F7F7E4FE04462846FFF739F94FF6F773AC
S21403D518984208D8337803F00303012B05D1A31EDA
S21403D5285842584170BD0120FCE70020FAE741F253
S21403D538033330B585B00D46ADF808300446FFF71B
S21403D5489DFB8DF80A00FFF799FB0021000A8DF86A
S21403D5580B0005232046CDE9001102AA8DF80C50CE
S21403D56801F020FB10B12146FFF7BDFF05B030BD23
S21403D5782DE9F041044617460D46E1B13F294FF021
S21403D588000600D135462046FFF7D5F8082814D1FB
S21403D5980121204603F09CF9064603F07DF904466C
S21403D5A8304603F05DF93B4601462A46E0B2BDE83D
S21403D5B8F041FDF73EBA0126E5E72046FFF7BBF83C
S21403D5C8024630B9BDE8F0414FF6FF71012003F07B
S21403D5D867BD2046FFF7C0F8B0F5006F0ED12046AA
S21403D5E8FFF7CDF84FF6FF739842014617D0002D84
S21403D5F80CBF03200520002203F052FD29462046CF
S21403D608E9F714FF68B929462046EEF7EFFC40B958
S21403D618324629462046BDE8F041EDF70FBB012008
S21403D628E9E7BDE8F08137B54FF6F675FDF74DF92E
S21403D638431E9BB2AB420446F8D8E9F7ABF800287A
S21403D648F4D169462046E8F799FB0028EED0204631
S21403D65800F0DCFF0028E9D12046FFF778FD002814
S21403D668E4D12046EEF736FD0028DFD1204603F046
S21403D6784CFE0028DAD12046FDF73DF90028D5D11F
S21403D688204603B030BD73B504460E46EEF722FDBA
S21403D698054688B92046EEF777FD21462B460D2228
S21403D6A84FF6FD70009500F056F83146204602B056
S21403D6B8BDE87040EEF72ABD02B070BD37B5054623
S21403D6C814460C2914D8DFE801F02C132C13131373
S21403D6D807131313132424006946E8F74FFB18B9F6
S21403D6E801216846F3F7D0F841202946F8F794FA5B
S21403D6F8D4B12046FFF722F9023003F008FD4FF6AF
S21403D708F773984210D9204603B0BDE83040EDF7CA
S21403D718A5B940F6144040F613430B2908BF18462C
S21403D728E3E7F6F79BFCE3E703B030BD1FB5034614
S21403D738084603218DF80D308DF80C1001230021BF
S21403D748ADF80E20CDE9003103AA042301F02AFA26
S21403D75805B05DF804FB2DE9F34106460F4614466B
S21403D7681D469DF82080FFF789FAB04207D10022AC
S21403D7782146384602B0BDE8F041FFF79FBF3A4658
S21403D78831462046FFF7D2FFADF8060060B10D2CF0
S21403D79805D100224FF6FF71282003F081FC35B926
S21403D7A8BDF80600FFF789FE02B0BDE8F081012345
S21403D7B8424629460DF10600E7F7E0FCBDF80630B9
S21403D7C8002BEDD1F0E7F7B50C460546FFF7B6F89C
S21403D7D8611C06462846F7F779FDA11C0746284626
S21403D7E801F027F9014604463846FDF7BAF80D2F27
S21403D7F834D12046EEF76EFC78B1301D03F087FC73
S21403D80804462846F679FEF7FCFF314602462046CC
S21403D81803B0BDE8F040FFF7A3BCB01C03F077FCE9
S21403D8284FF6F773984202D92846EDF717F92046BC
S21403D838EEF7AAFCFFF722FAA04205D1002003B0B0
S21403D848BDE8F040EEF7E4BC6B46B068F16803C386
S21403D85869462046EEF75AFC03B0F0BD2A46394619
S21403D868204603B0BDE8F040FFF728BF1422002186
S21403D878DFF792BC2DE9F04F11F00F0704460E466A
S21403D88815468FB05CD10120DCF7D8FF09A8FDF751
S21403D89878F9092309A88DF82430FDF776F909A83D
S21403D8A8DCF79EFF01A909A8FDF700FB26F00F0881
S21403D8B8A84404F1100904F10F0A454511D1236958
S21403D8C801A93344236109A8FDF7D5FA0020DCF73C
S21403D8D8B5FFB6F1005F28BF272738460FB0BDE867
S21403D8E8F08F05AA2346964694461868596808335F
S21403D8F8ACE803004B456246F6D12B46224605F1B3
S21403D908100B53F8041B5B4542F8041BF9D1714608
S21403D91809A8FDF7B0FA09A8DCF762FF22462146F4
S21403D9280120DCF747FF013D631E13F8012F15F8A6
S21403D938011F534582EA01021A70F6D15D46BCE719
S21403D9480227CAE7F0B5174685B005460C461022E7
S21403D95800216846DFF720FCBFB3C4B30F2C04F0DE
S21403D9680F0608D924F00F043A4621462846FFF73F
S21403D97881FF40BB2744324639466846DFF79CFD9D
S21403D98880222F6906F1100337446B44B7F5005F0E
S21403D99803F8102C2F61C6F110061AD3062E1FDDC6
S21403D9A8FB001A0E8DF80A201A0C5BBA8DF80B20AA
S21403D9B8ADF80C306A4610212846FFF75BFF0020B7
S21403D9C82B69103B2B6105B0F0BD3E46D8E72646CB
S21403D9D8D6E7022E04DDFB005BBAADF80E30E9E7A6
S21403D9E86A4610212846FFF745FF2B691022A3F144
S21403D9F81004002168462C61DFF7CEFBB7F5005FFD
S21403DA084FEAC403CDD2E7E770B50E46054686B09F
S21403DA1801A81446FFF72AFF3246294601A8FFF74E
S21403DA2891FF2246054601AB05AE1C4603CCB4421D
S21403DA3810605160234602F10802F6D1284606B064
S21403DA4870BDEEF783BC0A460021EEF77FBCF0B53F
S21403DA588BB00C4601A9EEF779FC054680B3252260
S21403DA680021E01CDFF798FB0123A3700E23BDF803
S21403DA7810702380FA0510D523464FF4877206AE36
S21403DA8823F8042B0DF1280C324603CA62451860A6
S21403DA985960164603F10803F6D13B0605D52388D5
S21403DAA843F080032380069B636001AB03CB039B91
S21403DAB8C4F81D00C4F82110A361EFF753FF606193
S21403DAC828460BB0F0BD30B505460C4687B001A80E
S21403DAD8FDF757F82868696802AB03C39DF8113049
S21403DAE843F002028DF8112074B12288510644BF10
S21403DAF843F006038DF81130530542BF9DF81130E5
S21403DB0843F008038DF8113001A8FDF735F9B0FA8C
S21403DB1880F0400907B030BD70B58AB00D460022C4
S21403DB2801A90446EEF712FC88B1204604A9FFF7BC
S21403DB38CAFF60B1BDF81060FFF7A0F838B97206DF
S21403DB4801D5730503D529462046FCF776FF0AB0A8
S21403DB5870BD2DE9F3410F460546164602F09CFEB6
S21403DB684FF00008C41BE4B2294623463A4630461B
S21403DB78CDF8008003F0D0FB0121284602F0A8FE6A
S21403DB8888B10121284602F0A3FE074602F084FE68
S21403DB980546C3B2424630193946CDF8008003F02D
S21403DBA8BBFB2544ECB2204602B0BDE8F0812DE964
S21403DBB8F04F85B00C46054691461F464FF0010ABE
S21403DBC8DDF838809DF83CB002F066FE22463B46F8
S21403DBD829460646CDF800A0484603F09DFB514665
S21403DBE8284602F075FE3C4418B35146284602F010
S21403DBF86FFEF6B2B442814610DAE7B2F31BDBB225
S21403DC08404622462946CDF800A003935F4403F016
S21403DC1883FB039BBF1B984407F0FF0B01230022DB
S21403DC280E9349465B46404605B0BDE8F04F03F001
S21403DC3873BB5B4622462946CDF838A0F3E72DE9A1
S21403DC48F041002686B0074608460C461546984611
S21403DC58CDE9026604968DF8146002F01DFE411B9A
S21403DC68CBB20D2B28BF0D232A462146009602A8C1
S21403DC7803F052FB424602A93846EEF7E1FD064694
S21403DC88294620469DF80820F7F734FB304606B0A9
S21403DC98BDE8F0812DE9F04F0E46CBB001210546CD
S21403DCA817461C4602F014FE23463A462946814682
S21403DCB806A8FFF7C4FF0DF1280A00EB070B524628
S21403DCC8314628465FFA8BFBFFF743FFB34503D27B
S21403DCD800204BB0BDE8F08FABEB06085FFA88F878
S21403DCE808F104039842F3DB331F18440423C4B231
S21403DCF80193A31BDBB20093524643460021CDF89B
S21403DD0808A006A8DCF70AFD0028E1D1A4EB0B045B
S21403DD180AEB0803E4B252462846314600930194B8
S21403DD284346FFF744FF39462846F7F7CFFA3946FE
S21403DD3800F0F8022846F7F7DDFA0121284602F034
S21403DD48C7FD002818BF4D462846ADF8165002F002
S21403DD58A3FD011FC9B20DF1160000F02FFE012026
S21403DD68B7E72DE9D841064600F040FF411C0446B4
S21403DD7889B2304600F00DFF98B394B32146304677
S21403DD88F7F7A4FA00F00C03042B074629D000F093
S21403DD980308B8F1020F00D11BBB384600F0AFFFEB
S21403DDA83B060444A4B216D5611C304689B200F07B
S21403DDB8F0FEB0B121463046F7F788FAB8F1010FFE
S21403DDC8014600F003030CD0032B0AD0384600F0B4
S21403DDD8A5FF03199CB221463046BDE8D84100F09A
S21403DDE8D8BE0020BDE8D881F8B5064600F0C0FEC8
S21403DDF8054604463046FEF7A1FD43785B0718D56B
S21403DE08AC1CA4B22146304600F0C3FEB8B129467E
S21403DE183046F7F75BFA0746691C304689B2F7F7C8
S21403DE2855FA1FB1874201D8FF2808D104EB4704E7
S21403DE38A4B221463046BDE8F84000F0AABE00204A
S21403DE48F8BD13B5044601A8EEF752FFBDF8043033
S21403DE58DA0710D49B0707D410220021204602B005
S21403DE68BDE81040DFF798B9224621461020FFF791
S21403DE78CBFD0028F0D102B010BD024608B5EEF778
S21403DE885FFF510544BF0838C0B2130544BF0838BE
S21403DE98C0B208BDF0B5D30705460C468BB04AD5C5
S21403DEA8008800F0A3FE00230646029314B9CDE9C2
S21403DEB8034403AC002208212046FEF771FEA8B1EE
S21403DEC82888FEF73BFD023003F021F92146074672
S21403DED8E7F754FF50B1002240231146384600F0B6
S21403DEE81DFA40F6094528460BB0F0BD314628888A
S21403DEF8F7F7ECF910F0030F0CBF01260026EEF730
S21403DF0869FA46EA4000C0B200900021204602ABF8
S21403DF1805AAF0F77FF90546EEF75CFA0028E2D083
S21403DF28002DE0D000212046009602AB05AAF0F7A4
S21403DF3871F90546D7E740F60A45D4E700231A469B
S21403DF48F0F7C2B830B58BB005AD04462846FCF7E3
S21403DF5818FE0223284601A98DF81430FCF7A6FFFD
S21403DF68234601AA144603CCAC42186059602246DD
S21403DF7803F10803F6D10BB030BD08B500230246FB
S21403DF8819461846F0F7A0F8012008BD37B5044629
S21403DF986846F0F711F9054648B10822214668464F
S21403DFA8DFF746FCB0FA80F0400903B030BDFF2225
S21403DFB808212046FEF7F4FD034628B10621284625
S21403DFC8FFF7BCFF0120F0E722460146F0F77CF88E
S21403DFD8F8E707B56846F0F7EFF810B16846FDF7B7
S21403DFE8E3F800F0010003B05DF804FB0120F0F746
S21403DFF81DBE704737B504460846FEF7DCFB0546E4
S21403E008FEF73CFE00230146009322462B460120DA
S21403E018F6F748F903B030BD30B50124054689B094
S21403E02803A8FCF7AEFD01A88DF80C40DCF736FC18
S21403E0389DF806209DF80730AA4209D0AB4209D1BD
S21403E04803A88DF80D40DCF7CBFB012009B030BDE3
S21403E0580024F5E70020F9E700221021FEF7A0BD0B
S21403E0687FB50D4600F582300D22694600F58070AF
S21403E078D0F7FAFD6B462A4602AE1C4603CCB442DA
S21403E08810605160234602F10802F6D1206810603A
S21403E0982379137100236B7304B070BDF0B585B094
S21403E0A86A4605460B46164601F1080714461868DD
S21403E0B85968083303C4BB422246F7D118680D22B1
S21403E0C820601B7905F582303146237100F5807090
S21403E0D8D0F7F6FD05B0F0BD38B504460D46DBF7B8
S21403E0E8A1FEA04205D920462946FFF7B9FF00201E
S21403E0F838BD2820FCE730B5002485B08DF80040ED
S21403E108DBF790FEE5B2A84204D8F2F721FA00201E
S21403E11805B030BD69462846FFF7C0FF0134EFE770
S21403E12838B50446002002F08BFDFF2805460FD0BD
S21403E13802F00EFE10F0010009D0284602F008FE91
S21403E148400840EAC17080F0010000F0010038BDC5
S21403E15804F00100FBE70146F8B506460020F2F78F
S21403E16831F9FF2801D00120F8BDDBF74BFE002468
S21403E1780546871CDBF74AFEE3B2984201D800201F
S21403E188F2E735F82430B34203D117F82430002BCE
S21403E198E9D10134EEE738B50D460121044602F00D
S21403E1A897FB30B10121204602F092FB288001201C
S21403E1B838BD20462C8000F00EFE0130C0B2F7E7CB
S21403E1C82DE9F04788B00746894610460DF10A013F
S21403E1D81D469046FFF7DFFF4FF0000ABDF80A60BA
S21403E1E804463046CDE905AACDF81BA002F054FB39
S21403E1F8031BDBB20B2B28BF0B2322463146CDF875
S21403E20800A005A803F088F848F21F039D4243D0F0
S21403E2180BD885F40043012B15D9234642464946B5
S21403E22828460097FDF713F833E048F23A039D4271
S21403E238F3D1FEF723FDB8422BD02246414605A864
S21403E248FDF73AF825E09DF8143013BBBDF81D40DA
S21403E258DDF81500DDF8191003AB03C3204603A940
S21403E268DCF702F80122204603A9EEF705F8A742D1
S21403E27806460ED0012103A8F2F706FB48F201036F
S21403E2889D4206D12EB9334632463946204600F01B
S21403E29846FE08B0BDE8F0879DF81450002DF8D167
S21403E2A82F469DF815800234EAB24245F1D2D200D1
S21403E2B8D2B222440823314692B2009703A8CDE986
S21403E2C8037703F029F803A8F4F76CFB02F0E8FCDD
S21403E2D800F0CDF80135E7E708B5E6F7FBFFBDE83C
S21403E2E80840F2F70FBD10B50024418084800480EF
S21403E2F8C280038110BD13B5BDF81040CDE90034C4
S21403E3080023F2F767FE02B010BD13B5BDF8104040
S21403E31801900094F2F75EFE02B010BD07B50093B5
S21403E3280123FFF7F2FF03B05DF804FB0123F2F7BE
S21403E338F7BE0121F4F764B801464FF6FF70F3F70A
S21403E34887BF10B50C4602F0ABFCFF2808D0F4F7DD
S21403E35811FB20B10368236043680120636010BD86
S21403E3680020FCE710B50446FEF7F6F9B0F5006F93
S21403E378204605D1FEF703FABDE8104002F090BC2C
S21403E388FEF719FABDE8104002F0BBBF08B502F065
S21403E39887FCFF280CD002F0DBFC10F0010309D041
S21403E3A8400840EAC17080F0010000F0010008BD93
S21403E3B80020FCE71846FAE71FB500F582300B2263
S21403E3C801A900F5C070D0F74FFC9DF80E0005B004
S21403E3D85DF804FB30B589B001F0010503A90446CE
S21403E3E8F4F7EAFE9DB190B9204602F0B1FC10F0AE
S21403E3F8010109D0204602F0ABFC430843EAC17387
S21403E40883F0010303F0010103A8F2F73DFA20465F
S21403E418F5F76AFE9DF81430294600932046BDF8A2
S21403E428162003ABFCF781FA09B030BD7FB50C465E
S21403E4380546F4F787FAA04217D04FF6F7739C42BF
S21403E44813D805F5823606F5C0760B2201A93046A1
S21403E458D0F70AFC01A90B223046ADF80C40D0F7DA
S21403E4682FFC21462846F4F7BFFA04B070BD10B552
S21403E4780446DBF7DDFCA0420FD92046F4F762FA20
S21403E4884FF6FF73984208D020460021FFF7A2FFF5
S21403E4982046BDE81040F4F7E9BE10BD10B50446A3
S21403E4A8FEF7ECFB0023024619462046BDE810405B
S21403E4B8F5F736B82DE9F04114460F460546984653
S21403E4C8FEF73CFA0646043002F021FE2080284672
S21403E4D8FEF797F96080B379791CE372C9B22846C8
S21403E4E8F6F7F4FEB91CA072C9B22846F6F7EEFE94
S21403E4F8FE1C2072F6B2B8F1000F18D03146284633
S21403E50800F097FA0537FEB23146A080284600F099
S21403E51890FAB11CE080C9B22846F6F7D7FE6072B7
S21403E528217AA0880122BDE8F041F5F719BD2088B5
S21403E538EAE72DE9F04186B090461E4604460D46A6
S21403E548FEF79CFB4FF6F7739845074632D8052324
S21403E558A0428DF80C304FF0010214BF01230023AC
S21403E5684FF0000118BF8DF80D30CDE9002114BF18
S21403E578ADF80E008DF80D30284614BF0423022389
S21403E58803AA00F00FFB0546A0B1A7421AD0FEF770
S21403E598D5F9074621460430803E02F0BAFD2046E8
S21403E5A8FE7104A9FFF7CDFE40B9204604A9E7F794
S21403E5B8F9F818B9002006B0BDE8F081284604A982
S21403E5C800F07EFB41462846FEF78DFFF3E7037906
S21403E5D823F00303194301F03F010171704707B5A0
S21403E5E80DF10701F5F762FB03B05DF804FB08B508
S21403E5F8FFF7F5FF18B1BDE80840F5F7A7BB08BD58
S21403E60800224FF6FF701146F5F7AABC10B504466C
S21403E618FFF7E5FF024638B901462046F5F7A0FCA2
S21403E628003818BF012010BD0120FCE7F8B51746CF
S21403E63804460E46FFF7D3FF0546386068B10379EC
S21403E64803F00303337023B93A68137903F03F03DF
S21403E65813713B685C882046F8BD01462046FEF7E2
S21403E66851FD074628B1E8F7A3FA874201D8357063
S21403E678F1E731462046FCF7E4FD0028EBD00323F8
S21403E6884FF6FF743370E6E707B501AA0DF10301E9
S21403E698FFF7CCFF9DF8033053B9019828B10379E7
S21403E6A813F0300F14BF0120002003B05DF804FBFD
S21403E6B80020FAE72DE9FF41064610468846154628
S21403E6C8F4F770F90746FEF7D9FA044648BB4FF63F
S21403E6D8FF739E4225D09F4206D00146384604B0B3
S21403E6E8BDE8F041EBF72EBD07238DF804302B6801
S21403E6F80246CDF805306B68092101A8CDF8093024
S21403E708FEF737F9024618B9192004B0BDE8F081B8
S21403E718012341463046F0F77FFF0028F4D0204611
S21403E728F3E70220F1E72DE9F04390460F46064645
S21403E7384FF0010991B00BA803ADFCF722FA07AC1A
S21403E74829460BA8ADF82C90FCF7B0FB95E80F000C
S21403E75884E80F004B46002239463046CDE9004888
S21403E768F1F776F811B0BDE8F0832DE9F04F0027EE
S21403E77885B081460C467E2039469846BDF83CB09F
S21403E7889DF844A0BDF84C500192ADF80E7002F007
S21403E798DBF80646002800F0AA8002F061F839463E
S21403E7A87E22DEF7F9FC304602F05AF8009030462F
S21403E7B802F056F8B9F1FF0F0CBF274644F00307DB
S21403E7C83B0A14F44062077043705FD14FF00808A1
S21403E7D8C31C184642460199DEF730FD034604F487
S21403E7E84044434484B1790606D419464FEA1B22AB
S21403E7F801F802BB5A700B46B4F5004F56D0A4F581
S21403E808404254425441E400224618460E99DEF725
S21403E81815FD009A03462044A0EB02085FFA88F821
S21403E8289DB14FF47C521A53841C284602F018F8FC
S21403E8388346284602F030F8C5B22A46594620468B
S21403E848DEF73AFE60190235EDB2B9F1FF0F2FD0A5
S21403E8585246109900F8019BDEF72EFE08F10101D7
S21403E8685AFA81F129443046E6F71EFC0C210022A9
S21403E878FF0007F0800710463943FEF73DF8ADF86A
S21403E8880E00E8B9002005B0BDE8F08FB2F5006FBA
S21403E89880F803804FEA182880F8048000F10503FF
S21403E8A814BF4FF008084FF0020892E70224ABE7BC
S21403E8B808EB0A0129443046E6F7F6FB0821D6E7B3
S21403E8C8304601F0CDFF0446304601F0E5FF01234C
S21403E8D8024621460DF10E00E6F750FC0028D1D17A
S21403E8E80121BDF84820BDF80E0002F005F8BDF872
S21403E8F80E00C8E710B50C46098821B90846F6F78E
S21403E90833F8208008B1012010BD0220FCE72DE96A
S21403E918F04780460F460646002402F1FF39BC42FC
S21403E92802D219F8015F25B9A6EB080080B2BDE844
S21403E938F0879A46A5F13102012A5AF8041B10D823
S21403E9483246322D02F8011B06D10134A4B2A7427F
S21403E95832D30912B21C7170013453461646A4B258
S21403E968DDE7342D0CD10334BC42DDDA0B0A3170F3
S21403E97873700B0C090EB370321DF170A4B2EBE77B
S21403E988A5F13302062A0DD8303DADB22B19BB428A
S21403E998CADA2A463046013CDEF750FC15FA84F4F8
S21403E9A87219EBE7A5F14102062A01D8373DECE7D1
S21403E9B89D8803F1080AE9E71646B5E770B50546E4
S21403E9C800880C4601F068FFA04228880AD201F0A6
S21403E9D863FF0023221A19462846BDE8704092B200
S21403E9E8E6F7CCBB2146E6F75FFB002070BD38B5DB
S21403E9F8054601F035FF0446284601F04DFF002280
S21403EA0801462046BDE83840FDF7B3BFF8B51646BD
S21403EA180C461D46BDF8187001F022FF0444304624
S21403EA2801F01EFF3A4641192046BDE8F840DEF7D6
S21403EA3805BC70B50C46013189B20646F6F746FCA6
S21403EA48214605463046F6F741FC00EB052080B222
S21403EA5870BD1FB50123ADF80C2000930A460223A8
S21403EA68014603A802F058FC05B05DF804FB0FB492
S21403EA7837B5069D0021A8B201F066FF044601F0EB
S21403EA88EFFE2CB1002207AB0193D1B28D4205D815
S21403EA98204603B0BDE8304004B0704753F8041B63
S21403EAA881540132F1E773B504460D464020002130
S21403EAB8164601F049FFADF8060001F0D1FEBDF891
S21403EAC8063013B9002002B070BD402133462A46EB
S21403EAD82044FFF71CFF211889B20DF10600FFF743
S21403EAE86DFF0028EED1BDF80600ECE70EB403B5BB
S21403EAF803AA52F8041B0192FFF7D5FF02B05DF88C
S21403EB0804EB03B070472DE9F7430F46012181460E
S21403EB18164601F0DDFE054658B1FFF768FF30805C
S21403EB2888B9284601F0B8FE68B1192003B0BDE8D5
S21403EB38F083484601F0B0FEFF2FA0EB0704E4B2CB
S21403EB4814D014B934800020F0E72A462146284614
S21403EB58FDF70FFF80460028E7D03B464A4629467E
S21403EB680094FFF753FFA6F80080ECE70120DDE7E3
S21403EB7808B5FDF7E3FE437803F001001A074CBF18
S21403EB8810300830DB0644BF0830C0B21030C0B2BD
S21403EB9808BD10B50C4601F07FFEA04234BF002026
S21403EBA8012010BD7FB514460091024641F20921A3
S21403EBB841F609209DF820601D46002E18BF014621
S21403EBC8099B0020F6F7AAFBADF80E0010B9002043
S21403EBD804B070BD01232A4621460DF10E00E6F760
S21403EBE8CDFA0028F3D1BDF80E00F1E738B505468F
S21403EBF8FFF7BEFF0446284601F04EFE631C9BB291
S21403EC0883420FD82846FDF799FE43785B0707D556
S21403EC1821462846F6F75AFB013004EB4004E4B2D3
S21403EC28204638BD0024FBE71FB5ADF80E0001F0FB
S21403EC3833FE0446BDF80E00FFF7D8FF00F10E03B7
S21403EC48DBB2BDF80E200146E01A80B200901046EB
S21403EC58FFF7DCFEA4F10E0189B20DF10E00FFF7F3
S21403EC68ADFE04B010BD4278034612F0080006D085
S21403EC78D20702D403F10800704703F1090070476E
S21403EC8837B505460C46FDF759FE437813F01002D0
S21403EC9812D09CB103F001021B074FF0000329466C
S21403ECA8009320464FF0080354BF1832203202F070
S21403ECB833FB012003B030BD1046FBE72046F9E7D7
S21403ECC873B505460C46FDF739FE437813F0100274
S21403ECD811D094B1012603F001021B0729464FF011
S21403ECE80803204654BF18322032009602F014FB5D
S21403ECF8304602B070BD1046FBE72046F9E700F041
S21403ED080303012B08D0C30606D400F00C000C2816
S21403ED1814BF08200920704702207047034611F0E5
S21403ED28030005D003F00303022B14BF02200320BD
S21403ED387047F8B50C46064601F0AEFD631C8342E1
S21403ED4802D900252846F8BD21463046F6F7BEFA0E
S21403ED580746FFF7D4FF3B060546F3D5044430467B
S21403ED6801F09AFDA4B2631C9BB28342E9D82146FC
S21403ED783046F6F7ABFA01463846FFF7CFFF284486
S21403ED88C5B2DFE770B506460D46FFF7D2FF044661
S21403ED9810B90024204670BD29463046F6F796FA81
S21403EDA88206F7D5304601F077FD2544ADB26B1CD5
S21403EDB89BB28342EDD829463046F6F787FA00F029
S21403EDC81803082B14BF05340634E4B2830644BF7D
S21403EDD80834E4B2DEE738B50546FFF707FF04460E
S21403EDE808B9002038BD01462846FFF7CBFF0028A0
S21403EDF8F7D02044C0B2F5E72DE9F04387B00546BF
S21403EE080C46FDF79BFD804602F081F90746284627
S21403EE18FFF7ECFE064601462846FFF78AFF002260
S21403EE28034600922946324602A802F075FA9DF870
S21403EE38086006F00C030C2B06F003090BD0B9F197
S21403EE48010F59D0F10657D49DF809300DF10A057C
S21403EE580020637107E0FF230DF10900637102F0D8
S21403EE6856F90DF10B05208198F80130DA0704D519
S21403EE7808F1020002F04BF92081B9F1010F5FFA9D
S21403EE8889F83DD0F3063BD4284602F040F9608063
S21403EE98A81C02F03CF9053515F8013C20802371BF
S21403EEA82B78B006A37206F0400348BF43F020034E
S21403EEB8390627D543F40073F80448BF43F4806340
S21403EEC8390548BF43F400633206E38011D56A78F0
S21403EED812F003020DD06FEA43436FEA5343A9784F
S21403EEE8B8F1020FE3800B4611D1EB7841EA032110
S21403EEF8218107B0BDE8F083FF230DF10905A7E7D5
S21403EF08FF23CCE77A0648BF43F48073D4E7012A85
S21403EF1804BF0B029BB22381EBE7F6F7DBBE0BB10C
S21403EF28F6F744BF0AB9F6F7BDBFFF21F6F7E6BE04
S21403EF38431C08BF0020DFF705BA0000034B5868D8
S21403EF48C0F30800003818BF0120704700ED00E042
S21403EF58014B1868704700BF20670020084B1B6FDB
S21403EF6803F00703022B04D0032B05D0012B05D08F
S21403EF78FEE7044B18687047034BFBE703487047E4
S21403EF88008000502067002028670020002D3101EC
S21403EF9808B5FFF7E3FF054B1B6FC3F303330133D2
S21403EFA8B0FBF3F0024B186008BD00BF00800050AA
S21403EFB81C6700200048704700B4C4040048704724
S21403EFC8002D3101014B1868704700BF28670020E1
S21403EFD8014B1868704700BF24670020B8B1036860
S21403EFE813F4E07F03F03F00C3F382120AD0012A2A
S21403EFF80DD1084B41B103F58053012282401A60B4
S21403F00800207047044BF5E703F50053F5E70E2099
S21403F018704700BF688000506480005007B500F052
S21403F02895FC6A4600F0F2FC18B14721034801F044
S21403F03890FFDDE9000103B05DF804FBE31A040062
S21403F0480229F8B596BF104B00245C5C01280546D8
S21403F0580E4608D0022809D008B944F002040B4B20
S21403F0681F6837B9F8BD44F00804F8E744F02004ED
S21403F078F5E77B681A68144203D0314628465B686E
S21403F08898473F68EDE700BF02B20400A43C00209F
S21403F09838B5104D2B78ABB10F4C23781BB100F065
S21403F0A84FFA00232370002001F066FF0B4C50B183
S21403F0B800F098FA0023012120782B70FFF7C0FF91
S21403F0C80123237038BD0122054B1A702278054B9D
S21403F0D81A70F7E7D05C0020CE5C0020D65C0020D0
S21403F0E8D15C0020D25C00200E490B78FF2B01D19F
S21403F0F898B170470BB990B97047002814BF01221E
S21403F108FF2213440B7060B1074B1B78012B08D9F9
S21403F118064B1B782BB9FFF7BBBF1A46F1E701224C
S21403F128EFE77047D55C0020D65C0020D15C002052
S21403F13810B501F07AFE064B04461B781BB1BDE8F2
S21403F148104001F06DBEFFF7A3FF2046F7E700BFA8
S21403F158CD5C002002282DE9F04147D029480378E2
S21403F168FF2B41D1002941D11A461344DBB2037061
S21403F17800293BD0244E3278012A37D9002B3ED0BB
S21403F18801F053FE214F04463B780BB3204D2B78F2
S21403F1981BB901222A701F4A1370DFF87C8098F87F
S21403F1A8003023B100F0CCF9002388F8003020465D
S21403F1B801F036FE012001F0DFFE01F036FE2B7863
S21403F1C804461BB100F00EFA00232B7000233B7095
S21403F1D8204601F025FE01243078A04206D02146B9
S21403F1E8FFF72EFF347001E013B931B9BDE8F0819B
S21403F1F8002914BF0122FF22B7E70122B5E702243C
S21403F208EAE700BFD55C0020D65C0020D05C00206F
S21403F218CD5C0020D15C0020CE5C00202DE9FF47A2
S21403F228EFF3108572B6AFF3008001F07AFF00287B
S21403F23800F0A4806B4E6C4F337823B10020FFF7A1
S21403F24853FF00233370387878B903A900F04EFBD0
S21403F258044650B9654B039A1B689A4200F2968097
S21403F2680120FFF741FF012333703B78002B40F062
S21403F278AB805F4B1B78002B00F0A3804FF002088F
S21403F2885C4CDFF890912078DFF88CA140450AD0D3
S21403F298002389F800309AF8003013B94146FFF77F
S21403F2A8CFFE84F8008099F800303BB12378022B10
S21403F2B804D1002389F8003001F07DFFB8F1020F6E
S21403F2C80FD1DFF82C8198F8003053B94A4B1B78D6
S21403F2D823B900F02FF90122484B1A70012388F846
S21403F2E80030207800F0FEF89AF8003013B1444B4B
S21403F2F81B782370AFF30080284601F038FEEFF33F
S21403F308108572B63F4B1A7852B100221A703C4BDE
S21403F31820781B78984203D101212170FFF790FECD
S21403F328394800F0A3FA01F010FF8046002883D17D
S21403F3382F4F89F800003B789BB1DFF8C0908AF816
S21403F348000099F800301BB100F0FAF889F800803D
S21403F358002001F011FE002839D000F043F90023FD
S21403F3683B70337823B10020FFF7BEFE00233370CB
S21403F37800212078FFF764FE00232370AFF3008094
S21403F388284604B0BDE8F04701F0F1BD1F4BD3F89B
S21403F398008000F061F9039B80449845BFF460AF92
S21403F3A800F054F98200039942F0020292B2CDE9C2
S21403F3B800422346164AA1EB0801134801F0DEFD76
S21403F3C853E700F0A1F859E74FF0010858E7012082
S21403F3D800F088F8284601F0CAFDEFF3108572B6E8
S21403F3E8B6E700BFCF5C0020D55C0020AC3C00200D
S21403F3F8D05C0020D65C0020D45C0020CE5C0020C5
S21403F408D25C0020CB5C0020B03C0020A83C002047
S21403F41839F10300D35C0020D15C002010B501F05D
S21403F42804FD0022054B1C781A7001F0F9FC00F065
S21403F43821FBE4B22043C0B210BD00BFCC5C002061
S21403F44838B501F0F2FC094B05461B78012B04D8A6
S21403F45801F0E6FC0024204638BD054B1C6800F086
S21403F468FBF80444284601F0DBFCF4E7D65C0020EE
S21403F478A83C00201649174A0B6F10B503F007037C
S21403F4881360154A154C9269032B02F00200C2F367
S21403F498400222701AD0D1F8203103F00303022B5E
S21403F4A814D0D1F8243103F007039C1E634263414A
S21403F4B80B4A137048B143B9054BD3F8003103F030
S21403F4C80303591E4B424B41137010BD0123EFE74C
S21403F4D8008000500C3D002000C00150DB5C00207B
S21403F4E8DC5C0020012805D00238012808D8002053
S21403F4F8CCF75CBF034A136923F00403136130BFD8
S21403F508704700BF00ED00E0074A0849D2F82031EB
S21403F51803F003030B60D2F82431054A03F007030C
S21403F5281360F7F7C1BF00BF00800050183D0020E6
S21403F538143D00200122014B1A707047DA5C002044
S21403F548F8B51F4B1B78002B39D01E4C2378B3B95C
S21403F5581D4B9A6DD10302D5DA6D92072FD49B6D96
S21403F568DB072CD401F04DFD184B194A1860136FAE
S21403F57823F0070343F003031367FFF709FD01F0BE
S21403F58840FD124B134D1B68134EC01A2B78134FAE
S21403F59856F8232046F82300111A3A681048521AD8
S21403F5A80A213A600932B2FBF1F20133DBB2026098
S21403F5B8B3FBF1F201FB12332B7000232370F8BD63
S21403F5C8DC5C0020D95C002000C00050043D00200D
S21403F5D800800050D85C0020DC3C0020D83C00208B
S21403F5E8D43C002008B5F7F762FF124B12491A6F8E
S21403F5F8096822F007020A431A671049D3F820213C
S21403F608096822F003020A43C3F820210C49D3F8F9
S21403F6182421096822F007020A43C3F82421094B68
S21403F6281B7813B10122084B9A62BDE80840FFF71E
S21403F638AFBC00BF008000500C3D0020183D0020E2
S21403F648143D0020DC5C002000E00050014B1878D5
S21403F658704700BFDC5C0020054B187818B1054BD3
S21403F668186800EBD000044B1B681844704700BFAB
S21403F678DC5C0020D43C0020083D002008B5104B75
S21403F6881A78C2B100221A700E4B1A6F22F00702BC
S21403F69842F001021A67D3F8202142F00302C3F8A6
S21403F6A82021D3F8242122F0070242F00302C3F8EC
S21403F6B82421FFF76DFC0122034B5A6708BD00BFE0
S21403F6C8DA5C00200080005000E000500D490B680B
S21403F6D8A0B10022A3B1834203D1836822B90B6089
S21403F6E803E01A469B68F5E7936083680BB9002026
S21403F6F870475A6941690A445A61F8E722207047F5
S21403F70802207047243D002010B501F096FC0A4CF1
S21403F7180A4B19682368C31A09B9206010BD002B61
S21403F728FBD04A699A423ABF9B1A0022D21A4A6108
S21403F73828BF00238968EFE7203D0020243D0020EA
S21403F74838B5154D2B682BB35B69B3B1134A022042
S21403F75814681C4400F088FA204600F047FA002292
S21403F7680F492B680A70012A05D823B1D888800761
S21403F7780AD501230B70002038BD022000F074FA66
S21403F788022000F093FAEAE79B68002BF3D0586947
S21403F7980244E8E72220EFE7243D0020203D00202E
S21403F7A8DE5C0020C38870B504460D463BB9FFF7F8
S21403F7B847FE8542064602D2F8F72EFE35460E4A1F
S21403F7C8656113689BB91460A3600FE02D1A9868E7
S21403F7D819466561034618B15869A842F6D941B176
S21403F7E88C60A36013B15A69521B5A6170BD00211D
S21403F7F8F2E71460F5E700BF243D002070B516460F
S21403F8089DF81420C0E903360271049ABDF818302F
S21403F8180260002204460D468260C38006BB01F0E0
S21403F8280CFC2844A0613DB9E368656113B1204622
S21403F8382168984796B1354601F0F7FA0646FFF76A
S21403F84863FF29462046FFF7ADFF074B1B68A34215
S21403F85801D1FFF775FF304601F0E2FA002070BDCC
S21403F86801F0EBFB3044DDE7243D0020F8B5054600
S21403F878D0B101F0DAFA0646FFF746FF0B4B2846E7
S21403F8881F68FFF723FF044620B1304601F0C8FA85
S21403F8982046F8BDAF42F8D1FFF752FF2228F4D12D
S21403F8A8022000F0EDF9F0E72224F1E7243D0020DA
S21403F8B838B50C460546A8B1A1B100230B7001F074
S21403F8C8C1FA0121084B1B6833B901F0B6FA0020C8
S21403F8D838BD9D4204D121702278002AF9D0F4E776
S21403F8E89B68F1E72220F3E7243D0020F8B5064697
S21403F8F80F4601F0A7FA00250446124B1B6823B9E6
S21403F908204601F09AFA1B2011E05A691544DA8852
S21403F918B2420DD101F091FB0B4E3368C01AA842D0
S21403F9280AD3002320463B6001F087FA0020F8BD7F
S21403F938FF2EEFD09B68E2E701F07FFB33682B448A
S21403F9481B1AEFE7243D0020203D002070B501F088
S21403F95879FA064601F071FB084B044601201D6838
S21403F96801F05BFB18B101F068FB0446013530462D
S21403F97801F063FA2046294670BD00BF2C3D0020DF
S21403F988014B1868704700BF283D0020F8B50C4B9C
S21403F99805461B680E4683420FD3002440F2E73021
S21403F9A82146084B4FF47A721F680023E5FB0701CC
S21403F9B8DDF786F830602046F8BD2120FCE700BF57
S21403F9C81C3D0020283D00200F4B10B51A689AB13D
S21403F9D84FF47A71531E1342A0FB01010ED1B2FAFB
S21403F9E882F2C2F11F04531CD243E04001FA03F328
S21403F9F8184321FA02F20243104610BD0023DDF72E
S21403FA085FF80246F8E700BF283D002038B5164BD6
S21403FA1814468342154B8B4123D3154B1A6802B3FE
S21403FA284FF47A75A0FB050305FB0131531E1342F9
S21403FA3811D1B2FA82F3C3F11F055A1CDB4301FA4C
S21403FA4802F2E84021FA03F310431843E940C4E9F5
S21403FA580001002038BD0023DDF732F8C4E90001B1
S21403FA68F7E72120F6E700BFEFA7C64B3789410023
S21403FA78283D002010B501F0E5F9034B1C7801F08A
S21403FA88DCF9E4B2204610BDDD5C002008B5084B5F
S21403FA981B7803F0FF004BB101F0B3FA054B1B6864
S21403FAA89B69C01A02288CBF0020012008BD00BF2E
S21403FAB8DE5C0020243D0020C2072DE9F8430446F7
S21403FAC807D5474A136801331360FFF71DFEFFF790
S21403FAD837FEA30740F1818001F0B4F94FF0000820
S21403FAE805464646FFF710FE3E4F3C680CB1636971
S21403FAF8A3B100223C4B012E1A7003D118F0020F53
S21403FB0818BF1E70FFF71CFE222802D1022000F041
S21403FB18B7F82846BDE8F84301F08FB923465A6973
S21403FB283AB91A792179914288BF1C469B68002BFB
S21403FB38F5D1284601F081F9D4F81080B8F1000F02
S21403FB483FD001F07AFAA269851AEB17454573F197
S21403FB58000337DB23691344A36101232269CAB16F
S21403FB68C3B9A38BB8EB050833B1E28B13449BB236
S21403FB78B3F57A7F1CD2E38301F064F90546414660
S21403FB882046FFF70FFEA369226928461344A3619C
S21403FB9801F053F9E36813B1204621689847B4F88F
S21403FBA8068001F04FF901360546FFF7ADFD9CE7E1
S21403FBB8A3F57A73E383A36918F1FF38013BA361BE
S21403FBC8DAE7454601F03EF981462046FFF77EFD13
S21403FBD8484601F032F90023C0E7BDE8F88300BFC2
S21403FBE82C3D0020243D0020DD5C002010B5044693
S21403FBF801F01BF94FF0B042936A1907FCD4136A55
S21403FC08116C5269520604D4CA1A032A01D89942B7
S21403FC180ED1E21A022A98BFDC1CB4F1FF3F38BFA4
S21403FC28013C4FF0B04340221C6403F580539A61AD
S21403FC3801F0F6F8054A13783BB14FF0B041CB6BA9
S21403FC4843F00203CB630023137010BDCE6C002071
S21403FC5807B5044B01A9187901F010F9019803B008
S21403FC685DF804FB4CB0040000F001038207034A66
S21403FC7848BF43F040039361704700BF0010005825
S21403FC88820700F001030AD50121064A43F0400320
S21403FC9811704FF0B041CA6B22F00302CA63024ADE
S21403FCA893617047CE6C002000200058830742BF3C
S21403FCB84022014B5A6170470010005873B502ABD7
S21403FCC8164603E90600044600F052FF054620469A
S21403FCD800F05EFF9DF800208DB1202C33780ED8F7
S21403FCE8012B2ED84FF6FF752D4803EB43132344F9
S21403FCF830F81310A94202D0013120F81310294B0B
S21403FD08294E33F8141036F81400814232D34FF6CE
S21403FD18FF75A9424FF0010502D0013123F81410EC
S21403FD2804F0FD01092927D1998AB68A0A44B24202
S21403FD38B4BF9A829E8233F81430834227D202B025
S21403FD4870BD022BDBD14FF6FF704FF6FF75144BD1
S21403FD5833F81410814218BF013104F1210018BF8B
S21403FD6823F8141033F81010A9421CBF013123F8E6
S21403FD781010C4E70025D0E71D2CDCD1598F8E1848
S21403FD88864203DA01390A445A87D4E75887002D8E
S21403FD98D5D1204602B0BDE8704001F069B900BF6E
S21403FDA8EC560020C45700207057002038B50D467F
S21403FDB8044601F047F8064A13889BB22DB123433D
S21403FDC81380BDE8384001F038B823EA0403F7E7A0
S21403FDD8B25B00200022034B01214FF480701A7097
S21403FDE8FFF7E4BF0F63002008B5054B1868FCF758
S21403FDF8DCFA00F00300C31E5842584108BD00BF92
S21403FE08E453002038B5044601F0D0F90C4B0546F8
S21403FE181978187981420FD0631E082B0CD8DFE8AF
S21403FE2803F0050D0B0D0B0D0D0D0D0000220146FD
S21403FE38044B1868FCF7B7FA284638BD0022F7E7DC
S21403FE48FC6C0020E453002038B54FF0FF300C4616
S21403FE58FFF76EF80A4B05461868FFF769F8641B40
S21403FE68241A20B210F1630F06DB10F1240F05DA0B
S21403FE7864308000C0B238BD0020FCE7FF20FAE7F4
S21403FE88E453002008B5134B1B78062B04D040F622
S21403FE982101114801F05DF8104B1B881B0704D499
S21403FEA840F622010C4801F054F80D4B2A20197825
S21403FEB8FFF7A8FF00210820FFF778FF0222094B67
S21403FEC81A70094B1868E3F77FFABDE8084001F093
S21403FED8BCB800BF0F630020F1AC0400B25B00207F
S21403FEE80C6300202E6D0020E453002010B50E4C42
S21403FEF8236823B940F6A3410C4801F02AF8206882
S21403FF08013001F004F900F0070003280AD1246839
S21403FF1809220121204600F0E3FB205C031F584218
S21403FF28584110BD0020FCE7D4530020F1AC040070
S21403FF3838B50C4640B100210420FFF737FF01F01F
S21403FF4884F8012C1DD038BD244B1B889B07F6D597
S21403FF580129234A2FD1117869B30139C9B211701F
S21403FF6811B92020FFF722FF00210220FFF71EFF0A
S21403FF7804221C4B00211C481A7000F05DFD01F09A
S21403FF8864F81A4C2068013001F0C1F800F44060A8
S21403FF98B0F5006F1FD1246801210422204600F023
S21403FFA89FFB204401F0B3F80146BDE83840002221
S21403FFB8202001F075B800210D4D02201170FFF7BF
S21403FFC8F5FE2B78FF2B04D040F29961094800F020
S21403FFD8C0FF2C70B3E74FF6FF71E6E7B25B00206D
S21403FFE80E6300200F630020306A0020D4530020DD
S21403FFF82F6D0020F1AC040038B5134C0546238852
S214040008580709D5FFF7F0FE01460720FFF7FAFE62
S214040018FF210120FFF78CFF238899070BD50B4B8C
S214040028284619788A1F51425141FFF7EBFE0121F1
S2140400380020FFF77DFF23881B0703D5BDE838405B
S214040048FFF720BF38BD00BFB25B00200F63002057
S214040058F7B5124CD4E9006586EA020C85EA03076C
S2140400680CEA000C0F405CEA070E15D086EA0C066C
S2140400787D40C4E90065CDE900230B4608490246DD
S2140400880868FCF799FA38B14FF4FD71054803B0CF
S214040098BDE8F04000F05DBF03B0F0BD5816002080
S2140400A8E4530020F1AC040008B50A4B1B88DB06B1
S2140400B804D440F64701084800F04BFF00211020FE
S2140400C8FFF774FE002000F06BFBBDE8084000F064
S2140400D8BCBF00BFB25B0020F1AC04002DE9F04FB2
S2140400E85706804614461D4691B005D5FFF77CFE94
S2140400F801460120FFF786FEEE0403D500212D20D5
S214040108FFF780FEA00224D54046FCF7D2FA014643
S214040118F8B94020FFF74AFE40460AA9FBF7CAFD8D
S214040128B8B99DF83030022B40F0D980BDF82800C5
S21404013800F0B6FDFF2808D14046FBF7B9FD40B9E4
S21404014801214020FFF732FE03E000F0C3FD00283B
S214040158F2D1A10305D5FFF747FE01460320FFF7B2
S21404016851FEE20104F0807640F1C080854B1B887E
S2140401789B072DD5844E3068FBF731FD40BB834B77
S214040188834F18703B78FF2B04D040F257618148A0
S21404019800F0DFFE4FF0000900210220FFF706FEFC
S2140401A887F800907C4F3B78062B07D1012108205E
S2140401B8FFF7FCFD49462820FFF724FE3B78052B6D
S2140401C806D100212B20FFF71DFE3068E3F7FCF864
S2140401D800F03BFF220717D56B4F0321386805AAA2
S2140401E8FBF717FD064620B940F2C961694800F0D6
S2140401F8B0FE9DF81430072B00F0D080FFF7F4FD0E
S21404020801460420FFF7FEFDE10505D5FFF7ECFDE2
S21404021801460420FFF7F6FD14F4863F05D0FFF7E1
S214040228E3FD01460220FFF7EDFDA20113D5FFF713
S214040238DBFD01460820FFF7E5FD00210420FFF753
S214040248B5FD554B1B78012B03D14F4B1868E3F7C4
S214040258BBF800F0FAFE14F0084F09D0FFF7C4FD07
S21404026801460720FFF7CEFDFF210120FFF760FEB9
S214040278A30009D5FFF7B8FD01460620FFF7C2FD1F
S214040288FF210120FFF754FEA70705D53D4B1B8821
S2140402981E0701D5FFF7F6FD6C0603D500210A20D4
S2140402A8FFF7B0FD280602D50120FCF714FAE90585
S2140402B840F1858140460AAA05A9FCF772F89DF81C
S2140402C81430222B00F06D8100F28281152B40F247
S2140402D86A8140F60A112F4800F03BFE6FE1032BB3
S2140402E87FF437AF0AA801F000F830E705F00207F4
S2140402F856EA07030DD0284B26201978A1F1060ED6
S214040308DEF1000141EB0E01FFF77CFD01213046CA
S21404031811E004F0805656EA07030FD01E4B262039
S2140403281978A1F1060CDCF1000141EB0C01FFF78A
S21404033869FD02213846FFF7FBFD4BE704F08841C8
S21404034851EA060309D0144B272019788F1F7942DF
S2140403587941FFF757FD0221D9E705F008030B4357
S21404036802D02320FFF74EFD680703D5002124207A
S214040378FFF748FDE9077FF52DAF00212520FFF795
S21404038841FD27E7B25B0020E45300200E630020FB
S2140403982F6D0020F1AC04000F6300203146386846
S2140403A80AAAFBF73CFC20B14FF4DA619E4800F039
S2140403B8D0FDBDF81630386802330AA9ADF82C30DB
S2140403C8FBF72FFC20B140F2DF61974800F0C1FD2F
S2140403D80023009331460423386804AAFBF723FC59
S2140403E8042804D040F2E4618F4800F0B2FDDFF838
S2140403F8589299F80030C3BB0DF1110000F087FE3F
S21404040800F00700022830D1FFF7EEFC0146092069
S214040418FFF7F8FC854B1B78062B23D1844B9DF8F5
S21404042813201B789A421DD19DF8353023B940F223
S214040438FA617D4800F08DFD0DF1110000F067FEAD
S214040448C0F3001631462920FFF7DCFC00210820FB
S214040458FFF7ACFC774B1E70FFF748FD10B93868F9
S214040468E2F7B2FF00F0F1FDCEE6BDF81600012172
S214040478083080B200F068FA039030B9FFF7B4FC8D
S21404048801460420FFF7BEFCECE700F0E9F905AAEC
S214040498014606463868FBF7CEFB99F800A0BAF181
S2140404A8000F22D106F1010B584600F030FE8306F1
S2140404B85AD53868FCF7FDF80746FFF795FC053764
S2140404C80146F8B2FFF79EFC584600F020FE00F0FE
S2140404D807000328584F2DD001210420FFF766FC97
S2140404E84FF0FF30FBF7C6FB386000225349BDF8CF
S2140404F816300978F718F1549DF83630BB709DF815
S2140405083730FB700A9B190E3971190C7971FB7117
S214040518190A99F80030B97123B9737892B343F07D
S21404052820037370002000F069F97870039800F0CF
S21404053871FA97E701210922304600F0D1F8305CB9
S21404054801210428C9D1FFF731FC4FF0FF30FBF72F
S21404055891FB3B4B38601B885806C6D5514640204D
S214040568FFF724FC0122C1E7FFF73EFC01460920F9
S214040578FFF748FC2D4B1B78012BB6D13868E2F7F9
S21404058823FFB2E723F02003CBE701227E33DBB256
S21404059802FA03F313F00A1F31D113F0011F3FF4D4
S2140405A898AE27202CE0012202FA03F3254A1A40C3
S2140405B82ABB13F0041FF4D1DA077FF58AAEAB051D
S2140405C82FD50121802011B0BDE8F04FFFF7EEBB10
S2140405D8652B1AD8622B12D8452B0CD8422B0ED86A
S2140405E8352B06D8322B0AD8252B08D9322BD8D047
S2140405F86FE6422BFBE7552B05D8522BF7D9262056
S214040608FFF7FAFCDBE7622BF1E7952B3FF661AEC2
S214040618812BBAD8722BC4D0733B022B3FF659AE43
S214040628EDE711B0BDE8F08FF1AC04000F630020CD
S2140406380B6300202E6D0020D0530020306D002060
S214040648B25B00203A00380012630020024B187888
S214040658B0FA80F0400970470F63002008B5064BCF
S2140406684FF0FF311868FBF7C2FE0028B8BF033006
S21404067840F3870008BD00BFE453002008B5074BC5
S2140406881868FBF72EFF30B1054BB3FBF0F083B2C6
S2140406980BB1184608BD0120FCE700BFE453002050
S2140406A840420F0038B510200C460121FFF77EFBA8
S2140406B8064B1D68FFF7E2FF012200FB04F1044B1A
S2140406C82846FBF779FE002038BD00BFE453002017
S2140406D8B1000400014800F03CBC00BF0BAD0400A8
S2140406E8032A70B5144602D82C4B985C70BD81F06A
S2140406F8010519B90D2A07D1FF20F7E70D2A03D1FA
S21404070800780538C0B2F1E7084400F000FDC5F1EA
S214040718040110F440660246C9B209D1042C0846FE
S214040728E4D0052C16D112F0400F18BF0846DDE7B2
S214040738C5F10603042CD8B2D8D0B6F5006F03D199
S214040748C5F10805E8B2ECE7B6F5406FE9D1C5F19E
S2140407580E05F7E712F4404107D1062CC6D0072C3D
S214040768C4D0082C13D10130CCE755065CBF831CD3
S214040778D8B2062CBAD0B1F5004F02D1831CD8B231
S214040788EDE7B1F5404FEAD100F10803F7E71307A0
S21404079844BF0530C0B20C2CA8D9ADE7C80F050075
S2140407A8AC2370B5094C054603FB00435E6D26B9B9
S2140407B840F2FD31064800F0CCFBAC2303FB0544AD
S2140407C8002363653346BDE870401847E8530020A5
S2140407D848AD040010B40C461146AC22064B02FB86
S2140407E80033586D20B95C655DF8044BFFF75ABFB3
S2140407F802205DF8044B7047E8530020AC22034BF4
S21404080802FB003393F8A800704700BFE8530020A3
S21404081828B1034B1B68C01A4010013080B27047D9
S214040828A854002030B1044B00F100401B6801387E
S21404083803EB4000704700BFA8540020064B1B6813
S214040848834206D8054B1B68834294BF00200120C8
S21404085870470020704700BFA8540020A454002006
S21404086810B5044608B9002010BD00F0B1FC20B944
S21404087840F2CD41074800F06CFB2046FFF7D2FF54
S2140408880028F0D00388DB0B14BFD0F80A00083021
S214040898EAE700BF1FAD040010B508B9002010BD74
S2140408A8FFF7C0FF044600F08AFC20B94FF49D61A8
S2140408B8064800F04EFB002CF0D02388DB0B0ABF5A
S2140408C860882089C0F30C00E9E700BF1FAD040068
S2140408D838B5FFF7A7FF0D46044650B100F06FFC85
S2140408E820B940F24151034800F033FB023534F88E
S2140408F8150038BD1FAD040070B5FFF793FF0C460E
S21404090816460546B0B100F05AFC20B940F24D51DF
S2140409180C4800F01EFB3046FFF784FF00F04FFC3F
S21404092820B940F24E51074800F013FB023425F86C
S214040938146070BD40F25251BDE87040014800F0A2
S21404094808BB00BF1FAD04002DE9F84307468846D8
S21404095800F0A1FB20B940F28E512A4800F0F9FABB
S214040968FC1CA408284B64000434B7F5005F1E6812
S214040978A4B204D340F29551224800F0EAFA00F0F3
S21404098861FA224981460B687BB9214B1D68761BA0
S214040998C6F34F06B44227D90025484600F04DFA58
S2140409A82846BDE8F843FFF733BFB8F1000F11D067
S2140409B8174A15685A1BC2F34F029442ECD81448D7
S2140409C8620005EB44040460B8F1000F0FD1134429
S2140409D80B600CE0F61AC6F34F0676B940F2A65139
S2140409E8084800F0B6FAD7E705EB44041C60002371
S2140409F86F80AB80EB802B80CFE7B442CCD8044A18
S214040A081568DCE71FAD0400AC540020945400209D
S214040A18A454002038B5054600F014FA04462946BE
S214040A280448002200F0E1FB2046BDE8384000F008
S214040A3804BA00BFB85B002082684B4B2DE9F0412E
S214040A489A4204460E46056815D121B140F21311A0
S214040A58464800F07EFA00F0F5F923691BB92B68BE
S214040A682BB924612C60BDE8F04100F0E6B91A6998
S214040A7822611C61F6E700F065FA8046FEF75EFA26
S214040A8820B14FF49571394800F063FA6FF00043CB
S214040A989E4221694BD22B7B08EB0602002B4DD0D5
S214040AA8AB6893424AD1531C002949D061699942DC
S214040AB842D01EB9521AB2F1004F3DD96361236978
S214040AC86E689C4203D19D21284800F042FA2F46BE
S214040AD80023B4420BD0002B41D172696169891A8C
S214040AE8B1F1004F32D83269374694422CD1226984
S214040AF8BD420CBF6A603A617BB92669B44203D129
S214040B08B8211A4800F025FA3B46012E05D062693A
S214040B187169521AB2F1004F23D99D420BBF6B6814
S214040B281A69236122610CBF6C601C6104E04344AB
S214040B3831B162699342C1D1BDE8F0811346B3E787
S214040B486A6822616C60B9E71646C6E7A8EB020233
S214040B58B2F1004FC7D93B4637463669B9E71F4650
S214040B68F9E733463669D0E7A952020033AD0400E4
S214040B780823064A12F8011B814205D0013B13F0EC
S214040B88FF03F7D11846704701207047791005000F
S214040B980823064A12F8011B814205D0013B13F0CC
S214040BA8FF03F7D1184670470120704771100500F7
S214040BB810B5082207490446DCF73AFEB0FA80F076
S214040BC84FF6FF732289400940009A4208BF40F056
S214040BD8010010BD8A10050030B504460D4685B0E0
S214040BE802B9084A1068516801AB03C301AB03CBCA
S214040BF820602046ADF80C501B886160238105B040
S214040C0830BD00BFC7360400002270B50A4B1C78F6
S214040C180A4BD5B2AC4202D800200C7008E01E88F5
S214040C280132864205D30D701B881B1A5842584158
S214040C3870BD1233EDE700BF8962002070590020AA
S214040C48F8B5154B04461D680E46E5B1134B1F78D8
S214040C58874218D900EB400305EBC30526B92B6970
S214040C68DA0712D42046F8BD08223146281DDCF7D8
S214040C78DFFD50B92B69DB07F4D40134E4B2A7428C
S214040C8805F11805F0D1FF24ECE70134E4B2A742D5
S214040C9805F11805E2D1F6E7105500204E6D002040
S214040CA80A4B01461B6830B52BB1094A1478002252
S214040CB8D0B2844201D8FF2030BD5D888D4202D16F
S214040CC81D69ED07F8D401321833F1E710550020F2
S214040CD84E6D00200F4A03461068D0B10E4A1278AB
S214040CE89A4215D919B203EB430300EBC300036910
S214040CF813F001000DD0094A126832F8112002F4E4
S214040D08E2622AB913F00C0F14BF012000207047C2
S214040D1801207047105500204E6D00200C55002009
S214040D28094B1B686BB1094A1278824209D900EB51
S214040D384000C20003EBC0000169C90701D5985CEE
S214040D487047FF20704700BF105500204E6D0020E6
S214040D580C4A0346106890B10B4A12789A420DD989
S214040D6803EB430300EBC300D0E9043213F001009D
S214040D784FF0000104D0184611467047002001467B
S214040D88704700BF105500204E6D002010B5164B56
S214040D98187860B1154C2368CBB14FF470720020F4
S214040DA81349FFF717FD2368013B236010BDFFF7BF
S214040DB855FC1049104A91F90040136884420B4CBC
S214040DC803F1010313602368B8BF087053B90B48CE
S214040DD800F033FA0028E9D1BDE810400146074878
S214040DE8FFF72ABE0822DAE76E6300202C55002097
S214040DF8950D040069630020245500203C6C0020EF
S214040E08054B1B682BB9054B1868003818BF01201A
S214040E1870470120704700BF1C5500201855002055
S214040E2810B962B6BFF36F8F7047EFF3108072B6CF
S214040E387047302383F31188704780F31188BFF313
S214040E486F8F7047EFF31180302383F31188704750
S214040E58002070474FF4004070474FF47A7070478C
S214040E680122417803788A4030214B4341F210012D
S214040E7803F1A04303F570335A50704709B100F0E4
S214040E8808B8222070470121FEF7A8B80021FEF70B
S214040E98A5B870B506460D46FFF7D4FF04461D2EC2
S214040EA848D8DFE806F00F18471D20234726292CC4
S214040EB847472F32473538473B473E474744474717
S214040EC847474741FEF74AF8002628602046FFF7BA
S214040ED8B4FF304670BD4FF4C070CAF7D3FEF3E7CC
S214040EE84FF42070F9E74FF44070F6E74FF460705B
S214040EF8F3E74FF40070F0E74FF48060EDE74FF443
S214040F089060EAE74FF4C060E7E74FF4F060E4E780
S214040F184FF4B060E1E74FF4D060DEE74FF4E060EA
S214040F28DBE74FF4A060D8E74FF48070D5E74FF4BA
S214040F380860D2E700202126C7E708B5FEF76EF852
S214040F4880B208BD08B5FEF769F808BD704742DEEA
S214040F58704738B504460D4600F008F8FFF769FFF1
S214040F6829462046BDE83840FFF7F1BF704710B958
S214040F7862B6BFF36F8F7047012070472DE9FF41B3
S214040F880D4616461F460446A8B14FF00008C0F89A
S214040F981C80FEF76BFCBDF82C30424602939DF885
S214040FA828302946CDE9007320463346FEF726FC4A
S214040FB804B0BDE8F0812220FAE7F0B51F46002306
S214040FC887B00D46164604468DF81730A8B1C36197
S214040FD80DF11701FEF76CFC9DF817207AB9BDF8D9
S214040FE83430294602939DF830302046CDE9007304
S214040FF83346FEF703FC07B0F0BD2220FBE70320C8
S214041008F9E738B5FFF71EFF054600F016F804465C
S2140410182846FFF712FF204638BD4FF0B043012894
S2140410285B6904D0022805D1C3F38010704703F027
S214041038010070470020704770474FF0B0439A6A23
S2140410481207FCD4186A7047704708B5FFF7FCFF08
S21404105800F01DF808BD10B5FFF7E7FE01210446A9
S2140410680846FEF777F82046BDE81040FFF7D8BED6
S21404107810B5044600F012F82046FAF739FD204663
S214041088F7F738FDBDE81040F9F7EFB8704708B52C
S214041098FFF7FCFF08BD0120704770470020704723
S2140410A830B589B00446ADF806108DF81020FFF761
S2140410B85FFD05462046FFF76BFD03469DB1BDF868
S2140410C80600ABB900F0BEF8FF2808BF00200DF1F3
S2140410D80F038DF80F001A46204604990593FEF769
S2140410E8EDFD09B030BD0028F5D00DF10603F2E792
S2140410F800F0A8F8FF2808BF0020BDF806308DF8D1
S2140411080F00ADF81A308DF8180006ABE3E7008830
S21404111870470170090A4170704701207047012022
S214041128704738B5DAF76CFF0446D0F7C7F8051EDB
S21404113818BF2546D0F794F9041E18BF2C46FFF7A7
S214041148ECFF002818BF204638BD38B5FEF766F908
S2140411580446F6F785FE04281ED002284FF000053C
S21404116808BF0124F7F795FD042817D0022808BFFE
S2140411780124F7F7ADFA042812D0022808BF012480
S214041188FFF7CDFF04280DD0022808BF0124002D40
S21404119818BF0024204638BD0125E3E70125E8E703
S2140411A80125EDE70024F5E7FF20704708B5FFF7AB
S2140411B8FBFF002008BD02210120DCF763BD08B54B
S2140411C820B1FFF73BFB00F0010008BD0120FAE759
S2140411D808B5FFF727FBBDE80840FFF7F0BF00880F
S2140411E810B1C9B2FFF774BB70472DE9F041B0F8E7
S2140411F8008006460C46D5B2B8F1000F11D0294631
S2140412084046FFF765FB2246074629464046FFF751
S21404121873FB3A4629462046FFF76EFB3480BDE842
S214041228F0810F46F5E703461B8808468B4202D032
S2140412380021FFF74DBB002070470069003818BF2F
S2140412480120704700207047F8B506460D46FFF79C
S214041258AFFC0328044621D02846FFF7A9FC032838
S21404126807461BD010F0020318D1A0070DD5F907BE
S21404127816D401233C43E20704D431892A899142CF
S21404128818BF002303F00100F8BD0822294630469B
S214041298DCF7CEFAB0FA80F35B09EBE70020F3E755
S2140412A81846F1E770B50D4600210646FFF797FF86
S2140412B8044630B1FFF7D4FA01462846FFF7C4FFC0
S2140412C808B1204670BD21463046FFF7ACFFEFE76D
S2140412D807B50DF10701FFF797FC20B19DF8070045
S2140412E803B05DF804FBFF20FAE708B500F009F838
S2140412F8FF2804D0FFF72CFDC0F3C00008BD01206A
S214041308FCE701460020FFF79BBC08B5FFF7C8FCBE
S214041318FF3818BF012008BD2DE9F84307460846DC
S214041328154688461C469DF82090FFF799FA4619F4
S214041338A4B19EB14046FFF7AFFA254485420FDCB8
S2140413482246B9F1000F06D131463846DBF776FF58
S2140413580020BDE8F88339463046F7E72120F8E749
S2140413681D20F6E700000000000000000000000052
S2140413780000000000000000F8B500BFF8BC08BC78
S2140413889E467047F8B500BFF8BC08BC9E46704732
S2140413985FF800F0116400205FF800F07165002023
S2140413A85FF800F0C96400204465766963652074B4
S2140413B8797065206368616E676520646574656323
S2140413C87465643A202564202D3E2025640D0A00A1
S2140413D850726573732064657465637465640D0A76
S2140413E8004D756C74692070726573732064657437
S2140413F865637465643A2025640D0A0052656C6555
S2140414086173652064657465637465640D0A004CCD
S2140414186F6E672070726573732064657465637491
S21404142865640D0A0072656C61795F737461727421
S2140414385F6C61746368696E675F70756C73653A30
S21404144820616E6F746865722070756C73652069A8
S21404145873206163746976650D0A0072656C617938
S2140414685F6F6E0D0A0072656C61795F6F66660D54
S2140414780A0072656C61795F746F67676C650D0A3C
S2140414880057726974696E6720636F6E66696720B1
S214041498746F206E763A2025730D0A0053697A65B0
S2140414A83A2025640D0A004661696C656420746FE9
S2140414B8207772697465204445564943455F434F0F
S2140414C84E4649475F4441544120746F204E562C7B
S2140414D8207374617475733A2025642E2028627903
S2140414E87465733A202564290D0A00737563636569
S2140414F87373210D0A004661696C656420746F2055
S21404150872656164204E565F4954454D5F4445569E
S2140415184943455F434F4E4649472C207573696EC9
S214041528672064656661756C7420636F6E666967A8
S21404153820696E73746561642C20737461747573A2
S2140415483A2025642E202862797465733A20256427
S214041558290D0A005573696E6720636F6E6669679E
S2140415683A2025642063686172732066726F6D0D75
S2140415780A25730D0A00534F4E4F46463B5A424DB2
S214041588352D33432D38302F38363B4C44303B53B7
S2140415984130663B52413841353B4944313B53421E
S2140415A832663B52413741343B4944323B5342331B
S2140415B8663B52413641333B4944333B4D3B004E30
S2140415C86574776F726B20737461747573206368BF
S2140415D8616E67656420746F2025640D0A004D618A
S2140415E86E75666163747572657220746F6F2062B7
S2140415F869670D0A004D6F64656C20746F6F20620E
S21404160869670D0A00496E697469616C697A696E5E
S21404161867205A6967626565207769746820256457
S2140416282073776974636865732C20256420726553
S2140416386C6179732C20256420636F766572207339
S214041648776974636865732C20256420636F7665F0
S21404165872730D0A00436F6E666967207061727351
S2140416686564207375636365737366756C6C790D4E
S2140416780A00726561642076657273696F6E206607
S2140416886F726D206E6577206C6F636174696F6E18
S2140416980D0A004661696C656420746F2077726968
S2140416A87465206C6173745365656E5665727369E8
S2140416B86F6E20746F204E562C2073743A2025645F
S2140416C80D0A004F6C642076657273696F6E3A2053
S2140416D825640D0A0043757272656E742076657209
S2140416E873696F6E3A2025640D0A005245534554B3
S2140416F820414C4C210D0A0068616C5F6770696F65
S2140417085F63616C6C6261636B3A20657874692008
S2140417186C696E6520256C64207374617475732017
S214041728256C750D0A0068616C5F6770696F5F6386
S214041738616C6C6261636B3A206E6F2066726565D5
S2140417482045585449206C696E65730D0A002F6845
S2140417586F6D652F72756E6E65722F776F726B2F4D
S214041768747579612D7A69676265652D737769740E
S21404177863682F747579612D7A69676265652D7358
S21404178877697463682F73696C6162735F746F6FCB
S2140417986C732F73696D706C69636974795F7364AD
S2140417A86B2F2E2E2F2E2E2F7372632F73696C6158
S2140417B862732F68616C2F7A69676265652E6300A9
S2140417C844726F7070696E67206F6C64204F544162
S2140417D820696D6167652C2063757272656E742066
S2140417E86F66667365743A20256C750A00556E6BC9
S2140417F86E6F776E20636F76657220636F6D6D61AA
S2140418086E643A2025640D0A00556E6B6E6F776E0B
S21404181820636D642025640D0A00427574746F6E27
S2140418282070726573732064657465637465642CCC
S21404183820627574206E6F20627574746F6E2069EA
S2140418487320707265737365640D0A004275747448
S2140418586F6E206C6F6E6720707265737320646594
S2140418687465637465642C20627574206E6F2062D8
S2140418787574746F6E206973206C6F6E672070724F
S21404188865737365640D0A004E6F20636F76657220
S2140418982073776974636820636F6E666967206966
S2140418A86E204E562C207573696E672064656661D3
S2140418B8756C74730D0A0041747472696275746584
S2140418C8206368616E6765642C2065703A20256419
S2140418D82C20636C75737465723A2025642C206119
S2140418E87474723A2025640D0A00556E6B6E6F7711
S2140418F86E204C6576656C4374726C20636F6D6DF0
S214041908616E643A2025640D0A00556E6B6E6F7717
S2140419186E204F6E4F666620636F6D6D616E643A17
S2140419282025640D0A00496E646578206174207762
S2140419387269746520617474723A2025640D0A000D
S2140419484E6F2073776974636820636F6E66696781
S21404195820696E204E562C207573696E6720646560
S2140419686661756C74730D0A00496E76616C6964F9
S2140419782072656C61795F696E64657820256420D9
S214041988696E204E562C20726573657474696E678A
S21404199820746F2064656661756C740D0A003E20B9
S2140419A800556E6B6E6F776E206572726F720049A3
S2140419B86E70757420627566666572206973204653
S2140419C8554C4C004D6178696D756D206E756D6269
S2140419D86572206F6620617267756D656E74732014
S2140419E86578636565646564005468652061726734
S2140419F8756D656E74206973206E6F7420666F72D9
S214041A086D617474656420636F72726563746C794F
S214041A1800496E636F727265637420617267756DD0
S214041A28656E74207479706500496E636F727265AA
S214041A386374206E756D626572206F6620617267C6
S214041A48756D656E7473004E6F20636F6D6D616E91
S214041A586420666F756E640075696E743800616418
S214041A68646974696F6E616C002A00756E6B6E6FBC
S214041A78776E0077696C6463617264006865786F72
S214041A88707400737472696E676F70740075696E2B
S214041A987433326F70740075696E7431366F70748F
S214041AA80075696E74386F707400686578007374AE
S214041AB872696E670075696E7431360075696E747E
S214041AC83332002E2E2E200068656C70000A2573AB
S214041AD80A257325730025732008002F686F6D6523
S214041AE82F72756E6E65722F776F726B2F74757999
S214041AF8612D7A69676265652D7377697463682FE3
S214041B08747579612D7A69676265652D737769746A
S214041B1863682F73696C6162735F746F6F6C732F7D
S214041B2873696D706C69636974795F73646B2F701D
S214041B386C6174666F726D2F736572766963652F50
S214041B486C65676163795F68616C2F7372632F6273
S214041B586173652D7265706C6163656D656E742E50
S214041B6863002F686F6D652F72756E6E65722F77BA
S214041B786F726B2F747579612D7A69676265652D46
S214041B887377697463682F747579612D7A696762E7
S214041B9865652D7377697463682F73696C616273FE
S214041BA85F746F6F6C732F73696D706C6963697497
S214041BB8795F73646B2F706C6174666F726D2F73C4
S214041BC86572766963652F746F6B656E5F6D616E9B
S214041BD8616765722F6C65676163792F7372632F0B
S214041BE8736C5F746F6B656E5F6D616E616765724B
S214041BF82E63002F686F6D652F72756E6E65722F73
S214041C08776F726B2F747579612D7A69676265656B
S214041C182D7377697463682F747579612D7A69678B
S214041C286265652D7377697463682F73696C61627E
S214041C38735F746F6F6C732F73696D706C69636907
S214041C4874795F73646B2F706C6174666F726D2F32
S214041C58736572766963652F746F6B656E5F6D6105
S214041C686E616765722F6C65676163792F7372633B
S214041C782F736C5F746F6B656E5F6D616E756661EE
S214041C8863747572696E672E630043757272656E47
S214041C987420436F6E6669673A202530780053656A
S214041CA87420434341206D6F646520746F20256457
S214041CB83A2025307800656E61626C656400646954
S214041CC87361626C6564006F757428636C69656E0D
S214041CD8742900696E202873657276657229004D2A
S214041CE8464720537472696E673A2025730041701C
S214041CF8704275696C646572204D464720436F646C
S214041D08653A20307825303458006E6F6465205B59
S214041D18004164646974696F6E616C20696E7465E9
S214041D2872666163657300202025643A200070613A
S214041D386765205B25645D206368616E205B2564A7
S214041D485D20707772205B25645D006E6F74206179
S214041D586374697665006572726F72203078253010
S214041D6838580070616E4944205B30782530345802
S214041D785D206E6F64654944205B3078253034589E
S214041D885D20007870616E205B3078007061726543
S214041D986E744944205B3078253034585D20706171
S214041DA872656E7452737369205B25645D006E6F8A
S214041DB8646554797065205B00536563757269744D
S214041DC879206C6576656C205B253032585D006E2C
S214041DD86574776F726B207374617465205B253045
S214041DE832585D20004275666665722062797465AD
S214041DF8733A202564202F20256400457020636EDE
S214041E08743A202564006570202564205B656E643A
S214041E18706F696E742025732C2064657669636513
S214041E282025735D20006E776B205B25645D20702B
S214041E38726F66696C65205B3078253034585D208F
S214041E486465764964205B3078253034585D20769E
S214041E586572205B3078253032585D0020202020BB
S214041E68257320636C75737465723A203078253050
S214041E78345820004E776B20636E743A202564002D
S214041E886E776B202564205B25735D005072696D40
S214041E98617279202870726F290020206E6F64653D
S214041EA854797065205B3078253032585D002020E0
S214041EB8736563757269747950726F66696C6520A8
S214041EC85B3078253032585D0045502025643A202A
S214041ED8257320004572726F723A2020556E6B6E19
S214041EE86F776E20656E64706F696E742E00456E2B
S214041EF861626C65206576656E74206465627567D4
S214041F0820696E666F20696E20436F726520434CA5
S214041F184920636F6D706F6E656E74006F6E6C79B2
S214041F2820636F6F7264696E61746F727320636185
S214041F386E20666F726D0A006A6F696E20307825A7
S214041F483038580A006C6561766500257320307849
S214041F58253032580A0072656A6F696E4469666687
S214041F6844657669636554797065006578742E20CF
S214041F7850414E2049443A20004E574B206F706516
S214041F886E3A20257520736563004E574B20636CA4
S214041F986F7365640066696E64206A6F696E616251
S214041FA86C653A203078253032580066696E6420AD
S214041FB8756E757365643A20307825303258004358
S214041FC868616E67696E6720746F206368616E6EF9
S214041FD8656C2025643A2030782530325800696EBE
S214041FE876616C6964206E6574776F726B20696EAF
S214041FF86465780053686F72742049443A203078D0
S214042008253034582C2045554936343A20002C209F
S21404201850616E2049443A203078253034580053AD
S214042028746172746564206D756C74692D70687952
S21404203820696E74657266616365004661696C65DD
S2140420486420746F20257320257320307825303259
S21404205858005465726D696E617465642025732032
S214042068307825303258004B65657020616C697687
S2140420786520737570706F727420656E61626C6526
S214042088642E006661696C656420746F20736574D9
S214042098206B65657020616C697665206D6F646574
S2140420A82E007375636365737366756C6C79207339
S2140420B8657420746865206368696C642074696D47
S2140420C8656F7574206F7074696F6E206D61736BBD
S2140420D82E006661696C656420746F2073657420CD
S2140420E8746865206368696C642074696D656F75C7
S2140420F874206F7074696F6E206D61736B2E006444
S2140421086973636F766572004D617463682025731E
S214042118792066726F6D203078253034582C206507
S21404212870202564004E574B2041646472657373AF
S21404213820726573706F6E73653A20307825303474
S2140421485800494545452041646472657373207296
S2140421586573706F6E73653A2000536572766963AB
S214042168652025737920646F6E652E0023202074FD
S2140421787970652020206E776B20206C6F63202092
S2140421882072656D202020636C75732020206E6F86
S2140421986465202020657569002020256420202099
S2140421A8203078253034582020307825303458208C
S2140421B8203078253034582030782530345820009C
S2140421C8736C5F7A69676265655F6765745F626981
S2140421D86E64696E67204572726F723A203078258D
S2140421E83038580A002564206F6620256420626902
S2140421F86E64696E6773207573656400656E6162E4
S2140422086C6564207072696E740064697361626CCC
S2140422186564207072696E7400616464206C696E0B
S2140422286B206B6579004552523A2043616C63759E
S2140422386C617465642043524320646F6573206E32
S2140422486F74206D61746368004552523A20496E73
S2140422587374616C6C20436F6465206D75737420A9
S214042268626520382C2031302C2031342C206F72B3
S21404227820313820627974657320696E206C656E27
S214042288677468004552523A204145532D4D4D4FC8
S2140422982068617368206661696C65643A203078E2
S2140422A82530325800536574206A6F696E696E6704
S2140422B8206C696E6B206B6579007365742062699F
S2140422C86E642025643A2030782530327800454DEF
S2140422D850545900554E494341004D324F4E45001F
S2140422E84D554C5449003F2020202000496E646513
S2140422F878204945454520416464726573732020F7
S214042308202020202020204E574B496E64657820D4
S21404231820496E204643202020202054544C2873FD
S2140423282920466C6167202020204B6579202020D0
S214042338200025642020202020002020256420203A
S2140423482020202020002020253038582020002057
S214042358307825303458202000496E646578204942
S2140423684545452041646472657373202020202007
S21404237820202020496E20464320202020205479FF
S214042388706520204175746820204B6579002D20DF
S21404239820202020002563202020202025632020BC
S2140423A820202000696573005741524E494E473A2B
S2140423B8202052454144494E47204F46204B455914
S2140423C82056414C5545532044495341424C4544B4
S2140423D8204259204D464720544F4B454E004E57F1
S2140423E84B204B6579002573206F75742046433A55
S2140423F8202530385800257320736571206E756D56
S2140424083A20307825303258002573206F757420AA
S21404241846433A2025303878005443202573200054
S2140424282573205461626C650025642F2564206535
S2140424386E747269657320757365642E00547261D0
S2140424486E7369656E74204B657900256420656E25
S2140424587472257320636F6E73756D696E672025B5
S21404246864207061636B65742062756666657225A0
S214042478732E0057494C4C0057494C4C204E4F5429
S2140424880054727573742043656E746572202573E0
S21404249820616C6C6F772074727573742063656E34
S2140424A87465722072656A6F696E73207573696ED7
S2140424B8672077656C6C2D6B6E6F776E206B65790D
S2140424C82E005365742074696D656F757420666F85
S2140424D8722054727573742043656E746572207224
S2140424E8656A6F696E73207573696E672077656CA5
S2140424F86C2D6B6E6F776E206C696E6B206B6579CE
S21404250820746F202564207365636F6E64732E00D1
S2140425184552524F523A20002573737461636B20F8
S2140425286D75737420626520646F776E2E0052652D
S2140425386164696E6720416C6C6F776564004861F6
S2140425487368696E67206F6E6C7900736C5F7A695E
S214042558676265655F6B65795F73657474696E67D2
S214042568735F743A2030782530345800202050653C
S214042578726D697373696F6E733A202573004572BA
S214042588726F723A204661696C656420746F2067BE
S214042598657420636F6E6669672C2073746174753E
S2140425A8733A20307825303858004661696C65647B
S2140425B83A20307825303858004D73673A20636CD3
S2140425C87573203078253034582C20636D64203099
S2140425D878253032582C206C656E20256400627588
S2140425E8666665723A2000454D4245525F0025737B
S2140425F853454355524954595F4C4556454C3A2021
S214042608253032580025736572617365206B6579C9
S2140426182025643A2030782530385800636D6420C5
S2140426286E6F74206275696C7400737263206570CB
S21404263820253032782C20636C7573202530347846
S2140426480073656E64696E6720746F206D756C74AC
S21404265869636173742062696E640025733A206541
S214042668703A2025642C20636C3A20307825303460
S214042678582C20617474723A203078253034580007
S2140426882C207376723A2025630025733A207265E7
S21404269861643A20307825303278002C20737672BC
S2140426A83A2025632C2064747970653A203078259E
S2140426B830325800417267756D656E7420617420F7
S2140426C8696E6465783A202564206973206F75748A
S2140426D8206F662072616E676500436F6D6D616E6C
S2140426E86420616C7265616479206275696C742E05
S2140426F8202043616E6E6F7420736574204D4647C0
S21404270820737065636966696320636F6465206611
S2140427186F7220636F6D6D616E642E004D464720A0
S214042728436F64652053657420666F72206E6578FF
S2140427387420636F6D6D616E643A2030782530348A
S2140427485800557365204E65787420536571756511
S2140427586E63652053657420666F72206E657874A0
S21404276820636F6D6D616E643A2030782530325878
S2140427780044697361626C652044656661756C74AF
S21404278820526573706F6E73652053657420666F88
S21404279872206E65787420636F6D6D616E643A207E
S2140427A8307825303258004552523A2072656164B2
S2140427B8696E672061747472696275746520253061
S2140427C83278004552523A2061747472696275749C
S2140427D8652073697A6520256420746F6F206C61A0
S2140427E872676520666F7220627566666572004554
S2140427F872726F723A2061747472696275746520B5
S214042808494420307825303458207265706F7274C5
S21404281861626C65206368616E67652069732073FE
S214042828697A65202564422C2062757420256442E2
S21404283820656E74657265640A006E6F20636D6445
S214042848004572726F723A20434C492053656E6491
S214042858206661696C65642C207374617475733AB8
S21404286820307825303858004572726F723A202026
S214042878455549363420617267756D656E742069EE
S2140428887320656D70747920616E64206C6F6F6B4D
S2140428987570206279206E6F6465204944206661ED
S2140428A8696C65642E0047726F757000556E6963AF
S2140428B861737400556E62696E64202573202573EF
S2140428C830782530325800526571756573743A202D
S2140428D8005A444F2073696D706C65206465736391
S2140428E8207265712025303278005A444F206E6F66
S2140428F864652064657363207265712025303278B8
S214042908005A444F206D61746368206465736320BD
S2140429187265712025303258005573696E67206DCC
S21404292879206C6F63616C20455549363420666F90
S21404293872206465737420455549363420696E20C0
S21404294862696E64696E67005A444F2062696E64F1
S21404295820726571202530327800636C757374654F
S21404296872206C696D6974207265616368656400B9
S214042978696E76616C696420706167653A202564BF
S214042988206F72206368616E6E656C3A2025640059
S2140429984368616E6765206368616E6E656C207354
S2140429A874617475733A203078253032780064750B
S2140429B8726174696F6E206D757374206265206920
S2140429C86E2072616E67652030202D203500636F97
S2140429D8756E74206D75737420626520696E207236
S2140429E8616E67652031202D2038007363616E2080
S2140429F873746174757320307825303258006E65A8
S214042A0874776F726B20757064617465207365746F
S214042A1820737461747573203078253032580041F9
S214042A28637469766520455020726571756573749C
S214042A38207374617475733A2030782530325800E0
S214042A484C5149205461626C6520726571756573D2
S214042A58743A203078253032580042696E64696EBC
S214042A6867205461626C6520726571756573743A83
S214042A7820307825303258004C65617665202573F9
S214042A8830782530325800506F7765722044657365
S214042A9863726970746F72202573307825303258E3
S214042AA8005573696E67206D79206C6F63616C20BE
S214042AB8455549363420666F72206465737420451C
S214042AC85549363420696E20756E62696E64696E7F
S214042AD86700526F757465205461626C65202573AF
S214042AE8307825303258002F686F6D652F72756EF2
S214042AF86E65722F776F726B2F747579612D7A698C
S214042B08676265652D7377697463682F7475796170
S214042B182D7A69676265652D7377697463682F73A0
S214042B28696C6162735F746F6F6C732F73696D7011
S214042B386C69636974795F73646B2F70726F746FF2
S214042B48636F6C2F7A69676265652F6170702F668C
S214042B5872616D65776F726B2F636F6D6D6F6E2F15
S214042B68736C5F7A69676265655F73797374656D9C
S214042B785F636F6D6D6F6E2E6300457874656E6463
S214042B88656420526573657420696E666F3A2030F2
S214042B9878253034582028257329002F686F6D65EA
S214042BA82F72756E6E65722F776F726B2F747579C8
S214042BB8612D7A69676265652D7377697463682F12
S214042BC8747579612D7A69676265652D737769749A
S214042BD863682F73696C6162735F746F6F6C732FAD
S214042BE873696D706C69636974795F73646B2F704D
S214042BF8726F746F636F6C2F7A69676265652F618D
S214042C0870702F6672616D65776F726B2F636F6D68
S214042C186D6F6E2F7A69676265655F6170705F664F
S214042C2872616D65776F726B5F736C6565702E6322
S214042C380053746179206177616B65207768656EE7
S214042C48206E6F74206A6F696E65643A2025730077
S214042C58466F726365642073746179206177616B6B
S214042C68653A202020202020202020202573004696
S214042C786F7263696E672064657669636520746F2E
S214042C882073746179206177616B6500416C6C6FA1
S214042C9877696E672064657669636520746F206754
S214042CA86F20746F20736C656570002F686F6D6590
S214042CB82F72756E6E65722F776F726B2F747579B7
S214042CC8612D7A69676265652D7377697463682F01
S214042CD8747579612D7A69676265652D7377697489
S214042CE863682F73696C6162735F746F6F6C732F9C
S214042CF873696D706C69636974795F73646B2F703C
S214042D08726F746F636F6C2F7A69676265652F617B
S214042D1870702F6672616D65776F726B2F636F6D57
S214042D286D6F6E2F7A69676265655F737461636B2E
S214042D385F736C6565702E630052583A205265734B
S214042D486574546F466163746F7279446566617519
S214042D586C747343616C6C6261636B00657A737040
S214042D6820636F756E74657273206661696C65643A
S214042D7820257500657A737020526573657420542F
S214042D8868726573686F6C64206572726F7220254A
S214042D987500657A73702053657420546872657379
S214042DA8686F6C64206572726F72202575002575CD
S214042DB8292025733A2025750053657474696E674F
S214042DC8205468726573686F6C6420636F6D6D61F8
S214042DD86E64003F3F3F004D616320527820426393
S214042DE8617374004D616320547820426361737480
S214042DF8004D6163205278205563617374004D61F9
S214042E0863205478205563617374004D61632054BD
S214042E1878205563617374205265747279004D6125
S214042E2863205478205563617374204661696C0086
S214042E3841505320527820426361737400415053C2
S214042E4820547820426361737400415053205278AA
S214042E582055636173740041505320547820556399
S214042E68617374205375636365737300415053200C
S214042E7854782055636173742052657472790041DE
S214042E885053205478205563617374204661696CE6
S214042E9800526F757465204469736320496E6974BB
S214042EA86961746564004E65696768626F7220417B
S214042EB864646564004E65696768626F722052656B
S214042EC86D6F766564004E65696768626F72205335
S214042ED874616C65004A6F696E20496E6469636143
S214042EE874696F6E004368696C64204D6F76656418
S214042EF800415348204F766572666C6F77004153DD
S214042F0848204672616D65204572726F720041539F
S214042F1848204F76657272756E204572726F72001D
S214042F284E574B204643204661696C7572650041CE
S214042F385053204643204661696C757265004153B8
S214042F484820584F66660041505320556E61757484
S214042F58686F72697A6564204B6579004E574B2012
S214042F6844656372797074204661696C757265731A
S214042F780041505320446563727970742046616931
S214042F886C75726573005061636B65742042756670
S214042F9866657220416C6C6F63617465204661696E
S214042FA86C757265730052656C6179656420556347
S214042FB86173740050687920746F204D4143207102
S214042FC875657565206C696D6974207265616368DA
S214042FD86564005061636B65742056616C6964614E
S214042FE874652064726F7020636F756E74004E5734
S214042FF84B207265747279206F766572666C6F778B
S21404300800434341204661696C75726573004272D9
S2140430186F616463617374207461626C652066759D
S2140430286C6C00505441204C6F20507269205265D5
S21404303871005054412048692050726920526571C5
S21404304800505441204C6F205072692044656E69C4
S21404305865640050544120486920507269204465CC
S2140430686E69656400505441204C6F205072692084
S21404307854782041627274005054412048692050A4
S21404308872692054782041627274004164647265DF
S214043098737320436F6E666C6963742053656E742D
S2140430A80043534C205278207363686564756C65D6
S2140430B8206661696C6564000D0044656275672066
S2140430C87072696E742067726F75702025730A00B3
S2140430D857726F6E6720706172616D657465720AE7
S2140430E80046696E6420616E642042696E642049F5
S2140430F86E69746961746F723A20436F6D706C659B
S21404310874653A20307825303258005374617274E6
S214043118207461726765740046696E6420616E6423
S2140431282042696E64205461726765740025733A98
S2140431382025733A20307825303258004672616765
S2140431486D656E746174696F6E2052582077696E67
S214043158646F772073697A652073657420746F20AA
S2140431682564002F686F6D652F72756E6E65722FF5
S214043178776F726B2F747579612D7A6967626565E6
S2140431882D7377697463682F747579612D7A696706
S2140431986265652D7377697463682F73696C6162F9
S2140431A8735F746F6F6C732F73696D706C69636982
S2140431B874795F73646B2F70726F746F636F6C2FA0
S2140431C87A69676265652F6170702F6672616D65CE
S2140431D8776F726B2F706C7567696E2F667261678E
S2140431E86D656E746174696F6E2F667261676D655E
S2140431F86E746174696F6E2E630052583A20416487
S2140432086447726F7570526573706F6E736520309D
S21404321878253032582C20307825303458005258C7
S2140432283A205669657747726F7570526573706F82
S2140432386E7365203078253032582C203078253047
S21404324834582C20220052583A2047657447726F27
S21404325875704D656D6265727368697052657370D2
S2140432686F6E7365203078253032582C20307825D8
S2140432783032582C00205B3078253034585D0052A4
S214043288583A2052656D6F766547726F7570526549
S21404329873706F6E7365203078253032582C203062
S2140432A878253034580065705B253032585D2069BF
S2140432B8645B253034585D00436C656172696E67DB
S2140432C820616C6C2067726F7570732E00455252BD
S2140432D83A204661696C656420746F206372656180
S2140432E874652062696E64696E67202830782530B4
S2140432F8325829004552523A2042696E64696E670C
S214043308207461626C652069732066756C6C004570
S21404331852523A2077726974696E67206E616D65D9
S21404332820737570706F72742025303258005258A6
S2140433383A2041646447726F7570203078253034BB
S214043348582C20220075760052583A20566965771C
S21404335847726F7570203078253034580075767348
S21404336800766965775F67726F75700047726F7568
S21404337870733A206661696C656420746F2073659F
S2140433886E6420257320726573706F6E73653A20B9
S214043398307825303258006765745F67726F7570C9
S2140433A85F6D656D626572736869702072657370A7
S2140433B86F6E73650064656661756C745F726573B9
S2140433C8706F6E73650052583A2047657447726F7B
S2140433D875704D656D6265727368697020307825FE
S2140433E83032582C007575620047726F7570733AE0
S2140433F8206661696C656420746F2073656E64204A
S21404340825733A203078253032580052583A2052DC
S214043418656D6F766547726F757020307825303421
S21404342858004552523A204661696C656420746FA8
S2140434382064656C6574652062696E64696E6720CD
S21404344828307825303258290072656D6F76655FA6
S21404345867726F75700052583A2052656D6F7665BC
S214043468416C6C47726F7570730052583A20416409
S2140434786447726F757049664964656E74696679DF
S214043488696E67203078253034582C202200616411
S21404349864004368616E6E656C206E6F7420766196
S2140434A86C69643A202564005072696D617279000B
S2140434B82573206D61736B206E6F77203078253006
S2140434C83858005365636F6E64617279004D617392
S2140434D86B206E6F742076616C69643A20256400EC
S2140434E87072696D617279007365636F6E64617278
S2140434F8790025733A20536574202573206D61730B
S2140435086B20746F203078253038580053746174F3
S21404351875730025733A2025733A004368616E6E06
S214043528656C206D61736B3A0020202020283129B1
S21404353820307825303858205B0020202020283278
S2140435482920307825303858205B00537461746518
S2140435583A203078253032582028257329004375B8
S2140435687272656E74206368616E6E656C3A2025A7
S2140435786400546F74616C20626561636F6E733A9D
S214043588202564004A6F696E20617474656D7074D2
S214043598733A202564004E6574776F726B207374D3
S2140435A86174653A203078253032580053746F7049
S2140435B80025732053746F702E2020436C65616E4B
S2140435C8696E672075702E0042726F61646361735A
S2140435D874696E67207065726D6974206A6F696EA7
S2140435E80054727573742063656E746572206C6912
S2140435F86E6B206B657920757064617465207374CE
S214043608617475730025733A205741524E494E47E4
S2140436183A20736C5F7A69676265655F7365745F81
S214043628696E697469616C5F7365637572697479C8
S2140436385F7374617465206661696C65642E2043E3
S2140436486F6E74696E75696E6720776974686F75CE
S2140436587420696E7374616C6C20636F64652E00E5
S2140436684572726F723A20696E7374616C6C20636B
S2140436786F6465207365747570206661696C65642B
S2140436882E20497320616E20696E7374616C6C20F9
S214043698636F646520666C6173686564206F6E7416
S2140436A86F20746865206465766963653F00D0D1C9
S2140436B8D2D3D4D5D6D7D8D9DADBDCDDDEDF00FF23
S2140436C8FFFFFFFFFFFFFF005A6967426565416C0D
S2140436D86C69616E636530390025733A20697373C3
S2140436E875696E67207363616E206F6E202573207C
S2140436F86368616E6E656C7320286D61736B203029
S21404370878253038582900257320697320616C722F
S2140437186561647920696E2070726F677265737369
S214043728005374617274004578616D696E696E67DA
S21404373820626561636F6E206F6E206368616E6ECB
S214043748656C20256420776974682070616E496406
S21404375820307825303458005468697320626561CF
S214043768636F6E206973206E6F74207061727420A4
S2140437786F66207468652063757272656E7420635C
S21404378868616E6E656C206D61736B2028307825D1
S214043798303858292E2047657474696E67206E651C
S2140437A8787420626561636F6E2077686F7365202E
S2140437B86368616E6E656C206269746D61736B20F4
S2140437C86973207365742E004572726F723A2025E9
S2140437D87320636F756C64206E6F742061747465EF
S2140437E86D7074206A6F696E3A20307825303258C6
S2140437F8004E6F20626561636F6E73206C65667435
S214043808206F6E2063757272656E74206D61736BBB
S2140438182E204D6F76696E6720746F206E657874F7
S214043828207374617465002573206A6F696E696E07
S2140438386720307825303458206F6E206368616EB0
S2140438486E656C2025640025732053746174653A8C
S214043858202573004572726F723A20257320636FB1
S214043868756C64206E6F7420736574757020736548
S2140438786375726974793A20307825303258004571
S21404388872726F723A205363616E20636F6D706C48
S2140438986574652068616E646C65722072657475FB
S2140438A8726E65642030782530325800257320738C
S2140438B863616E20636F6D706C6574652E20426557
S2140438C861636F6E732068656172643A20256400CC
S2140438D8257320737461636B207374617475732025
S2140438E8307825303258002573206E6574776F72E9
S2140438F86B206A6F696E65642E002573207472796E
S214043908696E67206E657874206E6574776F726B5F
S2140439182E004E6F6E65005363616E205072696D9B
S214043928617279204368616E6E656C7320616E649B
S2140439382075736520436F6E6669677572656420C3
S2140439484B6579005363616E205072696D617279B4
S214043958204368616E6E656C7320616E64207573AF
S2140439686520496E7374616C6C20436F64650053FC
S21404397863616E205072696D617279204368616E66
S2140439886E656C7320616E64205573652043656E9E
S2140439987472616C697A6564204B65790053636157
S2140439A86E205072696D617279204368616E6E6527
S2140439B86C7320616E642055736520446973747251
S2140439C8696275746564204B6579005363616E207B
S2140439D85365636F6E64617279204368616E6E65C1
S2140439E86C7320616E642075736520436F6E666918
S2140439F86775726564204B6579005363616E20535E
S214043A0865636F6E64617279204368616E6E656C77
S214043A187320616E642075736520496E7374616CD7
S214043A286C20436F6465005363616E205365636F4F
S214043A386E64617279204368616E6E656C7320618A
S214043A486E64205573652043656E7472616C697A7A
S214043A586564204B6579005363616E205365636F14
S214043A686E64617279204368616E6E656C7320615A
S214043A786E6420557365204469737472696275743C
S214043A886564204B6579005363616E205072696DD6
S214043A98617279204368616E6E656C7320616E642A
S214043AA82055736520416C6C204B65797320286912
S214043AB86E7374616C6C20636F64652C2063656E2A
S214043AC87472616C697A65642C20646973747269AB
S214043AD8627574656429005363616E205365636F69
S214043AE86E64617279204368616E6E656C732061DA
S214043AF86E642055736520416C6C204B6579732081
S214043B0828696E7374616C6C20636F64652C20631B
S214043B18656E7472616C697A65642C206469737462
S214043B287269627574656429004F6E2F4F66662045
S214043B387365742076616C75653A20253032582092
S214043B4825303258004552523A2072656164696ECF
S214043B5867206F6E2F6F66662025303258004F6ECA
S214043B682F6F666620616C7265616479207365746C
S214043B7820746F206E65772076616C756500546FC7
S214043B8867676C65206F6E2F6F66662066726F6D4A
S214043B98202530325820746F20253032580045527C
S214043BA8523A2077726974696E67206F6E2F6F6653
S214043BB866202530325800496E7374616C6C6564EF
S214043BC82054797065202842617365293A2020308C
S214043BD87825303258004361706162696C6974698B
S214043BE865733A20202020202020202020203078AA
S214043BF82530345800426F6F746C6F6164657220A8
S214043C0856657273696F6E3A202020202030782516
S214043C183034580053656375726520426F6F746C50
S214043C286F61646572204B65793A20202020202035
S214043C3800426F6F746C6F6164696E6720666169B1
S214043C486C65642100446F776E6C6F6164206661EE
S214043C58696C65642E0044656C6574696E672066D5
S214043C6861696C656420646F776E6C6F61642C2080
S214043C787374617475733A20307825303258004965
S214043C886D61676520646F6573206E6F7420636F5B
S214043C986E7461696E20616E205570677261646522
S214043CA820496D616765205461672028307825307F
S214043CB83458292E20536B697070696E67207570A6
S214043CC867726164652E00457865637574696E6706
S214043CD820626F6F746C6F61642063616C6C6261E0
S214043CE8636B2E005374617274696E672045424C88
S214043CF820766572696669636174696F6E00454209
S214043D084C206661696C65642076657269666963C9
S214043D186174696F6E2E0045424C2070617373653A
S214043D286420766572696669636174696F6E2E00CD
S214043D382573696E67204F544120636C69656E74F9
S214043D48207374617465206D616368696E650073B9
S214043D58746F7070004572726F723A204E6F2069E5
S214043D686D61676520617420696E646578202564D2
S214043D78004E6F7420737570706F727465642E00CD
S214043D88436C69656E7420696D6167652071756535
S214043D98727920696E666F004D616E7566204944B7
S214043DA83A2020202020202020203078253034581F
S214043DB800496D61676520547970652049443A2046
S214043DC82020203078253034580043757272656E8A
S214043DD8742056657273696F6E3A202030782530E1
S214043DE83858004861726477617265205665727344
S214043DF8696F6E3A20004E41005175657279204409
S214043E08656C6179206D733A2020202020202020BC
S214043E1820202020256C6400536572766572204441
S214043E286973636F766572792044656C6179206D71
S214043E38733A20256C6400446F776E6C6F61642057
S214043E4844656C6179206D733A2020202020202058
S214043E582020256C640052756E2055706772616464
S214043E68652044656C6179206D733A2020202020F3
S214043E7820256C64005665726966792044656C6111
S214043E8879206D733A20202020202020202020200E
S214043E98256C6400446F776E6C6F6164204572729B
S214043EA86F72205468726573686F6C643A202025B4
S214043EB8640055706772616465205761697420549C
S214043EC868726573686F6C643A2020202025640045
S214043ED84F544120446F776E6772616465733A2065
S214043EE844697361626C6564004F544120446F777B
S214043EF86E6772616465733A20456E61626C6564C8
S214043F0800426F6F746C6F61642073746174653AF1
S214043F1820257300496E76616C6964204550202517
S214043F2864207768656E20747279696E6720746F8A
S214043F382073656E64204F5441206D657373616702
S214043F48652E0053656E64696E67205570677261E6
S214043F58646520456E6420726571756573742E00F9
S214043F6825733A20696E76616C696420636D6449CA
S214043F786420307825303258004572726F723A20C1
S214043F88204661696C656420746F2073656E6420CE
S214043F984F544120636F6D6D616E64203078253010
S214043FA832582C207374617475733A20307825302F
S214043FB832580053657276657220756E6B6E6F772D
S214043FC86E2C2066616C6C696E67206261636B2078
S214043FD8746F20646973636F766572792E004D6119
S214043FE878696D756D207175657279206572726F62
S214043FF872732068697420282564292C20737461D8
S2140440087274696E672073656172636820666F727E
S214044018206E6577204F5441207365727665722E3C
S2140440280A004170706C79696E67207570677261F2
S21404403864650025733A20696E76616C6964206F3E
S21404404866667365742063757272656E7454696DFA
S214044058652830782530385829203E2075706772D0
S21404406861646554696D65283078253038582900A8
S2140440784F544120436C75737465723A20776169AE
S2140440887420666F72202564207300525865642075
S21404409874696D654F7574203078253038582073E8
S2140440A82C204D41582074696D654F7574203078FE
S2140440B8253038582073004D6178696D756D207504
S2140440C870677261646520726571756573747320B0
S2140440D86D616465202825642920776974686F757E
S2140440E87420726573706F6E73652066726F6D20C8
S2140440F87365727665722E00557067726164696EB0
S2140441086720616E79776179004F54412053657250
S2140441187669636520646973636F7665727920705F
S214044128726576656E746564202D20616E6F74689A
S214044138657220697320616C726561647920696EA2
S2140441482070726F6772657373004661696C656484
S21404415820746F20696E697469617465207365726A
S2140441687669636520646973636F766572792E0071
S2140441784F544120536572766963652044697363B6
S2140441886F7665727920696E2070726F67726573D0
S2140441987300436C69656E74207665726966696334
S2140441A86174696F6E206661696C65642E00536974
S2140441B8676E617475726500437573746F6D00700D
S2140441C86173736564004641494C4544004E6F204C
S2140441D87369676E61747572652076657269666957
S2140441E8636174696F6E20737570706F72742C20B7
S2140441F8617373756D696E6720696D61676520699B
S21404420873206F6B61792E00257320766572696654
S21404421869636174696F6E2025733A203078253097
S2140442283258004D6178696D756D206E756D6265DE
S21404423872206F6620646F776E6C6F616420657297
S214044248726F727320726561636820282564292C4E
S2140442582061626F7274696E672E004F5441204362
S2140442686C75737465723A2073657474696E672026
S214044278494545452061646472657373206F6620FA
S2140442884F544120636C7573746572005061727480
S21404429869616C2066696C6520646F776E6C6F6103
S2140442A86420666F756E642C20636F6E74696E7511
S2140442B8696E672066726F6D206F66667365742014
S2140442C830782530385800466F756E642066756CED
S2140442D86C7920646F776E6C6F61646564206669B8
S2140442E86C6520696E2073746F7261676520287622
S2140442F8657273696F6E20307825303858292E0019
S214044308466F756E642066696C6520696E207374E2
S2140443186F72616765207769746820646966666584
S21404432872656E742076657273696F6E20283078AD
S2140443382530385829207468616E20637572726552
S2140443486E742076657273696F6E2028307825300F
S2140443583858290046696C6520696E2073746F7234
S2140443686167652069732073616D652061732063D6
S214044378757272656E742072756E6E696E672076D5
S214044388657273696F6E202830782530385829008E
S2140443984E6F20696D61676520666F756E64206967
S2140443A86E2073746F726167652E004F54412053F4
S2140443B865727669636520446973636F7665727996
S2140443C820756E626C6F636B65640049676E6F7206
S2140443D8696E67207365727665722066726F6D20E3
S2140443E86C6F6F706261636B20616464726573736B
S2140443F80049676E6F72696E6720307825303458C6
S214044408204F54412073657276657220696E207356
S2140444186561726368206F6620544300536574743C
S214044428696E67204F54412053657276657220740E
S2140444386F203078253034580044656C6179696E8D
S21404444867202564207365636F6E647320626566EF
S2140444586F7265207374617274696E67204F544175
S21404446820636C69656E740054696D656F75742095
S21404447877616974696E6720666F72206D657373F9
S2140444886167652E00426164204F544120636F6D56
S2140444986D616E643A20307825303258004F5441A6
S2140444A820636F6D6D616E64203078253032582035
S2140444B8746F6F2073686F727420286C656E20257D
S2140444C864203C206D696E20256429004F544120E1
S2140444D8636F6D6D616E642066726F6D20756E72A3
S2140444E865636F676E697A6564207365727665724C
S2140444F8203078253034582E20204D79204F5441CA
S214044508207365727665723A203078253034580000
S214044518496D616765204E6F7469667900476F74E4
S21404452820756E65787065637465642025732E201F
S21404453820537461727420646973636F7665727944
S2140445482E0064656661756C74004F54413A2066A3
S21404455861696C656420746F2073656E64202573C6
S21404456820726573706F6E73653A20307825303222
S2140445785800496D616765206E6F746966790047EF
S2140445886F7420756E65787065637465642025732A
S2140445982E202049676E6F7265642E004F54413A88
S2140445A82044656661756C7420726573706F6E73EB
S2140445B86520666F7220496D616765206E6F746941
S2140445C866792C20737461747573203078253032BC
S2140445D85800496D616765206E6F74696679206353
S2140445E86F6D6D616E6400257320756E6963617303
S2140445F8742C207175657279696E6700496E7661E8
S2140446086C6964002573202573207061796C6F616A
S2140446186420747970652030782530325800257304
S2140446282025733A206F7574206F662072616E6752
S21404463865206A69747465722025640025732025CC
S214044648733A207061796C6F6164206C656E677468
S2140446586820646F65736E2774206D6174636820C0
S21404466874797065203078253032582028256420DF
S2140446783C2025642900257320257320647565204D
S214044688746F206E6F6E2D6D61746368696E672033
S2140446986D616E756661637475726572204944004F
S2140446A825732025732064756520746F206E6F6EDD
S2140446B82D6D61746368696E6720696D616765202E
S2140446C87479706520494400257320257320647521
S2140446D86520746F206D61746368696E6720666907
S2140446E8726D776172652076657273696F6E0025E0
S2140446F8732025732C2052782764204A69747465BD
S214044708722028307825303258292C205069636B5B
S2140447186564204A697474657220283078253032B6
S2140447285829005175657279206E65787420696D0C
S21404473861676520726573706F6E736500257320F4
S21404474872657475726E6564203078253032582E1A
S21404475820204E6F206E657720696D61676520742A
S2140447686F20646F776E6C6F61642E0025732074F7
S2140447786F6F2073686F727420282564203C202588
S21404478864290025733A204E657720696D6167654C
S21404479820697320617661696C61626C6520666F56
S2140447A87220646F776E6C6F61642E0025732069BF
S2140447B873206E6F74207573696E67206D7920692F
S2140447C86D61676520696E666F2E004552524F52BA
S2140447D83A204E65787420496D61676520697320B0
S2140447E8746F6F2062696720746F2073746F7265C4
S2140447F82028307825303858203E20307825303820
S21404480858290025732072657475726E6564207362
S214044818616D652046696C6556657273696F6E20AE
S21404482861732063757272656E746C7920696E7331
S21404483874616C6C65642E004F544120446F776E27
S2140448486772616465732044697361626C65643A6F
S2140448582046696C6556657273696F6E2062656872
S214044868696E642063757272656E7420696E7374FB
S214044878616C6C6174696F6E005374617274696EEE
S2140448886720646F776E6C6F61642C20566572734C
S214044898696F6E20307825303858004572726F720A
S2140448A83A204661696C656420746F2064656C659B
S2140448B8746520696D6167652E004572726F723A79
S2140448C8204661696C656420746F2065726173653F
S2140448D8206F6C642074656D7020646174612E00AA
S2140448E8496D61676520626C6F636B2072657370CF
S2140448F86F6E7365004F54413A20496D616765428F
S2140449086C6F636B5265706F6E736520636F6E743D
S21404491861696E7320696E76616C6964206F7220B3
S214044928696E636F6D706C6574652064617461008C
S2140449385570646174696E67204D696E20426C6FA9
S214044948636B205265717565737420506572696F60
S2140449586420746F202564206D7300446F776E6C32
S2140449686F61642064656C6179206279207365726E
S214044978766572202564206D7300446F776E6C6FBD
S21404498861642061626F727465642062792073655D
S214044998727665722E0053657276657220646F654A
S2140449A8736E277420737570706F727420706167E5
S2140449B86520726571756573742C206F6E6C79202A
S2140449C87573696E6720626C6F636B2072657175A8
S2140449D86573742E005365727665722072657475F5
S2140449E8726E65642027756E737570706F72746561
S2140449F86420636C757374657220636F6D6D616E85
S214044A0864272E00556E6B6E6F776E2025732073A1
S214044A18746174757320636F64652030782530324A
S214044A285800257320686173206461746120736973
S214044A387A65202825642920736D616C6C6572205C
S214044A487468616E2061637475616C207061636B51
S214044A5865742073697A6520282564292E002573D1
S214044A68206572726F723A2045787065637465645F
S214044A78206F6666736574203078253038582C2085
S214044A8862757420676F74203078253038582E2065
S214044A982049676E6F72696E6700257320696E66B3
S214044AA86F20646964206E6F74206D617463682077
S214044AB86D7920657870656374656420696E666FC1
S214044AC82E202044726F7070696E672E00466169E6
S214044AD86C656420746F20777269746520746F201F
S214044AE873746F726167652064657669636521000F
S214044AF8446F776E6C6F61640055706772616465A5
S214044B0820656E6420726573706F6E7365005365F6
S214044B18727665722061626F727465642075706758
S214044B28726164652C207374617475733A203078E6
S214044B3825303258004572726F723A202573206801
S214044B48616420696E76616C69642025733A200076
S214044B5866696C652076657273696F6E0041646475
S214044B68696E67202564206D732E2064656C6179F0
S214044B7820666F7220696D6D656469617465207559
S214044B887067726164652E00436F756E74646F7720
S214044B986E20746F20757067726164653A202564A8
S214044BA8206D73002053746174653A2020202573A1
S214044BB8002057616974696E6720666F7220726593
S214044BC873706F6E73653A20257300204E6578748B
S214044BD8204576656E742054696D65723A2025649E
S214044BE8206D73002043757272656E7420446F7767
S214044BF86E6C6F6164204F66667365743A2030780D
S214044C0825303858202825642525290025733A2078
S214044C186661696C65642070617273696E67204F9B
S214044C28544120636D6420307825303258004F5440
S214044C38412044656661756C7420726573706F6E86
S214044C48736520746F20636F6D6D616E64204944CC
S214044C58203078253032582C20737461747573208C
S214044C6830782530325800496D61676520626C6F6C
S214044C78636B20726571756573742074657374202C
S214044C886F6E6C7920776F726B73207768656E2009
S214044C98737461746520697320424F4F544C4F41B6
S214044CA8445F53544154455F4E4F4E450052616E1F
S214044CB8646F6D2044656C6179206265666F726501
S214044CC820737461727400446973636F76657269DD
S214044CD86E67204F544120536572766572004765A7
S214044CE874204F54412053657276657220455549A1
S214044CF8004F627461696E206C696E6B206B65790F
S214044D08005175657279696E67204E657874204916
S214044D186D61676500446F776E6C6F6164696E6772
S214044D2820496D61676500566572696679696E67BC
S214044D3820496D6167650057616974696E67206606
S214044D486F722055706772616465206D6573736150
S214044D58676500436F756E74646F776E20746F2092
S214044D68557067726164650057616974696E672077
S214044D78746F207570677261646520766961206F48
S214044D8875742D6F662D62616E64206D6563686147
S214044D986E69736D0025733A202564252520636F94
S214044DA86D706C65746500496D61676520256400DF
S214044DB820204552524F523A20436F756C64206E39
S214044DC86F74206765742066756C6C20686561640A
S214044DD865722100202048656164657220566572F4
S214044DE873696F6E3A20307825303458002020488E
S214044DF86561646572204C656E6774683A20202580
S214044E08642062797465730020204669656C6420A2
S214044E18436F6E74726F6C3A20203078253034589D
S214044E280020204D616E75662049443A20202020D3
S214044E38202020307825303458002020496D6167BA
S214044E486520547970653A20202020203078253053
S214044E58345800202056657273696F6E3A202020F5
S214044E6820202020203078253038580020205A6901
S214044E78676265652056657273696F6E3A20307886
S214044E8825303458002020486561646572205374C0
S214044E9872696E673A20202573002020496D616781
S214044EA8652053697A653A2020202020256C6420E2
S214044EB86279746573002020536563757269747922
S214044EC820437265643A2020307825303258002012
S214044ED8205570677261646520446573743A2020AF
S214044EE8200020204D696E2E204857205665723AB9
S214044EF8202020203078253034580020204D617832
S214044F082E204857205665723A20202020307825CF
S214044F18303458002020546F74616C2054616773D1
S214044F283A20256400202020205461673A203078EF
S214044F3825303458002020202020204C656E6774C5
S214044F48683A20256C64004572726F723A20436F83
S214044F58756C64206E6F74206F627461696E207459
S214044F68616720696E666F2066726F6D20696D6171
S214044F7867652E000A256420696D61676573206974
S214044F886E204F54412073746F726167652E004912
S214044F986D6167652064656C65746525732E0045C8
S214044FA872726F723A2020436F756C64206E6F7449
S214044FB8207265616420626C6F636B3A20307825D2
S214044FC83032582E0A005374617274696E6720650D
S214044FD8726173652066726F6D206F66667365749A
S214044FE82030782530385820746F203078253038AB
S214044FF85800436F756C64206E6F74207374617206
S214045008742045524153452120283078253032589B
S2140450182900454550524F4D2045726173652063FB
S2140450286F6D706C657465002F686F6D652F72758B
S2140450386E6E65722F776F726B2F747579612D7A21
S21404504869676265652D7377697463682F74757903
S214045058612D7A69676265652D7377697463682F4D
S21404506873696C6162735F746F6F6C732F73696DA9
S214045078706C69636974795F73646B2F70726F748C
S2140450886F636F6C2F7A69676265652F6170702F1E
S2140450986672616D65776F726B2F706C7567696E73
S2140450A82F6F74612D73746F726167652D73696DE4
S2140450B8706C652D656570726F6D2F6F74612D73D6
S2140450C8746F726167652D656570726F6D2D70619A
S2140450D867652D65726173652E63002F686F6D654D
S2140450E82F72756E6E65722F776F726B2F74757963
S2140450F8612D7A69676265652D7377697463682FAD
S214045108747579612D7A69676265652D7377697434
S21404511863682F73696C6162735F746F6F6C732F47
S21404512873696D706C69636974795F73646B2F70E7
S214045138726F746F636F6C2F7A69676265652F6127
S21404514870702F6672616D65776F726B2F706C75F1
S21404515867696E2F6F74612D73746F726167652D3E
S21404516873696D706C652D656570726F6D2F6F74DD
S214045178612D73746F726167652D656570726F6DE6
S2140451882E63004F54412053696D706C6520537428
S2140451986F7261676520454550524F4D207761729E
S2140451A86E696E673A20636F756C64206E6F742040
S2140451B867657420736C6F7420696E666F20666FFB
S2140451C87220736C6F7420256420286572726F725F
S2140451D820307825303258292E2044656661756C4F
S2140451E874696E6720746F20737065636966696591
S2140451F8642061646472657373206F66667365748D
S214045208730053746F7261676520447269766572B9
S2140452183A202020202020202020202020204F5400
S214045228412053696D706C652053746F72616765AD
S21404523820454550524F4D20506C7567696E005294
S214045248656164204D6F6469667920577269746570
S21404525820537570706F72743A20206E6F00534F27
S2140452684320426F6F746C6F6164696E6720537570
S21404527870706F72743A2020202079657300426F2C
S2140452886F746C6F616465722053746F72616765BE
S21404529820537570706F72743A205573652066696A
S2140452A872737420736C6F7400536C6F7420746F0D
S2140452B8207573653A2020202020202020202020D6
S2140452C8202020202025640043757272656E7420A1
S2140452D8446F776E6C6F6164204F66667365743AC4
S2140452E8202020203078253038580045424C20535A
S2140452F874617274204F66667365743A20202020A1
S2140453082020202020202030782530385800454595
S21404531850524F4D2053746172743A202020202036
S214045328202020202020202020203078253038589F
S21404533800454550524F4D20456E643A20202020A3
S21404534820202020202020202020202020307825DF
S21404535830385800496D61676520496E666F20537A
S214045368746172743A2020202020202020202020D7
S2140453783078253038580053617665205261746554
S2140453882028627974657329202020202020202074
S214045398202020307825303858004F6666736574A8
S2140453A8206F6620646F776E6C6F6164206F666624
S2140453B8736574202020307825303858004F666688
S2140453C8736574206F662045424C206F6666736565
S2140453D8743A2020202020202030782530385800A1
S2140453E84F6666736574206F6620696D616765200D
S2140453F873746172743A2020202020203078253077
S214045408385800736C5F7A69676265655F61665FC2
S2140454186F74615F73746F726167655F64726976CF
S21404542865725F726561645F6362282920666169D4
S2140454386C65642100426164206D61676963206E4F
S214045448756D62657220696E2066696C653A2030EF
S2140454587825303258203078253032582030782550
S214045468303258203078253032580042616420762D
S214045478657273696F6E20696E2066696C65203084
S2140454887825303458004572726F723A2072656116
S21404549864416E6456616C696461746553746F72B2
S2140454A86564496D61676528292074726965642096
S2140454B8746F2072656164206D6F72652064617410
S2140454C861207468616E20697420636F756C64204B
S2140454D8686F6C642E00736C5F7A69676265655FD3
S2140454E861665F6F74615F73746F726167655F642A
S2140454F872697665725F726561645F6362282920E3
S2140455084641494C454421004C617374206F6666D5
S21404551873657420646F776E6C6F616465643A2093
S2140455283078253038580053746F72616765204D9B
S2140455386F64756C653A204F54412053696D706CDE
S214045548652053746F7261676520506C7567696E61
S21404555800496D616765732053746F7265643A20F9
S214045568202564206F6620310A00253032583A0018
S2140455786570202530325820636C757320253034C6
S214045588582061747472202530345820737672203B
S214045598256300206D666720253032580020726522
S2140455A8706F7274206D696E2025303458206D61D2
S2140455B8782025303458207270742D636867202547
S2140455C83038580020726563656976652066726FA0
S2140455D86D202530345820657020253032582074C4
S2140455E8696D656F757420253034580072656D6F63
S2140455F8766500636C656172696E67206C617374A6
S214045608207265706F72742074696D65206F6620E9
S214045618616C6C2061747472696275746573007465
S214045628657374696E672074696D696E67206F6642
S21404563820766172696F7573207265706F7274690B
S2140456486E67206F7065726174696F6E73002D2DB6
S2140456582D2D2D2D2D2D2D2D2D2D2D2D2D2D2D2D69
S2140456682D2D2D2D2D2D2D2D2D2D2D2D2D2D2D2D59
S2140456782D2D2D2D2D2D2D2D2D2D2D2D2D002D2D76
S2140456887461626C65207265616473202D2066758A
S2140456986C6C207461626C652D2D00726573756C74
S2140456A874203D202564206D73002D2D696E697461
S2140456B8202F207363686564756C65207469636B52
S2140456C82D2D2D002D2D6C6F616420636F6E666919
S2140456D86775726174696F6E2064656661756C744B
S2140456E8732D2D002F686F6D652F72756E6E65723B
S2140456F82F776F726B2F747579612D7A6967626577
S214045708652D7377697463682F747579612D7A6962
S214045718676265652D7377697463682F73696C614E
S21404572862735F746F6F6C732F73696D706C6963E3
S2140457386974795F73646B2F70726F746F636F6CC0
S2140457482F7A69676265652F6170702F6672616D5E
S21404575865776F726B2F706C7567696E2F726570DC
S2140457686F7274696E672F7265706F7274696E678C
S2140457782E6300524541445F5250545F43464700E7
S214045788726561645F7265706F7274696E675F6371
S2140457986F6E66696775726174696F6E00526570BC
S2140457A86F7274696E673A206661696C6564207402
S2140457B86F2073656E6420257320726573706F6E30
S2140457C873653A20307825303258004552523A20CC
S2140457D872656164696E6720636C7573746572209C
S2140457E8307825303458206174747269627574652B
S2140457F8203078253034583A20307825303258000E
S2140458084552523A207265706F7274696E67206FDB
S21404581866204C4F4E4720737472696E6720617415
S214045828747269627574652074797065206E6F7415
S21404583820737570706F727465643A20636C757340
S214045848746572203078253034582061747472690F
S2140458586275746520307825303458005265706F48
S2140458687274696E6720456E7472792046756C6C1E
S214045878202D206372656174696E67206E657720D3
S2140458887265706F7274004346475F525054002026
S2140458982D20646972656374696F6E3A25303258D0
S2140458A82C20617474723A253034580020202074F1
S2140458B87970653A253032582C206D696E3A253051
S2140458C834582C206D61783A25303458002020202E
S2140458D86368616E67653A0020202074696D656F99
S2140458E875743A2530345800636F6E666967757246
S2140458F8655F7265706F7274696E67002054434CF6
S2140459084B2075706461746520616C726561647996
S21404591820696E2070726F6772657373004D616ECE
S21404592875616C2054434C4B207570646174652013
S2140459386661696C65642E257300537461727469B4
S2140459486E6720757064617465207472757374204C
S21404595863656E746572206C696E6B206B6579205E
S21404596870726F6365737300557064617465205450
S21404597843204C696E6B204B657900204E65772072
S2140459886B65792065737461626C69736865643ADB
S21404599800204572726F723A00506172746E6572B6
S2140459A83A20005A434C20676C6F62616C20636C23
S2140459B8757374657220636F6D6D616E64730064CD
S2140459C86972656374696F6E00646973632D636FC7
S2140459D86D2D67656E00646973632D636F6D2D7234
S2140459E86563006578706563742D7265706F72748C
S2140459F82D66726F6D2D6D65007577726974650016
S214045A086E7772697465007265706F72742D72654C
S214045A1861640073656E642D6D652D612D72657005
S214045A286F72740043726561746573206120676CD5
S214045A386F62616C20646973636F76657220636F46
S214045A486D6D616E6420666F72207468652061737C
S214045A58736F6369617465642076616C7565732E0B
S214045A6800636C757374657249641F617474726933
S214045A786275746549641F6D61784E756D626572EA
S214045A88546F5265706F72741F0043726561746553
S214045A9873206120676C6F62616C2073656E642086
S214045AA86D652061207265706F727420636F6D6D0A
S214045AB8616E6420666F7220746865206173736F04
S214045AC86369617465642076616C7565732E00631A
S214045AD86C757374657249641F617474726962754F
S214045AE8746549641F64617461547970651F6D69CF
S214045AF86E5265706F727454696D651F6D61785265
S214045B0865706F727454696D651F7265706F727410
S214045B1861626C654368616E67651F004372656100
S214045B28746573206120676C6F62616C20726561AE
S214045B3864207265706F7274696E6720636F6D6D2A
S214045B48616E6420666F7220746865206173736F73
S214045B5863696174656420636C75737465722C205C
S214045B6861747472696275746520616E6420736505
S214045B78727665722F636C69656E742064697265E3
S214045B886374696F6E2E00636C757374657249640A
S214045B981F61747472696275746549641F646972F6
S214045BA8656374696F6E1F00476C6F62616C207260
S214045BB865706F7274696E6720636F6D6D616E646D
S214045BC800656E64706F696E741F636C75737465B4
S214045BD87249641F61747472696275746549641FD6
S214045BE86D61736B1F004372656174657320612071
S214045BF8676C6F62616C207265616420636F6D6D9B
S214045C08616E64206D65737361676520746F2072B6
S214045C186561642066726F6D2074686520636C75B0
S214045C287374657220616E64206174747269627537
S214045C387465207370656369666965642E00636CB1
S214045C48757374657249641F6174747269627574D5
S214045C586549641F00437265617465732061206733
S214045C686C6F62616C20777269746520636F6D6D02
S214045C78616E64206D65737361676520746F207741
S214045C887269746520746F2074686520636C757314
S214045C9874657220616E64206174747269627574C6
S214045CA8652073706563696669656400636C7573FB
S214045CB874657249641F617474726962757465499F
S214045CC8641F747970651F646174611F004372658C
S214045CD86174652061206578706563742D726570DB
S214045CE86F72742D66726F6D2D6D65206D65737396
S214045CF86167652077697468206173736F63696187
S214045D087465642076616C7565732E00636C7573B0
S214045D1874657249641F617474726962757465493E
S214045D28641F74696D656F75741F004372656174CA
S214045D3865206120446973636F76657220436F6DCE
S214045D486D616E64732047656E6572617465642060
S214045D58636F6D6D616E6420776974682061737310
S214045D686F6369617465642076616C7565732E006B
S214045D78636C757374657249641F737461727443D3
S214045D886F6D6D616E6449641F6D6178436F6D6DE8
S214045D98616E6449641F00536574732074686520D3
S214045DA8646972656374696F6E20666F7220676CC7
S214045DB86F62616C20636F6D6D616E64732C206511
S214045DC8697468657220636C69656E7420746F20E4
S214045DD8736572766572206F722073657276657263
S214045DE820746F20636C69656E742E005365747333
S214045DF8206120666C616720736F20746861742064
S214045E08746865206170706C69636174696F6E206C
S214045E186672616D65776F726B2057494C4C204EDD
S214045E284F5420726573706F6E6420746F207468A4
S214045E3865206E657874205A434C206D65737361CB
S214045E486765207468617420636F6D657320696E76
S214045E58206F76657220746865206169722E005317
S214045E68657473206120666C616720736F2074689C
S214045E78617420746865206170706C696361746904
S214045E886F6E206672616D65776F726B2057494C2A
S214045E984C20726573706F6E6420746F2074686526
S214045EA8206E657874205A434C206D657373616759
S214045EB865207468617420636F6D657320696E204D
S214045EC86F76657220746865206169722E00536562
S214045ED87473207468652044697361626C65204431
S214045EE8656661756C7420526573706F6E73652091
S214045EF84672616D6520436F6E74726F6C206269BA
S214045F087420746F2075736520666F7220746865D4
S214045F18206E65787420636F6D6D616E64206966A3
S214045F282074686520636F6D6D616E6420697320E4
S214045F386E6F7420616C7265616479206275696C31
S214045F48742E0064697361626C6544656661756C79
S214045F5874526573706F6E73651F0053657473208F
S214045F6874686520666C616720746F207573652095
S214045F7874686520696E6372656D656E7465642001
S214045F8873657175656E6365206E756D62657220DE
S214045F9866726F6D20746865206672616D65776FCA
S214045FA8726B20666F7220746865206E657874203C
S214045FB872617720636F6D6D616E642E007573650C
S214045FC84E65787453657175656E63651F00436C1A
S214045FD86920636F6D6D616E6420746F2063616CF5
S214045FE86C20736C5F7A69676265655F61665F7368
S214045FF865745F74696D652066756E6374696F6E23
S21404600820646F63756D656E74656420696E2061BF
S214046018662E680075746354696D651F005365744D
S21404602873207468652074776F2062797465206DB0
S214046038616E7566616374757265722073706563E4
S21404604869666963206964656E7469666965722041
S214046058746F2075736520666F7220746865206E89
S21404606865787420636F6D6D616E6420696620744C
S214046078686520636F6D6D616E64206973206E6F4A
S2140460887420616C7265616479206275696C742E1B
S214046098006D6667537065636966696349641F00C3
S2140460A854727573742043656E746572204A6F69FA
S2140460B86E2048616E646C65723A207374617475F8
S2140460C873203D2025732C206465636973696F6E9D
S2140460D8203D202573202825303258292C20736823
S2140460E86F727469642030782530345800554E73BE
S2140460F8656375726564206A6F696E00646576699F
S2140461086365206C65667400554E736563757265C1
S214046118642072656A6F696E0075736520707265AF
S214046128636F6E66696775726564206B657900735C
S214046138656E64206B657920696E207468652063D3
S2140461486C6561720064656E79206A6F696E006EAC
S2140461586F20616374696F6E00616C6C6F77207270
S214046168656A6F696E73206F6E6C79006E6F742043
S21404617800534C5F5354415455535F4E4554574F40
S214046188524B5F5550203078253034580054727579
S21404619873742043656E746572204555492068619A
S2140461A8732025736368616E6765642E00534C5FBD
S2140461B85354415455535F4E4554574F524B5F44BE
S2140461C84F574E00534C5F5354415455535F4E4FEC
S2140461D8545F4A4F494E454400534C5F5354415408
S2140461E855535F5A49474245455F4E4554574F52A3
S2140461F84B5F4F50454E45443A20256420736563EB
S21404620800534C5F5354415455535F5A49474245CB
S214046218455F4E4554574F524B5F434C4F53454486
S2140462280025733A2025730064697374726962756D
S2140462387465640063656E7472616C697A6564007B
S214046248466F726D002573696E67206F6E206368EB
S2140462582025642C2070616E4964203078253034FB
S21404626858004572726F723A2044657669636520F1
S214046278646F6573206E6F7420737570706F7274B4
S214046288202573206E6574776F726B20666F726D47
S2140462986174696F6E004A6F696E00496E76616C48
S2140462A869642053656375726974792050726F66E1
S2140462B8696C653A2030782530325800704A6F6920
S2140462C86E20666F72202564207365633A203078E2
S2140462D825303258004C696D6974696E6720647598
S2140462E8726174696F6E206F66207065726D69746A
S2140462F8206A6F696E2066726F6D20666F726576A7
S214046308657220283235352920746F2032353400DA
S21404631852583A205A444F2C20636F6D6D616E6450
S214046328203078253034582C207374617475733A89
S214046338203078253032580053696D706C650052E9
S214046348583A202573204465736320526573700099
S2140463584D61746368002C204D6174636865733AF4
S2140463682025640044657669636520416E6E6F7502
S2140463786E63653A203078253034580052583A20EF
S21404638849454545204164647265737320526573B4
S214046398706F6E73650052583A2041637469766567
S2140463A820455020526573706F6E73652C20436FBA
S2140463B8756E743A202564004E6F6465002C204D73
S2140463C86174636865733A203078253034580073EE
S2140463D87461636B207665722E205B25642E2564B3
S2140463E82E256400202573206275696C6420256454
S2140463F85D005A444F00534500484100436C75738A
S21404640874657200476C6F62616C0025737478203B
S2140464183078253038582C200050726F66696C65C1
S2140464283A2025732028307825303458292C2043E0
S2140464386C75737465723A203078253034582C207D
S21404644825642062797465732C00205A434C2025F1
S2140464587320436D642049443A20256400507265CD
S2140464682D52656C6561736500416C7068612031F6
S21404647800416C706861203200416C70686120339A
S214046488004265746120310042657461203200421E
S214046498657461203300474100526573657420694A
S2140464A86E666F3A203078253032582028257329AE
S2140464B80064656C6574652062696E64696E673A23
S2140464C820253032582025303258000102030405AE
S2140464D8060708090A0B0C00010101010101010164
S2140464E801010101005752495445204552523A20A9
S2140464F80025736570202530325820636C75732028
S2140465082530345820617474722025303458206E2F
S2140465186F7420737570706F727465640025736980
S2140465286E76616C69642064617461207479706540
S21404653800257361747472206E6F742077726974A0
S21404654861626C650057524954453A206E6F20774D
S214046558726974652C206A75737420612074657377
S2140465687400524541443A206174747269627574C1
S214046578652073697A6520746F6F206C617267652D
S21404658820666F722063616C6C657200636C6E744F
S214046598007372767200525700524F002020524100
S2140465A84D20200020746F6B656E20006578746536
S2140465B8726E2000454E44504F494E5420253032C2
S2140465C85800636C7573202F2073696465202F2028
S2140465D861747472202F206D666720202F7479707A
S2140465E865286C656E292F207277202F2073746FA8
S2140465F872616765202F2064617461202872617750
S214046608290025303458202F202573202F202530A4
S2140466183458202F2000202F2025303258202825B3
S21404662830325829202F202573202F202573202F19
S2140466382000556E737570706F72746564004F54DD
S2140466484120524541443A2065703A253032582054
S2140466586369643A253034582061747469643A2549
S214046668303458206D736B3A25303258206D666383
S2140466786F64653A2530345800524541443A2063DD
S2140466886C757320253034582C2061747472202558
S214046698303458206661696C6564202530325800A9
S2140466A8524541443A20636C757320253034582C7F
S2140466B8206174747220253034582C206461746107
S2140466C84C656E3A20253032582C204F4B0028252E
S2140466D8632925303258253032582530325825302B
S2140466E8325825303258253032582530325825301D
S2140466F832580064697361626C65002573642C20E3
S21404670864726F7070696E67206570203078253003
S214046718325820636C7573203078253034582063DB
S2140467286D64203078253032580047656E6572618E
S21404673874656400526563656976656400446973C4
S214046748636F76657220436F6D6D616E6473207235
S2140467586573706F6E73652028636F6D706C6574EF
S214046768653A202563292C202573204944733A204A
S2140467780030782530325820005F4558540052457A
S21404678841445F415454520057524954453A206391
S2140467986C75732025303458206174747220253043
S2140467A8345820004641494C202530325800575268
S2140467B84954453A20746F6F2073686F72740044A6
S2140467C84953435F4154545200257325733A206352
S2140467D86C757320253034580053766320446973E7
S2140467E8633A2000257357616974696E67202564C7
S2140467F82073656320666F7220646973636F7665B9
S214046808727920746F20636F6D706C6574650053BD
S2140468187461746520636F72726573706F6E6469F1
S2140468286E6720746F2074686520746865207265C6
S2140468387175657374206E6F7420666F756E640A5E
S214046848002573636F6D706C6574652E0A00257376
S2140468585365727669636520446973636F766572F7
S21404686879205374617465206C696D697473207239
S2140468786561636865640A002573496C6C656761BD
S2140468886C2062726F6164636173742061646472FD
S2140468986573732C2072656D617070696E672074F9
S2140468A86F2076616C6964206F6E652E00257346CA
S2140468B861696C656420746F2073656E64206D610D
S2140468C874636820646973636F766572793A2030F6
S2140468D878253032580025735374617274696E676C
S2140468E820646973636F7665727920666F722063B5
S2140468F86C757374657220307825303458002573A7
S2140469084661696C656420746F2073656E642073D1
S214046918696D706C652064657363726970746F72F0
S21404692820726571756573743A203078253032584C
S2140469380025734661696C656420746F2073656E00
S2140469486420494545452061646472657373207202
S2140469586571756573743A20307825303258002589
S214046968734661696C656420746F2073656E642071
S2140469784E574B2061646472657373207265717533
S2140469886573743A20307825303258004572726F31
S214046998723A202573206261642073696D706C6591
S2140469A82064657363726970746F72206C656E67B1
S2140469B874682E0025734D65737361676520746F5C
S2140469C86F2073686F72740025734D6573736167FF
S2140469D86520746F6F2073686F727420666F7220F8
S2140469E86E756D2E20656E64706F696E74730025FF
S2140469F8734D61746368257320666F756E642066CC
S214046A08726F6D203078253034582E004572726FB8
S214046A18723A20257320696E76616C6964206C6509
S214046A286E6774682028256420213D202564292063
S214046A38666F722041637469766520456E64706F6C
S214046A48696E7420726573706F6E7365002573675C
S214046A586F74206163746976652045502072657387
S214046A68706F6E7365005554432074696D653A20DB
S214046A7825642F25642F25642025643A25643A2541
S214046A8864202825303858290028556E6B6E6F7791
S214046A986E20636C75732E205B3078253034585D11
S214046AA829000D0A54253038583A005258206C6587
S214046AB86E2025642C20657020253032582C2063DF
S214046AC86C7573203078253034582000206D66673E
S214046AD8496420253034580020464320253032584F
S214046AE820736571202530325820636D6420253064
S214046AF83258207061796C6F61645B004261736917
S214046B0863004F7665722074686520416972204276
S214046B186F6F746C6F6164696E67002573525820D2
S214046B28706B7420746F6F2073686F72743A2025C4
S214046B3864203C202564002573525820706B74200A
S214046B486D616C666F726D65643A202564203C201E
S214046B5825640020204861766520526F7574657236
S214046B6820537570706F7274002020456E6420443C
S214046B786576696365204F6E6C79002020456E61E2
S214046B88626C656400202044697361626C65640005
S214046B984572726F722072657472696576696E677B
S214046BA820696E666F20666F72206C696272617205
S214046BB879204944202564002573206C6962726133
S214046BC8727925732070726573656E74005A6967E6
S214046BD86265652050726F0042696E64696E67006C
S214046BE8536563757269747920436F7265005365DB
S214046BF8637572697479204C696E6B204B6579737A
S214046C080043424B45203136334B310043424B4513
S214046C1820445341205369676E004543430043426A
S214046C284B45204453412056657269667900506185
S214046C38636B65742056616C6964617465005A4CAC
S214046C484C0043424B45203238334B3100454343CE
S214046C58203238334B310043424B4520636F72650C
S214046C68004E4350004D756C7469206E6574776FDA
S214046C78726B00456E68616E636564204265616385
S214046C886F6E205265710043424B45203238334BB1
S214046C98312044534120566572696679004D756CF7
S214046CA874692D50414E002F686F6D652F72756E8E
S214046CB86E65722F776F726B2F747579612D7A698A
S214046CC8676265652D7377697463682F747579616F
S214046CD82D7A69676265652D7377697463682F739F
S214046CE8696C6162735F746F6F6C732F73696D7010
S214046CF86C69636974795F73646B2F70726F746FF1
S214046D08636F6C2F7A69676265652F737461636B4A
S214046D182F636F6E6669672F736C5F7A696762653F
S214046D28655F636F6E66696775726174696F6E2EE8
S214046D3863002F686F6D652F72756E6E65722F7798
S214046D486F726B2F747579612D7A69676265652D24
S214046D587377697463682F747579612D7A696762C5
S214046D6865652D7377697463682F73696C616273DC
S214046D785F746F6F6C732F73696D706C6963697475
S214046D88795F73646B2F70726F746F636F6C2F7A8E
S214046D9869676265652F737461636B2F6672616DCC
S214046DA865776F726B2F6165732D6563622E63005A
S214046DB82F686F6D652F72756E6E65722F776F729A
S214046DC86B2F747579612D7A69676265652D73779B
S214046DD8697463682F747579612D7A696762656565
S214046DE82D7377697463682F73696C6162735F7453
S214046DF86F6F6C732F73696D706C69636974795FF0
S214046E0873646B2F70726F746F636F6C2F7A696715
S214046E186265652F737461636B2F73656375726936
S214046E2874792F7A69676265652D73656375726907
S214046E3874792D6D616E616765722D6E6F2D76613E
S214046E48756C742E63004572726F723A2020466120
S214046E58696C656420746F20726561642066726F5D
S214046E686D20454550524F4D2061742030782534A6
S214046E78582C207374617475733A2025640045454C
S214046E8850524F4D20496E697469616C697A65641D
S214046E983A20256300454550524F4D204275737974
S214046EA83A202563005061727469616C20576F72CA
S214046EB8642053746F7261676520436F756E743A05
S214046EC820256400416464726573733A203078251B
S214046ED834582C205061727469616C20576F726440
S214046EE83A203078255800636F6E6669726D65645B
S214046EF800617373756D6564000A454550524F4DBD
S214046F0820496E666F004E6F7420617661696C6105
S214046F18626C6520286F6C64657220626F6F746C8F
S214046F286F616465722900506172742044657363E6
S214046F3872697074696F6E3A202020202020202001
S214046F4820202573004361706162696C6974696501
S214046F58733A2020202020202020202020202020B3
S214046F68307825325800506167652045726173652C
S214046F782074696D65202873293A20202020202053
S214046F8825640050617274204572617365207469C3
S214046F986D65202873293A202020202020256400A7
S214046FA8506172742045726173652074696D65203A
S214046FB8286D73293A20202020202025640050615B
S214046FC867652073697A6520286279746573293A37
S214046FD8202020202020202020256C005061727458
S214046FE82073697A6520286279746573293A2020A3
S214046FF820202020202020256C00576F72642073E0
S214047008697A6520286279746573293A20202020D5
S2140470182020202020256420282570290045455056
S214047028524F4D20696E69743A2030782558002FDF
S214047038686F6D652F72756E6E65722F776F726BDB
S2140470482F747579612D7A69676265652D7377691A
S2140470587463682F747579612D7A69676265652D1E
S2140470687377697463682F73696C6162735F746F8E
S2140470786F6C732F73696D706C69636974795F7369
S214047088646B2F7574696C2F706C7567696E2F70D6
S2140470986C7567696E2D636F6D6D6F6E2F656570A1
S2140470A8726F6D2F656570726F6D2E6300556E6115
S2140470B8626C6520746F20626F6F7420696D6167F7
S2140470C86520617420736C6F7420256C640A005301
S2140470D86C6F74204D616E61676572206661696CB9
S2140470E8656420746F20657261736520736C6F74B1
S2140470F80A004D61782072656164206C696D697454
S2140471082073657420746F2025642062797465730F
S2140471180A004164647265737320202020202020AE
S214047128202020446174610A00307825346C782065
S214047138202020202020307825780A004661696CB3
S214047148656420746F20726561642066726F6D20B2
S214047158666C6173680A00536C6F7420256C640A45
S21404716820204164647265737320202020203A200E
S214047178307825346C580A20204C656E677468206D
S21404718820202020203A20307825346C58202825C2
S2140471986C64206279746573290A00202054797017
S2140471A86520202020202020203A20004E6F2047EB
S2140471B8424C2070726573656E740A005A69674299
S2140471C865650A005468726561640A00436F6E6EEA
S2140471D86563740A00426C7565746F6F74680A0098
S2140471E8426C7565746F6F7468206170706C69633F
S2140471F86174696F6E0A004D43550A004F746865DA
S2140472087220283078256C58290A00202056657282
S21404721873696F6E20202020203A203078256C5819
S2140472280A0020204361706162696C697469657339
S2140472383A20307825346C580A00202050726F643F
S21404724875637420494420203A2000307825582055
S21404725800536C6F74204D616E616765723A2066E0
S21404726861696C656420746F20696E697469616C01
S214047278697A6520626F6F746C6F61646572202822
S2140472886572726F72203078253478290A0056653C
S2140472987273696F6E20202020203A2025640A0025
S2140472A85061727420202020202020203A20257344
S2140472B80A004361706162696C69746965733A208F
S2140472C8307825780A00506172742073697A6520CC
S2140472D820203A20256420420A00506167652073FE
S2140472E8697A652020203A20256420420A00576FD0
S2140472F872642073697A652020203A202564204227
S2140473080A00536C6F7473202020202020203A2013
S21404731825640A004661696C656420746F2072658A
S21404732861642066726F6D2073746F72616765207E
S214047338666C61736820286572726F7220256429EA
S2140473480A00496E76616C696420736C6F74202534
S2140473586420286D617820736C6F74202564290A6C
S214047368004661696C656420746F206765742069DB
S2140473786E666F20666F7220736C6F742025640ABD
S21404738800536C6F74204D616E616765723A2073A2
S2140473986C6F74207772697465206661696C75729F
S2140473A8652E2041646472657373206F6666736520
S2140473B8742028256429202B207772697465206C2C
S2140473C8656E677468202825642920677265617469
S2140473D86572207468616E20746F74616C20736CB7
S2140473E86F74206C656E67746820282564290A0003
S2140473F8536C6F74204D616E616765722077617295
S2140474086E696E673A20736C6F74202564206C6509
S2140474186E6774682028256429206E6F7420616C52
S21404742869676E656420746F207061676520736988
S2140474387A6520282564292E2054686520656E748C
S21404744869726520736C6F742077696C6C206E6F34
S21404745874206265206572617365642E0A00536C35
S2140474686F74204D616E616765723A206661696C57
S214047478656420746F2065726173652025642062D4
S2140474887974657320696E20736C6F742025642084
S2140474986174206164647265737320307825347867
S2140474A820286572726F722030782578290A00457C
S2140474B87261736564202564206279746573206933
S2140474C86E20736C6F742025640A004661696C65C7
S2140474D86420746F2073657420736C6F7420746FE3
S2140474E820626F6F7420286572726F722030782558
S2140474F83478290A004661696C656420746F2073C1
S2140475086574206C697374206F6620736C6F74736B
S21404751820746F20626F6F7420286572726F7220F1
S2140475283078253478290A004661696C65642074C5
S2140475386F20676574206E6577206C697374206F96
S2140475486620736C6F747320746F20626F6F742078
S214047558286572726F72203078253478290A0042BA
S2140475686567696E6E696E6720696D616765207602
S2140475786572696669636174696F6E2E2E2E002EB5
S2140475886661696C65642120284572726F722030C2
S21404759878253478290A002E70617373656421206F
S2140475A8426F6F74696E6720736C6F742025640A63
S2140475B800666E692B00666E69006E616E00666E04
S2140475C8692D006C696273006273656E6400726587
S2140475D8736574007261770073656E645F6D756CAD
S2140475E87469636173740073656E642D7573696E6C
S2140475F8672D6D756C7469636173742D62696E6446
S214047608696E670074696D6573796E63006765747F
S2140476182D7074692D726164696F2D636F6E666967
S2140476286700636F6E6669672D6363612D6D6F64AB
S21404763865006576656E7473007365637572697440
S21404764879007A69676265655F7072696E7400703E
S2140476586C7567696E006E6574006B657973006F88
S2140476687074696F6E00706C7567006368616E6726
S214047678656B6579006368616E67656B007A646F2D
S214047688007072696E742072656C61746564206338
S2140476986F6D6D616E64732E0061747472005A6443
S2140476A86F2072656C6174656420636F6D6D616EBE
S2140476B864732E00726F75746500706F7765720058
S2140476C86D676D742D6C7169006D676D742D6269D4
S2140476D86E64006E6F64650073696D706C6500692E
S2140476E8656565006E776B00756E62696E64006E1C
S2140476F8776B2D757064006F75742D636C2D6C69CB
S214047708737400696E2D636C2D6C697374005A6407
S2140477186F20696E2D636C2D6C6973742072656CAA
S2140477286174656420636F6D6D616E64732E005AB0
S214047738646F206F75742D636C2D6C697374207276
S214047748656C6174656420636F6D6D616E64732E19
S214047758005A646F206E776B2D7570642072656CA2
S2140477686174656420636F6D6D616E64732E007357
S21404777863616E2D6368616E2D6D61736B00736350
S214047788616E006368616E5067006368616E005AD4
S214047798646F20756E62696E642072656C617465C8
S2140477A86420636F6D6D616E64732E00756E696315
S2140477B8617374006368616E67656B6579207265CA
S2140477C86C6174656420636F6D6D616E64732E00FE
S2140477D86C696E6B004F7074696F6E2072656C61AD
S2140477E874656420636F6D6D616E64732E007265D4
S2140477F8676973746572006469736300696E737489
S214047808616C6C2D636F64650062696E64696E678B
S2140478182D7461626C65007072696E742D72782DB1
S2140478286D73677300617073726574727900415082
S2140478385320726574727920666C616720666F726D
S214047848636520636F6D6D616E647300456E616277
S2140478586C65732F44697361626C65732070726912
S2140478686E74696E67206F66205278206D65737330
S214047878616765732E00656E61626C650042696EA9
S21404788864696E67207461626C652072656C6174E5
S214047898656420636F6D6D616E64732E0053656353
S2140478A87572697479206B6579732072656C617476
S2140478B8656420636F6D6D616E64732E0064656C19
S2140478C8657465004E6574776F726B2072656C61BB
S2140478D874656420636F6D6D616E64732E00666FE5
S2140478E8726D0072656A6F696E2D646966662D64CA
S2140478F865766963652D747970650065787470615A
S2140479086E69640069736F70656E0062726F616495
S2140479182D706A6F696E006368616E67652D6368AB
S214047928616E6E656C00696E6974006368616E6783
S214047938652D6B6565702D616C6976652D6D6F6454
S214047948650074696D656F75742D6F7074696F6EF4
S2140479582D6D61736B006D756C74692D7068792D67
S2140479687374617274006D756C74692D7068792D02
S21404797873746F700066696E64006E6574776F72F0
S2140479886B2066696E6420636F6D6D616E64732E1A
S214047998006A6F696E61626C6500756E75736564FE
S2140479A800736C6F742D6D616E6167657200636F2A
S2140479B8756E746572730066696E642D616E642DE7
S2140479C862696E6400667261676D656E7461746977
S2140479D86F6E0067726F7570732D73657276657255
S2140479E8006E6574776F726B2D7374656572696E55
S2140479F867006F74612D626F6F746C6F6164006FDB
S214047A0874612D636C69656E74006F74612D73748C
S214047A186F726167652D636F6D6D6F6E006F74614D
S214047A282D73746F726167652D656570726F6D006E
S214047A3869646C652D736C65657000757064617433
S214047A48652D74632D6C696E6B2D6B657900757086
S214047A58646174652D74632D6C696E6B2D6B657922
S214047A682072656C6174656420636F6D6D616E6405
S214047A78730074696D6572006E6F7700436F6D6D81
S214047A88616E647320746F20636F6E74726F6C20FB
S214047A9869646C696E672F736C656570696E6720B8
S214047AA86F66207468652064657669636500666F2A
S214047AB87263652D6177616B65006177616B652D0F
S214047AC87768656E2D6E6F742D6A6F696E656400CF
S214047AD87265706F7274696E672072656C6174651E
S214047AE86420636F6D6D616E64732E00636C6561EC
S214047AF8722D6C6173742D7265706F72742D74694F
S214047B086D6500746573742D74696D696E67006FAE
S214047B1874612D73746F726167652D656570726F15
S214047B286D2072656C6174656420636F6D6D616E3B
S214047B3864732E0077697065006F74612D73746FB3
S214047B48726167652D636F6D6D6F6E2072656C610B
S214047B5874656420636F6D6D616E6473007072691A
S214047B686E74496D616765730072656C6F61640055
S214047B7873746F726167652D696E666F00646174ED
S214047B88612D7072696E74006F74612D636C69651B
S214047B986E742072656C6174656420636F6D6D61C4
S214047BA86E64732E0076657269667900626C6F631C
S214047BB86B2D7465737400706167652D72657175D5
S214047BC865737400757067726164652D7265717586
S214047BD86573740064697361626C652D646F776E8F
S214047BE867726164657300656E61626C652D646FA7
S214047BF8776E677261646573006F74612D626F6F68
S214047C08746C6F61642072656C6174656420636F5C
S214047C186D6D616E6473006E6574776F726B2D7329
S214047C2874656572696E672072656C617465642034
S214047C38636F6D6D616E64732E007072652D636F6D
S214047C486E666967757265642D6B65792D736574E0
S214047C58006D61736B2072656C6174656420636F74
S214047C686D6D616E642E0073756274726163740060
S214047C7867726F7570732D73657276657220726598
S214047C886C6174656420636F6D6D616E64732E0039
S214047C98667261676D656E746174696F6E2072656D
S214047CA86C6174656420636F6D6D616E64732E0019
S214047CB87365742D72782D77696E646F772D736982
S214047CC87A65006172746966696369616C2D626CB1
S214047CD86F636B2D64726F700046696E6420616E04
S214047CE8642062696E642072656C617465642063DE
S214047CF86F6D6D616E64732E00696E697469617464
S214047D086F7200656E61626C655F74797065007386
S214047D187461636B00617070007A636C006C6567ED
S214047D286163795F61665F646562756700636F7532
S214047D386E746572732072656C6174656420636F13
S214047D486D6D616E64732E007072696E742D636F48
S214047D58756E7465722D747970650073696D706CD0
S214047D68652D7072696E74007072696E742D74680D
S214047D78726573686F6C6473007365742D746872C7
S214047D886573686F6C640072657365742D746872C5
S214047D986573686F6C64730073656E642D726571C1
S214047DA87565737400736563757269747920726592
S214047DB86C6174656420636F6D6D616E64730073C3
S214047DC865742D616C6C6F772D74727573742D637E
S214047DD8656E7465722D72656A6F696E2D75736942
S214047DE86E672D77656C6C2D6B6E6F776E2D6B6575
S214047DF879007365742D616C6C6F772D7472757366
S214047E08742D63656E7465722D72656A6F696E2D5E
S214047E187573696E672D77656C6C2D6B6E6F776EF0
S214047E282D6B65792D74696D656F7574007365744B
S214047E382D6B65792D726571756573742D706F6C0D
S214047E48696379006D66672D746F6B656E00617083
S214047E587300536563757269747920617073207250
S214047E68656C6174656420636F6D6D616E64732EF2
S214047E78004765742F736574204D464720746F6BEE
S214047E88656E2E00656E64706F696E742072656C1C
S214047E986174656420636F6D6D616E64732E00652E
S214047EA86570726F6D207574696C69747920726573
S214047EB86C6174656420636F6D6D616E64730053E2
S214047EC86C6F74204D616E616765722072656C61B3
S214047ED874656420636F6D6D616E647300626F6FA2
S214047EE8742D736C6F740065726173652D736C6F93
S214047EF874006578742D666C6173682D696E666F98
S214047F0800736C6F74732D696E666F005072696EB9
S214047F1874732074696D652E005072696E747320CC
S214047F286174747269627574652E00436C65617257
S214047F387320746865205A444F206C697374206FE4
S214047F486620636C69656E742028696E2920636CE4
S214047F587573746572732E004164647320636C755C
S214047F68737465727320746F20746865206B6E6F03
S214047F78776E20636C69656E742028696E292063A1
S214047F886C757374657273206F6E207468697320D9
S214047F986465766963652E00436C65617273207444
S214047FA86865205A444F206C697374206F66206392
S214047FB86C69656E7420286F75742920636C7573F4
S214047FC8746572732E004164647320636C757374ED
S214047FD865727320746F20746865206B6E6F776E95
S214047FE820636C69656E7420286F75742920636C29
S214047FF8757374657273206F6E2074686973206471
S21404800865766963652E0053656E647320616E2019
S214048018757064617465206368616E6E656C207241
S2140480286571756573742E006368616E6E656C1F82
S2140480380053656E647320616E20757064617465A0
S214048048206368616E6E656C207061676520726572
S214048058712E2054686520737461636B2073656E93
S2140480686473206E776B20656E68616E6365642042
S2140480787570646174652072657120666F72206E0F
S2140480886F6E2D7A65726F20706167652E0063685F
S214048098616E6E656C1F706167651F005065726659
S2140480A86F726D7320616E20656E657267792073D2
S2140480B863616E2E007461726765744E6F646549F9
S2140480C8641F7363616E4475726174696F6E1F739F
S2140480D863616E436F756E741F0042726F616463EA
S2140480E86173747320746865204944206F6620742D
S2140480F86865206E6577206E6574776F726B206D81
S214048108616E6167657220616E6420616374697666
S21404811865206368616E6E656C732E006E776B4DB2
S214048128676549641F6368616E6E656C4D61736B41
S2140481381F00506572666F726D7320616E20656EDF
S21404814865726779207363616E206F6E206769763F
S214048158656E206368616E6E656C206D61736B2E48
S214048168007461726765744E6F646549641F73634F
S214048178616E4475726174696F6E1F7363616E43D2
S2140481886F756E741F6368616E6E656C4D61736B94
S2140481981F0053656E64732061206E6574776F7272
S2140481A86B20616464726573732072657175657398
S2140481B87420666F722074686520676976656E2019
S2140481C84945454520616464726573732E00696584
S2140481D865651F00526571756573747320616E203A
S2140481E8494545452061646472657373206261730A
S2140481F86564206F6E206120676976656E206E6FF1
S21404820864652049442E006E6F646549641F0053F4
S214048218656E647320612073696D706C652064658F
S2140482287363726970746F7220726571756573749E
S21404823820666F72207468652073686F7274206194
S21404824864647265737320616E6420656E64706F0F
S214048258696E74207370656369666965642E006464
S2140482686573741F746172676574456E64706F69AC
S2140482786E741F0053656E64732061206D617463A9
S2140482886844657363726970746F72735265717546
S21404829865737420746F2074686520676976656EE4
S2140482A82064657374696E6174696F6E2077697487
S2140482B8682074686520676976656E2070726F66D4
S2140482C8696C652E006E6F646549641F70726F660C
S2140482D8696C651F0053656E64732061206E6F6455
S2140482E8652064657363726970746F722072657151
S2140482F87565737420746F206120676976656E20CF
S214048308746172676574206465766963652E0074A3
S21404831861726765741F0053656E64732061205A22
S214048328444F2042696E6420636F6D6D616E6420ED
S214048338746F20612064657669636520737065636D
S214048348696669656420696E2074686520636F6D64
S2140483586D616E6420617267756D656E74732E0048
S21404836844657374696E6174696F6E1F536F7572B2
S214048378636520656E64706F696E741F44657374F4
S214048388696E6174696F6E20656E64706F696E7469
S2140483981F636C757374657249441F72656D6F74D8
S2140483A86545554936341F646573744555493634EE
S2140483B81F0053656E647320616E2061637469766A
S2140483C86520656E64706F696E7420726571756574
S2140483D8737420746F2074686520646576696365B1
S2140483E820776974682074686520676976656E20E6
S2140483F873686F72742049442E0053656E64732044
S214048408616E20756E62696E642072657175657337
S2140484187420666F72206120756E696361737420B8
S21404842862696E64696E6720746F20746865207468
S2140484386172676574206465766963652E00746185
S214048448726765741F736F75726365206575693620
S214048458341F736F7572636520656E64706F696E1A
S214048468741F636C757374657249441F646573740A
S214048478696E6174696F6E45554936341F64657351
S21404848874696E6174696F6E20656E64706F696E68
S214048498741F0053656E647320616E20756E62697E
S2140484A86E64207265717565737420666F722061D8
S2140484B8206D756C7469636173742062696E64698F
S2140484C86E6720746F2074686520746172676574BB
S2140484D8206465766963652E007461726765741F27
S2140484E8736F757263652065756936341F736F75A7
S2140484F872636520656E64706F696E741F636C754D
S2140485087374657249441F67726F75704164647248
S2140485186573731F0053656E64732061205A444F55
S214048528204D616E6167656D656E74204C65617675
S2140485386520636F6D6D616E6420746F2074686562
S21404854820746172676574206465766963652E00B5
S2140485587461726765741F72656D6F7665436869C2
S2140485686C6472656E1F72656A6F696E1F00536568
S2140485786E64732061205A444F204D474D542D4253
S214048588696E64202842696E64696E672054616265
S2140485986C6529205265717565737420746F207430
S2140485A868652074617267657420646576696365B6
S2140485B82E007461726765741F7374617274496EF1
S2140485C86465781F0053656E64732061205A444FAF
S2140485D8204D474D542D4C514920284C5149205480
S2140485E861626C6529205265717565737420746FB1
S2140485F8207468652074617267657420646576699A
S21404860863652E0053656E64732061205A444F20B8
S214048618506F7765722044657363726970746F72FD
S214048628205265717565737420746F2074686520AC
S214048638746172676574206465766963652E005391
S214048648656E64732061205A444F20726F75746592
S214048658207265717565737420636F6D6D616E64E1
S21404866820746F20746865207461726765742E00C0
S2140486787461726765741F696E6465781F00696E35
S2140486886465781F65756936341F696E7374616C22
S2140486986C436F64651F00696E6465781F65756949
S2140486A836341F6B65791F005443206C696E6B2043
S2140486B86B6579207265717565737420706F6C6963
S2140486C863791F417070206C696E6B206B65792026
S2140486D87265717565737420706F6C6963791F00B1
S2140486E8426F6F6C3A20616C6C6F77207472757386
S2140486F8742063656E7465722072656A6F696E208D
S2140487087573696E672077656C6C2D6B6E6F776E04
S214048718206B65791F0070726F66696C6549641F03
S214048728636C757374657249641F00746172676557
S2140487387449641F00456E61626C657320707269C3
S2140487486E74696E67206F66205278206D65737341
S214048758616765732E0053657473207468652062B8
S214048768696E64696E67207461626C6500696E641C
S21404877865781F636C75737465721F6C6F63616CC0
S21404878845701F72656D6F746545701F657569362B
S214048798341F00436C6561727320746865206269CF
S2140487A86E64696E67207461626C652E0050726927
S2140487B86E7473207468652062696E64696E6720D7
S2140487C87461626C6520746F2074686520636F6DCD
S2140487D86D616E64206C696E652E00436C6561720B
S2140487E87320616C6C207365637572697479206B89
S2140487F86579732E0044656C657465207468652015
S214048808737065636966696564206C696E6B206B52
S214048818657920696E6465782E005072696E747383
S21404882820616C6C207365637572697479206B6556
S21404883879732E005465726D696E6174657320745D
S2140488486865206D756C74692D50485920696E7476
S214048858657266616365005573656420746F20737A
S21404886874617274206D756C74692D50485920694A
S2140488786E74657266616365206F746865722074C9
S21404888868616E206E617469766520616E64206620
S2140488986F726D20746865206E6574776F726B2EC0
S2140488A82054686520737461636B20757365732040
S2140488B873616D652050616E4964206173206E6132
S2140488C87469766520726164696F206E6574776F63
S2140488D8726B2E00706167651F6368616E6E656CE7
S2140488E81F706F7765721F6F7074696F6E734D6152
S2140488F8736B20284269742030203D20526F7574AB
S21404890865727320616C6C6F7765642C2042697499
S2140489182031203D2042726F616463617374206164
S2140489286C6C6F776564291F00417474656D707488
S2140489387320746F206368616E67652074686520A9
S2140489486368696C642074696D656F7574206F70EC
S21404895874696F6E206D61736B20746F2066696C22
S214048968746572206F757420756E646573697261B8
S214048978626C652076616C7565732028652E672E93
S214048988206E6F206D6F7265207468616E203320C8
S21404899864617973292E0074696D656F7574206F28
S2140489A87074696F6E206D61736B1F0053776974FA
S2140489B863686573206265747765656E20646966A6
S2140489C8666572656E74206B65657020616C697681
S2140489D865206D6F64657320737570706F72746547
S2140489E864206279206120726F757465722E004B5C
S2140489F865657020616C697665206D6F64651F0017
S214048A085072696E74732074686520637572726533
S214048A186E74204E6F64652049442C2045554936AB
S214048A28342C20616E642050616E2049442E00491F
S214048A386E697469616C697A65732061206E657401
S214048A48776F726B3B2074686973206973206120A2
S214048A587465737420636F6D6D616E6420757365D9
S214048A686420666F722074632D737761702D6F753A
S214048A78742074657374696E672E00536574732066
S214048A88746865206E6574776F726B20696E6465AA
S214048A9878207573656420627920616C6C2066752D
S214048AA87475726520434C4920636F6D6D616E64FE
S214048AB8732E20204265666F726520657865637537
S214048AC874696E67206120434C4920636F6D6D613D
S214048AD86E642C20746865206672616D65776F72A3
S214048AE86B20737769746368657320746F20746881
S214048AF86973206E6574776F726B2E2020416674D6
S214048B0865722074686520636F6D6D616E64206697
S214048B18696E697368657320657865637574696ECC
S214048B28672C20746865206672616D65776F726B52
S214048B38207377697463686573206261636B207455
S214048B486F207468652070726576696F7573206E19
S214048B586574776F726B2E202054686520434C49E1
S214048B682075736573207468652073616D65206E5F
S214048B786574776F726B20696E64657820756E7499
S214048B88696C207468652064657669636520726517
S214048B9873657473206F7220697420697320636820
S214048BA8616E676564207468726F75676820746898
S214048BB8697320636F6D6D616E642E00417474650D
S214048BC86D70747320746F206368616E67652064C3
S214048BD86576696365206F76657220746F206120F8
S214048BE8646966666572656E74206368616E6E6530
S214048BF86C20676976656E20696E207468652063E4
S214048C0868616E6E656C20617267756D656E742E2C
S214048C1800546865206368616E6E656C20746F2006
S214048C286368616E676520746F1F0066696E6455B5
S214048C386E7573656450616E49640066696E644A4D
S214048C486F696E61626C654E6574776F726B0050FF
S214048C5865726D697473206A6F696E696E67206FD2
S214048C686E20746865206E6574776F726B20666F05
S214048C7872206120676976656E206E756D6265720E
S214048C88206F66207365636F6E647320414E4420BC
S214048C9862726F616463617374732061205A444F0F
S214048CA8204D676D74205065726D6974204A6F692B
S214048CB86E696E67207265717565737420746F20AB
S214048CC8616C6C20726F75746572732E0041207324
S214048CD8696E676C65206279746520696E64696379
S214048CE86174696E6720686F77206C6F6E6720748E
S214048CF86865206465766963652073686F756C6457
S214048D082068617665207065726D6974206A6F697B
S214048D186E696E67207475726E6564206F6E206661
S214048D286F722E20412076616C7565206F66203040
S214048D38786666207475726E73206F6E207065721E
S214048D486D6974206A6F696E20696E646566696EFB
S214048D586974656C792E1F00436865636B73206EAF
S214048D686574776F726B20706A6F696E20737461AE
S214048D787475732E00577269746573207468652059
S214048D88657874656E6465642070616E2049442055
S214048D98666F7220746865206465766963652E005C
S214048DA865787470616E69641F0052656A6F696ECF
S214048DB87320616E206578697374696E67206E65C2
S214048DC874776F726B20696E2061207365637572A1
S214048DD865206F7220696E736563757265206D61B0
S214048DE86E6E6572207769746820612064696666A9
S214048DF86572656E74206465766963652074797037
S214048E08652E00426F6F6C65616E206E6574776FB1
S214048E18726B206B657920617661696C6162696C36
S214048E286974791F4368616E6E656C206D61736B37
S214048E381F416E20656E756D65726174696F6E206C
S214048E48696E6469636174696E6720746865206412
S214048E586576696365207479706520746F20726519
S214048E686A6F696E2061732E546865207374616333
S214048E786B206F6E6C79206163636570747320531E
S214048E884C5F5A49474245455F454E445F444556FC
S214048E9849434520616E6420534C5F5A494742450E
S214048EA8455F534C454550595F454E445F444556C7
S214048EB84943452E1F0052654A6F696E7320612028
S214048EC86E6574776F726B2E00426F6F6C65616E99
S214048ED8206E6574776F726B206B65792061766196
S214048EE8696C6162696C6974791F4368616E6E6542
S214048EF86C206D61736B1F004C6561766573206129
S214048F08206E6574776F726B2E005475726E7320BC
S214048F187065726D6974206A6F696E696E67206F12
S214048F286E20666F722074686520616D6F756E7446
S214048F38206F662074696D6520696E646963617460
S214048F4865642E00412073696E676C6520627974C7
S214048F586520696E6469636174696E6720686F77F3
S214048F68206C6F6E6720746865206465766963652F
S214048F782073686F756C6420686176652070657206
S214048F886D6974206A6F696E696E67207475726E8F
S214048F98206F6E20666F722E20412076616C756590
S214048FA8206F662030786666207475726E7320703B
S214048FB865726D6974206A6F696E20696E64656689
S214048FC8696E6974656C792E1F004A6F696E732022
S214048FD861206E6574776F726B206F6E20612067F0
S214048FE86976656E206368616E6E656C2C20776999
S214048FF87468206120676976656E20545820506F1F
S21404900877657220616E642050414E2049442E00D4
S214049018546865206368616E6E656C206F6E207791
S2140490286869636820746F206A6F696E207468655F
S214049038206E6574776F726B1F4F6E652D62797438
S21404904865207369676E65642076616C756520694A
S2140490586E6469636174696E672074686520545821
S21404906820506F7765722074686174207468652070
S214049078726164696F2073686F756C64206265201A
S21404908873657420746F1F5468652050414E2049D8
S21404909844206F6E20776869636820746F206A6F4F
S2140490A8696E20746865206E6574776F726B1F002E
S2140490B8466F726D732061206E6574776F726B20CD
S2140490C86F6E206120676976656E206368616E6ED0
S2140490D8656C2C2077697468206120676976656EEC
S2140490E820545820506F77657220616E6420504172
S2140490F84E2049442E00546865206368616E6E6588
S2140491086C206F6E20776869636820746F20666FBA
S214049118726D20746865206E6574776F726B1F4F66
S2140491286E652D62797465207369676E656420764A
S214049138616C756520696E6469636174696E67201D
S21404914874686520545820506F7765722074686177
S214049158742074686520726164696F2073686F751B
S2140491686C642062652073657420746F1F54686588
S2140491782050414E204944206F6E20776869636802
S21404918820746F20666F726D20746865206E65742F
S214049198776F726B1F005468697320696E69746907
S2140491A86174657320612054434C4B207570646168
S2140491B874652070726F6365647572652E005370EB
S2140491C865636966792074686520616D6F756E7469
S2140491D8206F662074696D6520746F2077616974E2
S2140491E8206166746572206F6E652054434C4B206C
S2140491F8757064617465206F7065726174696F6EEA
S21404920820636F6D706C65746573206265666F7233
S2140492186520626567696E6E696E672061206E6593
S214049228772054434C4B20757064617465206F70C6
S21404923865726174696F6E2E0054686520616D6F7F
S214049248756E74206F662074696D65206265747720
S21404925865656E2073756273657175656E742074C2
S214049268727573742063656E746572206C696E6BB0
S214049278206B6579207570646174657320696E2047
S2140492886D696C6C697365636F6E64731F005365F0
S21404929874206F7220636C65617220737461792020
S2140492A86177616B65207768656E206E6F74206AD7
S2140492B86F696E656400536574206F7220636C650D
S2140492C8617220666F726365206177616B6500441E
S2140492D86973706C61792074686520736C65657051
S2140492E82073746174757300464F52205445535462
S2140492F8494E4720505552504F534553202D20670A
S21404930861746865722074696D696E67206D65742A
S2140493187269637320666F72207265706F727469FF
S2140493286E67207461626C65206F7065726174691B
S2140493386F6E732E00436C656172732074686520C3
S2140493486C617374207265706F72742074696D65CD
S214049358206F6620617474726962757465732E0072
S214049368416464732061206E657720656E74727933
S21404937820746F20746865207265706F7274207428
S21404938861626C652E00546865206C6F63616C209E
S214049398656E64706F696E742066726F6D20776888
S2140493A86963682074686520617474726962757488
S2140493B865206973207265706F727465641F5468DB
S2140493C86520636C757374657220776865726520AA
S2140493D8746865206174747269627574652069734B
S2140493E8206C6F63617465641F5468652049442063
S2140493F86F66207468652061747472696275746532
S214049408206265696E67207265706F727465641F82
S2140494183020666F7220636C69656E742D73696498
S214049428652061747472696275746573206F72203E
S2140494383120666F72207365727665722D7369645F
S2140494486520617474726962757465731F546865FF
S214049458206D696E696D756D207265706F727469BA
S2140494686E6720696E74657276616C2C206D656112
S214049478737572656420696E207365636F6E6473B2
S2140494882E1F546865206D6178696D756D20726548
S214049498706F7274696E6720696E74657276616C33
S2140494A82C206D6561737572656420696E2073651A
S2140494B8636F6E64732E1F546865206D696E696DDC
S2140494C8756D206368616E676520746F20746865BF
S2140494D82061747472696275746520746861742096
S2140494E877696C6C20726573756C7420696E20617C
S2140494F8207265706F7274206265696E6720736582
S2140495086E742E1F0052656D6F76657320616E202B
S214049518656E7472792066726F6D20746865207241
S21404952865706F7274207461626C652E0054686589
S21404953820696E646578206F662074686520726595
S214049548706F727420746F2062652072656D6F7612
S21404955865641F00436C6561727320616C6C2065DA
S2140495686E74726965732066726F6D207468652000
S2140495787265706F7274207461626C652E00507226
S214049588696E747320746865207265706F727420CF
S2140495987461626C652E00576970657320616C6C23
S2140495A8206461746120696E207468652073746F22
S2140495B872616765206465766963652E0050726912
S2140495C86E7473206172626974726172792062794A
S2140495D8746573206F6620746865204F544120694B
S2140495E86D616765206F6E206469736B2E0054681E
S2140495F86520696E646578206F66207468652069DE
S2140496086D61676520746F207072696E7420697462
S2140496187320646174611F546865206F6666736599
S2140496287420696E746F20746865204F54412069ED
S2140496386D61676520746861742077696C6C206254
S21404964865207072696E7465641F005072696E7462
S2140496587320696E666F726D6174696F6E206162DD
S2140496686F7574207468652073746F7261676520FB
S2140496786465766963652E0052656C6F6164207450
S21404968868652073746F72616765206465766963BC
S214049698652E0044656C6574657320746865206976
S2140496A86D616765206174207468652073706563EE
S2140496B8696669656420696E6465782E0054686511
S2140496C820696E6465782061742077686963682009
S2140496D8746F20626567696E2064656C6574696E6C
S2140496E8672074686520696D6167651F0050726934
S2140496F86E74732074686520696D616765732E00DF
S214049708456E61626C6573204F544120646F776EB2
S2140497186772616465732E0044697361626C65736D
S214049728204F544120646F776E6772616465732EA8
S2140497380053656E647320616E20557067726164A9
S21404974865456E645265717565737420746F20611F
S2140497586E204F5441207365727665722E004361FD
S2140497686E206265207573656420746F2064796E54
S214049778616D6963616C6C79207475726E206F66AE
S214049788662073656E64696E67207061676520720B
S21404979865717565737473206F6E207468652063CD
S2140497A86C69656E7420736964652C206966207418
S2140497B868652073657276657220646F65736E27B4
S2140497C87420737570706F72742074686973206679
S2140497D86561747572652E00426F6F6C65616E20E4
S2140497E876616C7565207475726E696E67206F6E27
S2140497F820283129206F72206F6666202830292099
S2140498087468652070616765207265717565737420
S21404981820666C61671F0053656E647320616E2052
S214049828696D61676520626C6F636B20726571751C
S21404983865737420666F7220612066696C6520748F
S2140498486865207365727665722073686F756C64D4
S214049858206E6F7420686176652E202054657374B4
S214049868206861726E657373206F6E6C7920287435
S214049878657374206361736520392E352E36202D62
S214049888204D697373696E672046696C65290050B4
S21404989872696E747320696E666F726D6174696F2F
S2140498A86E206F6E207468652063757272656E74B8
S2140498B8207374617465206F6620746865204F543D
S2140498C84120636C69656E7420646F776E6C6F6193
S2140498D8642E0053746F707320746865204F544167
S2140498E8207374617465206D616368696E652E0003
S2140498F853746172747320746865204F54412063EE
S2140499086C69656E74207374617465206D61636830
S214049918696E652E20546865207374617465206DBD
S214049928616368696E6520646973636F76657273CC
S21404993820746865204F5441207365727665722CCE
S214049948207175657269657320666F72206E657717
S21404995820696D616765732C20646F776E6C6F6120
S21404996864732074686520696D6167657320616E29
S2140499786420776169747320666F72207468652042
S21404998873657276657220636F6D6D616E6420749C
S2140499986F20757067726164652E005072696E7404
S2140499A87320746865206D616E756661637475727C
S2140499B865722049442C20496D6167652054797086
S2140499C8652049442C20616E642056657273696F5D
S2140499D86E20696E666F726D6174696F6E20746846
S2140499E86174206172652075736564207768656E96
S2140499F82061207175657279206E65787420696DAA
S214049A086167652069732073656E7420746F2074AB
S214049A186865207365727665722062792074686555
S214049A2820636C69656E742E00506572666F726D7D
S214049A3873207369676E61747572652076657269DA
S214049A486669636174696F6E206F6E20746865203A
S214049A58696D616765206174207468652073706534
S214049A6863696669656420696E6465782E0054685F
S214049A786520696E64657820617420776869636810
S214049A8820746F20626567696E20766572696669F8
S214049A98636174696F6E206F662074686520696DEB
S214049AA86167651F00426F6F746C6F61647320741E
S214049AB8686520696D61676520617420746865202F
S214049AC873706563696669656420696E6465782081
S214049AD862792063616C6C696E6720746865204FD0
S214049AE8544120626F6F746C6F61642063616C6CA0
S214049AF86261636B2E0054686520696E646578201D
S214049B08617420776869636820746F206265676982
S214049B186E20626F6F746C6F6164696E6720746818
S214049B286520696D6167651F005072696E747320DD
S214049B38696E666F2061626F757420746865206943
S214049B486E7374616C6C656420626F6F746C6F619D
S214049B586465722E0053756274726163747320614F
S214049B68206368616E6E656C2066726F6D20656929
S214049B787468657220746865207072696D6172799C
S214049B88206F72207365636F6E64617279206368F0
S214049B98616E6E656C206D61736B206F66207468E9
S214049BA865206E6574776F726B2D7374656572695C
S214049BB86E6720636F6D706F6E656E742E005468E2
S214049BC865206368616E6E656C206D61736B2074C6
S214049BD86F20737562747261637420746865206399
S214049BE868616E6E656C2066726F6D1F54686520BA
S214049BF86368616E6E656C20746F20737562747228
S214049C0861637420746865206D61736B2066726F77
S214049C186D1F00416464732061206368616E6E651D
S214049C286C20746F20656974686572207468652092
S214049C387072696D617279206F72207365636F6ED6
S214049C4864617279206368616E6E656C206D6173F9
S214049C586B206F6620746865206E6574776F726B08
S214049C682D7374656572696E6720636F6D706F6EA9
S214049C78656E742E00546865206368616E6E656C44
S214049C88206D61736B20746F2061646420612063A7
S214049C9868616E6E656C20746F1F5468652063680F
S214049CA8616E6E656C20746F2061646420746F2026
S214049CB8746865206D61736B1F0053657473206543
S214049CC8697468657220746865207072696D61725B
S214049CD879206F72207365636F6E6461727920638E
S214049CE868616E6E656C206D61736B2E00546865D2
S214049CF8206368616E6E656C206D61736B20746F8B
S214049D08207375627472616374207468652063686E
S214049D18616E6E656C2066726F6D1F54686520767A
S214049D28616C756520746F2073657420746865208B
S214049D386368616E6E656C206D61736B20746F2E3C
S214049D481F005365747320746865207072652D63EC
S214049D586F6E66696775726564206B657920736FC4
S214049D68207468617420746865206A6F696E696E09
S214049D7867206465766963652063616E20656E7422
S214049D88657220746865206E6574776F726B2E0032
S214049D98536574732074686520707265636F6E66A5
S214049DA8696775726564206B65791F0053746F70F4
S214049DB87320746865206E6574776F726B2073748D
S214049DC8656572696E672070726F636573732E00BB
S214049DD853746172747320746865206E6574776F43
S214049DE8726B207374656572696E672070726F6330
S214049DF86573732E0041206D61736B206F66206F48
S214049E087074696F6E7320666F7220696E64696316
S214049E186174696E67207370656369666963206236
S214049E2865686176696F722077697468696E2074EC
S214049E386865206E6574776F726B2D7374656572CA
S214049E48696E672070726F636573732E1F004469AA
S214049E5873706C61797320746865206375727265B3
S214049E686E7420737461747573206F6620746865E5
S214049E78206E6574776F726B207374656572696E8D
S214049E88672070726F636573732E00436C65617226
S214049E9873207468652067726F75707320746162C6
S214049EA86C65206F6E20657665727920656E6470C1
S214049EB86F696E74005072696E747320696E666F8B
S214049EC8726D6174696F6E2061626F757420746850
S214049ED86520636F6E74656E7473206F662074688D
S214049EE8652067726F757073207461626C652E00E6
S214049EF84172746966696369616C6C792064726F0F
S214049F0870732074686520626C6F636B206E756D61
S214049F1862657220646566696E6564206279207479
S214049F2868652070617373656420617267756D6512
S214049F386E74206F6E6C79206F6E63652C20616E6C
S214049F4864207468656E20616C6C6F77732069741E
S214049F582075706F6E20612072657472792E0054B5
S214049F68686520626C6F636B206E756D626572201F
S214049F78746F206172746966696369616C6C7920B0
S214049F8864726F7020746F20666F72636520612038
S214049F987265747279202D2073657420746F20306E
S214049FA878464620746F2064697361626C651F0086
S214049FB8536574732074686520726563656976658D
S214049FC82077696E646F772073697A652E2020423D
S214049FD87920646566696E6974696F6E20696E2097
S214049FE874686520536D61727420456E657267796E
S214049FF82070726F66696C65206974206D75737459
S21404A0082062652073657420746F2031206275742D
S21404A018207468697320616C6C6F77732069742088
S21404A028746F206265206368616E6765642E0054E9
S21404A0386865206D6178206E756D626572206F663E
S21404A0482074686520626C6F636B73207265636541
S21404A05869766564206265666F726520616E204164
S21404A06850532061636B2069732067656E6572615F
S21404A0787465641F004D616B65732074686973208A
S21404A0886E6F6465207374617274206964656E7497
S21404A098696679696E6720617320612074617267E6
S21404A0A8657420666F722062696E64696E672077CD
S21404A0B869746820616E20696E69746961746F7268
S21404A0C8206E6F64652E0054686520656E64706F34
S21404A0D8696E74206F6E20776869636820746F20D1
S21404A0E8626567696E207468652046696E64696E81
S21404A0F86720616E642042696E64696E67207461C5
S21404A108726765742070726F636573731F004D61A0
S21404A1186B65732074686973206E6F646520737446
S21404A1286172742074686520696E69746961746FF5
S21404A138722070617274206F662074686520666980
S21404A1486E64696E6720616E642062696E64696E07
S21404A158672070726F636573732E00546865206594
S21404A1686E64706F696E74206F6E207768696368B2
S21404A17820746F20626567696E2074686520466976
S21404A1886E64696E6720616E642042696E64696EE7
S21404A1986720696E69746961746F722070726F6380
S21404A1A86573731F00456E61626C652F646973611D
S21404A1B8626C6520646562756720606C65676163B8
S21404A1C87920617070206672616D65776F726B2096
S21404A1D8646562756760207072696E74207479703D
S21404A1E8652E00456E61626C652F64697361626CE6
S21404A1F8651F00456E61626C652F64697361626CE5
S21404A2086520646562756720607A636C6020707286
S21404A218696E7420747970652E00456E61626C658B
S21404A2282F64697361626C65206465627567206073
S21404A23861707060207072696E7420747970652E0F
S21404A24800456E61626C652F64697361626C652093
S21404A25864656275672060636F72656020707269F2
S21404A2686E7420747970652E00456E61626C652F75
S21404A27864697361626C65206465627567206073DF
S21404A2887461636B60207072696E7420747970658B
S21404A2982E0053656E64732061207265717565734C
S21404A2A87420666F72204F544120636F756E746510
S21404A2B872732E0052657365747320616C6C207417
S21404A2C868726573686F6C64732076616C75657301
S21404A2D820746F203078464646462E0053657473BD
S21404A2E82061207468726573686F6C642076616C8C
S21404A2F8756520666F722061207061727469637573
S21404A3086C61722074797065206F6620636F756E51
S21404A3187465722E0054797065206F6620636F75B5
S21404A3286E7465721F5468726573686F6C64205621
S21404A338616C75651F005072696E74732074686565
S21404A348207468726573686F6C6473206F66206126
S21404A3586C6C2074686520636F756E746572732EF2
S21404A36800436C6561727320616C6C20636F756E54
S21404A3787465722076616C7565732E005072696E0A
S21404A388747320616C6C20636F756E7465722076C6
S21404A398616C7565732E005072696E7473207468E8
S21404A3A8652076616C7565206F662074686973200D
S21404A3B8706172746963756C617220636F756E740C
S21404A3C865722E0054686520636F756E7465722016
S21404A3D87479706520746F207072696E741F0050EB
S21404A3E872696E747320616C6C20636F756E746525
S21404A3F8722076616C75657320616E6420636C6583
S21404A408617273207468656D2E00536574204D461A
S21404A4184720746F6B656E2C2043414E4E4F542074
S21404A428424520554E53455420425920434C492E04
S21404A438005072696E74204D464720746F6B656EC3
S21404A4482E005072696E742061637469766520659F
S21404A45876656E74732E0044697361626C65207445
S21404A468686520656E64706F696E7420666F722006
S21404A4785A434C206D657373616765732E00456E89
S21404A48864706F696E7420696E6465781F00456E23
S21404A49861626C65732074686520656E64706F69A4
S21404A4A86E7420666F72205A434C206D6573736110
S21404A4B86765732E005072696E74207374617475C0
S21404A4C873206F6620656E64706F696E74732E00F1
S21404A4D853686F7773207468652076657273696F3E
S21404A4E86E206F662074686520736F667477617271
S21404A4F8652E005365742074686520636F6E6669FC
S21404A5086775726564203830322E31352E34204310
S21404A5184341206D6F646520696E207468652072F7
S21404A5286164696F2E2053656520646F63756D6575
S21404A5386E746174696F6E20726567617264696EA1
S21404A54867205241494C5F494545453830323135D4
S21404A558345F4363614D6F64655F742E0041205217
S21404A56841494C5F494545453830323135345F43B7
S21404A57863614D6F64655F742076616C75651F0052
S21404A58852657475726E73205054492072616469FA
S21404A5986F20636F6E66696720696E666F726D6199
S21404A5A874696F6E20746F2064657465726D696E65
S21404A5B8652074686520504859207479706520624F
S21404A5C865696E672075736564206279205241490F
S21404A5D84C2E2072657475726E2076616C756520D3
S21404A5E8697320656E756D205241494C5F4945452F
S21404A5F8453830323135345F507469526164696F56
S21404A608436F6E6669675F7420652E672020524123
S21404A618494C5F494545453830323135345F5054E6
S21404A628495F524144494F5F434F4E4649475F325C
S21404A638503447485A203D2030783030552052410F
S21404A648494C5F494545453830323135345F5054B6
S21404A658495F524144494F5F434F4E4649475F322C
S21404A668503447485A5F414E54444956203D20309A
S21404A67878303155205241494C5F49454545383074
S21404A688323135345F5054495F524144494F5F4331
S21404A6984F4E4649475F32503447485A5F434F4502
S21404A6A858203D203078303255205241494C5F4975
S21404A6B84545453830323135345F5054495F524148
S21404A6C844494F5F434F4E4649475F3250344748E4
S21404A6D85A5F414E544449565F434F4558203D20DF
S21404A6E830783033550053656E6473206120726584
S21404A6F86164206174747220666F722074686520C1
S21404A70874696D65206F662074686520646576696B
S21404A7186365207370656369666965642E20497489
S21404A7282073657473206120666C616720736F20DC
S21404A7387768656E20697420676574732074686525
S21404A74820726573706F6E736520697420777269FA
S21404A758746573207468652074696D6520746F2049
S21404A768697473206F776E2074696D6520617474DC
S21404A778722E0049641F737263456E64706F696E47
S21404A788741F64657374456E64706F696E741F0015
S21404A7985768656E2073656E64696E67207573699D
S21404A7A86E6720612062696E64696E672C20737018
S21404A7B86563696669657320776865746865722079
S21404A7C861206D756C7469636173742062696E6464
S21404A7D8696E672073686F756C642062652075738C
S21404A7E865642E007573654D756C7469636173745E
S21404A7F842696E64696E671F0053656E64732061F0
S21404A808207072652D6275666665726564206D755E
S21404A8186C746963617374206D657373616765200E
S21404A828746F206120676976656E2067726F75702D
S21404A8382049442066726F6D206120676976656ECC
S21404A84820656E64706F696E742E0067726F75701B
S21404A85849641F7372632D656E64706F696E741F26
S21404A86800437265617465732061206D6573736156
S21404A87867652062792073706563696679696E67AF
S21404A88820746865207261772062797465732E2057
S21404A898557365207468652073656E6420636F6DF0
S21404A8A86D616E6420746F2073656E6420746865C9
S21404A8B8206D657373616765206F6E6365206974C0
S21404A8C820686173206265656E20637265617465CD
S21404A8D8642E2045783A20726177203078303030FC
S21404A8E846207B3030203041203030203131203231
S21404A8F8322033332034342035357D2073656E6436
S21404A908732061206D65737361676520746F2063B7
S21404A9186C75737465722031352028307830303081
S21404A9284629206F66206C656E6774682038207721
S21404A9386869636820696E636C75646573207468F7
S21404A94865205A434C206865616465722E00436C22
S21404A958757374657249641F446174611F00526597
S21404A9687365747320746865206E6F64652E00576B
S21404A97872697465732061206D6573736167652EEB
S21404A98800456E64706F696E741F436C75737465E6
S21404A998722049441F41747472696275746520494B
S21404A9A8441F4D61736B1F4461746120747970652C
S21404A9B81F4461746120627974651F00526561647E
S21404A9C8732061206D6573736167652E00456E6438
S21404A9D8706F696E741F436C75737465722049448E
S21404A9E81F4174747269627574652049441F312066
S21404A9F86966207365727665722064697265637425
S21404AA08696F6E2C203020696620636C69656E74E5
S21404AA1820646972656374696F6E1F0053656E649B
S21404AA28732061206D6573736167652E00446573D2
S21404AA3874696E6174696F6E1F536F7572636520EF
S21404AA48656E64706F696E741F44657374696E61AD
S21404AA5874696F6E20656E64706F696E741F005338
S21404AA686F7572636520656E64706F696E741F0017
S21404AA784C69737473207768696368206F707469A7
S21404AA886F6E616C206C6962726172696573206F9F
S21404AA98662074686520737461636B206172652030
S21404AAA8696D706C656D656E746564206F6E207470
S21404AAB8686973206465766963652E005072696EEA
S21404AAC8747320696E666F726D6174696F6E206147
S21404AAD8626F757420746865206E6574776F726B20
S21404AAE82073746174652C20636C75737465727353
S21404AAF82C20616E6420656E64706F696E74732EA4
S21404AB08006F66667365741F005072696E747320EE
S21404AB18696E666F726D6174696F6E20666F7220F7
S21404AB28616C6C20617661696C61626C6520736C1B
S21404AB386F74732E005265616473207261772064A3
S21404AB486174612066726F6D20666C617368207329
S21404AB58746F726167652E0041646472657373204E
S21404AB68746F20726561641F4E756D626572206F1E
S21404AB786620627974657320746F20726561641F39
S21404AB88005072696E747320666C617368207374FF
S21404AB986F7261676520696E666F726D6174696F3E
S21404ABA86E2E004572617365732074686520737031
S21404ABB86563696669656420736C6F742049442EFE
S21404ABC80053746F7261676520736C6F74206E75BA
S21404ABD86D6265721F00426F6F7473207468652017
S21404ABE8696D61676520696E207468652073706591
S21404ABF863696669656420736C6F742049442E0023
S21404AC08434C4920696E7374616E63652065786188
S21404AC186D706C650064756D6D795F696E7374002C
S21404AC285A434C20636F6D6D616E64730062617382
S21404AC38696300676C6F62616C006D66672D636F8D
S21404AC486465007573652D6E6578742D7365717506
S21404AC58656E636500782D64656661756C742D721F
S21404AC6865737000746573742D726573706F6E7394
S21404AC78652D6F6E00746573742D726573706F6ED0
S21404AC8873652D6F6666005A434C20626173696368
S21404AC9820636C757374657220636F6D6D616E6482
S21404ACA873007274666400436F6D6D616E6420741D
S21404ACB86861742072657365747320616C6C2061B6
S21404ACC874747269627574652076616C7565732030
S21404ACD8746F20666163746F727920646566617543
S21404ACE86C742E005241494C006C6F7765722D6D5A
S21404ACF861632D7261696C2D3830322E31352E34ED
S21404AD082E63006C69627261696C2E6100756E63ED
S21404AD186C61696D6564006275666665722D6D6141
S21404AD286E6167656D656E742E63006576656E7410
S21404AD382D71756575652E63007A69676265652D7C
S21404AD4875707065722D6D61632E63006E65696734
S21404AD5868626F722E63006173736F6369617469E6
S21404AD686F6E2E630031383231730031343232312B
S21404AD78003132310032730031323231313200312F
S21404AD88323231310032383100383131003138321C
S21404AD9831310031323131313231323232317300AD
S21404ADA831323200313231313232310031313131DF
S21404ADB80032323800726F7574652D7461626C6582
S21404ADC82E63006D61632D6D756C74692D6E6574E4
S21404ADD8776F726B2E63006C65676163792D70619B
S21404ADE8636B65742D6275666665722E6300000073
S21404ADF8000002000000000000000000BA04000082
S21404AE08000000000000020000000000000000002F
S21404AE18BA04000000000000000102030E312E31BF
S21404AE282E322D646463383935336100010000021C
S21404AE3803030100060000000000030000000000F1
S21404AE4813B779FAC925DDB7ADF3CFE0F1B614B870
S21404AE580102000000000000FFFFFFFF01000000E1
S21404AE6801000000000000000000000000000000D0
S21404AE7800000000000000000000000000000000C1
S21404AE8800000000000000000000000000000000B1
S21404AE98073F0300AD710300A9710300877103001F
S21404AEA855710300E5710300B77103005771030079
S21404AEB82C0000000202020300000000000000004C
S21404AEC86480005068800050000201000009007F7A
S21404AED80CAF04000100000FECAE040000000000F4
S21404AEE800000000E1FE59FF8FFFADFFC1FFD0FF51
S21404AEF8DCFFE4FFEBFFF2FFF6FFFAFFFDFF0000BE
S21404AF08030005005500EDFEFF0064001E00000067
S21404AF187F001B0DD063FDFF3600B7034DDAFFFF35
S21404AF281C005901EC3600001100BD00C83B0000A7
S21404AF380B0071001435000007004900352C00008A
S21404AF48050037000526000003001400FF1400005F
S21404AF58EC640400A9190400A9190400A91904003A
S21404AF68A9190400A9190400A9190400A9190400B8
S21404AF78A9190400A9190400A9190400A9190400A8
S21404AF88A9190400A9190400A9190400A919040098
S21404AF98A9190400A9190400A9190400A919040088
S21404AFA8A9190400A9190400A9190400A919040078
S21404AFB8A9190400A9190400A9190400A919040068
S21404AFC8B7190400A9190400CC190400A919040027
S21404AFD8A9190400F1190400A9190400A919040000
S21404AFE8A9190400A9190400191A0400A9190400C7
S21404AFF8A9190400A9190400A9190400311A04009F
S21404B008A91904004F1A04000103040101010903E5
S21404B0180B0000000B0000000200000000002020C7
S21404B02800000000030000008C8C3C0000000000B8
S21404B03800000000000000001E0000000A000000D7
S21404B0481A000000000000581200000040B0040077
S21404B058554E4B00474F200042544C00474F320091
S21404B068474F3300474F3400474F3500474F3600A5
S21404B078474F3700474F3800474F3900474F41007E
S21404B088474F4200474F4300474F4400474F450049
S21404B098474F46004A4D500042445200555052000D
S21404B0A842544D004D534D0046544C00554E4B00EB
S21404B0B8474F200042544C004241440046544C003A
S21404B0C8465243004F54410044534C0042415000FA
S21404B0D855504700544D450046415500545A4600BD
S21404B0E8554E4B0050494E00454D3400554E4B00C6
S21404B0F848562000554E4B00455850004C574D00B6
S21404B108554E4B005242540044534C00454D3400AF
S21404B118554E4B0041535400554E4B005646590065
S21404B128494E4800554E4B004C434B0058544C006F
S21404B1384F424600554E4B00485244004D454D007C
S21404B148425553005553470044424700444D410076
S21404B15856435400554E4B0055502000525020007C
S21404B16841503000415031004150200044502000E6
S21404B1784445430058B004005CB00400B4B004006E
S21404B188E8B00400F4B00400FCB0040008B10400FD
S21404B19818B1040020B104002CB104003CB104002A
S21404B1A85CB10400554E4B004649420042544C00DC
S21404B1B845585400505752005744470020535700E8
S21404B1C8435253004653480042414400464C5400F8
S21404B1D842524F0001040103030601050105010953
S21404B1E80600060B0000070B050B00000000000015
S21404B1F8000000000400E40C020001041001000032
S21404B208000500020000030098B4040094B4040087
S21404B21880B404007CB4040078B4040074B4040055
S21404B22862B4040052B4040038B4040030B4040011
S21404B23826B4040024B404000CB4040009B40400BE
S21404B24801B40400F0B30400E0B30400CEB3040071
S21404B258B4B30400ACB30400A0B304009CB3040065
S21404B26898B304008AB304007FB3040066B30400EA
S21404B2784DB30400F1B20400F0B20400E0B20400D6
S21404B288B8B20400ADB20400ACB2040098B204002C
S21404B298000000000000000000000000000000009D
S21404B2A8000000000F00000000000000000000007E
S21404B2B8000000000000000000000000000000007D
S21404B2C8000000000000000000000000000000006D
S21404B2D8000000000000000001000000000000005C
S21404B2E800000000000000000F000000000000003E
S21404B2F8000000000000000000000000000000003D
S21404B308000000000000000000000000000000002C
S21404B318000000000000000000000000000000001C
S21404B328000000000000000000000000000000000C
S21404B33800000000000000000000000000000000FC
S21404B34800000000000000000000000000000000EC
S21404B35800000000000000000000000000000000DC
S21404B36800000000000000000000000000000000CC
S21404B37800000000000000000000000000000000BC
S21404B38800000000000000000000000000000000AC
S21404B3980000000000000000FFFFFFFFFFFFFFFFA4
S21404B3A8FFFF00000000000000000000000000008E
S21404B3B8000000000000000000000000000000007C
S21404B3C8000000000000000000000000000000006C
S21404B3D8000000000000000000000000000000005C
S21404B3E8000000000000000000000000000000004C
S21404B3F8000000000000000000FFFFFFFFFFFFFF43
S21404B408FF9C0000FF000000000000000000000091
S21404B4180000000000000000800000000000FFFF9D
S21404B428FFFFFFFFFFFFFFFF00000000FFFF000015
S21404B43800000000000000000000000000000000FB
S21404B44800000000000000000000FFFFFF000000EE
S21404B45800000000000000000000000000000000DB
S21404B46800000000000000000000000000000000CB
S21404B47800000000000000000000000000000000BB
S21404B48800000000000000000000000000000000AB
S21404B498FC0301010101010101010101010101018E
S21404B4A8010000000000000100200600000006015C
S21404B4B80100002002041104040211101A080A02EA
S21404B4C81801081110111A080A04020D0B19195C40
S21404B4D80110280B01140000000000000000000002
S21404B4E80000000000010101010101000101010141
S21404B4F80101010000010101000100010100000032
S21404B5080000000000000000000000000001000029
S21404B51800000000000000000000000001FF010019
S21404B52823E1010075E4010063E2010063E501001C
S21404B53862E1010079EB010064EE010024E10100F8
S21404B54825E1010026E1010027E1010028E10100C8
S21404B55829E101002AE10100000001008000010041
S21404B56800010100800101000002010080020100C0
S21404B57820E2010000030100000501008005010027
S21404B588000601002C89010080060100000701005E
S21404B59801E5010002E50100000801008008010039
S21404B5A80040010086321010FFFFFFFFFFFFFFFF79
S21404B5B8D6220400DC220400E2220400E822040066
S21404B5C8EE2204005A6967426565416C6C69616ECF
S21404B5D8636530394E574B205374656572696E67D8
S21404B5E8000095969595950507090D00000000003E
S21404B5F800010203040600001A390400B54C0400CE
S21404B608CF4C0400E64C0400F94C0400094D040031
S21404B6181D4D04002F4D04003F4D04005B4D0400EF
S21404B628704D04000208010D0D010101120100000D
S21404B638FFFFFFFFFFFFFFFF000000000000000001
S21404B6480109050100020000000000031EF1EE0BCC
S21404B65868B60400AB590400EC640400FE0000005D
S21404B668C7590400C8B7040000000000D1590400F4
S21404B678B8B7040000000000DE590400A8B70400A8
S21404B68800000000EB59040098B70400000000000E
S21404B698095A040084B7040000000000015A040094
S21404B6A870B7040000000000085A04005CB70400E1
S21404B6B800000000165A04004CB7040000000000FE
S21404B6C88858040038B70400000000000F5A040025
S21404B6D828B70400000000001B5A040014B704002E
S21404B6E8000000000721040004B70400000000005E
S21404B6F8000000000000000000000000218603008F
S21404B7082C5A0400695A0400010100FF25080100A8
S21404B718925A0400D75A0400010100010107FF00E9
S21404B728E1070100245B04008F5B0400010100FFAD
S21404B73821070100B05B0400C95B04000001010096
S21404B748FF00000033860300EE5B0400465C04003A
S21404B7580101FF001B8603005D5C0400B45C040062
S21404B76801010207FF000000158603005D5C040063
S21404B778B45C040001010207FF0000000F86030002
S21404B7885D5C0400B45C040001010207FF000000CD
S21404B798D5060100D55C0400145D0400010101FF10
S21404B7A875060100335D0400785D0400010000FF9F
S21404B7B831060100335D0400785D0400010000FFD3
S21404B7C8B90601009F5D0400A55B040000FF0000A5
S21404B7D809860300F45D04002F890400FF000000B6
S21404B7E803860300675E04002F890400FF00000038
S21404B7F811060100D65E04004B5F040000FF00003B
S21404B808E9050100635F0400C55F040000FF00004B
S21404B818F5850300D65F04001C60040002FF0000E0
S21404B828B1050100256004009960040001FF0000CA
S21404B83812610400F5600400046104001061040049
S21404B84821610400376104004D6104005761040057
S21404B8586161040000000000656404001100000033
S21404B86871640400120000007964040013000000E8
S21404B878816404002100000089640400220000009A
S21404B888906404002300000097640400AA000000E3
S21404B8989E640400FF00000000000000FFFFFFFF96
S21404B8A8FFFFFFFF00000000000000000000010882
S21404B8B80109020A030B040C050D060E070F0810EF
S21404B8C801180119021A031B041C051D061E071F6E
S21404B8D80820012102220323042405250626072717
S21404B8E808280129022A032B042C052D062E072FC7
S21404B8F808300131023203380239043A08E004E118
S21404B90804E204E802E902EA04F008F11000000080
S21404B918000000000205000080B9040002000F00C1
S21404B928A8B9040002000F00D0B9040002000F00F2
S21404B938F8B9040002000F0020BA040002000F0041
S21404B94848BA040002000F0070BA040002000F0090
S21404B95898BA040002000F00C0BA040002000F00E0
S21404B968E8BA040002000F0010BB040002000F002F
S21404B97838BB040002000F000000000060BB04008F
S21404B988030000004000000000000000190000004A
S21404B99884BB040004000F008000000000000000C0
S21404B9A80000000060BB0400030000004000000024
S21404B9B8000000001900000084BB040004000F0007
S21404B9C880000000000000000000000060BB0400C7
S21404B9D803000000400000000000000019000000FA
S21404B9E884BB040004000F00800000000000000070
S21404B9F80000000060BB04000300000040000000D4
S21404BA08000000001900000084BB040004000F00B6
S21404BA1880000000000000000000000060BB040076
S21404BA2803000000400000000000000019000000A9
S21404BA3884BB040004000F0080000000000000001F
S21404BA480000000060BB0400030000004000000083
S21404BA58000000001900000084BB040004000F0066
S21404BA6880000000000000000000000060BB040026
S21404BA780300000040000000000000001900000059
S21404BA8884BB040004000F008000000000000000CF
S21404BA980000000060BB0400030000004000000033
S21404BAA8000000001900000084BB040004000F0016
S21404BAB880000000000000000000000060BB0400D6
S21404BAC80300000040000000000000001900000009
S21404BAD884BB040004000F0080000000000000007F
S21404BAE80000000060BB04000300000040000000E3
S21404BAF8000000001900000084BB040004000F00C6
S21404BB0880000000000000000000000060BB040085
S21404BB1803000000400000000000000019000000B8
S21404BB2884BB040004000F0080000000000000002E
S21404BB380000000060BB0400030000004000000092
S21404BB48000000001900000084BB040004000F0075
S21404BB588000000000000000000020012000000013
S21404BB68080000000400422130000000F8BB04006E
S21404BB7800FF420030000000000000000000F0084B
S21404BB884000000019BC0400010023044000000023
S21404BB9821BC04000600300140000000000000003C
S21404BBA8FDFF210240000000010000001900000407
S21404BBB819000101190002041900030119000504FB
S21404BBC8190006011900070404004100E5220100D3
S21404BBD806004100A18E030019008100D53F01002C
S21404BBE819008400614A010000800000000000007B
S21404BBF806435553544F4D00000000000000000053
S21404BC080000000000000000000000000000000023
S21404BC1800FFFFFFFFFFFFFFFFFFFFFFFF0004011A
S21404BC2804010401040104010401040104010401DB
S21404BC38040104010401FFFFFFFFFFFFFFFFFFFFEE
S21404BC48FFFFFFFFFFFFFFFFFFFFFFFFFFFF0001F0
S21404BC5802030405060708090A0B1F1C1F1E1F1EDD
S21404BC681F1F1E1F1E1F07021F012F0037013F003C
S21404BC785701DF02E700FF02000000000000000092
S21404BC8800000000000000000000000000000000A3
S21404BC98000000000000000000000000046B040020
S21404BCA8190000000A6B0400FFFF000000000000F3
S21404BCB8D56B0400E06B0400EC640400E86B040035
S21404BCC8F66B0400EC640400096C0400146C0400AD
S21404BCD8226C0400266C0400366C0400223A040025
S21404BCE8466C04004A6C0400556C04005F6C04003F
S21404BCF8696C04006D6C04007B6C04008F6C040093
S21404BD08A56C04000080000000000000000000008D
S21404BD1800000000FFFFFFFFFF0000000000000017
S21404BD2800000000000000000000004000000000C2
S21404BD3801000000A1D10100000000000000F03F4F
S21404BD4800000000000024400000000000005940E5
S21404BD580000000000408F40000000000088C34038
S21404BD6800000000006AF8400000000080842E41AD
S21404BD7800000000D01263410000000084D79741F9
S21404BD880000000065CDCD419B3D040080D304002F
S21404BD9800000000CB75040070D304000000000007
S21404BDA8D075040060D3040000000000D1750400B8
S21404BDB850D3040000000000165A04003CD30400C4
S21404BDC800000000095A040028D3040000000000FC
S21404BDD8D675040018D3040000000000DC750400BF
S21404BDE808D3040000000000E0750400F8D204003C
S21404BDF800000000EF750400E8D20400000000000C
S21404BE080C760400D8D2040000000000157604005E
S21404BE18C8D20400000000002A760400B8D2040041
S21404BE28000000005D4B0400A8D2040000000000D7
S21404BE383A76040068D2040000000000317A040050
S21404BE48F4C9040000000000ED690400B4C9040045
S21404BE580000000041760400F4C804000000000056
S21404BE684A760400F8C70400000000005776040069
S21404BE78ECC3040000000000736C0400C4C2040091
S21404BE88000000005E760400C4C20400010000003E
S21404BE986276040084C2040000000000677604008A
S21404BEA848C10400000000009B1A040048C10400AE
S21404BEB80100000057760400ECC3040000000000EC
S21404BEC86E760400ECC304000100000073760400D8
S21404BED814C10400000000007D76040014C10400A8
S21404BEE8010000008576040044BF0400000000003A
S21404BEF80C22040010BF040000000000000000002C
S21404BF08000000000000000020BF0400897604003A
S21404BF18EC640400FE000000A17604009CCA040039
S21404BF2800000000067B04008CCA04000000000021
S21404BF3800000000000000000000000054BF0400D9
S21404BF48A6760400EC640400FE000000BC76040038
S21404BF581CCC040000000000C27604000CCC0400CC
S21404BF6800000000C8760400FCCB040000000000B3
S21404BF78D1760400ECCB0400000000004D1F04003A
S21404BF88DCCB040000000000571D0400A4CB04000A
S21404BF98000000005E26040090CB040000000000A9
S21404BFA8DB76040080CB0400000000004B2204006B
S21404BFB870CB040000000000E076040060CB0400A8
S21404BFC800000000E776040050CB040000000000E0
S21404BFD8EC76040040CB040000000000F076040071
S21404BFE8E0C0040000000000F776040088C00400DF
S21404BFF800000000FF76040054C00400000000009F
S21404C0080B77040020C004000000000000000000B5
S21404C018000000000000000030C00400167704008A
S21404C028EC640400FE00000096340400BCCA040055
S21404C0380000000047610400ACCA040000000000C9
S21404C04800000000000000000000000064C00400B7
S21404C05837770400EC640400FE00000096340400FD
S21404C068DCCA04000000000047610400CCCA0400CF
S21404C07800000000000000000000000000000000AF
S21404C08898C0040059770400EC640400FE0000001D
S21404C098777704002CCB040000000000557C0400CD
S21404C0A81CCB040000000000867704000CCB0400B8
S21404C0B8000000008B770400FCCA0400000000009F
S21404C0C892770400ECCA0400000000000000000098
S21404C0D80000000000000000F0C004009777040089
S21404C0E8EC640400FE00000058340400C8CB0400C6
S21404C0F800000000B4770400B4CB0400000000007D
S21404C10800000000000000000000000024C1040035
S21404C118BC770400EC640400FE000000D877040032
S21404C1285CCC040000000000736C04004CCC0400D3
S21404C13800000000000000000000000000000000EE
S21404C14858C10400DD770400EC640400FE00000017
S21404C158F67704000CCD0400000000001931040032
S21404C168FCCC040000000000FF770400ECCC0400BC
S21404C17800000000D87704003CCC0400000000004F
S21404C188047804002CCC0400000000001178040095
S21404C19844C20400000000001F78040010C2040013
S21404C1A8000000002D780400D0C104000000000040
S21404C1B841760400F4C804000000000000000000F3
S21404C1C80000000000000000E0C104003678040007
S21404C1D8EC640400FE0000007AAC0400DCCC040026
S21404C1E8000000008BAC0400CCCC04000000000067
S21404C1F84A450400BCCC040000000000000000000F
S21404C208000000000000000020C204005478040067
S21404C218EC640400FE0000007E7804002CCD0400C4
S21404C22800000000FB6604001CCD040000000000AB
S21404C23800000000000000000000000054C20400D3
S21404C24885780400EC640400FE0000000C22040058
S21404C25860CD0400000000004761040050CD0400CF
S21404C26800000000557C04003CCD040000000000DB
S21404C27800000000000000000000000094C2040053
S21404C288A5780400EC640400FE0000000C220400F8
S21404C29890CD040000000000C578040080CD04009A
S21404C2A8000000004761040070CD04000000000090
S21404C2B8000000000000000000000000D4C20400D3
S21404C2C8CC780400EC640400FE000000E678040061
S21404C2D8C4CE040000000000FF600400B4CE0400CE
S21404C2E80000000019790400A4CE04000000000031
S21404C2F84D1F040094CE0400000000001A610400D8
S21404C30884CE040000000000EB78040074CE040019
S21404C318000000000379040064CE04000000000056
S21404C3280C79040054CE04000000000013790400BD
S21404C33844CE0400000000001F79040014CE040054
S21404C34800000000557C040004CE04000000000031
S21404C3582E790400F4CD0400000000000946040009
S21404C368E4CD04000000000033790400D4CD0400B2
S21404C378000000004A790400C4CD04000000000050
S21404C3885E790400B0CD0400000000006E79040055
S21404C398A0CD0400000000007D790400B8C30400A2
S21404C3A8000000000000000000000000000000007C
S21404C3B8C8C3040082790400EC640400FE0000008C
S21404C3C89979040034CE040000000000A279040021
S21404C3D824CE040000000000000000000000000056
S21404C3E800000000FCC30400EC640400EC640400D1
S21404C3F8FE000000A979040034CA04000000000006
S21404C408B679040078C8040000000000BF79040068
S21404C418C4C7040000000000CD79040090C70400D7
S21404C42800000000DB7904005CC70400000000007C
S21404C438E9790400C4C6040000000000FA79040080
S21404C4489CC6040000000000077A0400FCC504002B
S21404C45800000000127A0400A4C5040000000000CE
S21404C468257A04007CC5040000000000FA5804007D
S21404C47818C5040000000000387A0400D8C4040074
S21404C48800000000437A0400A4C40400000000006E
S21404C498000000000000000000000000B4C404000F
S21404C4A8567A0400EC640400FE0000007A7A04005D
S21404C4B8E4CE040000000000807A0400D4CE040011
S21404C4C8000000000000000000000000000000005B
S21404C4D8E8C40400847A0400EC640400FE00000047
S21404C4E80636040014CF040000000000B67A0400E0
S21404C4F804CF040000000000C27A0400F4CE04004E
S21404C508000000000000000000000000000000001A
S21404C51828C50400D87A0400EC640400FE00000071
S21404C5280C22040078CF04000000000047610400D1
S21404C53868CF040000000000F455040058CF040037
S21404C548000000009634040044CF040000000000F5
S21404C558F47A040034CF0400000000000B7B0400C7
S21404C56824CF0400000000000000000000000000C3
S21404C578000000008CC50400177B0400EC6404006B
S21404C588FE0000003C7B040088CF04000000000086
S21404C598000000000000000000000000B4C504000D
S21404C5A8417B0400EC640400FE000000657B040084
S21404C5B8D8CF040000000000C5780400C8CF0400E3
S21404C5C800000000717B0400B8CF040000000000DF
S21404C5D8787B0400A8CF040000000000857B0400D4
S21404C5E898CF0400000000000000000000000000CF
S21404C5F8000000000CC60400907B0400EC640400F1
S21404C608FE000000FE79040088D004000000000044
S21404C618AD7B040078D00400000000009B3D0400B5
S21404C62868D0040000000000C94C040058D0040078
S21404C638000000007879040048D0040000000000D8
S21404C6480636040038D0040000000000B47B04005A
S21404C65828D0040000000000BF7B040018D00400A3
S21404C66800000000CC7B040008D004000000000092
S21404C678DC7B0400F8CF040000000000EF7B040015
S21404C688E8CF0400000000000000000000000000DE
S21404C69800000000ACC60400017C0400EC6404003E
S21404C6A8FE0000009B3D040098D004000000000033
S21404C6B8000000000000000000000000D4C60400CB
S21404C6C81F7C0400EC640400FE0000000636040028
S21404C6D808D1040000000000C94C0400F8D0040087
S21404C6E80000000078790400E8D004000000000088
S21404C6F8427C0400D8D004000000000081770400BF
S21404C7081CC7040000000000000000000000000031
S21404C718000000002CC70400597C0400EC640400E4
S21404C728FE000000557C0400C8D004000000000089
S21404C73896340400B8D00400000000006F7C04009F
S21404C748A8D004000000000000000000000000005C
S21404C758000000006CC70400787C0400EC64040045
S21404C768FE0000000C22040028D10400000000008B
S21404C7784761040018D1040000000000000000000F
S21404C7880000000000000000A0C70400987C040015
S21404C798EC640400FE000000B87C040048D10400E1
S21404C7A800000000CB7C040038D104000000000020
S21404C7B8000000000000000000000000D4C70400C9
S21404C7C8E17C0400EC640400FE000000017D040023
S21404C7D868D10400000000001931040058D1040090
S21404C7E80000000000000000000000000000000038
S21404C7F808C80400EC640400EC640400FE000000AE
S21404C8080B7D040020C8040000000000000000009F
S21404C818000000000000000030C80400EC640400B7
S21404C828EC640400FE000000177D0400B8D1040080
S21404C83800000000646C0400A8D104000000000096
S21404C8481D7D040098D1040000000000217D04002A
S21404C85888D1040000000000257D040078D1040077
S21404C86800000000000000000000000000000000B7
S21404C87888C80400357D0400EC640400FE0000004B
S21404C8880C22040038D2040000000000507D040086
S21404C89828D2040000000000637D040018D20400B7
S21404C8A8000000004761040008D2040000000000ED
S21404C8B8707D0400F8D1040000000000817D0400A7
S21404C8C8E8D10400000000008F7D0400D8D10400DD
S21404C8D800000000A07D0400C8D104000000000089
S21404C8E800000000000000000000000004C9040066
S21404C8F8AD7D0400EC640400FE000000C77D04005F
S21404C9088CCC040000000000FA7D04007CCC0400F3
S21404C91800000000357E04006CCC04000000000013
S21404C9284C7E040080C9040000000000567E040003
S21404C9384CC90400000000000000000000000000CD
S21404C948000000005CC904005A7E0400EC6404007D
S21404C958FE0000007AAC0400ACCC04000000000022
S21404C9688BAC04009CCC040000000000000000000F
S21404C978000000000000000090C90400797E04004E
S21404C988EC640400FE0000003131040058D20400B0
S21404C99800000000557C040048D204000000000093
S21404C9A8000000000000000000000000C4C90400E5
S21404C9B88C7E0400EC640400FE0000000C220400D4
S21404C9C898D20400000000007E78040088D2040090
S21404C9D800000000FB66040078D204000000000093
S21404C9E800000000000000000000000004CA040064
S21404C9F8A77E0400EC640400FE000000857B0400A7
S21404CA08B0D304000000000006360400A0D30400D7
S21404CA18000000009B3D040090D3040000000000C2
S21404CA2800000000000000000000000044CA0400E3
S21404CA38C77E0400EC640400FE000000E57E0400E3
S21404CA4800D4040000000000EF7E0400F0D30400C5
S21404CA5800000000FA7E0400E0D304000000000092
S21404CA68165A0400D0D3040000000000097F04000E
S21404CA78C0D304000000000000000000000000000E
S21404CA8800000000E7850300147F0400EC6404003B
S21404CA98FF000000E3850300217F0400EC64040023
S21404CAA8FF000000250D0100337F0400EC64040039
S21404CAB8FF000000C10C0100607F04002887040002
S21404CAC801FF0000250D0100A07F0400EC640400AB
S21404CAD8FF000000C10C0100CE7F04002887040074
S21404CAE801FF0000590D01000F8004003080040087
S21404CAF800FF0000590D01003980040096800400E8
S21404CB080000FF00D50D0100A4800400BD800400C9
S21404CB18010001FF410E0100E280040024810400A4
S21404CB280102FF00D50D01003A8104006981040062
S21404CB3801000102FF000000510B01009A81040065
S21404CB48D681040007FF0000710B0100DC81040095
S21404CB580F82040001FF0000850B01001782040001
S21404CB68678204000100FF00E10B01007C820400D8
S21404CB78CD8204000101FF00B50B0100DD8204002C
S21404CB881783040001FF0000350C01001F8304000E
S21404CB9868830400010000010707FF00710E010006
S21404CBA8BA8304000F82040001FF0000710F01001D
S21404CBB80284040046840400010700010700FF00FD
S21404CBC8458603009B840400E184040001070001F1
S21404CBD801FF0000F90E01001D85040058850400B5
S21404CBE8010000FFC90E010076850400BA8504001A
S21404CBF80100FF00990E0100CD850400BA850400E3
S21404CC080100FF00410F01000C860400178304008E
S21404CC1801FF0000B10F010047860400788604006F
S21404CC280100FF00E1F80000EC64040086860400B6
S21404CC38000707FF85F80000EC6404009F860400DC
S21404CC48000707FF91FD0000EC640400AB860400AF
S21404CC5807FF000091FD0000EC640400AB860400A6
S21404CC6807FF000097850300EC640400B086040000
S21404CC780000FF006DFD0000EC6404002A5D04005B
S21404CC8801FF000035FD0000EC640400E88604009B
S21404CC9800FF000065F80000EC640400EC6404007F
S21404CCA8FF00000065F80000EC640400EC6404006F
S21404CCB8FF0000006D850300EC640400EC640400C7
S21404CCC8FF0000006D850300EC640400EC640400B7
S21404CCD8FF0000006D850300EC640400EC640400A7
S21404CCE8FF00000035F80000EC6404001E8704000A
S21404CCF80101FF0021F80000EC64040033870400F7
S21404CD0801FF000069850300EC640400EC64040079
S21404CD18FF000000E9F700005C780400EC640400F7
S21404CD28FF000000E9F700003D870400EC640400F7
S21404CD38FF00000069F900005E8704007587040098
S21404CD480001000007FF0000658503009B870400B8
S21404CD58EC640400FF000000E5F60000B587040054
S21404CD68EC640400FF000000DF850300E38704008A
S21404CD78EC640400FF000000D1850300FD8704006E
S21404CD887F86040000FF0000650001002288040076
S21404CD98EC640400FF000000B9F500003C880400B9
S21404CDA8EC640400FF0000004DF500005F880400F2
S21404CDB8DC88040000000310FF00000029F60000C9
S21404CDC8318904009F89040001FF0000FDF5000076
S21404CDD8B4890400F789040000FF000011F5000078
S21404CDE8088A0400EC640400FF000000638503005E
S21404CDF8378A0400EC640400FF000000EDF4000029
S21404CE08838A04007F86040000FF0000B9F400004B
S21404CE18C48B0400198C040000FF00009DF4000075
S21404CE28338C0400EC640400FF00000081F4000066
S21404CE38438C0400EC640400FF00000053850300E0
S21404CE48578C0400D58C040000FF000051F4000041
S21404CE58608D0400EC640400FF0000000DF400007C
S21404CE687D8D0400A88D040007FF0000CDF30000A4
S21404CE78B28D04000B8E0400000500FF85F3000045
S21404CE88BE8E0400D18E04000002FF0061F3000089
S21404CE98008F0400EC640400FF00000053850300C0
S21404CEA8128F04004C8F040000FF0000F5F2000007
S21404CEB8D28F040018900400000301FFE5F2000076
S21404CEC8B8900400FE900400000301FFD96801002E
S21404CED89E910400EC640400FF00000063920300C3
S21404CEE8C69104004192040002FF00009113010059
S21404CEF8969204002F89040000FF00005D130100C9
S21404CF08BE9204002F89040000FF00000D130100E0
S21404CF18D7920400EC640400FF000000E55A010000
S21404CF28F0920400EC640400FF000000BD5A0100FF
S21404CF383D930400EC640400FF000000495A010015
S21404CF48689304008E93040000010100010102FFA7
S21404CF58215A01000D9504003595040000FF0000D1
S21404CF68015A01005C950400EC640400FF0000000C
S21404CF784959010086950400EC640400FF0000008B
S21404CF88359103009F950400EC640400FF0000003C
S21404CF98194E0100C5950400F69504000002FF002A
S21404CFA8978F030053960400EC640400FF00000007
S21404CFB8938F030080960400EC640400FF000000CE
S21404CFC8CD4D01009B960400C596040000FF0000A2
S21404CFD88D4B0100F5960400EC640400FF00000085
S21404CFE80937010008970400EC640400FF000000F9
S21404CFF8F136010020970400EC640400FF000000EA
S21404D0080F8F030039970400EC640400FF00000047
S21404D018FB8E030066970400E097040000FF0000F8
S21404D028994A01001F980400EC640400FF000000FD
S21404D0388949010097980400EC640400FF00000086
S21404D048AD350100DB980400EC640400FF00000022
S21404D05891350100F8980400EC640400FF00000011
S21404D06809360100A3990400EC640400FF000000DC
S21404D078FD350100319A0400769A040000FF00008A
S21404D088C9350100AD9A0400FE9A040000FF0000AA
S21404D098F5330100319B0400EC640400FF00000033
S21404D0A88D2801005D9B0400C69B04000000FF0059
S21404D0B88D2801001B9C04007D9C04000000FF00D2
S21404D0C82D290100C29C0400F59C04000002FF0000
S21404D0D8698E03004A9D0400989D040007FF00001B
S21404D0E8612A0100B49D0400EC640400FF000000FB
S21404D0F875280100D89D0400FD9D040000FF00006B
S21404D10881290100569E0400EC640400FF00000018
S21404D11845220100939E0400EC640400FF0000000E
S21404D1280D220100BD9E0400EC640400FF0000000C
S21404D138418D0300F89E0400679F040000FF00006A
S21404D148691B0100B89F040037A0040000FF000014
S21404D158338D03007DA00400CFA0040000FF000068
S21404D168138D030016A1040063A1040000FF000049
S21404D178098D0300ADA10400EBA1040000FF000024
S21404D188038D0300FBA10400EBA1040000FF0000CC
S21404D198FD8C030022A20400EBA1040000FF00009B
S21404D1A8F78C030049A20400EBA1040000FF00006A
S21404D1B8F18C030071A20400EBA1040000FF000038
S21404D1C8CD8C03009AA20400EC640400FF0000005F
S21404D1D8D38C0300BCA20400EC640400FF00000027
S21404D1E811160100E4A204001DA304000001FF00B8
S21404D1F83D1601003EA30400EC640400FF00000092
S21404D208CF8C030069A30400EC640400FF0000004C
S21404D218F915010084A30400EC640400FF00000070
S21404D228B51501009FA30400CCA3040000FF00006A
S21404D2389D150100E7A30400EC640400FF00000049
S21404D248E5FD000012A40400EC640400FF000000DE
S21404D258E5FD000039A40400EC640400FF000000A7
S21404D268D5F200004AA40400EC640400FF000000A1
S21404D278A1F200005FA4040086A4040000FF0000D6
S21404D288A1F2000096A4040086A4040000FF00008F
S21404D29839F20000BDA40400EC640400FF0000009A
S21404D2A84B850300D8A40400EC640400FF000000C7
S21404D2B895EE0000FBA4040065A5040000FF00002A
S21404D2C875EE000088A50400EC640400FF00000066
S21404D2D85D0A0100EEA604007BA70400010000FF17
S21404D2E84109010098A70400ECA7040000FF000009
S21404D2F87509010001A8040053A804000100FF00F2
S21404D308E108010069A8040056A904000107FF0003
S21404D3184F85030066A90400EC640400FF000000BF
S21404D3284102010077A9040089A90400000101004C
S21404D3380007FF0039010100C4A90400D5A90400A8
S21404D34800010100FF0000007509010024AA04007A
S21404D35835AA0400010000FFB100010024AA040055
S21404D36867AA040000FF00002D9C010078AA0400A8
S21404D378EC640400FF000000C9EE0000C4AA040020
S21404D388EC640400FF0000003BB30300EC640400F4
S21404D398EC640400FF00000051AA0100EC640400D9
S21404D3A8EC640400FF00000015AA0100EC64040005
S21404D3B809AB040002FF0000C1B1010011AB040070
S21404D3C8EC640400FF0000004DB101003DAB04000E
S21404D3D860AB04000200FF00BDB3030089AB040081
S21404D3E8EC640400FF00000029B10100ABAB0400A4
S21404D3F8C9AB040002FF000001B10100DEAB040063
S21404D408C9AB040002FF000001000000284C0020FD
S21404D4180000000000000000FFFF0000AD8C0300C1
S21404D4280000000003000000FFFF0100218D030038
S21404D4380000000004000000FFFF0100AF8D030099
S21404D4480000000004000000FFFF0000338E030005
S21404D4580000000006000000FFFF0000A58E030081
S21404D4680000000019000000FFFF01003B8F0300C6
S21404D478217D04005C690020000000000000000014
S21404D488000000000000000035AC0400FCD40400D2
S21404D498000000003BAC040058B60400000000007E
S21404D4A842AC040028B8040000000000067B040010
S21404D4B818B80400000000004BAC040008B80400C8
S21404D4C8000000005DAC0400F8B70400000000008B
S21404D4D86CAC0400E8B70400000000007DAC04004F
S21404D4E8D8B7040000000000000000000000000098
S21404D4F8000000000CD504008FAC0400EC640400A3
S21404D508FE000000AAAC040024D5040000000000B5
S21404D518000000000000000000000000F3B903004B
S21404D528AFAC0400EC640400FF03010001013F04EF
S21404D5380201003F040202003D040202003D040109
S21404D548020001020003010002023D040201000277
S21404D55802020100020200000020202020202020D1
S21404D5682020282828282820202020202020202082
S21404D5782020202020202020208810101010101092
S21404D58810101010101010101004040404040404DE
S21404D5980404041010101010101041414141414178
S21404D5A8010101010101010101010101010101015A
S21404D5B8010101011010101010104242424242426A
S21404D5C8020202020202020202020202020202022A
S21404D5D802020202101010102000000000000000D2
S21404D5E8000000000000000000000000000000002A
S21404D5F8000000000000000000000000000000001A
S21404D6080000000000000000000000000000000009
S21404D61800000000000000000000000000000000F9
S21404D62800000000000000000000000000000000E9
S21404D63800000000000000000000000000000000D9
S21404D64800000000000000000000000000000000C9
S21404D65800000000000000000000000210000000A7
S21404D668C45000202814002000000208000000000F
S21404D678FFFFFFFFFFFFFFFFFFFFFFFF00000000A5
S21404D6880000000000000000000000000000000089
S21404D698000000002000000015DD01001000000056
S21404D6A88DDC0100000000010000010100010101F9
S21404D6B820C001B80000000000000000FFFFFFFFC4
S21404D6C8FFFFFFFFFFFFFFFFFFFFFFFFFFFFFFFF59
S21404D6D8FFFFFFFFFFFFFFFFFFFFFFFF0304040832
S21404D6E80808080800B801B802B800B0580B0500C6
S21404D6F803040408080500000000000000000000F9
S21404D7080000000000000000F8330000E0030000FA
S21404D718D837000014000000383E00000800000057
S21404D728002F0000F8040000EC3700000400000096
S21404D738343E00000300000000000000002F000034
S21404D748F037000001000000403E000039000000E9
S21404D758012F00000100000070B50822804B1A60F3
S21404D768804B1B68DC0302D50020088070BD0C883B
S21404D7780019401E00787C4DA870641C0C80450770
S21404D7886D0F052D05D8794E3668F60603D5022D95
S21404D7980DD0032070BD9604AE401E4001D108206B
S21404D7A870BD052D03D1104201D1641E0C80AA4811
S21404D7B84860002070BDF3B582B008886C490978C3
S21404D7C8491CC9B2814204D202990918491E09782B
S21404D7D800E00021644A517093785B075B0F01935D
S21404D7E83023019C052C28D1194232D19478E508B7
S21404D7F81E242C40CD0702D5250001242C430125E0
S21404D808A14EE6402E4072D0019FA04EE641402429
S21404D81826403E434C0602D53400202626439478F8
S21404D82889080D40A7080C2139402943C0252540FE
S21404D8380D4320212943967051704A490C6855783F
S21404D848022123262E4008D0660302D52B40202B1F
S21404D85801D0052082E0424B196093789B0601D4D8
S21404D868202203E09278120702D540223C4B1A6025
S21404D8783D4A92786B461A70C022854B1E680E4045
S21404D88801D1154212D06E46377827263E40232EFD
S21404D89803D1E60207D4012606E0252E03D0212E5E
S21404D8A804D1260302D504262D4F3E601B68194072
S21404D8B82026019F002F1CD11E4027D02A4B5B78B8
S21404D8C81A40402A13D00C221A40042A0FD02A07DA
S21404D8D83BD40122002902D0E100CB0F5A40694606
S21404D8E80978CB07DB0F1A422FD021012AD4072048
S21404D8F834E0022FE2D11E4008D00029DED1CC2322
S21404D9082B4003D16B461B785B0601D5032025E024
S21404D918A30311D59C4E73691B051B0D5B1C366847
S21404D928F60205D5994E36683607B60F9B1B5B1E5E
S21404D9389BB2052B04D1C1E7029B1B78052BBDD0EF
S21404D94806200BE08021064A1160E90702D4401C31
S21404D95803990880AB4803994860002004B0F0BDDA
S21404D968481002A8C83E0000343E0000440002A83E
S21404D978543E0000F2B586494978CA0705D4009A89
S21404D98812888018401E037800E000239E4A106818
S21404D99802249E4D2E68F60611D512695340DBB252
S21404D9A8002B03D16E68D30973402340002B03D0A1
S21404D9B8020204D40A20F2BDE206954E3260744A86
S21404D9C81E02C0230B403343914E336093785E07A0
S21404D9D8760F022E06D16D682C4003D100200099DC
S21404D9E80880F2BDA0250D409E08102737402F4317
S21404D9F83D090E0702D42E0010253543CC240C40CE
S21404DA081A262E400A2E04D1CC2C02D02E00FD2530
S21404DA183540804EEE40F60705D4000416D5412B53
S21404DA2810D1082912D17C48E8401121014021432D
S21404DA382020084310700D210140009808D000F0FB
S21404DA48A9F8F2BD0B2B01D10029ECD00720F2BDB2
S21404DA5800F020F8F2BD00005F2F000038B50C0077
S21404DA686E490B781A0953399500491925881B07F6
S21404DA781B0FEB1A9A1A8018FEF756FE010002D1FD
S21404DA88200000F007F832BDF300A3E398144068BA
S21404DA98480002A8F8B50400614805683C4F387881
S21404DAA8D026304202D00D21014005D008205D4919
S21404DAB80860EF20FEF7F6FD39782000314204D0DE
S21404DAC80909397000F066F8F2BD052129401FD00F
S21404DAD802884D49CA60544BEC0705D5521C02808F
S21404DAE8690607D4514B05E043242C40422C03D145
S21404DAF8521C028043600DE010224A4B1A604C4ABE
S21404DB0809688B00DB0F1901D162802109031160B3
S21404DB18002101800020F2BD0A888018401E007883
S21404DB28830601D4121D0A801822024004D00888ED
S21404DB3852088018C01E088039480068C00702D5F5
S21404DB480888401C08803948486000207047344AD2
S21404DB581368DB0708D51268920705D40A88801864
S21404DB68401E007804280CD110202E4A1060304835
S21404DB78254A12689300DB0F1A01C2628022120338
S21404DB8802600020088070470C4000A8080001A81E
S21404DB98343E000031B581B02649002000900822A2
S21404DBA8254B1D7802230C24254202D10022234942
S21404DBB803E02C40082C00D10222EC0703D50C0005
S21404DBC81E21614000931D4207D0154909680906BD
S21404DBD801D51B4901E00021C943019B194C21606A
S21404DBE81949FF248C70009C15012543CD700870D4
S21404DBF8188800994018801818801448586000201F
S21404DC0836BD00001D310000C83E0000440002A8CE
S21404DC18441002A80D0F0C0D071708504B3F0000C0
S21404DC28480002A8482002A8C1320000F7320000C3
S21404DC381C1002A8DE1B2501343E000020841000B8
S21404DC4800FCFF01F43E0000483F000005320000D7
S21404DC58343E0000C1290000D9290000D929000053
S21404DC68D9290000D9290000D9290000000000009D
S21404DC78000000000000000000000000D929000091
S21404DC88D9290000D9290000192E0000D929000036
S21404DC985523000065230000F12300003924000002
S21404DCA8B32400001D260000D3240000BD2600006F
S21404DCB81F2500005D250000D5250000312800003A
S21404DCC80129000027230000632B00004D200000D4
S21404DCD8812B0000F52B0000D9290000D52C000064
S21404DCE89D2C0000D9290000D9290000212D000008
S21404DCF8D9290000D9290000D92900005D100000A0
S21404DD085310000067100000711000007B1000001C
S21404DD188C488068000200D4704780B58020800252
S21404DD28A8490860CF2000F045FA01BDF8B5864832
S21404DD380068864C802292032260854E3168090565
S21404DD481DD5110BA023034001D0216017E0024023
S21404DD583FD180277F4A17607F4A1760084038D02B
S21404DD68784D287A400705D501207C4908600002CA
S21404DD787B4908602878002801D0062801DB0020A3
S21404DD88F2BD00F051FB716889684E682978052948
S21404DD9807D1B905A1606E60B668CC218901704ABE
S21404DDA8116000F04AFB012E00DA0226BC2080052A
S21404DDB885490860942080058449086065480021E0
S21404DDC8C94301647142416481490F60402101607E
S21404DDD8D5E7AE480160FFF79BFF0120F2BD5A481D
S21404DDE80168890504D5C06E0004000F022801D016
S21404DDF8002070470120704738B5802455480460D1
S21404DE0800F012FB05007348006800F05FF928006C
S21404DE1800F013FBFFF77CFF4A48007A000705D595
S21404DE28A0004A49086000F0FEFB31BD600397492C
S21404DE380860AD48046031BDFEB50500CC208001FD
S21404DE4893494860012693480660FFF7C8FF0028F0
S21404DE5877D03C4C2078002873D0310201950528E9
S21404DE6802D02A460A406CD1CC27BF01884A1760DC
S21404DE789E4A126853075B0F022805D1022B5ED30D
S21404DE88080137490860F7BD4D01032804D1022B61
S21404DE9855D933480560F7BD042802D111404ED041
S21404DEA8F7BD05284BD10198002848D0C005C10FF6
S21404DEB8684641700198C004C10F6846017000F0B6
S21404DEC8B3FA0290606869464978002903D0066860
S21404DED88021214A11602C04A7496A461278002A30
S21404DEE80CD0C2680B68D21AA44B1B68234001D016
S21404DEF8066800E04668964200DD160068464078E4
S21404DF086A461278024308D008684242B01E824223
S21404DF1802DA7042886000E00026029800F08DFA63
S21404DF280198800501D5964804600198054001D0FB
S21404DF3894480460002E02D009480760F7BDFFF72E
S21404DF485BFFF7BD403E0000400002A8402002A840
S21404DF58C83E00000CC001A890E001A894D000A810
S21404DF68505201A838B580248748046001204949DE
S21404DF780860864D2878052802D060008449086021
S21404DF88FFF72DFF002812D012480068000A8021E7
S21404DF984140A868000EC9B2814208D253480068B6
S21404DFA84007400F022802D2FFF726FF31BD794802
S21404DFB80168C0220A4002D1C06F204001D004483C
S21404DFC8046031BD1C1002A808E001A808D001A806
S21404DFD894D001A818C000A8F1B582B00F00802616
S21404DFE8B600A020384002D06B4806604CE000F02B
S21404DFF81BFA009069480468F80202D5A06800690C
S21404E008029000F05FFBB102606800F069F92178BD
S21404E01820000022491C43788B4200D20021182392
S21404E0284B43C5180C352B78082BF3DA0C00017013
S21404E03885605648297801703E4007D057490968D4
S21404E0488968CA68F90201D403218A4382600126D2
S21404E0581046304003D100F0F6FB00F0B4FFF1049C
S21404E068686900F03DF93C2000F0A4F8E0B200F03E
S21404E078A1F8009800F0E1F93005474908604848D7
S21404E08806603002024908600298FEBD401002A8E5
S21404E0984C6201A894E000A810B5424800688005C0
S21404E0A801D4FE2010BDC02080033F49086000F05C
S21404E0B8BBF93A4909688A78D20702D589688C7800
S21404E0C800E00C7800F0B9F9200010BD334909685F
S21404E0D88A688B78DB0704D5927818235A438A18FB
S21404E0E80C32906070470000100002A8084001A88F
S21404E0F8F1B582B02D4F3C680026200F000702D1E8
S21404E108E00102902AE000F05EFF00F08DF901902D
S21404E11880210903606800F0E3F825786D1C6078B0
S21404E128A84200D20025E80020180C3000900068A9
S21404E1380290802109030098406800F0D1F83D2039
S21404E14800F038F8E8B200F035F825700098A060BA
S21404E158019800F072F902A800F09AFF14480068C3
S21404E168800407D5786901F050FC029908180290D3
S21404E17800D502960298FEBD48C001A8480002A829
S21404E188481002A8482002A894E001A8403E0000CF
S21404E198506201A814C001A8402002A8CC3E000082
S21404E1A890E000A8400002A8401002A8D03E000054
S21404E1B8FC0302A841490968002901D540490860BA
S21404E1C87047F3B581B03F4FB9683F4C4A004CD509
S21404E1D80125090100D5212501003C4A1068566826
S21404E1E822689206920E94463A6893008022134058
S21404E1F862461343802252001A4300920A0023D030
S21404E208890601D5012008E0F021014007D16946B6
S21404E218097A0C220A4002D0022000F03FF82C4962
S21404E228096809040AD53968090701D5022605E0EC
S21404E2383968490301D5002600E003264835009AC4
S21404E24824490968890003E0009A2249C96909092A
S21404E2584023194011439A00002E02D0164326661E
S21404E26808352166024322662566E06D4407640F76
S21404E27800F0C4F8A0070BD0052C09D0B868000431
S21404E28806D400F0D1F80221134A116000F0D5F83C
S21404E29800F0BDF8002000F001F8F7BD0B490A6845
S21404E2A8F0239A43000110430860C0B270478020E8
S21404E2B8C0020A4908607047000000004C0002A823
S21404E2C8884000A8440002A8284000A8683F000028
S21404E2D8384101A8084001A87CD40350485000A837
S21404E2E880B5664A116001F0BBFBFFF7E0FF01BD8D
S21404E2F8FEB500F099F802901020614908600023E2
S21404E308604803600220604908606048C0684005A9
S21404E318C20DD52A01D2D52204E0D120400082427B
S21404E32800D9020010000100594C0194843C24686A
S21404E33864011DD5574C0094251D574E367806277C
S21404E3487E43AA530024019D2D7CE540ED070CD599
S21404E358009D06266643AD19AD888FB2BD4200D22D
S21404E368290086B2AE4200D22800641C022CEAD3E6
S21404E37889B246310904494C0C404638C005C00DDC
S21404E388204342490860C0200006454908604048C2
S21404E398017D00290CD04349D52A02D98024E405F6
S21404E3A80C60D1246400A24202D2802424060C60A5
S21404E3B810213D4C21603D490B604188002900D15D
S21404E3C80280029800F039F8F7BD80B53848394914
S21404E3D808603948C1680902090A1922514341608C
S21404E3E805210160FFF784FF01BD33480068C003B8
S21404E3F800D4704780B5FFF77BFF01BD8020C002BC
S21404E4081E4908602D4800684007FBD470478020E2
S21404E418C0022B490860704701E02A4908602A4967
S21404E42809680140F9D17047284800682021284A1D
S21404E43811601021274A116070473021014002D12B
S21404E448102023490860704720480068302101409E
S21404E458102901D101207047002070471E48007813
S21404E4680621014007D01D480068022803D0032867
S21404E47801D001207047002070470000401002A811
S21404E488F41302A8048002A8409002A87C40005016
S21404E498743F0000643E0000603E00000000FF0178
S21404E4A8A0600050A4500050F42302A818E000E02E
S21404E4B87F1A0601500002A810E000E0400002A8F7
S21404E4C8402002A8282002A8280002A85C0002A867
S21404E4D85C2002A85C1002A8BC3E00006C3F00004A
S21404E4E8F8B553488021490281610221514A516096
S21404E4F80021514A1160514A118003214D4A116086
S21404E5080221016020204E49086080204D49086099
S21404E518CC2080014C49086001204C4908604648D4
S21404E528806F00900F24070B274049480068C505EC
S21404E538ED0D103DC0202843C0B2FFF73BFE3E4811
S21404E548006980030AD5092F08D0FFF787FF00283B
S21404E55802D040480068804701F0D8F80098044084
S21404E56800943D4804680098032803D0022806D17E
S21404E578032F3AD000F002FA0098032803D0062F97
S21404E58833D1062D31D0354800680104C90F01D0AF
S21404E59801F084FB32480068000109D5052D07D12F
S21404E5A8012501202F4908604005FFF735FF00E0E4
S21404E5B800252100380000F0E3F904002A4E002D57
S21404E5C806D000F089FB0120306002202749086045
S21404E5D8802080037065800925490860FFF73EFFA0
S21404E5E8002802D023480068804712488021490240
S21404E5F8C161002F08D10221416000200E4908613C
S21404E608C020C0001C4908602000F2BD80B5FFF792
S21404E618F5FE1A480078800602D4022018490860D5
S21404E628FFF7F5FE01BD0220164908607047000092
S21404E6382C1002A8282002A8340002A8743E000061
S21404E64894E001A80CC001A8506201A894E000A8B0
S21404E65804ED00E0E8370000B44000A800E200E05B
S21404E668F03E0000645000A8646000A82C4000A88F
S21404E67880E200E0E43700002C6001A8C83E0000F1
S21404E688081002A8082002A87B480068800700D45F
S21404E698704730B581480421904A0123E024E400F9
S21404E6A88568254002D01360D160D36000680440B2
S21404E6B802D013605160536030BD894801218160DF
S21404E6C80160704710B5012075498A680240FCD17C
S21404E6D8844A0423D3600C680440FCD15360106059
S21404E6E810BD814908680122104200D1704710B550
S21404E6F8E023DB000340FF24A41CA34204D37B4B83
S21404E7081B689B0600D54868024001D000F0B6F89E
S21404E71810BDFEB50700C82075490860062075496F
S21404E7280860802040037449086074480168744A85
S21404E7380A408021090111430160724CC020C000C0
S21404E74820600225A56168036F4908606F4E70480B
S21404E758F0664C206F49C86638686F4989688142F4
S21404E76801D2009100E000900099401A3860012117
S21404E778380000F055FB0190386800994018386056
S21404E788FFF782FF634800686349086063480168C6
S21404E798490601D5624900E06249316701990029B2
S21404E7A808D10321E16100683068054002D0802062
S21404E7B8800220610198FEBDF1B55B4C8020C00143
S21404E7C820605A4D0126AE62594F3E601D202860CF
S21404E7D856206866072001F009FB022028600621F7
S21404E7E8296654490968002902D4082129666966F5
S21404E7F851492965C021C900504A1268F823DB012B
S21404E808134001D1A96700E07961E16B314008D073
S21404E818216BC90705D44A490968084001D101F0A3
S21404E828EDFA484848490860206B064001D1FFF7CE
S21404E8382BFF009801F0C8FA206B8001FCD4206AEC
S21404E84842490860F1BD30B53748414B0121026B97
S21404E8580A4001D15961D9603E4A3F4C54663F4C40
S21404E868146503241C600023CE4D2B60146091624B
S21404E878C903016030BD00004C0002A8F02109015C
S21404E888374A11600140374801602020364908603D
S21404E898364909680840C849086070476C0102A8E8
S21404E8A8700102A880B532480821324A13680B4022
S21404E8B801D0016141611178C90602D58621090192
S21404E8C80160FFF70EFF14202B490860BB48016857
S21404E8D8490701D0FF21416101BD0000681102A863
S21404E8E86C2102A8682102A8783F0000400002A80C
S21404E8F8548001A80C9001A8942002A8680102A8D4
S21404E908FFF1FFFF441102A8A01002A8E40002A821
S21404E918294E0600300002A8A03F0000FC0302A807
S21404E928CC3F0000C43F0000100002A8E01002A874
S21404E938442102A828C000A80C1E0000A88001A82C
S21404E948483E0000FFFF7F7FB46000A89C3F00009D
S21404E958602102A8E02002A85E060000041E00004B
S21404E9682C6001A82C5001A8442002A8084001A83D
S21404E978301102A8F84F0000703F000070470000EE
S21404E988F8B586B005000C008D48866AFFF74CFD7E
S21404E9980590B00503D58B480068FFF797FB002061
S21404E9A8019001227306DB0F87498F688860B820B8
S21404E9B84000864E30606608B82030400978F02655
S21404E9C80E40402E02D10100402008430D2D02D1EE
S21404E9D8390004270F43790704D501001420084397
S21404E9E810218C437A4909686D462A7004930500F9
S21404E9F8784EC80506D58020400077490860280068
S21404EA08012505430498002811D10C20284008281D
S21404EA180DD028006A49496BCA0601D410229043CF
S21404EA28890601D420218843B121014067D068466D
S21404EA380078002865D0B26BB06D01210123520717
S21404EA48520F921D9340C004C00C181A80B20828AE
S21404EA5809D2802506205A4A106008049D4A106088
S21404EA6800206A461070812028404DD00820049A59
S21404EA78002A00D130623A0008271743102084433E
S21404EA88042003900005984A10604008974A1060CE
S21404EA989748016068460078002832D0039806280C
S21404EAA838D39448806BC00634D593480068000E63
S21404EAB801909048006880B202908F48006A000669
S21404EAC804D002988021490101430291FFF7C6FC4D
S21404EAD8002809D089480078C00605D00298802105
S21404EAE8C901014389B20291029830610298001262
S21404EAF8306137480168C80500D57AE70AE0082077
S21404EB0830620094049732E090A06906C90E405C0F
S21404EB180390BFE70094049703982949CB6A764A7A
S21404EB28126834686F463C8128241C400443980CB9
S21404EB38C00120431C001B0E23401024234003431B
S21404EB48900040221040184302AA9070086B000AEE
S21404EB5802A9C870FFF7A0FA02A9087101984871BB
S21404EB6867480068C8800298F0660398F0660598B7
S21404EB78FFF763FC08240098400601D55A488460C9
S21404EB88FFF76CFC002805D05E480078002801D002
S21404EB985D4804600498C1B2E8B2FFF712FB009817
S21404EBA807B0F0BD400102A8081A03D257490968FD
S21404EBB84018401C70470000441002A80C4000A8E7
S21404EBC8180002A81CC000A8683F0000B46000A88B
S21404EBD81C0100AA540000AA1C2100AAF8B54C4E31
S21404EBE80F2401254B491027706B38401BD0012091
S21404EBF808704948006849490968FFF7D5FF484935
S21404EC080968401801284BDB01F0A4F9454909684E
S21404EC18090B0C40022C41D16905434A116043494B
S21404EC28CF6335603AE0F06BC0001ED540480068F4
S21404EC38E0218905014033D03A4D28682103014074
S21404EC48780281422CD1FFF7EFFB3A4A3A49096821
S21404EC58C90502D53949096811602968090B214094
S21404EC680229F3D0FFF7E9FBF1BD354E30680028DA
S21404EC7816D00D7001F0A8F8002811D101F06AF931
S21404EC8828490968090B0C40022C07D12904264A8E
S21404EC9811600221254A11600021316001F05EF9F5
S21404ECA8F1BD80208004274908607047802040040E
S21404ECB82449086070478020C004224908607047C9
S21404ECC8802000051F4908607047802040051D49BC
S21404ECD808607047141100AA1B480168490701D048
S21404ECE8FF21416170470000401002A8205001A887
S21404ECF8006101A81C4000A8084001A8C43E000002
S21404ED08448001A8F0370000845000A838C001A841
S21404ED18100002A8773E00001CC101A820C001A864
S21404ED28E03E0000AC0002A81C1002A8082002A8B6
S21404ED38204001A8800000AA084000A8904000A827
S21404ED484C3E0000382002A80C4000A80301070621
S21404ED58030107060501060605010606030207065B
S21404ED68030207060502060605020606FF2807D05C
S21404ED78032805D2A9490978C140C807C00F7047B7
S21404ED8800207047F0B5802000020821A44A1160CC
S21404ED980A230121A34A01249C400443B6A5ED5C3A
S21404EDA825439560F025A04E35609D4DB5A6F65CC6
S21404EDB8022737432F6004262E609C4D2D680D408D
S21404EDC806D1CD026D1E03D0966C3603FAD401E044
S21404EDD80220F0BD956CD66C6D036D0BAE4200D266
S21404EDE820005B1ED7D508238F4C23609060904B79
S21404EDF81B685B0112D58F4C63785D1C01262E4078
S21404EE0866701D000626754365191268AA80E88090
S21404EE182370824802789940114301700020F0BD9F
S21404EE28F1B582B0FFF749FC002481480068400128
S21404EE3802D4012001901DE07F48826B00207D49A2
S21404EE48C3B206256B43CB189B8895B2AB4204D055
S21404EE58401CC3B2022BF3D3FF2008700120019094
S21404EE6873480068400105D50878FFF77FFF002837
S21404EE7800D001947148006871498861714D029800
S21404EE880068296D4618002E15DD00F072FD28600E
S21404EE98C001301A00280EDDFFF714FC00F093F8C2
S21404EEA802980068296D401800F08EFF050002D00D
S21404EEB80298046085E0644E802080003060604AD2
S21404EEC8106807282ED005210840052805D01160AB
S21404EED80C2000F08BFF050073D15C4D5C4828625B
S21404EEE8FFF7F0FB02202860E020C00259490860BA
S21404EEF8000259494860802080047060022030600F
S21404EF08012000F073FF802040002862022000F0F1
S21404EF186DFF902040012862022000F067FF8020E1
S21404EF28C00028624D4EE02040003060042000F007
S21404EF385DFF05003CD10220474908608002B062A4
S21404EF48C001B06210203C4908600127F7654026D6
S21404EF584348006830401BD135480068400113D543
S21404EF68344800786946087068460078FFF7FEFE5D
S21404EF78002809D02F4869460978062251434018C4
S21404EF88C0882D49086403E0FFF7FCFE05000FD18E
S21404EF9829480760C467022000F028FF314C266021
S21404EFA8B0002060022000F021FF8120C002A06289
S21404EFB80198002805D02A480068800101D4FFF784
S21404EFC814FA2800FEBD70B5FFF777FBFFF77AFB47
S21404EFD8022619480660244DF0022862C4082C62EA
S21404EFE8012000F003FF600828622E601F4828628C
S21404EFF8E02040001B490860174D2E60FFF7FEF915
S21404F0081B4E3078002800D005200D490860FFF70D
S21404F018FEF92C6017480068706370BD843F0000D2
S21404F028889001A8448001A888A001A8140002A812
S21404F038F03E0000603E00000C8001A8F80302A819
S21404F0483C0102A88C3F0000941002A83C1102A8B8
S21404F058BD080000142102A8942002A82C9001A838
S21404F0684C0002A82CA001A83C2102A8FD680000B8
S21404F078603F0000300002A80000000101020408F6
S21404F088102020005050504040404030202020009F
S21404F098F8B50400FFF716FB2948C021C900294A19
S21404F0A81268F823DB01134002D1274A116000E0F6
S21404F0B8016000942549AC2252008A640A220A6038
S21404F0C82349802252030A60224C626A224B134068
S21404F0D88022D2001A4362628022226002224260A0
S21404F0E85003C8601D48E0601D4E4C20F0661D4D58
S21404F0F868699621C901471800980068874200D3B2
S21404F1080700C01B0099086000210098FFF788FED6
S21404F11800990968C919009A11603168296012496A
S21404F1280968490601D5114900E011492161F2BD73
S21404F138802000010F49086000010F4908607047E5
S21404F148582102A8AC8001A8581102A80C8001A86E
S21404F158941002A8440102A8FFF1FFFF286E0600D7
S21404F168300002A8903F0000FC0302A8CC3F000031
S21404F178C43F0000401002A8685000A8F1B584B047
S21404F188B44800680390B448006B9621C901401837
S21404F1980499884205D2081A00F016FE002800D002
S21404F1A813E2AE4C6068C00700D50EE20420AC49F2
S21404F1B888628003AB494862AB480568606B86077B
S21404F1C8B60F032E03D01020A549886224E008460B
S21404F1D8802189024162A16B890601D5012062E07B
S21404F1E8290610D5A26B02210A400CD19F4A052392
S21404F1F81360A36B10273B4019431160002111606C
S21404F208616B090A116004218162A06B002803D58A
S21404F218C803934948620026606B400705D5606BAF
S21404F228C00080214900084003E08B488068C10775
S21404F23801D5FFF723FB0122154008D0B748B101D2
S21404F2484018006AC004C00C401EB5490860002077
S21404F2580021B44BDB6E1B0417D5B34B1B68002B7D
S21404F26813D40121AE4B5B69002B0ED0AF4B1A703A
S21404F278AF4A10601022AF4B1A60CA06AE4B9A67A4
S21404F2880723AD4D2B60AB4B5A65AC4AC0239B0095
S21404F29813603502002901D0190000E02900CC4E7D
S21404F2A8316053607560E16B942292050A4015003C
S21404F2B800D0012580263602284300062CD06A484A
S21404F2C82821405CC0210140402902D1FFF79EF95D
S21404F2D801E0FFF7A8F9202020602D0600D174E18C
S21404F2E8944D606B400708D570085E494862022052
S21404F2F8686000F059FA002806D004205849886245
S21404F3084002584948626E6057480078000600D4A0
S21404F3185BE130015249FEE00125606828405AD175
S21404F328AC480068C005400F022803D0032801D063
S21404F338062802D169464D7005E0002069464870E3
S21404F348A548A6494860680446498862FFF756F8FF
S21404F3587348406EE16B0E4008D1C00606D5FFF729
S21404F36863F802219E4A1160FFF767F8FFF74FF823
S21404F378280320609B4EC020000670602804974926
S21404F3880860606B4007C10F684601703020039917
S21404F39849072CD54021A24A1162904F4901396683
S21404F3A8032191640021116030607D6580207060BF
S21404F3B8062000F01BFD00280DD12802F86602205E
S21404F3C800F014FD28029749886618207060082003
S21404F3D800F00CFD002800D0F7E024207060E02040
S21404F3E8C0029049C865A020C00238666FE0E16B89
S21404F3F8C90246D5BE4949680902090E0191490958
S21404F408022901DB884A01E0B322920001993029D7
S21404F41837D311490B88E72B33D395277F00BB4294
S21404F42805D8FB1A1B095A43920A534204E07F4F35
S21404F438DB191B095A43930A5BB2019AD2180F6B5D
S21404F448BC46CF6B7B436746FB180B639F2A0FD3D8
S21404F4589F2210E0FC0302A8743F0000100002A8D4
S21404F4681C2002A81C1002A8C83E0000E40000AA3B
S21404F478202A00D821221102114312040A432949DA
S21404F4880A606749AA020A629A4A8A6414220A60C7
S21404F4983060524F7D65E020C0026249C865A80303
S21404F4A8B86640027060062000F0A0FC002833D13D
S21404F4B82D06FD66022000F099FC5A488566680900
S21404F4C87060082000F092FC002825D1756003209F
S21404F4D800F08CFC88481849886700F04AFA874D7B
S21404F4E8401DC001296B401801908548406F802153
S21404F4F8C9010840029008468249086001980499A0
S21404F50888421FD20846296B401A00F05DFC002882
S21404F51816D002987C49086057E000BF0C0000AA81
S21404F528204000A8CC4001A8784201A8763E0000F6
S21404F538703E0000645000A83C6000A8046100A85F
S21404F54804980190206AE86204270398384001D09A
S21404F558402002E0F8057060C0087060012000F0E2
S21404F56845FCB8011D490860019800F02DFC8A4E38
S21404F57868460078002805D161480068F0613805B7
S21404F5888649086002986049086085488549086085
S21404F59824487902416669464978002900D10760FB
S21404F5A8206A686268460078002808D0012000F0BF
S21404F5B81DFC3078000602D5780492490860E06B92
S21404F5C8C00202D54A480068286305B0F0BD00BFEB
S21404F5D8045100A8204001A8040000FFB41002A8A3
S21404F5E87CE40350441102A810B5FEF71DFF8649B3
S21404F5F800240C600A22CA61FEF71FFF8348C02154
S21404F6088902016082494160824810210160C90567
S21404F61841654020804908608048047010BD000099
S21404F628400102A8B82002A833070000D6FEFFFF50
S21404F6387B48406B800300D47047F8B57948046863
S21404F6480027002000257849E20706D5C020800256
S21404F6588025ED03EA0A0A6003E0A20701D4032022
S21404F66840252843C862012000F0C0FB80204000E3
S21404F6786E49086708206E4908606E4909680902D9
S21404F68803D46D4909680140FBD0012000F0AEFBA5
S21404F6986A4EE00702D5802080043064356404206E
S21404F6A800F0A4FB600702D5E020C002F0606448BE
S21404F6B83064012000F09AFB62483064C3200006D8
S21404F6C830645A488021490201671021B1638902CF
S21404F6D871615D490F60012232603022F2638F62E5
S21404F6E8802189014E4A116009010160F1BD0000BC
S21404F6F8F83F0000F3070000FFFF7F7F743F000019
S21404F70820C001A894E001A894D001A8F8B54F48F1
S21404F71800680D2707400424002F00D104274C480E
S21404F7281025660308214B4A4B4B1B682340126876
S21404F73814D04260394004D00220FEF7AFFD474893
S21404F74806603C4007D046480068054344480560C0
S21404F758B008424908600220424915E00260394070
S21404F76805D00220FEF79AFDA0023C4908603C40FA
S21404F77806D03B4801680D430560700937490860A0
S21404F78838480660300329490860FFF751FF00210E
S21404F7980020FEF716FDF1BDC83E00001C1002A8A6
S21404F7A803000300482102A810B580202E490A68E1
S21404F7B802400AD02D4B1A680624144005D15C6E04
S21404F7C82B4A22401B6D9C0101D5002010BD0968F8
S21404F7D808400DD02748824203D1180501D50120D8
S21404F7E810BD25480068C107C90F481E8041C00FD0
S21404F7F810BD22480321C163A8218163102101603A
S21404F808704700001C2002A8D80000AA402002A8BE
S21404F81804000080646000A82C4000A8763E00001F
S21404F828100002A8FC0302A81C1102A8442002A87F
S21404F8384C6201A8C44001A84C4201A8082102A8A9
S21404F8482400000198008800600102A8B44000A8BB
S21404F858E83E00001CC101A8440002A8401002A803
S21404F868683F0000685000A8400002A814C001A819
S21404F8781F1F0000010C000030C101A8082002A8C0
S21404F8886C4800680121084209D16B4A12686B4B20
S21404F898000C1840F03291400B40984201D00220E8
S21404F8A8704700207047F8B507000F386A4610807E
S21404F8B8604CA0680A0004D16B461B8882B29A4240
S21404F8C83AD200226B461A80012502263A0013D043
S21404F8D82268324007D000292ED059480088401C98
S21404F8E85749088000203900E16056490E6080B206
S21404F8F8B84201D369460D805348456000E030BFDE
S21404F9082068304003D1FFF7BBFF0028F7D04D48E6
S21404F9184560390010D02168314005D048490A8826
S21404F9286B461B88D2180A8006600020E060A06830
S21404F938B84201D244480660FFF7A2FFF2BD38B5C4
S21404F948050000F007FB0400012199204543A80997
S21404F9583E4A12688018123880B2FFF7A4FF0500E2
S21404F9688020C0013A490860200000F0F7FA280011
S21404F97832BD334803883549096802889342F9D169
S21404F988100408187047FEB51238070C6946088034
S21404F99800F0E0FA0190274C294D2888B8421ADA74
S21404F9A801202C490860274E30BF022021680140F8
S21404F9B806D030604003264908602888401C288002
S21404F9C8FFF75EFF002802D12988B942ECDB012143
S21404F9D8716000280DD12888B8420AD1A068694603
S21404F9E80988884205D2002168460088FFF75BFF2D
S21404F9F801E0FFF745FF04008020C00114490860B1
S21404FA08019800F0ABFA2000FEBD10B512490A684A
S21404FA180E4B1B680C689442FAD0DB014033141A68
S21404FA2802D288692418641C0C4800684443181BCE
S21404FA3810BD0000280002A804ED00E0FF3F000007
S21404FA48743E0000282002A8281002A8300002A845
S21404FA5880E200E02C1002A820C001A8B43F0000F1
S21404FA68F0B502E00A601C602E607EC84F1C07D002
S21404FA785F1C04D06F1CF5D10A601C60F0BD0A60D8
S21404FA88F0BD000080B5FEF709FC01207F49086038
S21404FA9801BD80B5EB2000F001F801BD30B57C4906
S21404FAA80B6818401022134210D07A4B7A4C2468FC
S21404FAB8224008D0A84A14682402FF252D022540AF
S21404FAC8DD6200241460802252031A60086030BD88
S21404FAD8F3B5010016001C00002500959F48019AFE
S21404FAE8330000270BE0BC464F5D4743AE009E59E3
S21404FAF87E40575D47433740664637436D1CA542EC
S21404FB08F1D3390939438A080A435108114308408E
S21404FB18C10901430F208A0B0A4302405040F6BD30
S21404FB28F1B582B00E0000208B490860FD25AD01B2
S21404FB38EF7AA87A01900F21394000910ED00B462F
S21404FB48874A88490298FFF7C3FF0199014082480B
S21404FB580160854841438548084001D1012400E0F6
S21404FB684401380915D032003B0929000298009E42
S21404FB786D7A75194019FFF7ABFF01990911014011
S21404FB88754802680B0113430360002901D0480036
S21404FB98444377480068204001D10420FEBD002075
S21404FBA8FEBD80B50A00002111807249528880186B
S21404FBB8FFF7B6FF02BD70B50F226F4B5C79057868
S21404FBC80F202040C5402009284001259C79C440C0
S21404FBD82C4001D1032070BD2F4C2468254005D045
S21404FBE89D684600AD5B6D1E644E3560DD78DE7933
S21404FBF8C640F00711D5E0060FD5002D0DD0604895
S21404FC0848600888488008881C7800192A408018A4
S21404FC185A7880182A09801800E0002008800020F6
S21404FC2870BD80B557480168574A0820014201D07C
S21404FC3850611061C90602D586210901116053492D
S21404FC48534A126812040CD5524A1268530401D552
S21404FC58C00305E0C0239B0113404202934200D030
S21404FC6808600D480078C022024002D18020400572
S21404FC780860494800682022104008604748006821
S21404FC88C00101D4FFF705FF01BD00002C4000A801
S21404FC98703F00001C1002A8C83E0000F8B5404F8C
S21404FCA838687E6806403F4830403F4908608024EC
S21404FCB8A4033E4DF00227D53D48016801200A06F4
S21404FCC805D53C490968A9602870022014E0014259
S21404FCD802D03949A9600FE00020C9060CD5284986
S21404FCE8A960364A91780B071B0F12789A180909E7
S21404FCF85118A980E880A888A880A888002801D078
S21404FD08264301E0FFF7C5FE264023D0264E74603E
S21404FD183460A88800280BD0F969814208D3291DC5
S21404FD282748AA6890470100F3D0FFF7ABFEF1BD59
S21404FD3801000CD0FC218902B161224902038A61C0
S21404FD4834604C60FA69824204D30C60F1BDEB203F
S21404FD58FFF7A4FEF1BD0000503E000001010101BA
S21404FD68F83E0000383F000011110000218400000E
S21404FD78F43E0000183F0000483F0000204000A85A
S21404FD88531F0000F84F0000302102A8441002A8B0
S21404FD98384101A8204201A8084001A8CC4000A880
S21404FDA8B44000A8FFFFDFFFB46000A8543E00007C
S21404FDB8C83E0000EC370000671F0000493F0000FB
S21404FDC8D44000A8B45000A810B5C409FFF7D1FD64
S21404FDD8201A312806DAC000183801D4C01EFDD50A
S21404FDE8002010BD2000FFF7CEFD10BDC3214843F8
S21404FDF86F3801D41E38FDD500207047FEB5C020E4
S21404FE08C0043649086036483649C865102436485A
S21404FE1804601020FFF7EAFF00285ED1FF200005E3
S21404FE283249086032483349086033482D49086027
S21404FE3825042E480560314807680820FFF7D6FFD2
S21404FE4800284AD108262E4806600120FFF7CEFF70
S21404FE582A48806802902B4806602B482149086087
S21404FE68224805600820FFF7C1FF002835D124483A
S21404FE7806600120FFF7BAFF204DA86801902148C4
S21404FE880660184E214830600299019800F046F83A
S21404FE980104FC208003084000900298C10B0198D6
S21404FEA8C00B00F03BF80006FC21890501400098C9
S21404FEB8014317480A0C4240FF239B1CD2181040E3
S21404FEC8084330602F60E003084908602868286003
S21404FED810480460104981640020FEBD20E000A894
S21404FEE8F71700002C0102A8401102A8B02002A8A7
S21404FEF80000380EB01002A810103030E04001A8F8
S21404FF08E05001A8E06001A830301010202020201E
S21404FF183F3F0000402102A8F7FFF00010B549044F
S21404FF28CA104004C310991A00209A18D30F9A18B6
S21404FF38521052188B115B0E5B18DB11D218202353
S21404FF48541A01D422001843CC0F611849105B08D0
S21404FF58F6D110BDEFF3108072B67047002800D1B2
S21404FF6862B6704780B5FEF779FA002802D0B7481B
S21404FF780068804701BD80B5FEF7B2FAB448006849
S21404FF8800030AD4FEF7FAFCFFF752FBFEF75BFC05
S21404FF980120FFF729FBFFF716F880208005FEF7F7
S21404FFA83BFA01BD80B5FEF79BFA80204002FEF7B7
S21404FFB833FA01BDF8B5FEF721FA0520974908601B
S21404FFC8FEF725FA964806680124264201D1FEF76C
S21404FFD874FBFEF785FA9F48016800919E4A4068BC
S21404FFE81060B105C80F002126420FD000919B4B24
S21404FFF85D6815601D689A4A17687B1BBD4202D364
S2140500089769DB195B1C974FBB42F5D3964D29605C
S214050018002804D031000098FDF7DEFF0090286818
S214050028204004D16846FEF774FB002802D10098E4
S214050038FEF7C2FBA94804606004FEF7EDF9F1BDBA
S21405004838B5A74CE06BC00506D5802000062060AD
S21405005800BF00BF40082060FEF724FCFEF740FA04
S214050068FDF764FE05009F489F490860FFF77AFF7D
S2140500788020C002FEF7D0F9002D01D08020206030
S21405008801209A49087031BDF8B5FEF729FA984F48
S2140500982C20385C0521014002D0FEF7B7FA01E0AE
S2140500A8FEF7C1FA8E4C0225F86A284001D00120D1
S2140500B820601020C0438F4908600026A6638E4836
S2140500C80660FEF7CBF9002803D08C480068804701
S2140500D800E03E60FEF792F989480068E16B09047E
S2140500E807D4000705D5FEF79FF986490D60FEF784
S2140500F8A4F9FEF78CF9FFF794FDA804FEF78CF92A
S214050108F1BD80B5FEF7ECF951480068000303D445
S214050118FEF799FBFEF757FF80204003FEF77CF9AC
S21405012801BD38B5FEF7DCF96D4C2025FFF73CFB1D
S214050138002806D0206B000704D5FFF75AFBFEF704
S214050148F7FF2560FEF77FFBFEF73DFF6E48007854
S2140501580C210140042902D1FEF758FA01E0FEF702
S21405016862FA6804FEF758F94020206031BD1CB5D0
S214050178FEF744F9052029490860FEF748F9FEF711
S214050188AFF9FFF736FBB848006800906846FEF7F3
S2140501987FFF0400FFF7E6FE002C02D10098FEF765
S2140501A8EDFF80204004FEF737F913BDF8B5FEF7D6
S2140501B897F9AE4C256A5020284002D0FEF726FA55
S2140501C801E0FEF730FA464FFFF7EEFA00281BD196
S2140501D8786B40071DD4386BE0214901014018D1DA
S2140501E8A80611D4FEF70AF9256AA14E354207D0A6
S2140501F8FF20C0432D182562802000059D4908600C
S214050208FEF705F92E4002D00120386001E00020EF
S214050218206080208004FEF7FFF8F1BD3C1102A897
S214050228400002A880B5FEF75BF9934800684006CB
S21405023801D5FEF708FB0120FFF7D6F9FEF7C3FE42
S2140502488020C004FEF7E8F801BD0000DC37000092
S2140502580C0002A8B83F00004C3E0000D43E000043
S21405026820C001A801FF0000483E000010B526483A
S2140502780468FEF735F981490968090328D4032176
S214050288C00601D5214001E0A0080140012902D198
S214050298FEF7BCF90BE0200107D50E20FFF7F2FBA9
S2140502A8A7480421016008210160FEF7BCF9A54CA2
S2140502B82069A5490860FFF755FE2068002807D07D
S2140502C84000122802D2FFF791FD01E0FFF737FB41
S2140502D880208003FEF7A0F810BD0000402002A885
S2140502E8100002A870012000B46000A8773E000040
S2140502F8C43E0000442002A8503E0000E037000037
S214050308844000A87CE40350F03E0000F8B584B0AD
S21405031801266846067000270297FEF7E1F803905F
S214050328564C2068000300D597E00320A849C86303
S21405033886480068FB25AD010F210F220240032AD7
S21405034803D0000B014006294DD1A2480068A249F2
S2140503588E6DE16B890701D59F49CE6DFFF755FB75
S2140503688619FEF77BF800280ED02879C1060BD02B
S2140503782868090D4143890B7618974909680029A5
S21405038802D10002400C3618002E01D5019700E070
S2140503980196606B0107C80F03212A6B0A40022ADB
S2140503A81BD1039AD20618D5AA68D30513D5A66B0A
S2140503B88A4B1E409E4203D11021854AD1630CE024
S2140503C892050AD4E26B2823134006D16B461F70A4
S2140503D8284A116001E06A46177002906846067852
S2140503E8002E03D10FE07C48406D0190FFF7DCF93D
S2140503F8002808D0FFF7FDF90298002802D0FEF776
S21405040897FE00E00026022071490860002E10D0ED
S2140504183020285C0C210140042902D0A06BC006B8
S21405042802D5FEF7F3F801E0FEF7FDF82020606038
S21405043813E0FEF708FA802000060E4908606848AB
S2140504486849086001A8FEF723FE0400FFF78AFD41
S214050458002C02D10198FEF791FE80200004FDF7D6
S214050468DBFF05B0F0BD0000CC3F0000D03E000025
S21405047800FFFF00441002A8440102A80C0002A8C9
S214050488FEB500240194FEF72BF8FFF76BFD564ED4
S214050498F06E564D0007000F072807D1706800282C
S2140504A804D40020FFF7A0F8286841E001210320BE
S2140504B84F4A73685B070BD44E4B1B680B4007D037
S2140504C81368DF050BD55B0502D43368DB0503D453
S2140504D80191916A890904E01021474B1960916AD0
S2140504E80909084000900020FFF77EF800980028C4
S2140504F805D17068C00602D4FEF795F801E0FEF748
S21405050885F800200199002903D13C480068FFF7C3
S2140505187CFA6969401801D5009400E000906846A1
S214050528FEF7F7F8002805D10098FEF745F9A869FB
S2140505380549086080200005FDF76EFFF7BD000039
S21405054880E200E0AC3F00004C3E0000AC0002A88C
S214050558F8B5FDF7C5FF002400252948066B802752
S2140505687F05300606D5300709D5FFF742F9FEF7A9
S214050578DFFD29E001251F480068284019D000201E
S214050588FFF732F80220064002D01E490C60C86103
S2140505981D480468002D03D02000FDF7A9FD0400BA
S2140505A8FFF727F92000FEF7E9FD3800FDF734FFC9
S2140505B8F1BD16480078C0210140402902D1FEF752
S2140505C825F801E0FEF72FF820200D490860ECE72E
S2140505D8082002A80CC101A86C3F000010000010F6
S2140505E8FFFF7F7FB46000A8400002A8BC3F00005C
S2140505F8C83E0000B44000A8441002A81CC101A8C3
S214050608100002A8180000AAD83F0000F03E000017
S21405061800F03CF802480349486000F052F800BF6D
S214050628732A00000000000080B5EFF305800B284C
S21405063801D23A2100E02921FF221632002000F0D7
S2140506483FFAFEE710B5C20018231340FF249C4066
S214050658E2438907090E9940030004D470489B08AD
S2140506689B00C01806E0AD4B0007000F0838800849
S2140506788000181803681A401143016010BD80B53C
S21405068873225421002000F01BFA01BD10B5FFF7B0
S21405069861FC0121634A1160634B644A1360644A2E
S2140506A813600323634C2360634C2360634B196014
S2140506B8634B19608023A44C2360D160FFF74EFC7A
S2140506C810BDFFF747FC05000024012160B2FFF7BF
S2140506D8B9FF641C0E2CF8D301210F20FFF7B2FFD3
S2140506E801211120FFF7AEFF01211320FFF7AAFF0E
S2140506F801211720FFF7A6FF03210120C043FFF7B6
S214050708A1FF01211B20FFF79DFF73487349086069
S2140507187348C16AC16201680160022071490860B0
S21405072801208A49086047046F4C20693840FCD088
S2140507382068800101D4FDF748FE2800FFF70EFC67
S214050748774D0AE000281BD0FDF76EFE18E02069F5
S2140507583840FCD03000FFF701FC206E0004000F7F
S214050768022801D1FEF73AFAFFF7F4FB0600FDF773
S2140507786BFE0028A878E5D0002801D1FDF75DFEB8
S21405078801206978002909D12978002905D17049F9
S2140507980968890601D45349086030BF0021697085
S2140507A829780029D6D102214E4A11606749086082
S2140507B8CDE76848016842680A40674810401B4903
S2140507C80860800703D5A4480188491C018070473E
S2140507D870B56248016840680840000E0006604922
S2140507E880221205104218D05E4B1C68641C1C60DB
S2140507F85D4C5E4D2D682D0407D5A568002D04D0E3
S21405080807250D600125AC4E3560402525601B681B
S214050818012B02D910238B62CA67886770BD000052
S21405082800E400E0040002A80000FF3F282002A814
S2140508382C1002A840E002A844C002A804C001A8DB
S214050848044001A8F8B5854C206B616B0140009102
S214050858834D0846286000988249014007D0FDF771
S214050868FDFD002803D0009894490968884780202C
S214050878009901401CD0F821C90123680B4017D000
S214050888C0221201934213D880231B06EB62266802
S2140508980E40944F3F683F043F0F022F01D0032FA9
S2140508A803D1002E01D09642F1D38F490B602860FC
S2140508B88E48007806280DDA0098CC218901014073
S2140508C808D0FFF747FB04000098FDF7B5FA2000A7
S2140508D8FFF744FBF1BD0000FFFF9B0800E100E0C1
S2140508E8E04001A85C2002A84C0002A810B5804884
S2140508F8016844680C407F48046080210C4205D096
S21405090841607D4801600020FDF796FA600403D52E
S214050918802040057949086010BD00001CED00E000
S214050928763E000038B57648016844680C40E0070E
S21405093807D5FFF70FFB0500FDF714FB2800FFF7A3
S2140509480DFB7048046031BD505201A85C1002A822
S214050958F40302A8280002A8FFFF00C0B44000A8B8
S2140509683C6000A8703E00002C4000A8384101A84D
S214050978FEB5654C206C666C064001273E4216D0CF
S2140509883D0662480560206861490F60002802D068
S2140509980021FDF7A5FC5F480068A021C90188422B
S2140509A88041C043C00F5C4988705C480560FDF708
S2140509B83BFD029002210E4049D06068C2B2019202
S2140509C8000A009008224B4B4C03554D0020019E0B
S2140509D8012E27D0022E38D1009E012E24D1EE787E
S2140509E80096504E2F780C2047430020F051287863
S2140509F8400590277F04C719032038434A4F3860B7
S214050A081C604A480460301D2B780C246343484C08
S214050A182468009FE419C45028780C23584331509D
S214050A28444811E00091DCE7002E0ED1424E3760AF
S214050A383C4E361D2D780C277D4370515C601C6036
S214050A48C8043E4B18603E4802603148016002986B
S214050A58FDF7F3FCF7BD0000743E00001C4201A834
S214050A684C6201A80200060070B5FDF7DDFC04001F
S214050A78FFF770FA2C490A68D20717D5294A121DB6
S214050A88304B5D7A0C2675435659294D2D681E60E0
S214050A98CE685E604968D9818021C9041B4E3160DD
S214050AA8197B69185B7A0C256B43D150FFF756FA04
S214050AB82000FDF7C2FC70BD3C5000A8D8370000E2
S214050AC8002800D0704710B50C00FDF7ADFC1E4990
S214050AD80C6001221D4B1A600B6C1340FCD1FDF708
S214050AE8ACFC10BDAC0002A8785201A8403E000038
S214050AF890C001A890E001A80CC001A804ED00E08C
S214050B0890C000A890E000A800C002A8401002A85F
S214050B1840E002A8404000A8763E0000402002A813
S214050B288D3E0000300000A860C101A894D001A839
S214050B38200000A8F42302A860E101A880E200E0EE
S214050B48F41302A8843E0000008002A8409002A87C
S214050B58940B050000000000700B0500010000005E
S214050B680000000000F04902000000004063598FAD
S214050B78404B4C000B000B001A00FF7FEC69002069
S214050B8800000000100F0500000000000C400200E1
S214050B98018014007F40000020400200000000008D
S214050BA800000000304007000000000000000000BC
S214050BB800000000000000000000000000400000E3
S214050BC8A007040050400100000000005C40020039
S214050BD80000000000000000A84001000700000013
S214050BE8BC400400000000000000000000000000F3
S214050BF8000000000441040000400000FF4C00000F
S214050C08FF5D0000FF4D000020C0011000F807003A
S214050C1820C00130F502080024C00110FF000000BE
S214050C2824C001300018000028C00700EC80B383F4
S214050C3843754051A00F00483040000000000000F2
S214050C48000000002E02000050C0040051113004B8
S214050C580E2D09E654060708D1B6020064C00A0038
S214050C680430001C403018090D647920EBFCFB01A4
S214050C787FF6E803BD4B721511A318051032547696
S214050C88980A00000000000008000101040700009B
S214050C98180001010000000020000101088400007A
S214050CA81C4008011000000020F9130407C0520074
S214050CB8000000000000000000000003000000001F
S214050CC800000000584006016402FF0041080000C5
S214050CD801000000B0070800A7000000000000009B
S214050CE8804011014B01A0089BC34A74F00300001D
S214050CF800000000000000000101103050707F7FE2
S214050D0800000000000000000000000000000000D1
S214050D1800000000000000000000000000000000C1
S214050D280000000000000000E0400201330000005B
S214050D3800000000EC4001017DA8D98BF4400501B0
S214050D48640483078813C83A9C200A0000612000BB
S214050D58B75635120C410301F95412002030042900
S214050D6888BB404024410201000000000310000033
S214050D7830410A016406660C0C010000E853FA00C7
S214050D880000000000000000000000000000000051
S214050D980000000000000000010100006841030192
S214050DA864048307881382000000000030420401AB
S214050DB8000000000000000E000000000000000013
S214050DC84442020100000000F4811F0054420C0151
S214050DD80000000000003C000000000000000000C5
S214050DE85555555517000000000000000000000086
S214050DF8AAAA060000000000000000000000000087
S214050E081080010103000000388002011149100016
S214050E18010000009C800301EB4002007078030087
S214050E28D5C00000A8800111F0010000A880013196
S214050E380542CB01AC800111F0010000AC80013100
S214050E4805228D00B080020100030002370000016C
S214050E5898000202000C00044C000000A4000102E1
S214050E6800040000D0000202050040AA8801000020
S214050E78E40001026C2C5111F40002020000000087
S214050E883D210811FC0001123F000000FC0001325C
S214050E9800540400300101026000510254010102A9
S214050EA8C43F00006801010200040000FC4F01036E
S214050EB8C00E0500FFFFFFFF12000000666666000D
S214050EC800000000780F0500680F05000000000008
S214050ED8001A9A00005A620280841E000420F50053
S214050EE81149500200000000120F0500000000001E
S214050EF80000000000000000B1841E00000000008D
S214050F08000000000000000005020200000000F0D6
S214050F1849020614000000E0930405380000A008FE
S214050F2800000000580901040706100A010407070F
S214050F38C80A00040807800B00040808380C0004D3
S214050F480908610800000000680800000000C709D5
S214050F58010404032C0B01040404920C0104050483
S214050F68ED170000ED170000000000000000000067
S214050F78193F0106041001000001010600102700AC
S214050F880009000000000000000000004DE5010013
S214050F98FDE4010009E50100F9E50100F5BD0300DA
S214050FA897C303009BC303009FC30300A3C30300A3
S214050FB8A7C3030000000000A8010000B014002025
S214050FC80001030464EE01001000000024E101009E
S214050FD81A00000079EB01001100000075E4010015
S214050FE81100000063E511000400000023E111006C
S214050FF80400000025E101000800000026E10100C4
S2140510080A00000027E101000200000000000000B9
S214051018000000008C1105007B110500000000008B
S2140510288D11050017BD04000000000011BD040061
S21405103813BD04000000000015BD04005911050085
S214051048A211050018BD040012BD0400000000002A
S21405105816BD0400701005000FBD040010BD040081
S21405106814BD04000EBD0400000203040508090AA1
S2140510780B0001020304051D2000B4010802020046
S214051088AA00FFFFFFFFFFFFFFFFFFFFED2303009B
S214051098254302009172020011570300A17502004C
S2140510A87BCC03007DCC03007FCC030081CC0300FA
S2140510B8D9ED020049C30200F10A0300AD5003004A
S2140510C8B162020077CC0300D5C702006141030070
S2140510D8C553020079CC0300F1B20300BD5A0200DD
S2140510E8C78703000000000000130000000000008A
S2140510F8000000000000000001000000BDCB020053
S21405110802000000F1DD03000300000015CB020015
S214051118040000006BDD030005000000B5CA0200E8
S21405112800000000000000000023001B2200FF004E
S214051138000000000C090202000000001C1A0B0340
S21405114803FF06080402020204020A0B030302034D
S2140511580480FF0204FF01010101080000000000E9
S2140511680000005A6967426565416C6C69616E6383
S214051178653039800000183810300000000000007F
S2140511888F8E8C8081815A6967426565416C6C696A
S210051198616E6365303906080C10800097
S20C0511A4805BFB7F01000000E3
S2100511ACB8110500E8650020DD01000014
S2140511B80000000000000000FFFF0000010000001E
S2140511C8000000000000000000000000000000000D
S2140511D800000000000000000000000000000000FD
S2140511E800000000000000000000000000000000ED
S2140511F800000000000000000000000000000000DD
S21405120800000000000000000000000000000000CC
S21405121800000000000000000000000000000000BC
S21405122800000000000000000000000000000000AC
S214051238000000000000000000000000000000009C
S214051248000000000000000000000000000000008C
S214051258000000000000000000000000000000007C
S214051268000000000000000000000000000000006C
S214051278000000000000000000000000000000005C
S214051288000000000000000000000000000000004C
S214051298000000000000000000000000000000003C
S2140512A8000000000000000000000000000000002C
S2140512B80000000000000000000100000000F0012A
S2140512C808000000081000200100230104000000A3
S2140512D81010002006003001010000001410002040
S2140512E8FFFFFFFFC0EA2101C0EA210100800000D8
S2140512F800F0490230670020006007000080000003
S21405130858350020C8000000FE0000000000000058
S2140513189CAE040018100020FFFFFFFFFCB1040078
S21405132833000000DD11010033000000978C030030
S214051338DB2D0400DF2D0400EC2D0400F92D040038
S214051348062E0400132E0400262E0400382E04004C
S214051358452E0400522E04005F2E0400742E040049
S214051368872E0400992E0400AE2E0400BD2E040018
S214051378CE2E0400DD2E0400ED2E0400F92E040002
S214051388062F0400162F0400282F0400372F040004
S214051398462F04004F2F0400642F0400792F0400FD
S2140513A88E2F0400AE2F0400BC2F0400DB2F04008C
S2140513B8F62F040009300400163004002B3004000C
S2140513C83A300400493004005B3004006D300400F0
S2140513D88030040093300400A930040000000000A3
S2140513E80F000000FF0000000000000000000000DD
S2140513F800000000000000000000000000000000DB
S214051408000000000030E70400C818031A39040075
S2140514181F3904004C39040077390400A53904003F
S214051428D3390400023A04002F3A04005F3A040050
S2140514388F3A0400DF3A0400FFFFFFFF00F80300B9
S214051448FFFFFFFF0000040000000400005C2605FF
S2140514588C6800200600000018D404000000000070
S2140514680100190001000000E040002001001900F5
S21405147801000000E04000200100190001000000FE
S214051488E04000200100190001000000E0400020AF
S2140514980100190001000000E040002001001900C5
S2140514A801000000E04000200100190001000000CE
S2140514B8E04000200100190001000000E04000207F
S2140514C80100190001000000E04000200100190095
S2140514D801000000E040002001001900010000009E
S2140514E8E04000200100190001000000E04000204F
S2140514F85C450020000000000000000090BD0400C8
S214051508284C002040690020E84E00201DAC040049
S21405151806000000000000000000000000000000B3
S21405152878D4040090D4040028AC0400EC640400C5
S214051538FE0000007069002000000000F84E00203C
S214051548604F0020C84F0020000000000000000083
S2140515580000000000000000000000000000000079
S2140515680000000000000000000000000000000069
S2140515780000000000000000000000000000000059
S21405158800000000CBBC0300C7BC0300FFFFFFFF3D
S214051598CFBC0300FFFFFFFF27C2030083C203007B
S2140515A8FFFFFFFFFFFFFFFFFFFFFFFFFFFFFFFF39
S2140515B82F2A0000FFFFFFFF0000000019C40300E4
S2140515C8BC0F0500FFFFFFFF0000000020A1070075
S2140515D800000000E5000400000000000000000010
S2140515E800000000000000000000000000000000E9
S2140515F80000000000000000B05400201939020061
S214051608A9520200EC640400000000000000000077
S2140516180000000000000000B0540020B13F0200A2
S21405162800000000EC640400000000000000000054
S2140516380000000000000000B0540020F549020034
S214051648A9520200EC640400000000000000000037
S214051658000000000000000015AD0400B05400208E
S2140516684D57020000000000EC640400000000006E
S214051678000000000000000000000000B054002034
S214051688D16B020000000000EC64040000000000B6
S214051698000000000000000000000000B054002014
S2140516A84171020000000000EC6404000000000020
S2140516B8000000000000000000000000B0540020F4
S2140516C83D86020000000000EC64040000000000EF
S2140516D8000000000000000000000000B80B000035
S2140516E8B0540020AD8B020000000000EC64040036
S2140516F800000000000000000000000000000000D8
S214051708B05400200D97020000000000EC640400A9
S21405171800000000000000000000000000000000B7
S214051728B0540020D198020000000000EC640400C4
S2140517380000000000000000000000000000000097
S214051748B054002073D3030000000000EC640400C6
S2140517580000000000000000000000000000000077
S214051768B0540020F99E020000000000EC64040056
S2140517780000000000000000000000000000000057
S214051788B054002069A5020000000000EC640400BF
S2140517980000000000000000000000000000000037
S2140517A8B0540020F5DF030000000000EC640400D8
S2140517B80000000000000000000000000000000017
S2140517C8B0540020A10A030000000000EC640400E1
S2140517D800000000000000000000000000000000F7
S2140517E8B05400201123030000000000EC64040038
S2140517F800000000000000000000000000000000D7
S214051808FDE80300B05400201D510300A95202004C
S214051818EC64040000000000000000000000000062
S21405182800000000B0540020E15703000000000047
S214051838EC64040000000000000000000000000042
S21405184800000000FFFFD007B80B0000FFFFFFFFF2
S214051858CEFAEFBEFFFFFDFFFDFF0C002C01001EB4
S2140518682C01400680001027FFFF04F8FFFF0C0038
S2140518780000000000004000FDFF2C019C00000051
S214051888FFFFFDFFFFFFFFFF60EA8000800010C135
S214051898CDAB0A01320101FFFFFFFFFFFFFFFFFF88
S2140518A8FFFFFFFFFFFFFFFFFFFFFFFFFFFFFFFF36
S2140518B8FFFFFFFFFFFFFF01FF05FFFFFF0101FF1A
S2140518C8FF0201FFFF640250FF0F010208031E0610
S2140518D805021601010A0C052007051010010F0858
S2140518E80410010601010104FF0301FF0CFF0F7F29
S2140518F87F0150403000FFFFFF0B03FF050B01017A
S214051908FF03010305020201FFFFFFFFFFFFFFFFBD
S214051918010102FFFFFF40FF01010000056D000001
S208051928DD6C000068
S804009A352C
